CSV=`UKREIS,UJAHR,UMONAT,UTAG,USTUNDE,UWOCHENTAG,UKATEGORIE,UART,UTYP,LICHT,USTRZUSTAND,IstRad,IstPKW,IstFuss,IstKrad,IstGkfz,IstSonstig,@lon,@lat
12,22,1,17,16,2,3,5,3,2,1,1,1,0,0,0,0,13.716187,51.07778
25,22,1,4,17,3,3,4,2,2,1,1,1,0,0,0,0,13.831807,51.187213
12,22,2,15,22,3,2,0,7,2,0,1,0,0,0,0,0,13.819448,51.056411
11,22,1,11,19,3,3,3,2,2,0,1,1,0,0,0,0,12.906578,50.826287
13,22,2,4,11,6,2,5,2,0,0,1,1,0,0,0,0,12.422313,51.351691
25,22,2,18,10,6,3,0,1,0,0,1,0,0,0,0,0,14.12878,51.221793
12,22,2,7,15,2,3,5,2,0,1,1,1,0,0,0,0,13.760119,51.023308
30,22,1,19,9,4,2,5,3,0,1,1,1,0,0,0,0,12.643659,51.462582
29,22,1,30,20,1,2,2,6,2,0,1,1,0,0,0,0,12.521492,51.04505
26,22,1,7,15,6,3,0,7,0,0,1,0,0,0,0,0,14.889312,51.247149
25,22,2,2,14,4,2,1,1,0,2,1,1,0,0,0,0,13.978712,51.090292
22,22,1,22,14,7,3,5,2,0,1,1,1,0,0,0,0,13.11447,51.120396
28,22,2,9,14,4,3,5,3,0,0,1,1,0,0,0,0,13.936679,50.953157
26,22,1,1,5,7,3,9,1,2,1,1,0,0,0,0,0,14.706029,51.253176
12,22,1,31,15,2,3,5,3,0,1,1,1,0,0,0,0,13.743058,51.028691
21,22,2,9,16,4,3,5,2,0,0,1,1,0,0,0,0,12.746286,50.738516
30,22,1,28,14,6,3,6,6,0,0,1,0,1,0,0,0,12.955309,51.485955
13,22,2,3,20,5,3,0,7,2,1,1,0,0,0,0,0,12.373219,51.314784
29,22,1,5,13,4,3,5,2,0,0,1,0,0,0,1,0,12.737559,51.367027
26,22,1,4,7,3,3,5,3,1,1,1,1,0,0,0,0,14.809257,50.898864
11,22,2,12,15,7,3,5,3,0,0,1,1,0,0,0,0,12.951844,50.861503
26,22,1,18,15,3,3,5,3,0,0,1,1,0,0,0,0,14.814865,51.270269
12,22,1,14,7,6,3,5,3,0,0,1,1,0,0,0,0,13.743042,51.028692
27,22,1,19,7,4,3,5,2,2,1,1,1,0,0,0,0,13.568752,51.197044
12,22,1,26,18,4,2,5,3,2,0,1,1,0,0,0,0,13.779545,51.066957
25,22,2,19,6,7,2,3,6,2,0,1,1,0,0,0,0,14.326035,51.462889
13,22,1,13,18,5,3,5,3,2,0,1,1,0,0,0,0,12.358621,51.342047
27,22,1,20,10,5,3,0,3,0,1,1,1,0,0,0,0,13.590112,51.138673
22,22,2,4,17,6,2,2,6,2,0,1,1,0,0,0,0,13.462173,50.851216
27,22,2,14,13,2,3,5,3,0,0,1,1,0,0,0,0,13.696294,51.094858
13,22,1,11,10,3,2,5,3,0,0,1,1,0,0,0,0,12.464554,51.305744
12,22,2,7,15,2,2,5,3,0,1,1,1,0,0,0,0,13.76827,51.015706
26,22,2,17,6,5,3,3,2,2,1,1,1,0,0,0,0,14.809116,51.294557
13,22,2,12,10,7,3,5,2,0,0,1,1,0,0,0,0,12.26307,51.344562
30,22,1,14,5,6,3,5,3,2,0,1,1,0,0,0,0,12.482777,51.375292
24,22,1,5,7,4,3,5,2,1,1,1,1,0,0,0,0,12.626978,50.75936
27,22,2,8,21,3,3,5,3,2,0,1,0,0,0,0,1,13.481643,51.162628
23,22,2,14,13,2,3,5,3,0,0,1,1,0,0,0,0,12.163933,50.510997
26,22,1,21,8,6,2,0,1,0,2,1,0,0,0,0,0,14.618451,50.935699
27,22,1,25,11,3,2,2,6,0,1,1,1,0,0,0,0,13.568128,51.162245
22,22,1,23,15,1,2,8,1,0,1,1,0,0,0,0,0,12.969427,51.005468
24,22,1,19,14,4,3,3,6,0,0,1,1,0,0,0,0,12.711216,50.783309
12,22,2,18,16,6,2,5,3,0,0,1,1,0,0,0,0,13.672011,51.017121
25,22,1,24,21,2,3,0,1,2,1,1,0,0,0,0,0,14.414971,51.179249
12,22,2,7,16,2,3,5,2,0,0,1,1,0,0,0,0,13.704543,51.040007
25,22,2,13,18,1,2,7,7,2,0,1,0,0,0,0,0,14.445715,51.104414
12,22,1,12,8,4,3,5,3,0,0,1,1,0,0,0,0,13.71898,51.096619
30,22,1,8,12,7,3,5,3,0,0,1,1,0,0,0,0,12.337489,51.530343
12,22,1,27,7,5,3,5,3,1,0,1,1,0,0,0,0,13.723741,51.045391
25,22,1,31,6,2,2,5,3,2,1,1,1,0,0,0,0,14.390933,51.170621
28,22,2,9,15,4,2,0,1,0,0,1,0,0,0,0,0,13.924107,50.993232
25,22,1,28,19,6,3,0,1,2,0,1,0,0,0,0,0,14.071643,51.150223
27,22,1,5,10,4,3,0,7,0,1,1,0,0,0,0,0,13.633221,51.10773
13,22,2,4,12,6,3,0,1,0,0,1,0,0,0,0,0,12.414456,51.349783
28,22,2,23,16,4,3,5,3,0,0,1,1,0,0,0,0,13.930758,50.961913
27,22,1,18,7,3,3,0,1,0,1,1,0,0,0,0,0,13.483674,51.159538
26,22,1,27,14,5,3,5,3,0,0,1,1,0,0,0,0,14.791587,50.899718
26,22,2,10,5,5,2,5,3,2,0,1,1,0,0,0,0,14.668515,50.934511
23,22,1,13,17,5,3,4,2,2,0,1,1,0,0,0,0,12.314594,50.546157
26,22,1,4,15,3,2,5,3,2,1,1,1,0,0,0,0,14.970515,51.150801
25,22,2,6,19,1,1,8,1,2,1,1,0,0,0,0,0,14.494286,51.153054
25,22,1,17,19,2,3,0,1,2,2,1,0,0,0,0,0,14.098509,51.461371
26,22,1,31,11,2,2,5,3,0,1,1,1,0,0,0,0,14.888216,50.949607
29,22,1,28,14,6,3,2,6,0,0,1,1,0,0,0,0,12.503707,51.292788
21,22,2,4,6,6,3,5,3,2,1,1,1,0,0,0,0,12.897467,50.694716
25,22,1,19,12,4,3,5,3,0,0,1,1,0,0,0,0,14.445477,51.179986
30,22,1,28,9,6,3,5,3,0,0,1,1,0,0,0,0,12.335916,51.530885
27,22,2,16,13,4,3,5,3,0,0,1,1,0,0,0,0,13.265562,51.31519
13,22,2,3,7,5,3,5,3,0,1,1,0,0,0,0,0,12.392623,51.334132
24,22,2,2,16,4,2,5,3,1,1,1,1,0,0,0,0,12.36123,50.676266
27,22,1,31,12,2,3,0,1,0,1,1,0,0,0,0,0,13.727523,51.192829
13,22,1,21,14,6,3,5,2,0,0,1,1,0,0,0,0,12.379565,51.375807
27,22,1,18,5,3,2,0,1,2,2,1,0,0,0,0,0,13.698315,51.09342
12,22,2,20,17,1,3,0,1,2,1,1,0,0,0,0,0,13.7279,51.043152
27,22,2,14,15,2,3,5,3,0,0,1,0,0,0,0,1,13.596317,51.141338
25,22,1,5,13,4,3,5,3,0,0,1,1,0,0,0,0,14.461694,51.252195
30,22,1,7,7,6,3,5,3,0,0,1,1,0,0,0,0,12.368471,51.525398
26,22,2,22,15,3,3,2,6,0,0,1,1,0,0,0,0,14.674217,50.879515
13,22,1,13,11,5,3,3,6,0,0,1,0,0,0,0,0,12.419451,51.351265
12,22,2,8,7,3,3,5,3,0,0,1,1,0,0,0,0,13.716656,51.03781
30,22,1,8,15,7,3,5,3,0,0,1,1,0,0,0,0,12.337007,51.546952
27,22,1,14,7,6,3,5,3,1,0,1,1,0,0,0,0,13.619058,51.1128
23,22,2,6,16,1,2,8,1,2,1,1,0,0,0,0,0,12.433814,50.532384
21,22,1,29,17,7,3,8,1,2,1,1,0,0,0,0,0,12.70913,50.710075
13,22,2,4,10,6,2,5,2,0,0,1,1,0,0,0,0,12.422285,51.351685
12,22,1,21,18,6,3,5,2,2,0,1,0,0,0,0,1,13.722165,51.054048
28,22,1,4,8,3,3,0,1,1,1,1,0,0,0,0,0,13.868731,50.947084
12,22,3,7,17,2,3,3,6,0,0,1,1,0,0,0,0,13.859178,51.060786
30,22,6,14,8,3,3,0,7,0,0,1,0,0,0,0,0,12.995205,51.557503
12,22,5,16,20,2,3,0,1,0,0,1,0,0,0,0,0,13.702086,51.032692
24,22,3,23,18,4,3,4,7,0,0,1,0,0,0,0,0,12.499491,50.73017
13,22,4,29,22,6,3,7,7,2,0,1,0,0,0,0,0,12.394467,51.332471
12,22,5,19,20,5,3,0,1,1,0,1,0,0,0,0,0,13.791098,51.066991
26,22,5,24,18,3,3,3,6,0,1,1,0,0,0,0,0,14.970944,51.150914
24,22,6,12,13,1,3,5,3,0,0,1,1,0,0,0,0,12.51523,50.646681
24,22,3,9,18,4,3,5,7,1,0,1,1,0,0,0,0,12.479666,50.683411
13,22,6,7,5,3,3,5,3,0,0,1,1,0,0,0,0,12.395018,51.342763
12,22,5,23,14,2,3,5,2,0,0,1,1,0,0,0,0,13.763698,51.087125
13,22,4,26,13,3,3,6,4,0,0,1,0,1,0,0,0,12.393861,51.33315
25,22,3,26,18,7,3,3,6,1,0,1,1,0,0,0,0,14.196852,51.479746
28,22,6,11,21,7,2,5,3,2,0,1,1,0,0,0,0,13.940618,50.951261
27,22,5,21,10,7,2,8,7,0,0,1,0,0,0,0,0,13.670451,51.16548
30,22,4,25,15,2,2,5,3,0,0,1,1,0,0,0,0,12.649225,51.464233
25,22,4,11,17,2,3,4,6,0,0,1,1,0,0,0,0,14.145422,51.14879
13,22,3,14,15,2,3,5,3,0,1,1,1,0,0,0,0,12.389921,51.346562
29,22,2,23,13,4,3,5,3,0,0,1,1,0,0,0,0,12.489971,51.267827
28,22,5,16,17,2,3,0,1,0,0,1,0,0,0,0,0,14.192452,50.930177
26,22,6,3,13,6,2,4,6,0,0,1,0,0,0,0,0,14.956027,51.119465
24,22,4,22,17,6,3,5,3,0,0,1,1,0,0,0,0,12.663719,50.652267
23,22,6,14,6,3,2,5,3,0,0,1,1,0,0,0,0,12.117347,50.496065
25,22,5,15,19,1,2,4,2,0,0,1,1,0,0,0,0,14.455953,51.177565
23,22,3,23,12,4,3,2,2,0,0,1,1,0,0,0,0,12.507549,50.547228
28,22,3,29,15,3,2,0,7,0,0,1,0,0,0,0,0,13.917733,50.966353
13,22,5,5,9,5,3,5,3,0,0,1,0,0,0,0,0,12.322571,51.299779
22,22,6,2,18,5,2,9,1,0,0,1,0,0,0,0,0,13.397555,50.954259
12,22,5,9,12,2,3,5,3,0,0,1,1,0,0,0,0,13.692443,51.083356
23,22,5,13,9,6,2,0,6,0,0,1,0,0,0,0,0,12.191867,50.401618
12,22,6,23,8,5,3,2,6,0,0,1,1,0,0,0,0,13.701981,51.032457
21,22,4,26,7,3,3,5,3,0,0,1,1,0,0,0,0,12.746288,50.738511
13,22,6,17,14,6,2,5,2,0,0,1,1,0,0,0,0,12.378269,51.314956
22,22,5,18,22,4,3,5,3,2,0,1,1,0,0,0,0,13.346882,50.934111
12,22,3,28,10,2,3,5,2,0,0,1,1,0,0,0,0,13.72853,51.083959
12,22,4,1,18,6,3,5,3,0,0,1,1,0,0,0,0,13.79494,51.132992
28,22,5,13,18,6,3,5,2,0,0,1,1,0,0,0,0,13.753849,50.94447
12,22,4,20,23,4,3,5,3,2,1,1,1,0,0,0,0,13.739473,51.062816
24,22,5,15,12,1,3,5,3,0,0,1,1,0,0,0,0,12.758383,50.806543
23,22,5,25,11,4,2,0,1,0,1,1,0,0,0,0,0,12.334448,50.309114
26,22,4,24,10,1,3,5,3,0,0,1,1,0,0,0,0,14.764932,50.869864
23,22,6,17,16,6,3,4,2,0,0,1,1,0,0,0,0,12.058397,50.447451
23,22,5,17,23,3,3,5,3,2,0,1,1,0,0,0,0,12.13125,50.504793
25,22,5,3,16,3,3,4,1,0,0,1,1,0,0,0,0,13.81797,51.156762
30,22,6,10,13,6,3,5,3,0,0,1,1,0,0,0,0,12.640386,51.461666
27,22,5,25,12,4,3,5,3,0,0,1,1,0,0,0,0,13.541941,51.147103
12,22,4,7,7,5,2,5,2,0,0,1,1,0,0,0,0,13.731491,51.027225
25,22,3,25,9,6,2,5,3,0,0,1,0,0,0,1,0,13.882304,51.250565
27,22,6,9,14,5,3,4,2,0,0,1,1,0,0,0,0,13.6587,51.250857
27,22,5,31,16,3,2,8,1,0,0,1,0,0,0,0,0,13.483242,51.160273
30,22,6,21,19,3,3,0,3,0,0,1,1,0,0,0,0,12.479553,51.374107
13,22,6,14,17,3,3,5,2,0,0,1,1,0,0,0,0,12.394991,51.342887
28,22,6,24,14,6,2,5,3,0,0,1,0,0,0,1,0,14.015373,50.940201
22,22,3,18,5,6,1,2,6,2,0,1,1,0,0,0,0,13.137296,51.087676
22,22,4,18,19,2,2,4,2,0,0,1,1,0,0,0,0,13.136184,50.818512
22,22,6,14,16,3,3,5,3,0,0,1,0,0,0,0,0,13.347461,50.916376
21,22,6,2,17,5,3,0,5,0,0,1,0,0,0,0,1,12.836118,50.545325
29,22,3,10,13,5,3,3,6,0,0,1,1,0,0,0,0,12.831483,51.237572
28,22,4,4,17,2,3,0,1,0,0,1,0,0,0,0,0,13.64963,50.998856
22,22,5,26,22,5,3,0,1,2,0,1,0,0,0,0,0,13.080724,51.079345
12,22,5,20,19,6,3,0,5,0,0,1,1,0,0,0,0,13.716312,51.077713
11,22,5,18,15,4,3,5,3,0,0,1,1,0,0,0,0,12.912029,50.807444
12,22,6,1,19,4,3,0,1,0,0,1,0,0,0,0,0,13.721072,51.041486
25,22,6,22,6,4,2,0,3,0,0,1,0,0,0,0,1,14.311764,51.221665
28,22,4,23,18,7,1,0,1,0,0,1,0,0,0,0,0,13.551453,50.949804
30,22,3,24,7,5,3,5,3,0,0,1,1,0,0,0,0,12.663756,51.467285
24,22,5,19,22,5,3,5,3,2,1,1,1,0,0,0,0,12.386014,50.817348
12,22,5,29,5,1,3,0,1,0,0,1,0,0,0,0,0,13.761136,51.083137
12,22,3,31,9,5,3,5,3,0,0,1,1,0,0,0,0,13.724922,51.043957
13,22,3,7,14,2,2,5,3,0,0,1,1,0,0,0,0,12.272862,51.384664
26,22,4,21,8,5,3,5,3,0,0,1,1,0,0,0,0,14.830823,51.292026
26,22,6,5,20,1,3,8,1,0,0,1,0,0,0,0,0,14.822626,50.901884
12,22,4,7,17,5,3,0,7,0,0,1,0,0,0,0,0,13.732481,51.037461
12,22,6,16,6,5,3,0,1,0,0,1,0,0,0,0,0,13.70293,51.089576
11,22,5,19,12,5,2,0,1,0,0,1,0,0,0,0,0,12.960574,50.81199
13,22,4,14,16,5,2,5,3,0,1,1,1,0,0,0,0,12.353515,51.341176
25,22,5,30,15,2,3,5,3,0,0,1,0,0,0,0,1,14.520553,51.236131
11,22,4,6,12,4,3,0,1,0,1,1,0,0,0,0,0,12.906371,50.838846
25,22,5,10,15,3,3,0,1,0,0,1,0,0,0,0,0,14.126729,51.257886
12,22,4,12,16,3,3,1,1,0,0,1,1,0,0,0,0,13.708542,51.027514
12,22,6,24,6,6,3,2,6,0,0,1,1,0,0,0,0,13.835444,51.058236
21,22,6,19,17,1,2,0,7,0,0,1,0,0,0,0,0,12.68663,50.545176
13,22,3,20,16,1,2,5,3,0,0,1,1,0,0,0,0,12.286277,51.331141
23,22,6,6,11,2,2,9,1,0,0,1,0,0,0,0,0,12.421394,50.551764
13,22,4,11,17,2,3,5,3,0,0,1,1,0,0,0,0,12.286291,51.331147
21,22,5,18,14,4,2,4,2,0,0,1,1,0,0,0,1,12.734619,50.727662
27,22,5,2,10,2,3,4,2,0,0,1,1,0,0,0,0,13.486472,51.165295
28,22,6,12,17,1,2,1,1,0,0,1,0,0,1,0,0,13.653342,50.927088
12,22,5,6,16,6,3,5,3,0,0,1,1,0,0,0,0,13.718003,51.038789
22,22,6,4,22,7,2,0,7,2,0,1,0,0,0,0,0,13.274334,50.985873
12,22,6,15,15,4,3,5,2,0,0,1,1,0,0,0,0,13.854947,51.061846
25,22,5,16,15,2,3,5,3,0,0,1,1,0,0,0,0,14.301151,51.44195
12,22,5,19,20,5,2,0,1,1,0,1,0,0,0,0,0,13.706458,51.04553
23,22,6,9,9,5,3,5,3,0,0,1,1,0,0,0,0,12.153542,50.493345
28,22,6,3,14,6,2,5,3,0,0,1,0,0,0,0,1,13.645135,51.006948
25,22,5,23,14,2,3,3,2,0,0,1,1,0,0,0,0,13.823777,51.177662
13,22,6,7,13,3,3,3,6,0,0,1,0,0,0,0,0,12.400355,51.351997
27,22,5,4,17,4,2,5,3,0,0,1,1,0,0,0,0,13.475659,51.163094
27,22,5,22,14,1,3,0,1,0,0,1,0,0,0,0,0,13.529577,51.281062
30,22,4,12,13,3,3,5,2,0,0,1,1,0,0,0,0,13.11333,51.297385
22,22,3,17,18,5,3,8,7,1,0,1,1,0,0,0,0,13.022575,50.863848
27,22,3,13,16,1,3,5,3,0,0,1,1,0,0,0,0,13.443066,51.409131
30,22,4,12,15,3,3,3,6,0,0,1,1,0,0,0,0,13.115299,51.486755
13,22,6,8,7,4,3,5,2,0,0,1,1,0,0,0,0,12.360054,51.342166
29,22,5,27,17,6,3,5,3,0,0,1,1,0,0,0,0,12.755295,51.363104
26,22,6,19,16,1,3,0,1,0,0,1,0,0,0,0,0,14.621787,51.507291
13,22,3,15,15,3,2,4,6,0,0,1,0,0,0,0,0,12.396113,51.353365
25,22,2,28,13,2,3,0,1,0,0,1,0,0,0,0,0,14.406674,51.179591
23,22,5,18,5,4,2,5,2,0,0,1,1,0,0,0,0,12.36173,50.670891
21,22,6,12,14,1,3,0,7,0,0,1,0,0,0,0,0,12.669232,50.746933
28,22,5,26,11,5,3,5,3,0,0,1,1,0,0,0,0,13.661742,51.010461
25,22,6,18,23,7,3,0,1,2,0,1,0,0,0,0,0,13.989903,51.095809
21,22,5,7,17,7,3,0,7,0,0,1,0,0,0,0,0,12.810187,50.577394
12,22,4,5,6,3,3,8,1,0,1,1,0,0,0,0,0,13.610211,51.072429
30,22,4,21,10,5,3,3,6,0,0,1,0,0,0,0,1,12.300525,51.536138
28,22,4,29,20,6,3,0,1,2,0,1,0,0,0,0,0,14.067279,50.919557
23,22,5,3,14,3,2,4,2,0,0,1,1,0,0,0,0,12.314611,50.546155
22,22,5,22,12,1,2,8,1,0,0,1,0,0,0,0,0,13.128544,51.125414
25,22,4,26,19,3,3,0,1,0,0,1,0,0,0,0,0,14.316349,51.093708
26,22,5,3,16,3,3,5,3,0,0,1,1,0,0,0,0,14.814166,51.293988
12,22,4,19,9,3,3,5,3,0,0,1,1,0,0,0,0,13.707011,51.0414
21,22,6,11,18,7,3,3,6,0,0,1,0,0,0,1,0,12.879854,50.772494
13,22,5,11,6,4,3,4,6,0,0,1,0,0,0,0,0,12.44599,51.361148
13,22,5,25,15,4,3,5,2,0,0,1,1,0,0,0,0,12.395024,51.342737
12,22,3,8,14,3,3,5,3,0,0,1,1,0,0,0,0,13.721367,51.041794
13,22,5,20,17,6,3,5,1,0,0,1,1,0,0,0,0,12.406103,51.31959
29,22,6,16,11,5,3,5,3,0,0,1,1,0,0,0,0,12.492646,51.124687
12,22,2,24,16,5,3,2,6,0,0,1,1,0,0,0,0,13.72214,51.054021
27,22,6,3,19,6,3,5,3,0,0,1,1,0,0,0,0,13.691339,51.09792
26,22,6,21,13,3,3,4,2,0,0,1,1,0,0,0,0,14.624951,50.999892
29,22,5,23,12,2,3,5,3,0,0,1,1,0,0,0,0,12.2214,51.301784
30,22,4,27,17,4,3,3,6,0,0,1,1,0,0,0,0,12.197935,51.402072
28,22,3,13,19,1,3,0,7,2,0,1,0,0,0,0,0,13.934007,50.963714
29,22,5,10,14,3,3,5,3,0,0,1,1,0,0,0,0,12.216612,51.258694
13,22,4,25,9,2,3,3,2,0,1,1,1,0,0,0,0,12.386919,51.345737
28,22,4,11,14,2,3,6,4,0,0,1,0,1,0,0,0,13.643136,50.99146
13,22,6,17,17,6,3,5,2,0,0,1,0,0,0,0,1,12.39138,51.347427
12,22,5,18,18,4,3,5,3,0,0,1,1,0,0,0,0,13.743512,51.047662
12,22,5,2,16,2,3,3,2,0,0,1,1,0,0,0,0,13.723176,51.033956
12,22,5,30,17,2,3,5,3,0,0,1,1,0,0,0,0,13.594216,51.055003
28,22,5,13,0,6,3,8,1,2,0,1,0,0,0,0,0,13.664582,51.004089
12,22,4,27,10,4,3,5,3,0,0,1,1,0,0,0,0,13.742004,51.064677
12,22,6,15,15,4,3,5,2,0,0,1,1,0,0,0,0,13.827116,51.058242
29,22,5,10,7,3,3,5,3,0,0,1,1,0,0,0,0,12.432974,51.273068
25,22,4,30,21,7,3,4,1,2,0,1,1,0,0,0,0,14.243633,51.388447
25,22,4,13,9,4,3,5,3,0,0,1,1,0,0,0,0,14.471751,51.173289
24,22,6,8,17,4,2,5,3,0,0,1,1,0,0,0,0,12.357179,50.742887
24,22,5,27,14,6,3,6,7,0,1,1,0,1,0,0,0,12.629457,50.759865
26,22,5,12,7,5,3,3,6,0,0,1,0,0,0,1,0,14.927512,51.308009
12,22,6,20,16,2,3,0,3,0,1,1,1,0,0,0,0,13.77381,51.113022
12,22,3,3,6,5,3,3,5,1,0,1,1,0,0,0,0,13.710796,51.083465
12,22,4,8,18,6,3,6,7,0,1,1,0,1,0,0,0,13.76136,51.022656
27,22,4,29,15,6,2,5,3,0,0,1,1,0,0,0,0,13.304201,51.057839
12,22,5,23,15,2,3,0,1,0,0,1,0,0,0,0,0,13.824885,51.058015
27,22,4,26,12,3,3,4,2,0,0,1,1,0,0,0,0,13.531882,51.289516
11,22,3,16,8,4,3,4,2,0,0,1,1,0,0,0,0,12.90662,50.837048
12,22,6,12,3,1,3,0,7,2,0,1,0,0,0,0,0,13.758041,51.078721
12,22,6,1,6,4,3,5,2,0,0,1,1,0,0,0,0,13.731005,51.118137
12,22,5,11,5,4,3,5,2,1,0,1,0,0,1,0,0,13.755532,51.076638
25,22,3,24,18,5,3,4,6,2,0,1,0,0,0,0,0,13.917467,51.130833
13,22,5,12,17,5,3,5,2,0,0,1,1,0,0,0,0,12.395024,51.342737
25,22,6,3,17,6,3,5,3,0,0,1,1,0,0,0,0,14.472131,51.173185
13,22,4,21,8,5,3,3,6,0,0,1,0,0,0,0,0,12.392804,51.334371
24,22,6,14,16,3,3,5,3,0,0,1,1,0,0,0,0,12.609766,50.668153
12,22,4,5,15,3,3,0,1,0,1,1,0,0,0,0,0,13.776445,51.110894
23,22,5,10,16,3,3,5,3,0,0,1,0,0,0,0,1,12.167959,50.497852
12,22,5,15,0,1,3,0,1,2,0,1,0,0,0,0,0,13.79974,50.998553
29,22,5,27,8,6,2,8,1,0,1,1,0,0,0,0,0,12.675728,51.091171
23,22,3,28,17,2,2,4,1,0,0,1,1,0,0,0,0,12.265277,50.621877
11,22,3,11,14,6,3,3,2,0,0,1,1,0,0,0,0,12.779293,50.810567
12,22,4,26,16,3,3,3,2,0,0,1,1,0,0,0,0,13.734464,51.065473
12,22,5,5,11,5,3,0,1,0,0,1,0,0,0,0,0,13.795206,51.066249
23,22,6,1,14,4,2,8,7,0,0,1,0,0,0,0,0,12.332877,50.454428
12,22,3,10,18,5,2,5,3,1,0,1,0,0,0,0,0,13.724867,51.073168
13,22,4,4,18,2,3,4,6,0,1,1,0,0,0,0,0,12.395871,51.353171
12,22,5,10,18,3,3,0,1,0,0,1,0,0,0,0,0,13.708854,51.058278
12,22,6,23,10,5,3,2,2,0,0,1,1,0,0,0,0,13.798177,51.139889
29,22,3,10,14,5,2,5,3,0,0,1,1,0,0,0,0,12.41674,51.198987
22,22,3,16,15,4,3,0,7,0,0,1,0,0,0,0,0,13.044105,50.908905
22,22,3,2,15,4,3,2,6,0,0,1,1,0,0,0,0,12.801937,51.048355
12,22,3,28,6,2,3,5,3,0,0,1,1,0,0,0,0,13.692431,51.042849
27,22,5,31,16,3,3,5,2,0,0,1,1,0,0,0,0,13.482729,51.161007
12,22,3,31,21,5,3,0,1,2,1,1,0,0,0,0,0,13.73597,51.072445
27,22,6,22,17,4,3,5,2,0,0,1,0,0,0,0,0,13.481477,51.162848
12,22,5,25,11,4,3,0,1,0,0,1,0,0,0,0,0,13.735135,51.073466
26,22,5,19,16,5,2,5,3,0,0,1,1,0,0,0,0,14.9775,51.11566
25,22,4,8,14,6,2,3,2,0,0,1,0,0,0,0,1,14.439522,51.168552
29,22,4,27,14,4,3,5,3,0,0,1,1,0,0,0,0,12.763532,51.366869
12,22,6,10,8,6,3,5,2,0,0,1,1,0,0,0,0,13.725842,51.032409
12,22,5,6,16,6,2,4,6,0,0,1,0,0,0,0,0,13.747567,51.051745
28,22,6,21,15,3,2,5,3,0,0,1,1,0,0,0,0,13.936154,50.957863
12,22,4,29,7,6,3,5,3,0,0,1,1,0,0,0,0,13.76827,51.015706
28,22,5,22,9,1,2,0,1,0,0,1,0,0,0,0,0,13.553962,50.981788
13,22,3,28,18,2,3,2,6,0,0,1,1,0,0,0,0,12.376533,51.314954
13,22,6,1,15,4,3,5,2,0,0,1,1,0,0,0,0,12.35768,51.341811
12,22,4,4,23,2,3,5,2,2,1,1,1,0,0,0,0,13.672251,51.050255
27,22,5,7,7,7,3,5,2,0,0,1,1,0,0,0,0,13.588924,51.122782
25,22,5,26,9,5,2,3,6,0,0,1,1,0,0,0,0,14.258289,51.279452
13,22,4,25,5,2,3,5,3,1,1,1,1,0,0,0,0,12.358926,51.375201
12,22,6,16,19,5,3,0,1,0,0,1,0,0,0,0,0,13.737496,51.043248
25,22,3,26,16,7,3,5,3,0,0,1,1,0,0,0,0,14.102091,51.277825
13,22,6,9,14,5,3,6,6,0,0,1,0,1,0,0,0,12.388611,51.314825
30,22,4,1,13,6,3,5,3,0,0,1,1,0,0,0,0,12.990666,51.559032
11,22,4,30,14,7,3,0,1,0,0,1,0,0,0,0,0,12.951531,50.850333
11,22,5,19,4,5,3,5,3,1,0,1,1,0,0,0,0,12.941608,50.819941
12,22,3,1,14,3,3,5,3,0,0,1,1,0,0,0,0,13.769016,51.099343
13,22,5,13,12,6,3,5,3,0,0,1,1,0,0,0,0,12.426624,51.303667
13,22,6,3,14,6,3,5,3,0,0,1,1,0,0,0,0,12.447316,51.350338
30,22,5,19,7,5,3,5,3,0,0,1,1,0,0,0,0,12.494089,51.382433
23,22,3,13,11,1,2,5,3,0,0,1,1,0,0,0,0,12.167508,50.477017
22,22,5,15,16,1,2,5,3,0,0,1,1,0,0,0,0,13.056536,50.90825
12,22,4,12,15,3,3,5,3,0,0,1,1,0,0,0,0,13.766297,51.118825
22,22,5,3,6,3,2,5,3,0,0,1,1,0,0,0,0,13.091392,51.124962
12,22,3,16,12,4,3,5,2,0,0,1,1,0,0,0,0,13.879686,51.059931
25,22,3,1,10,3,3,4,2,0,0,1,1,0,0,0,0,14.481611,51.044009
22,22,6,11,12,7,3,0,3,0,0,1,1,0,0,0,0,12.704139,50.935422
29,22,4,3,23,1,3,7,7,2,0,1,0,0,0,0,0,12.592365,51.261747
29,22,5,7,16,7,2,5,3,0,0,1,1,0,0,0,0,12.263926,51.165343
28,22,5,14,9,7,3,3,6,0,0,1,1,0,0,0,0,13.622469,50.982069
27,22,6,6,10,2,3,5,3,0,0,1,1,0,0,0,0,13.514783,51.169614
22,22,6,23,6,5,3,2,6,0,0,1,0,0,0,0,1,13.387299,50.922475
12,22,2,24,8,5,2,3,2,0,0,1,1,0,0,0,0,13.701578,51.030577
28,22,5,17,8,3,3,0,2,0,1,1,1,0,0,0,0,13.927542,50.955733
26,22,6,10,13,6,3,3,6,0,0,1,1,0,0,0,0,14.979307,51.143618
12,22,6,15,14,4,3,3,2,0,0,1,1,0,0,0,0,13.702816,51.033664
27,22,6,16,8,5,3,4,2,0,0,1,1,0,0,0,0,13.451338,51.411098