CSV=`UKREIS,UJAHR,UMONAT,UTAG,USTUNDE,UWOCHENTAG,UKATEGORIE,UART,UTYP,LICHT,USTRZUSTAND,IstRad,IstPKW,IstFuss,IstKrad,IstGkfz,IstSonstig,@lon,@lat
13,22,5,10,17,3,3,3,2,0,0,1,1,0,0,0,0,12.395339,51.352735
27,22,3,23,9,4,3,0,1,0,0,1,0,0,0,0,0,13.493915,51.159349
22,22,5,20,22,6,2,8,7,2,0,1,0,0,0,0,0,13.073119,50.821413
12,22,6,8,8,4,3,6,6,0,0,1,0,1,0,0,0,13.731305,51.027812
26,22,6,24,17,6,3,0,1,0,0,1,0,0,0,0,0,14.96386,51.363309
22,22,5,29,20,1,3,7,7,0,0,1,0,0,0,0,0,13.435289,50.929899
22,22,6,21,19,3,3,4,2,0,0,1,1,0,0,0,0,13.126232,51.123608
28,22,3,11,15,6,2,5,3,0,0,1,0,0,0,1,0,13.719684,50.874026
12,22,6,23,7,5,3,5,3,0,0,1,1,0,0,0,0,13.723989,51.073818
12,22,4,12,6,3,2,5,3,1,0,1,1,0,0,0,0,13.689717,51.061781
28,22,2,27,13,1,2,8,1,0,0,1,0,0,0,0,0,13.601698,51.021919
12,22,5,17,17,3,3,5,2,0,0,1,0,0,0,0,1,13.704464,51.050784
13,22,5,12,11,5,3,5,3,0,0,1,1,0,0,0,0,12.426751,51.301328
27,22,6,20,18,2,3,5,3,0,0,1,1,0,0,0,0,13.447964,51.412276
27,22,4,2,18,7,3,1,3,0,0,1,1,0,0,0,0,13.640223,51.106625
27,22,5,9,17,2,2,5,3,0,0,1,0,0,0,1,0,13.504352,51.193104
25,22,4,29,14,6,3,5,3,0,0,1,1,0,0,0,0,14.373798,51.054983
30,22,5,26,16,5,3,2,6,0,0,1,0,0,1,0,0,12.660376,51.502617
25,22,5,23,16,2,3,5,3,0,0,1,1,0,0,0,0,14.441261,51.141351
12,22,6,20,8,2,3,6,4,0,0,1,0,1,0,0,0,13.752417,51.062953
12,22,3,27,14,1,2,0,7,0,0,1,0,0,0,0,0,13.726935,51.044566
27,22,4,19,8,3,2,0,3,0,0,1,1,0,0,0,0,13.633002,51.124484
26,22,3,31,16,5,3,0,1,0,0,1,0,0,0,0,0,14.964536,51.15139
30,22,5,11,7,4,3,3,6,0,0,1,0,0,0,1,0,12.610146,51.589221
11,22,5,20,11,6,3,6,2,0,0,1,0,1,0,0,0,12.936203,50.845311
28,22,6,18,6,7,2,0,1,0,0,1,0,0,0,0,0,14.072278,50.916257
12,22,3,15,5,3,2,5,3,1,0,1,1,0,0,0,0,13.739291,51.068381
24,22,3,24,10,5,3,1,2,0,0,1,1,0,0,0,0,12.626949,50.759341
22,22,4,16,9,7,2,3,6,0,0,1,1,0,0,0,0,13.119606,50.969123
27,22,5,6,10,6,3,5,3,0,0,1,1,0,0,0,0,13.53394,51.286541
26,22,5,24,10,3,3,5,3,0,0,1,0,0,0,1,0,14.980723,51.138206
30,22,5,10,7,3,2,4,2,0,0,1,1,0,0,0,0,12.61219,51.458289
25,22,5,15,12,1,3,5,3,0,0,1,1,0,0,0,0,13.824824,51.175064
12,22,3,23,14,4,3,5,3,0,0,1,0,0,0,0,1,13.735608,51.041742
29,22,6,8,10,4,3,5,3,0,0,1,0,0,0,0,1,12.744931,51.368495
24,22,3,29,12,3,3,5,3,0,0,1,1,0,0,0,0,12.515233,50.646688
27,22,4,21,8,5,2,5,3,0,1,1,1,0,0,0,0,13.575188,51.138063
12,22,6,2,14,5,2,5,3,0,0,1,1,0,0,0,0,13.727745,51.043773
25,22,3,22,17,3,3,1,5,0,0,1,1,0,0,0,0,14.027908,51.145601
27,22,5,3,6,3,3,5,3,0,0,1,1,0,0,0,0,13.724449,51.188237
22,22,6,18,21,7,3,0,6,1,0,1,1,0,0,0,0,13.141568,51.170338
12,22,5,18,7,4,2,4,2,0,0,1,0,0,0,0,0,13.717839,51.077055
22,22,3,28,10,2,3,3,6,0,0,1,1,0,0,0,0,12.812062,50.920629
12,22,6,1,6,4,3,5,2,0,0,1,1,0,0,0,0,13.72603,51.057019
12,22,3,31,5,5,3,0,7,2,0,1,0,0,0,0,0,13.777902,51.012742
29,22,6,5,16,1,3,3,6,0,0,1,1,0,0,0,0,12.690437,51.065691
11,22,5,25,15,4,3,6,6,0,0,1,0,1,0,0,0,12.920186,50.826385
12,22,5,20,20,6,3,6,4,0,1,1,0,1,0,0,0,13.745865,51.063998
13,22,6,15,17,4,3,5,2,0,0,1,0,0,0,0,1,12.407998,51.318034
13,22,5,19,8,5,2,5,2,0,0,1,1,0,0,0,0,12.394578,51.354644
21,22,4,16,10,7,2,0,7,0,0,1,0,0,0,0,0,12.771556,50.533398
12,22,3,30,18,4,3,5,2,0,1,1,1,0,0,0,0,13.720698,51.049299
13,22,4,19,13,3,3,5,3,0,0,1,1,0,0,0,0,12.377012,51.344505
13,22,6,22,9,4,2,0,1,0,0,1,0,0,0,0,0,12.383081,51.343584
12,22,6,17,13,6,2,5,3,0,0,1,1,0,0,0,0,13.733132,51.076326
21,22,3,25,9,6,3,1,7,0,0,1,1,0,0,0,0,12.97414,50.482084
28,22,5,1,17,1,3,4,1,0,0,1,1,0,0,0,0,14.016842,50.987452
28,22,4,17,22,1,3,0,1,2,0,1,0,0,0,0,0,13.811384,50.888867
25,22,6,10,21,6,2,8,1,1,0,1,0,0,0,0,0,14.18348,51.257674
26,22,5,6,10,6,2,5,3,0,0,1,1,0,0,0,0,14.500195,51.056922
13,22,3,4,8,6,3,0,1,0,0,1,0,0,0,0,0,12.405001,51.320609
21,22,6,15,7,4,2,5,3,0,0,1,1,0,0,0,0,12.742855,50.737629
12,22,3,12,10,7,3,5,2,0,0,1,1,0,0,0,0,13.728522,51.060116
27,22,3,23,15,4,3,5,4,0,0,1,0,1,0,0,0,13.344302,51.054341
11,22,5,23,12,2,2,3,6,0,0,1,0,0,0,1,0,12.899308,50.770795
23,22,6,1,19,4,3,0,1,0,0,1,0,0,0,0,0,12.129953,50.501063
21,22,3,3,18,5,3,0,7,1,0,1,0,1,0,0,0,12.674417,50.745168
27,22,3,28,17,2,3,0,1,0,1,1,0,0,0,0,0,13.495677,51.177197
24,22,5,26,16,5,2,9,1,0,0,1,0,0,0,0,0,12.362895,50.741747
22,22,4,24,11,1,3,2,6,0,1,1,1,0,0,0,0,13.001663,51.039529
24,22,3,1,4,3,3,5,3,2,0,1,1,0,0,0,0,12.502285,50.709009
27,22,5,11,19,4,3,5,3,0,0,1,1,0,0,0,0,13.572246,51.126237
12,22,3,9,10,4,3,0,3,0,0,1,0,0,0,0,1,13.748156,51.063472
12,22,4,28,0,5,3,5,3,2,0,1,1,0,0,0,0,13.743458,51.047593
12,22,6,16,8,5,3,0,1,0,0,1,0,0,0,0,0,13.790707,51.067047
24,22,5,18,11,4,3,3,6,0,0,1,1,0,0,0,0,12.452025,50.719112
21,22,4,14,9,5,3,5,3,0,0,1,1,0,0,0,0,12.799377,50.632562
25,22,5,6,13,6,3,5,3,0,0,1,1,0,0,0,0,14.447407,51.178195
30,22,5,23,15,2,3,5,3,0,0,1,1,0,0,0,0,12.993137,51.359515
28,22,3,24,9,5,3,5,3,0,0,1,1,0,0,0,0,13.86769,50.96439
30,22,6,8,8,4,3,5,3,0,0,1,1,0,0,0,0,12.236766,51.391541
12,22,5,27,20,6,3,0,7,0,0,1,0,0,0,0,0,13.691477,51.042725
22,22,6,11,14,7,2,3,6,0,0,1,1,0,0,0,0,12.746323,51.058682
25,22,5,31,16,3,3,4,2,0,0,1,0,0,0,0,0,14.110396,51.284761
13,22,6,21,7,3,3,4,6,0,0,1,0,0,0,0,0,12.446077,51.36119
27,22,3,7,8,2,3,6,4,0,0,1,0,1,0,0,0,13.468388,51.165728
13,22,6,14,19,3,3,5,3,0,0,1,0,0,0,0,0,12.399638,51.32834
28,22,5,9,13,2,2,5,3,0,0,1,1,0,0,0,0,14.088969,51.00819
12,22,6,8,16,4,3,5,2,0,0,1,1,0,0,0,0,13.78674,51.115798
27,22,5,5,16,5,3,5,2,0,0,1,1,0,0,0,0,13.465917,51.157147
29,22,6,1,9,4,3,5,3,0,1,1,1,0,0,0,0,12.506626,51.133132
12,22,3,3,8,5,3,5,3,0,0,1,1,0,0,0,0,13.771827,51.066616
12,22,6,2,7,5,3,5,2,0,0,1,0,0,0,0,1,13.731217,51.024829
23,22,3,10,13,5,1,3,6,0,0,1,1,0,0,0,0,12.137267,50.506398
24,22,4,7,5,5,3,3,2,1,0,1,1,0,0,0,0,12.788963,50.851641
26,22,3,17,16,5,3,5,3,0,0,1,1,0,0,0,0,14.815903,50.885698
12,22,3,1,16,3,3,5,2,1,0,1,1,0,0,0,0,13.752955,51.073867
12,22,5,17,10,3,3,5,2,0,0,1,1,0,0,0,0,13.772651,51.014622
22,22,3,27,16,1,2,8,7,0,0,1,0,0,0,0,0,12.794829,51.046043
12,22,4,16,13,7,3,3,6,0,0,1,1,0,0,0,0,13.878555,50.999443
13,22,5,31,17,3,3,5,2,0,0,1,1,0,0,0,0,12.406108,51.319586
12,22,5,6,21,6,3,4,6,2,0,1,0,0,0,0,0,13.731714,51.060793
12,22,6,4,19,7,2,3,6,0,0,1,0,0,0,0,1,13.843773,51.030643
29,22,4,23,18,7,2,5,2,0,0,1,1,0,0,0,0,12.567205,51.165744
11,22,4,28,17,5,3,0,2,0,0,1,1,0,0,0,0,12.921838,50.773935
22,22,6,15,17,4,3,5,3,0,0,1,0,0,0,0,1,13.036169,50.972067
28,22,5,19,16,5,2,8,1,0,0,1,0,0,0,0,0,13.871081,50.774038
27,22,4,13,19,4,2,8,1,0,0,1,0,0,0,0,0,13.594655,51.144193
27,22,6,10,10,6,3,5,2,0,0,1,1,0,0,0,0,13.469014,51.157085
25,22,3,11,14,6,3,5,3,0,0,1,1,0,0,0,0,14.038753,51.14223
12,22,5,9,10,2,3,5,3,0,0,1,0,0,0,0,1,13.750696,51.071382
30,22,3,23,16,4,2,5,3,0,0,1,1,0,0,0,0,12.880571,51.56273
25,22,6,8,10,4,3,3,6,0,0,1,1,0,0,0,0,14.42375,51.179649
11,22,4,27,5,4,3,5,3,0,0,1,1,0,0,0,0,12.906268,50.839611
27,22,4,12,18,3,3,3,6,0,0,1,0,0,0,0,1,13.437675,51.293397
29,22,5,18,17,4,3,5,3,0,0,1,1,0,0,0,0,12.507578,51.134533
28,22,3,26,10,7,3,2,6,0,0,1,0,0,0,0,0,13.936618,50.953171
12,22,6,23,22,5,2,0,7,2,0,1,0,0,0,0,0,13.774703,51.109949
30,22,5,25,15,4,3,1,5,0,0,1,1,0,0,0,0,13.093793,51.295702
27,22,3,8,15,3,3,5,3,0,0,1,1,0,0,0,0,13.542284,51.147106
26,22,4,11,15,2,3,5,3,0,0,1,1,0,0,0,0,14.620047,51.507499
26,22,6,17,14,6,3,2,6,0,0,1,1,0,0,0,0,14.620943,51.347102
12,22,2,25,13,6,3,0,1,0,0,1,0,0,0,0,0,13.721264,51.041638
12,22,5,18,7,4,3,0,3,0,0,1,0,0,0,0,0,13.756627,51.117994
25,22,5,24,14,3,3,5,3,0,0,1,1,0,0,0,0,14.252999,51.439177
12,22,5,8,13,1,3,5,3,0,0,1,1,0,0,0,0,13.79494,51.132992
11,22,6,7,18,3,3,5,3,0,0,1,1,0,0,0,0,12.883619,50.800001
22,22,5,26,17,5,3,8,1,0,0,1,0,0,0,0,0,12.793522,51.068651
26,22,5,21,15,7,3,3,2,0,0,1,1,0,0,0,0,14.642071,51.505301
29,22,5,1,16,1,3,5,3,0,0,1,1,0,0,0,0,12.507589,51.134549
24,22,5,6,20,6,2,5,3,1,0,1,0,0,0,0,1,12.565797,50.644333
25,22,6,22,15,4,3,7,7,0,0,1,1,0,0,0,0,14.320704,51.093471
29,22,4,29,12,6,3,5,3,0,0,1,1,0,0,0,0,12.741242,51.365767
26,22,4,13,8,4,3,5,3,0,0,1,1,0,0,0,0,14.614425,51.51064
12,22,6,8,7,4,3,5,3,0,0,1,1,0,0,0,0,13.702003,51.032516
12,22,6,24,14,6,3,5,3,0,0,1,1,0,0,0,0,13.724935,51.043952
12,22,5,27,11,6,3,0,1,0,1,1,0,0,0,0,0,13.75931,51.063601
25,22,5,4,18,4,3,0,3,0,0,1,0,0,1,0,0,14.474503,51.196402
23,22,6,2,17,5,3,5,7,0,0,1,1,0,0,0,0,12.059886,50.446597
13,22,3,29,7,3,3,3,2,0,0,1,1,0,0,0,0,12.401632,51.324374
25,22,6,12,16,1,3,3,1,0,0,1,0,0,0,0,1,13.830937,51.186208
12,22,3,10,10,5,3,5,2,0,0,1,1,0,0,0,0,13.720369,51.093246
30,22,5,9,15,2,2,5,3,0,0,1,0,0,0,0,1,12.230795,51.393226
28,22,3,22,7,3,1,4,2,0,0,1,1,0,0,0,0,14.131875,51.039532
22,22,4,29,17,6,2,5,3,0,0,1,0,0,1,0,0,13.456265,50.873257
27,22,5,4,11,4,3,1,5,0,0,1,1,0,0,0,0,13.577397,51.163604
12,22,5,11,16,4,3,4,6,0,0,1,0,0,0,0,0,13.691784,51.042764
25,22,6,22,12,4,3,1,5,0,0,1,0,0,0,1,0,13.995902,51.188795
25,22,6,18,13,7,3,5,3,0,0,1,1,0,0,0,0,14.102751,51.276057
13,22,6,9,17,5,2,5,3,0,0,1,1,0,0,0,0,12.349083,51.33991
12,22,5,30,8,2,3,5,3,0,0,1,1,0,0,0,0,13.688363,51.040778
11,22,5,6,6,6,3,5,3,0,0,1,1,0,0,0,0,12.951844,50.861515
22,22,6,3,9,6,2,5,3,0,0,1,1,0,0,0,0,12.90368,50.904025
11,22,3,7,21,2,3,0,7,2,0,1,0,0,0,0,0,12.884824,50.852789
27,22,4,22,14,6,2,4,2,0,0,1,1,0,0,0,0,13.680558,51.154839
27,22,6,8,11,4,3,5,2,0,0,1,1,0,0,0,0,13.280457,51.318456
26,22,6,24,7,6,3,5,3,0,0,1,1,0,0,0,0,14.673892,51.032074
13,22,5,28,19,7,3,5,3,0,0,1,1,0,0,0,0,12.336388,51.335414
25,22,5,4,15,4,3,3,2,0,0,1,1,0,0,0,0,14.417047,51.17938
24,22,5,12,11,5,2,5,3,0,0,1,1,0,0,0,0,12.484737,50.720276
12,22,4,20,14,4,3,5,3,0,1,1,1,0,0,0,0,13.847881,51.061313
28,22,4,28,7,5,2,5,3,0,0,1,1,0,0,0,0,13.927293,50.981089
28,22,4,23,13,7,3,0,7,0,0,1,0,0,0,0,0,13.620645,51.023804
28,22,6,17,6,6,3,3,6,0,0,1,1,0,0,0,0,13.648916,50.997939
11,22,3,14,9,2,3,5,3,0,0,1,1,0,0,0,0,12.91213,50.868195
12,22,4,6,16,4,2,5,3,0,0,1,1,0,0,0,0,13.725934,51.056953
29,22,5,10,17,3,3,5,3,0,0,1,1,0,0,0,0,12.229513,51.308759
24,22,5,16,18,2,3,0,1,0,0,1,0,0,0,0,0,12.501579,50.741425
22,22,5,19,16,5,2,4,2,0,0,1,0,0,0,0,1,13.078441,50.934724
25,22,4,13,15,4,3,0,7,0,0,1,0,0,0,0,0,14.418458,51.179486
11,22,6,8,11,4,3,2,6,0,0,1,1,0,0,0,0,12.93234,50.823544
26,22,3,28,7,2,2,5,3,0,0,1,1,0,0,0,0,14.887736,51.255042
25,22,3,20,21,1,3,0,1,2,0,1,0,0,0,0,0,14.318086,51.296068
25,22,4,21,14,5,2,5,3,0,0,1,1,0,0,0,0,14.43104,51.060211
12,22,6,13,12,2,3,3,2,0,0,1,1,0,0,0,0,13.741381,51.045953
28,22,3,21,15,2,3,5,3,0,0,1,1,0,0,0,0,14.042591,51.038401
12,22,6,7,15,3,3,5,3,0,0,1,1,0,0,0,0,13.801321,51.150353
12,22,5,3,7,3,3,5,3,0,0,1,1,0,0,0,0,13.702003,51.032515
12,22,4,24,23,1,3,5,3,2,1,1,1,0,0,0,0,13.743458,51.047593
24,22,3,26,16,7,2,2,1,0,0,1,0,0,0,0,0,12.664249,50.676166
11,22,5,9,17,2,2,5,3,0,0,1,1,0,0,0,0,12.926642,50.845713
12,22,5,11,15,4,3,6,4,0,0,1,0,1,0,0,0,13.731784,51.035575
26,22,4,22,15,6,2,5,3,0,0,1,0,0,0,0,1,14.913949,51.148812
28,22,6,15,16,4,3,5,3,0,0,1,1,0,0,0,0,13.928326,50.980524
21,22,6,17,16,6,2,4,2,0,0,1,1,0,0,0,0,12.972177,50.482986
12,22,6,9,16,5,3,5,2,0,1,1,1,0,0,0,0,13.702453,51.090468
12,22,5,31,7,3,3,5,2,0,0,1,1,0,0,0,0,13.724859,51.073174
30,22,3,5,8,7,2,8,1,0,0,1,0,0,0,0,0,12.985582,51.393802
26,22,5,10,6,3,3,4,6,0,0,1,0,0,0,0,0,14.647771,51.509826
12,22,3,23,7,4,3,4,1,0,0,1,0,0,0,0,0,13.768637,51.098408
28,22,6,8,5,4,3,5,3,0,0,1,1,0,0,0,0,13.545639,51.05206
12,22,6,24,16,6,3,0,7,0,0,1,0,0,0,0,0,13.725964,51.056974
12,22,3,18,11,6,3,5,2,0,0,1,1,0,0,0,0,13.719438,51.040269
28,22,6,13,10,2,2,3,6,0,0,1,0,0,0,0,1,13.931052,50.961082
11,22,3,10,7,5,3,5,3,1,0,1,1,0,0,0,0,12.884276,50.852974
12,22,4,4,18,2,3,5,3,0,0,1,1,0,0,0,0,13.678696,51.063238
25,22,5,26,18,5,3,0,1,0,0,1,0,0,0,0,0,14.043774,51.170003
12,22,3,1,19,3,3,0,1,2,0,1,0,0,0,0,0,13.744031,51.047415
12,22,6,11,16,7,3,0,1,0,0,1,0,0,0,0,0,13.703045,51.089348
11,22,6,4,12,7,2,8,1,0,0,1,0,0,0,0,0,12.81881,50.83281
12,22,4,27,17,4,3,5,3,0,0,1,1,0,0,0,0,13.739474,51.062818
23,22,6,23,11,5,3,5,3,0,0,1,1,0,0,0,0,12.302418,50.542244
22,22,5,23,16,2,3,5,2,0,0,1,1,0,0,0,0,13.33134,50.927232
13,22,4,25,16,2,3,5,3,0,0,1,1,0,0,0,0,12.316948,51.300538
23,22,6,17,19,6,3,6,4,0,0,1,0,1,0,0,0,12.136211,50.488312
12,22,3,17,20,5,3,0,1,2,0,1,0,0,0,0,0,13.724632,51.055977
12,22,5,2,17,2,3,5,3,0,0,1,1,0,0,0,0,13.717848,51.038845
21,22,5,13,16,6,3,5,3,0,0,1,1,0,0,0,0,12.825062,50.52528
26,22,5,11,18,4,3,5,3,0,0,1,1,0,0,0,0,14.97219,51.164216
29,22,3,9,15,4,3,3,6,0,0,1,1,0,0,0,0,12.378157,51.267417
25,22,5,16,12,2,3,5,3,0,0,1,0,0,0,1,0,14.185252,51.131919
25,22,3,25,12,6,3,0,7,0,0,1,0,0,0,0,0,13.925542,51.248235
29,22,4,29,18,6,2,5,3,0,0,1,1,0,0,0,0,12.575186,51.250654
12,22,4,13,15,4,2,5,2,0,0,1,1,0,0,0,0,13.730734,51.033475
27,22,6,3,13,6,3,0,3,0,0,1,1,0,0,0,0,13.687077,51.09996
12,22,4,5,9,3,3,0,3,0,0,1,1,0,0,0,0,13.884863,51.06094
28,22,5,10,10,3,3,5,3,0,0,1,1,0,0,0,0,13.666406,50.849259
11,22,4,12,7,3,2,5,2,0,0,1,0,0,0,0,1,12.928756,50.826656
29,22,4,9,10,7,3,5,2,0,0,1,1,0,0,0,0,12.628092,51.360319
28,22,3,20,16,1,3,5,3,0,0,1,1,0,0,0,0,13.920774,50.966438
21,22,6,7,15,3,2,0,1,0,0,1,0,0,0,0,0,13.027995,50.498307
13,22,5,21,9,7,3,3,6,0,0,1,0,0,0,0,0,12.369021,51.376109
13,22,4,7,10,5,3,5,2,0,0,1,1,0,0,0,0,12.333018,51.336051
25,22,6,15,6,4,2,5,3,0,0,1,1,0,0,0,0,13.89589,51.264388
25,22,4,15,18,6,3,0,1,0,1,1,0,0,0,0,0,13.899407,51.278385
29,22,6,10,10,6,3,4,1,0,0,1,1,0,0,0,0,12.7535,51.283313
27,22,4,1,14,6,3,5,3,0,0,1,1,0,0,0,0,13.456142,51.418508
24,22,4,8,21,6,3,6,4,2,1,1,0,1,0,0,0,12.491179,50.733592
12,22,5,16,7,2,3,0,1,0,0,1,0,0,0,0,0,13.732781,51.029545
25,22,5,27,15,6,3,5,3,0,0,1,1,0,0,0,0,14.441073,51.180525
12,22,5,12,16,5,3,5,3,0,0,1,1,0,0,0,0,13.689308,51.067716
30,22,6,2,18,5,3,5,2,0,0,1,1,0,0,0,0,12.480724,51.374538
22,22,4,6,12,4,3,5,3,0,0,1,1,0,0,0,0,13.101065,51.125092
13,22,5,9,18,2,2,5,3,0,0,1,1,0,0,0,0,12.286284,51.331143
25,22,5,15,20,1,3,9,1,2,0,1,0,0,0,0,0,14.41448,51.17926
11,22,3,23,7,4,3,0,2,0,0,1,1,0,0,0,0,12.903079,50.825369
27,22,5,26,19,5,3,9,1,0,0,1,0,0,0,0,0,13.451379,51.258498
26,22,6,16,8,5,2,3,6,0,0,1,1,0,0,0,0,14.830015,51.291944
24,22,4,13,16,4,3,5,2,0,0,1,1,0,0,0,0,12.471469,50.674751
12,22,6,10,17,6,3,0,1,0,0,1,0,0,0,0,0,13.739746,51.063227
13,22,5,29,12,1,3,3,2,0,0,1,1,0,0,0,0,12.416306,51.311651
12,22,5,12,17,5,3,6,3,0,0,1,0,1,0,0,0,13.71772,51.02218
21,22,3,24,10,5,3,0,7,0,0,1,0,0,0,0,0,12.794032,50.763834
12,22,5,7,11,7,3,5,3,0,0,1,1,0,0,0,0,13.768089,51.015759
24,22,3,8,15,3,3,3,6,0,0,1,1,0,0,0,0,12.479253,50.683145
24,22,4,6,12,4,3,8,1,0,0,1,0,0,0,0,0,12.496477,50.740588
25,22,6,15,1,4,3,0,1,2,0,1,0,0,0,0,0,14.214571,51.423848
12,22,3,25,19,6,3,0,1,2,0,1,0,0,0,0,0,13.873879,51.070524
11,22,4,15,14,6,3,3,2,0,0,1,1,0,0,0,0,12.926598,50.833863
13,22,6,10,7,6,3,5,2,0,0,1,1,0,0,0,0,12.408012,51.318022
12,22,5,30,16,2,3,0,1,0,0,1,0,0,0,0,0,13.701492,51.091148
12,22,5,13,17,6,3,4,2,0,0,1,1,0,0,0,0,13.729842,51.082681
11,22,5,25,8,4,3,5,3,0,0,1,1,0,0,0,0,12.874426,50.856729
26,22,4,8,7,6,2,4,1,0,0,1,1,0,0,0,0,14.786723,50.898952
22,22,3,7,13,2,3,3,6,0,0,1,1,0,0,0,0,13.099223,50.802261
28,22,6,14,19,3,3,0,1,0,0,1,0,0,0,0,0,13.590149,50.912918
22,22,5,17,13,3,2,0,7,0,0,1,0,0,0,0,0,13.00212,51.116688
22,22,4,5,10,3,3,5,3,0,1,1,1,0,0,0,0,13.141839,51.121169
24,22,5,15,13,1,2,0,1,0,0,1,0,0,0,0,0,12.449364,50.720331
27,22,5,26,11,5,3,2,6,0,0,1,1,0,0,0,0,13.232914,51.352003
12,22,5,4,20,4,3,0,7,0,0,1,0,0,0,0,0,13.727912,51.043441
29,22,6,10,16,6,2,0,1,2,0,1,1,0,0,0,0,12.790397,51.313404
30,22,3,31,19,5,3,5,3,0,1,1,1,0,0,0,0,12.226735,51.397597
13,22,6,16,6,5,3,0,7,0,0,1,0,0,0,0,0,12.374795,51.344356
12,22,5,2,19,2,3,0,1,0,0,1,0,0,0,0,0,13.737029,51.042856
28,22,3,16,12,4,3,8,1,0,0,1,0,0,0,0,0,13.761174,50.842472
28,22,3,27,14,1,3,9,1,0,0,1,0,0,0,0,0,13.933296,50.957323
25,22,6,18,1,7,3,4,6,2,0,1,1,0,0,0,0,14.407392,51.120281
12,22,2,23,16,4,3,0,7,0,0,1,0,0,0,0,0,13.713467,51.038467
27,22,4,17,16,1,2,0,1,0,0,1,0,0,0,0,0,13.414771,51.242699
24,22,5,12,11,5,2,5,2,0,0,1,1,0,0,0,0,12.499021,50.741061
13,22,6,2,7,5,3,4,6,0,0,1,0,0,0,0,0,12.446108,51.361205
26,22,3,12,16,7,2,0,7,0,0,1,0,0,0,0,0,14.974085,51.16142
13,22,5,5,17,5,3,5,3,0,0,1,1,0,0,0,0,12.389884,51.346561
28,22,5,26,14,5,2,0,1,0,0,1,0,0,0,0,0,14.23667,50.981652
11,22,5,3,7,3,3,5,2,0,0,1,1,0,0,0,0,12.903063,50.825364
12,22,2,27,14,1,3,0,7,0,0,1,1,0,0,0,0,13.695539,51.043232
27,22,5,18,6,4,3,1,5,0,0,1,1,0,0,0,0,13.637771,51.273555
25,22,4,17,3,1,3,8,1,2,0,1,0,0,0,0,0,14.342712,51.062728
27,22,6,11,18,7,3,0,7,0,0,1,0,0,0,0,0,13.481753,51.163506
28,22,6,1,9,4,3,5,3,0,0,1,1,0,0,0,0,13.654065,51.003057
30,22,5,8,18,1,2,5,3,0,0,1,1,0,0,0,0,12.981816,51.560071
22,22,5,13,13,6,3,2,2,0,0,1,1,0,0,0,0,13.341614,50.814153
13,22,5,11,10,4,3,3,2,0,0,1,1,0,0,0,0,12.353613,51.340909
26,22,5,25,17,4,2,5,3,0,0,1,1,0,0,0,0,14.788804,51.191899
12,22,3,15,9,3,2,6,4,0,0,1,0,1,0,0,0,13.738952,51.066077
29,22,5,19,12,5,3,5,3,0,0,1,1,0,0,0,0,12.235696,51.311256
22,22,5,31,7,3,3,0,7,0,0,1,0,0,0,0,0,13.495297,50.737017
28,22,5,9,21,2,2,5,2,2,0,1,0,0,1,0,0,13.934795,50.970689
28,22,5,15,11,1,3,5,3,0,0,1,1,0,0,0,0,13.803536,50.806378
13,22,3,23,18,4,3,5,3,0,0,1,1,0,0,0,0,12.417438,51.311046
28,22,4,13,18,4,2,9,1,1,0,1,0,0,0,0,0,13.811395,50.926843
21,22,6,8,9,4,3,0,7,0,0,1,0,0,0,0,0,12.63973,50.56142
12,22,6,24,16,6,3,3,2,0,1,1,1,0,0,0,0,13.725813,51.056866
12,22,5,5,7,5,3,5,2,0,0,1,1,0,0,0,0,13.732395,51.077603
13,22,5,10,15,3,3,5,3,0,0,1,1,0,0,0,0,12.443971,51.291448
29,22,4,13,14,4,3,1,6,0,0,1,0,0,0,0,0,12.598628,50.995171
28,22,3,19,10,7,3,4,6,0,0,1,1,0,0,0,0,13.657368,51.006748
26,22,6,12,15,1,2,0,1,0,0,1,0,0,0,0,0,14.971439,51.146036
25,22,5,14,12,7,3,0,1,0,0,1,0,0,0,0,0,14.012668,51.348325
27,22,4,7,8,5,3,5,3,0,0,1,1,0,0,0,0,13.580529,51.12583
22,22,3,28,13,2,3,5,3,0,0,1,1,0,0,0,0,13.349675,50.91445
25,22,4,16,13,7,3,3,2,0,0,1,0,0,0,0,1,14.240937,51.099681
25,22,5,7,9,7,2,5,3,0,0,1,1,0,0,0,0,14.055914,51.146036
21,22,5,13,6,6,2,4,2,0,0,1,1,0,0,0,0,12.733857,50.722333
30,22,4,22,14,6,2,0,7,0,1,1,0,0,0,1,0,13.120046,51.479103
12,22,6,16,23,5,2,0,1,2,0,1,0,0,0,0,0,13.776557,51.110944
12,22,6,16,16,5,3,4,6,0,0,1,0,0,0,0,0,13.715432,51.0783
13,22,3,15,20,3,3,5,3,2,1,1,1,0,0,0,0,12.382657,51.31497
11,22,5,17,18,3,3,5,3,0,0,1,1,0,0,0,0,12.954902,50.81437
12,22,3,25,22,6,3,0,1,2,0,1,0,0,0,0,0,13.714338,51.079822
28,22,6,3,18,6,3,3,6,0,0,1,0,0,0,0,0,13.787085,50.813682