CSV=`UKREIS,UJAHR,UMONAT,UTAG,USTUNDE,UWOCHENTAG,UKATEGORIE,UART,UTYP,LICHT,USTRZUSTAND,IstRad,IstPKW,IstFuss,IstKrad,IstGkfz,IstSonstig,@lon,@lat
22,22,5,10,6,3,2,5,2,0,0,1,1,0,0,0,0,12.966729,51.198139
13,22,4,12,15,3,3,5,2,0,0,1,1,0,0,0,0,12.283879,51.344314
27,22,5,18,11,4,2,5,3,0,0,1,1,0,0,0,0,13.288298,51.288129
12,22,6,11,10,7,3,0,7,0,0,1,0,0,0,0,0,13.75003,51.07065
12,22,5,11,19,4,3,0,1,0,0,1,0,0,0,0,0,13.73055,51.030886
25,22,6,23,15,5,3,4,2,0,0,1,1,0,0,0,0,13.94894,51.097051
12,22,5,20,12,6,3,5,3,0,0,1,1,0,0,0,0,13.73201,51.0676
22,22,6,16,19,5,3,3,6,0,0,1,1,0,0,0,0,13.321856,50.840363
12,22,3,1,11,3,2,6,7,0,0,1,0,1,0,0,0,13.731323,51.035009
25,22,6,2,7,5,3,5,3,0,0,1,1,0,0,0,0,14.091587,51.271534
12,22,6,19,16,1,2,0,1,0,0,1,0,0,0,0,0,13.700315,51.016112
12,22,4,4,14,2,3,6,4,0,0,1,0,1,0,0,0,13.768466,51.01445
25,22,5,11,16,4,3,8,3,0,0,1,1,0,0,0,0,14.281632,51.144432
11,22,6,8,7,4,3,5,3,0,0,1,0,0,0,0,1,12.892561,50.85923
23,22,5,26,16,5,2,8,7,0,0,1,0,0,0,0,0,12.405358,50.412937
27,22,5,6,7,6,3,4,2,0,0,1,1,0,0,0,0,13.493672,51.166862
29,22,6,22,16,4,3,5,3,0,0,1,0,0,0,0,0,12.392187,51.27698
22,22,3,15,10,3,2,2,2,0,0,1,0,0,0,0,1,12.802518,51.048426
12,22,5,12,8,5,3,5,3,0,0,1,1,0,0,0,0,13.76591,51.006768
12,22,6,21,15,3,3,3,6,0,0,1,1,0,0,0,0,13.722651,51.054471
25,22,5,27,17,6,3,5,3,0,0,1,1,0,0,0,0,13.984717,51.246113
26,22,5,3,17,3,3,0,1,0,0,1,0,0,0,0,0,14.819599,51.284358
25,22,5,23,15,2,2,0,1,0,0,1,0,0,0,0,0,13.932967,51.113933
30,22,5,18,11,4,2,3,2,0,0,1,1,0,0,0,0,12.992399,51.556484
21,22,4,19,14,3,2,4,2,0,0,1,1,0,0,0,0,13.013914,50.444252
12,22,5,11,14,4,2,0,1,0,0,1,0,0,0,0,0,13.703022,51.089394
26,22,4,11,16,2,3,5,3,0,0,1,1,0,0,0,0,14.79362,50.898405
25,22,2,24,10,5,3,5,3,0,0,1,1,0,0,0,0,14.39603,51.179663
24,22,3,24,14,5,2,6,4,0,0,1,0,1,0,0,0,12.445744,50.722355
12,22,5,2,8,2,2,3,3,0,0,1,1,0,0,0,0,13.726194,51.086311
30,22,4,14,14,5,3,5,3,0,1,1,1,0,0,0,0,13.004876,51.556257
22,22,5,30,15,2,2,8,1,0,0,1,0,0,0,0,0,13.018617,51.042689
11,22,5,7,18,7,2,0,1,0,0,1,0,0,0,0,0,12.944823,50.849403
25,22,4,27,17,4,3,0,1,0,0,1,0,0,0,0,0,13.824034,51.17719
13,22,4,5,10,3,3,5,2,0,1,1,1,0,0,0,0,12.35768,51.341811
21,22,3,24,8,5,3,3,6,0,0,1,0,0,0,0,1,13.323478,50.673291
25,22,4,30,10,7,3,5,3,0,0,1,0,0,0,0,1,14.441265,51.141342
12,22,5,12,5,5,3,0,6,0,0,1,1,0,0,0,0,13.700978,51.091498
29,22,11,12,8,7,3,0,1,0,0,1,0,0,0,0,0,12.800318,51.132282
27,22,9,25,12,1,3,8,1,0,0,1,0,0,0,0,0,13.489544,51.374348
26,22,8,11,16,5,3,4,2,0,0,1,1,0,0,0,0,14.736574,51.020974
13,22,6,28,14,3,3,5,3,0,0,1,1,0,0,0,0,12.372394,51.394951
22,22,11,11,16,6,2,4,6,1,0,1,1,0,0,0,0,13.396096,50.724965
11,22,7,3,13,1,3,0,7,0,0,1,0,0,0,0,0,12.825706,50.876798
13,22,9,4,0,1,3,0,7,2,0,1,0,0,0,0,0,12.382817,51.314932
26,22,11,15,15,3,2,5,3,0,0,1,0,0,0,0,0,14.880169,50.940007
28,22,8,31,18,4,2,0,1,0,0,1,0,0,0,0,0,13.666275,50.899596
22,22,8,11,23,5,1,9,1,2,0,1,0,0,0,0,0,13.44989,50.743844
27,22,7,5,17,3,3,5,3,0,0,1,1,0,0,0,0,13.502099,51.386261
12,22,11,16,17,4,3,6,3,2,1,1,1,1,0,0,0,13.771574,51.015746
26,22,8,4,14,5,3,3,2,0,0,1,1,0,0,0,0,14.975513,51.155148
12,22,10,15,5,7,3,0,1,2,1,1,0,0,0,0,0,13.71641,51.077661
26,22,10,6,17,5,2,3,2,0,0,1,1,0,0,0,0,14.632142,51.496592
30,22,9,3,18,7,3,3,6,1,0,1,1,0,0,0,0,12.521916,51.372845
26,22,6,30,17,5,3,3,7,0,0,1,1,0,0,0,0,14.628045,51.274858
12,22,8,8,13,2,3,4,6,0,0,1,0,0,0,0,0,13.774161,51.01382
29,22,12,27,11,3,3,3,2,0,0,1,1,0,0,0,0,12.568393,51.25187
11,22,7,29,19,6,3,0,7,0,0,1,0,0,0,0,0,12.952787,50.862765
24,22,10,10,0,2,2,0,1,2,0,1,0,0,0,0,0,12.470853,50.684641
24,22,11,4,13,6,3,5,3,0,1,1,1,0,0,0,0,12.489702,50.737864
13,22,9,6,15,3,3,3,2,0,0,1,1,0,0,0,0,12.434065,51.355463
27,22,7,23,17,7,3,5,7,0,0,1,1,0,0,0,0,13.573676,51.125335
12,22,7,13,0,4,3,0,1,2,0,1,0,0,0,0,0,13.757848,51.024746
11,22,8,19,22,6,3,0,1,2,1,1,0,0,0,0,0,12.952119,50.862132
27,22,8,22,17,2,2,5,3,0,0,1,0,0,0,0,0,13.286508,51.315577
13,22,9,26,7,2,3,4,6,0,1,1,0,0,0,0,0,12.411396,51.34993
12,22,8,13,2,7,3,7,1,2,0,1,0,0,0,0,0,13.713996,51.038154
12,22,6,29,13,4,3,5,3,0,0,1,1,0,0,0,0,13.705105,51.044444
30,22,12,23,7,6,3,8,1,2,1,1,0,0,0,0,0,12.639625,51.461485
11,22,8,1,16,2,2,8,7,0,0,1,0,0,0,0,0,12.847492,50.880566
21,22,7,13,18,4,2,5,3,0,0,1,1,0,0,0,0,12.756031,50.58623
11,22,11,7,7,2,3,3,2,0,0,1,1,0,0,0,0,12.88082,50.793912
21,22,6,28,20,3,2,8,1,0,0,1,0,0,0,0,0,12.930823,50.731906
23,22,9,19,17,2,3,6,6,0,0,1,0,1,0,0,0,12.146688,50.501592
28,22,10,26,11,4,3,0,1,0,0,1,0,0,0,0,0,13.936289,50.957868
12,22,6,25,2,7,3,0,1,2,0,1,0,0,0,0,0,13.755636,51.076731
25,22,9,1,19,5,2,0,3,1,0,1,1,0,0,0,0,14.391816,51.215044
12,22,7,15,17,6,3,3,6,0,0,1,1,0,0,0,0,13.822406,51.056767
12,22,8,4,7,5,3,0,7,0,0,1,0,0,0,0,0,13.768965,51.099209
12,22,7,15,0,6,3,0,1,2,0,1,0,0,0,0,0,13.728955,51.059423
24,22,8,23,15,3,3,0,1,0,0,1,0,0,0,0,0,12.701534,50.782326
12,22,6,30,8,5,3,5,2,0,0,1,1,0,0,0,0,13.738278,51.063919
21,22,8,9,10,3,3,5,7,0,0,1,0,0,0,0,1,12.760366,50.711045
30,22,11,7,14,2,3,5,2,0,0,1,1,0,0,0,0,12.640411,51.461672
12,22,11,13,14,1,3,5,3,0,0,1,0,0,0,0,0,13.818071,51.052428
25,22,12,6,7,3,3,5,3,2,1,1,1,0,0,0,0,14.397036,51.097863
26,22,9,13,13,3,3,8,1,0,0,1,0,0,0,0,0,14.711635,51.520783
21,22,10,25,17,3,3,0,3,1,0,1,1,0,0,0,0,12.839858,50.761711
25,22,10,28,13,6,2,0,1,0,0,1,0,0,0,0,0,14.404702,51.132013
24,22,10,5,5,4,3,5,3,2,0,1,1,0,0,0,0,12.723772,50.786405
26,22,6,30,7,5,3,4,2,0,0,1,1,0,0,0,0,14.812723,50.903777
12,22,8,27,14,7,3,5,3,0,1,1,1,0,0,0,0,13.702003,51.032516
27,22,7,28,15,5,3,5,3,0,0,1,1,0,0,0,0,13.54194,51.147103
29,22,7,13,10,4,1,0,7,0,0,1,0,0,0,0,0,12.431166,51.280355
12,22,8,15,9,2,3,2,5,0,0,1,1,0,0,0,0,13.775016,51.110617
21,22,6,29,5,4,3,0,7,1,1,1,0,0,0,0,1,13.069202,50.762132
25,22,10,5,12,4,3,5,3,0,0,1,1,0,0,0,0,13.815113,51.182005
25,22,8,14,0,1,2,8,1,2,0,1,0,0,0,0,0,14.130465,51.235407
12,22,7,2,20,7,2,0,7,0,0,1,0,0,0,0,0,13.834368,51.062012
12,22,11,2,16,4,3,0,1,2,0,1,0,0,0,0,0,13.714338,51.079823
13,22,9,14,14,4,3,5,3,0,1,1,0,0,0,0,1,12.453006,51.364347
26,22,9,4,12,1,3,5,3,0,0,1,0,0,0,0,0,14.984101,51.126511
26,22,9,2,11,6,3,0,1,0,0,1,0,0,0,0,0,14.820544,51.288092
29,22,9,25,14,1,2,5,3,0,0,1,1,0,0,0,0,12.465349,51.081139
28,22,7,15,13,6,3,0,7,0,0,1,0,0,0,0,0,13.934719,50.969665
24,22,8,23,19,3,3,0,1,0,0,1,0,0,0,0,0,12.495245,50.709071
12,22,7,26,7,3,3,5,3,0,0,1,1,0,0,0,0,13.878473,51.05996
21,22,8,25,18,5,2,5,3,0,0,1,1,0,0,0,0,12.787937,50.7739
23,22,6,24,7,6,2,0,2,0,0,1,1,0,0,0,0,12.370389,50.525927
13,22,7,11,10,2,3,5,3,0,0,1,1,0,0,0,0,12.37691,51.375884
27,22,9,13,13,3,3,0,1,0,0,1,0,0,0,0,0,13.244758,51.199559
25,22,7,5,14,3,2,5,3,0,0,1,0,0,1,0,0,13.895467,51.192936
12,22,10,12,18,4,3,5,2,1,0,1,1,0,0,0,0,13.759743,51.081143
13,22,9,30,17,6,3,4,2,0,0,1,1,0,0,0,0,12.405934,51.313915
21,22,7,24,11,1,2,5,3,0,0,1,0,0,1,0,0,12.613426,50.518062
24,22,10,24,16,2,2,0,1,0,0,1,0,0,0,0,0,12.632239,50.783281
28,22,7,14,11,5,3,0,7,0,0,1,0,0,0,0,0,13.496848,50.919911
27,22,8,18,17,5,2,7,1,0,0,1,0,0,0,0,0,13.474416,51.17057
12,22,11,30,13,4,3,5,3,0,0,1,1,0,0,0,0,13.722623,51.033475
25,22,10,17,14,2,3,5,3,0,0,1,1,0,0,0,0,14.06888,51.374619
12,22,12,28,18,4,3,5,2,2,0,1,1,0,0,0,0,13.7345,51.061616
23,22,9,12,18,2,2,0,1,0,0,1,0,0,0,0,0,12.47265,50.531171
25,22,7,29,5,6,3,5,3,1,0,1,1,0,0,0,0,14.252998,51.439175
12,22,11,4,5,6,3,3,2,2,1,1,1,0,0,0,0,13.671985,51.017111
24,22,10,13,12,5,3,5,2,0,0,1,1,0,0,0,0,12.476509,50.720407
25,22,11,7,6,2,3,5,3,1,0,1,1,0,0,0,0,14.430583,51.074181
25,22,10,23,7,1,3,0,7,0,1,1,0,0,0,0,0,14.258393,51.446745
27,22,11,17,19,5,3,0,7,2,1,1,0,0,0,0,0,13.681001,51.102316
23,22,8,13,0,7,3,1,5,2,0,1,1,0,0,0,0,12.148424,50.500024
12,22,10,17,17,2,3,0,3,1,0,1,0,0,0,0,1,13.785251,51.008577
12,22,9,10,7,7,3,6,4,0,0,1,0,1,0,0,0,13.735603,51.029279
26,22,7,27,14,4,3,5,3,0,0,1,1,0,0,0,0,14.982253,51.146668
25,22,8,14,22,1,3,0,1,2,0,1,0,0,0,0,0,14.41543,51.179247
13,22,11,22,12,3,3,5,2,0,1,1,1,0,0,0,0,12.391538,51.3474
26,22,8,1,12,2,3,0,2,0,0,1,1,0,0,0,0,14.812534,50.903819
23,22,7,12,16,3,3,5,3,0,0,1,0,0,0,0,0,12.136075,50.502869
22,22,8,30,11,3,2,7,7,0,0,1,0,0,0,0,0,13.156336,51.075422
28,22,8,3,12,4,3,0,1,0,0,1,0,0,0,0,0,14.168566,50.89868
13,22,11,17,16,5,3,5,3,2,1,1,1,0,0,0,0,12.264002,51.316518
21,22,7,8,17,6,3,5,3,0,0,1,1,0,0,0,0,12.787922,50.773909
26,22,10,4,16,3,1,5,3,0,0,1,1,0,0,0,0,14.573999,51.400568
21,22,8,8,12,2,2,5,2,0,0,1,1,0,0,0,0,12.613219,50.517833
22,22,7,27,13,4,2,5,3,0,0,1,1,0,0,0,0,13.465331,50.673885
11,22,12,5,12,2,2,5,2,0,1,1,1,0,0,0,0,12.929365,50.852589
26,22,7,31,10,1,2,0,1,0,0,1,0,0,0,0,0,14.733268,50.903564
22,22,9,5,12,2,3,3,6,0,0,1,1,0,0,0,0,12.976611,50.960217
12,22,9,25,15,1,3,3,6,0,0,1,1,0,0,0,0,13.737544,51.087253
21,22,9,15,13,5,3,5,3,0,0,1,1,0,0,0,0,12.73346,50.739548
12,22,7,31,1,1,3,0,1,2,0,1,0,0,0,0,0,13.701105,51.016526
11,22,11,7,16,2,3,5,3,1,0,1,1,0,0,0,0,12.930243,50.832196
13,22,11,26,9,7,3,5,3,0,1,1,1,0,0,0,0,12.351175,51.375168
26,22,12,22,0,5,3,2,6,2,0,1,0,0,0,0,0,14.756997,51.243605
11,22,7,26,17,3,3,6,4,0,0,1,0,1,0,0,0,12.958411,50.865404
13,22,12,1,7,5,3,5,3,1,1,1,1,0,0,0,0,12.455335,51.365248
28,22,9,4,0,1,3,9,1,2,0,1,0,0,0,0,0,13.947226,50.96033
30,22,8,17,15,4,3,5,2,0,0,1,1,0,0,0,0,12.634642,51.460348
25,22,8,31,13,4,2,6,4,0,0,1,0,1,0,0,0,13.785964,51.18015
28,22,7,14,14,5,3,5,2,0,0,1,0,0,1,0,0,13.934501,50.967572
23,22,7,4,12,2,3,8,6,0,0,1,0,0,1,0,0,12.09895,50.333458
29,22,11,5,14,7,3,4,2,0,0,1,1,0,0,0,0,12.700734,51.053832
13,22,10,13,15,5,3,5,2,0,0,1,0,0,0,0,1,12.377306,51.375872
30,22,12,21,8,4,3,5,3,0,1,1,1,0,0,0,0,12.992598,51.558768
13,22,7,13,16,4,3,3,2,0,0,1,1,0,0,0,0,12.385168,51.376137
25,22,11,18,18,6,3,5,3,2,0,1,1,0,0,0,0,14.246611,51.383765
12,22,8,19,21,6,3,5,3,2,0,1,1,0,0,0,0,13.724932,51.043953
12,22,9,26,11,2,3,2,1,0,0,1,1,0,0,0,0,13.769007,51.013534
12,22,8,16,16,3,2,3,6,0,0,1,1,0,0,0,0,13.879147,51.040992
13,22,7,19,6,3,3,4,6,0,0,1,0,0,0,0,0,12.446013,51.361159
30,22,8,8,17,2,3,5,3,0,0,1,1,0,0,0,0,12.992858,51.558175
12,22,9,12,16,2,3,5,3,0,0,1,1,0,0,0,0,13.672012,51.017121
12,22,7,23,18,7,2,0,1,0,0,1,0,0,0,0,0,13.731477,51.027266
12,22,9,2,15,6,3,5,2,0,0,1,1,0,0,0,0,13.73164,51.026527
26,22,10,16,14,1,3,0,1,0,0,1,0,0,0,0,0,14.51646,51.446483
27,22,9,10,9,7,3,0,1,0,0,1,0,0,0,0,0,13.530808,51.283921
22,22,10,27,17,5,3,2,6,0,0,1,1,0,0,0,0,12.944737,50.96458
26,22,10,7,12,6,2,5,3,0,0,1,1,0,0,0,0,14.796193,50.899439
12,22,11,22,14,3,3,5,3,0,0,1,1,0,0,0,0,13.734719,51.074026
25,22,8,1,15,2,3,5,3,0,0,1,1,0,0,0,0,14.224394,51.46106
28,22,9,24,16,7,3,5,3,0,0,1,1,0,0,0,0,13.773497,50.934346
21,22,12,30,13,6,3,6,4,0,0,1,0,1,0,0,0,12.947101,50.519339
27,22,9,13,16,3,2,5,3,0,0,1,1,0,0,0,0,13.779631,51.249549
29,22,10,15,12,7,3,3,6,0,0,1,1,0,0,0,0,12.431217,51.280155
30,22,7,6,16,4,3,5,3,0,0,1,1,0,0,0,0,13.000244,51.554587
13,22,6,28,18,3,2,5,3,0,0,1,1,0,0,0,0,12.286294,51.331148
13,22,9,19,18,2,2,0,1,0,1,1,0,0,0,0,0,12.381408,51.34338
22,22,8,6,10,7,3,1,5,0,0,1,0,0,0,0,1,12.951769,50.986304
12,22,8,18,18,5,2,0,1,0,0,1,0,0,0,0,0,13.754078,51.026626
21,22,9,13,17,3,3,5,2,0,0,1,1,0,0,0,0,12.98655,50.747584
24,22,7,4,16,2,3,0,6,0,0,1,1,0,0,0,0,12.400276,50.842208
25,22,11,7,7,2,3,0,7,0,0,1,0,0,0,0,0,14.016792,51.156307
27,22,12,8,12,5,3,0,7,0,0,1,0,0,0,0,0,13.265194,51.315133
11,22,9,16,16,6,3,3,2,0,0,1,1,0,0,0,0,12.895041,50.819875
29,22,7,24,19,1,2,0,7,0,0,1,0,0,0,0,0,12.556962,51.04631
12,22,7,16,17,7,3,5,2,0,0,1,1,0,0,0,0,13.760126,51.023306
12,22,10,12,19,4,3,0,1,2,0,1,0,0,0,0,0,13.795189,51.133857
30,22,9,19,6,2,3,5,2,2,1,1,1,0,0,0,0,12.302798,51.417419
30,22,8,20,2,7,2,0,7,2,1,1,0,0,0,0,0,12.73536,51.467065
13,22,10,6,17,5,3,0,1,0,0,1,0,0,0,0,0,12.395139,51.332269
26,22,9,27,14,3,2,5,3,0,1,1,1,0,0,0,0,14.661442,50.896537
28,22,7,10,17,1,2,0,7,0,0,1,0,0,0,0,0,13.866381,50.971489
28,22,8,8,8,2,3,0,1,0,0,1,0,0,0,0,0,13.929245,51.003753
12,22,9,12,12,2,3,5,3,0,0,1,1,0,0,0,0,13.703784,51.087844
11,22,10,11,18,3,2,0,1,2,0,1,0,0,0,0,0,12.910811,50.829412
25,22,11,4,10,6,3,0,1,0,0,1,0,0,0,0,0,14.222297,51.425083
12,22,11,8,6,3,3,0,1,0,0,1,0,0,0,0,0,13.693616,51.043003
22,22,10,28,11,6,3,9,1,0,0,1,0,0,0,0,0,13.374387,50.917734
25,22,11,18,13,6,3,1,7,0,1,1,0,0,0,0,1,14.319169,51.288104
12,22,8,19,9,6,3,0,1,0,1,1,0,0,0,0,0,13.722974,51.090166
21,22,11,30,13,4,3,0,7,0,0,1,1,0,0,0,0,12.888967,50.71471
26,22,9,29,14,5,3,5,3,0,0,1,1,0,0,0,0,14.799175,50.894749
13,22,7,7,10,5,3,5,3,0,1,1,0,0,0,1,0,12.405937,51.313915
28,22,6,29,7,4,3,0,2,0,1,1,1,0,0,0,0,13.767052,50.949009
27,22,9,21,6,4,3,5,3,0,0,1,1,0,0,0,0,13.360316,51.32852
25,22,9,11,22,1,3,7,1,2,0,1,0,0,0,0,0,14.447536,51.178575
12,22,7,4,5,2,2,5,3,0,0,1,1,0,0,0,0,13.690053,51.075085
12,22,11,3,12,5,1,5,3,0,0,1,0,0,0,0,1,13.730149,51.032846
27,22,11,13,15,1,3,0,1,0,0,1,0,0,0,0,0,13.278084,51.28025
29,22,8,2,18,3,3,0,6,0,0,1,1,0,0,0,0,12.763845,51.290146
26,22,7,22,16,6,3,5,3,0,0,1,1,0,0,0,0,14.811403,50.900145
29,22,10,22,14,7,3,3,6,0,0,1,1,0,0,0,0,12.559161,51.18589
22,22,7,13,10,4,3,0,3,0,0,1,1,0,0,0,0,13.093703,51.124952
28,22,8,11,13,5,3,0,1,0,0,1,0,0,0,0,0,13.555164,50.946838
12,22,10,4,16,3,3,5,2,0,0,1,1,0,0,0,0,13.718976,51.09663
12,22,7,26,16,3,3,0,1,0,0,1,0,0,0,0,0,13.740346,51.064701
12,22,7,2,15,7,3,5,2,0,0,1,1,0,0,0,0,13.85495,51.061845
12,22,6,25,11,7,3,0,1,0,0,1,0,0,0,0,0,13.72087,51.052408
12,22,9,14,15,4,2,0,1,0,1,1,0,0,0,0,0,13.736233,51.04235
21,22,7,5,15,3,3,5,3,0,0,1,0,0,0,0,1,12.892361,50.722338
23,22,10,1,13,7,3,0,1,0,1,1,0,0,0,0,0,12.135049,50.502274
28,22,11,9,15,4,3,0,1,0,0,1,0,0,0,0,0,13.991239,50.941575
13,22,8,22,14,2,2,5,3,0,0,1,1,0,0,0,0,12.283986,51.344304
11,22,9,28,14,4,3,7,1,0,1,1,0,0,0,0,0,12.924314,50.832225
27,22,7,9,15,7,3,0,7,0,0,1,0,0,0,0,0,13.318023,51.324129
29,22,9,22,14,5,3,5,3,0,0,1,1,0,0,0,0,12.724114,51.384978
27,22,12,29,13,5,3,3,6,0,0,1,1,0,0,0,0,13.696709,51.094568
13,22,7,4,13,2,3,3,2,0,0,1,0,0,0,0,1,12.404753,51.320863
12,22,8,19,16,6,3,5,2,0,0,1,1,0,0,0,0,13.731217,51.024829
30,22,9,26,6,2,2,5,3,2,1,1,1,0,0,0,0,12.210292,51.403078
30,22,9,29,19,5,2,8,1,2,0,1,0,0,0,0,0,13.121407,51.53241
21,22,12,25,12,1,3,5,3,0,0,1,1,0,0,0,0,13.068867,50.761929
27,22,12,5,10,2,3,0,7,0,0,1,0,0,0,0,0,13.25266,51.302912
21,22,10,22,13,7,2,0,1,0,0,1,0,0,0,0,0,12.897241,50.536672
11,22,8,30,9,3,3,0,6,0,0,1,1,0,0,0,0,12.919574,50.864254
24,22,11,28,7,2,3,5,7,1,0,1,1,0,0,0,0,12.384515,50.801982
25,22,10,16,14,1,3,3,6,0,0,1,1,0,0,0,0,14.205339,51.456803
29,22,10,12,19,4,1,9,1,2,0,1,0,0,0,0,0,12.635567,51.272617
12,22,11,7,8,2,2,5,2,0,0,1,0,0,0,1,0,13.755753,51.02642
25,22,10,4,17,3,3,0,1,0,0,1,0,0,0,0,0,14.098179,51.275806
24,22,11,29,7,3,3,5,3,1,1,1,1,0,0,0,0,12.478192,50.780086
12,22,9,30,16,6,3,5,3,0,0,1,1,0,0,0,0,13.774847,51.110254
26,22,12,25,7,1,2,0,1,2,2,1,0,0,0,0,0,14.618518,51.002949
12,22,11,13,15,1,3,5,3,0,0,1,1,0,0,0,0,13.742025,51.064675
27,22,8,1,3,2,3,7,7,2,0,1,0,0,0,0,0,13.459249,51.266063
24,22,9,5,7,2,2,1,3,0,0,1,1,0,0,0,0,12.738052,50.80566
22,22,7,22,18,6,2,5,3,0,0,1,1,0,0,0,0,13.11313,50.903929
21,22,10,17,9,2,2,3,6,0,0,1,1,0,0,0,0,13.200463,50.638111
12,22,10,12,17,4,3,5,2,0,0,1,1,0,0,0,0,13.840951,51.126036
13,22,8,5,22,6,3,5,3,2,0,1,1,0,0,0,0,12.301777,51.342661
13,22,10,26,14,4,3,4,6,0,0,1,0,0,0,0,0,12.446052,51.361178
25,22,11,1,17,3,2,5,3,1,0,1,1,0,0,0,0,14.202846,51.468891
13,22,11,22,6,3,3,5,3,1,0,1,1,0,0,0,0,12.393701,51.335396
25,22,9,24,2,7,3,0,1,2,0,1,0,0,0,0,0,14.410564,51.186686
29,22,8,10,18,4,3,5,3,0,0,1,1,0,0,0,0,12.786128,51.275045
13,22,7,5,9,3,3,5,3,0,0,1,1,0,0,0,0,12.323699,51.384024
26,22,9,30,17,6,2,0,1,0,0,1,0,0,0,0,0,14.994967,51.148972
21,22,11,9,5,4,3,5,2,2,0,1,1,0,0,0,0,12.762224,50.712752
21,22,7,25,18,2,3,5,3,0,0,1,1,0,0,0,0,13.059896,50.65429
23,22,10,6,6,5,3,0,7,2,0,1,0,0,0,0,1,12.470122,50.430852
24,22,8,22,21,2,3,0,1,2,0,1,0,0,0,0,0,12.492908,50.73857
26,22,9,29,12,5,3,2,6,0,0,1,1,0,0,0,0,14.816356,50.897609
30,22,7,3,11,1,3,5,3,0,0,1,1,0,0,0,0,12.666316,51.471318
28,22,8,3,19,4,3,2,6,0,0,1,0,0,0,0,0,13.655863,50.993199
21,22,9,7,7,4,3,5,3,0,0,1,1,0,0,0,0,12.669798,50.746796
25,22,7,13,11,4,3,5,3,0,0,1,1,0,0,0,0,14.275981,51.429204
24,22,10,29,12,7,2,0,7,0,0,1,1,0,0,0,0,12.466262,50.685568
22,22,8,13,15,7,3,5,3,0,0,1,1,0,0,0,0,13.166391,51.189393
13,22,7,18,18,2,2,5,3,0,0,1,1,0,0,0,0,12.276725,51.320775
22,22,8,14,2,1,3,0,1,2,0,1,0,0,0,0,0,13.337053,50.90185
26,22,7,3,19,1,2,2,6,0,0,1,1,0,0,0,0,14.613746,50.986324
30,22,8,1,13,2,2,5,3,0,0,1,1,0,0,0,0,12.655464,51.465905
24,22,7,16,21,7,3,7,1,1,0,1,0,0,0,0,0,12.456124,50.718155
21,22,10,8,0,7,3,2,6,2,0,1,0,0,0,0,1,13.173064,50.600976
27,22,6,25,3,7,3,0,1,2,0,1,0,0,0,0,0,13.466965,51.390661
12,22,7,11,16,2,3,0,1,0,0,1,0,0,0,0,0,13.794725,51.066388
25,22,11,5,15,7,3,8,1,0,0,1,0,0,0,0,0,14.478553,51.287389
25,22,9,7,13,4,3,5,3,0,0,1,1,0,0,0,0,14.112291,51.288601
30,22,7,24,20,1,3,0,7,1,0,1,0,0,0,0,0,12.318571,51.535522
12,22,10,28,16,6,3,1,5,0,0,1,1,0,0,0,0,13.764653,51.002893
12,22,8,23,16,3,3,5,3,0,0,1,0,0,0,0,0,13.739365,51.078714
12,22,9,9,16,6,3,0,1,0,0,1,0,0,0,0,0,13.736915,51.071393
12,22,7,1,14,6,3,0,1,0,1,1,0,0,0,0,0,13.787738,51.067022
28,22,10,8,14,7,3,0,1,0,0,1,0,0,0,0,0,13.930748,50.96202
12,22,12,2,7,6,3,2,2,2,1,1,0,0,0,1,0,13.702759,51.033589
13,22,8,16,7,3,3,3,2,0,0,1,0,0,0,1,0,12.37826,51.375844
12,22,10,19,20,4,3,5,2,2,0,1,1,0,0,0,0,13.745627,51.049298
28,22,7,11,17,2,2,1,5,0,0,1,1,0,0,0,0,13.579407,50.986391
13,22,8,27,18,7,3,0,7,0,1,1,0,0,0,0,0,12.353569,51.340899
27,22,9,13,10,3,3,0,7,0,1,1,0,0,0,0,0,13.640844,51.1066
12,22,8,4,22,5,3,0,6,2,0,1,0,0,0,0,1,13.714332,51.079829
26,22,9,8,13,5,3,5,3,0,1,1,1,0,0,0,0,14.836469,51.291308
27,22,10,31,12,2,3,0,1,0,0,1,0,0,0,0,0,13.529647,51.171901
13,22,10,18,17,3,3,5,3,1,1,1,1,0,0,0,0,12.385507,51.37614
12,22,7,19,8,3,3,5,2,0,0,1,1,0,0,0,0,13.728082,51.084388
12,22,6,30,9,5,3,0,6,0,0,1,1,0,0,0,0,13.788831,51.067128
26,22,8,30,16,3,3,4,1,0,0,1,0,0,0,0,1,14.567287,51.567506
23,22,8,8,14,2,3,0,1,0,0,1,0,0,0,0,0,12.13945,50.487863
27,22,7,28,6,5,3,5,3,0,0,1,1,0,0,0,0,13.742731,51.21151
28,22,10,10,8,2,3,2,2,0,0,1,1,0,0,0,0,13.931057,50.957408
28,22,11,4,5,6,3,5,3,2,0,1,1,0,0,0,0,13.923698,50.957539
25,22,10,14,16,6,2,5,3,0,0,1,1,0,0,0,0,14.476611,51.223611
21,22,11,24,18,5,2,5,3,2,1,1,1,0,0,0,0,12.639523,50.591622