CSV=`UKREIS,UJAHR,UMONAT,UTAG,USTUNDE,UWOCHENTAG,UKATEGORIE,UART,UTYP,LICHT,USTRZUSTAND,IstRad,IstPKW,IstFuss,IstKrad,IstGkfz,IstSonstig,@lon,@lat
25,22,11,7,20,2,3,3,2,2,0,1,1,0,0,0,0,14.253022,51.439228
12,22,9,6,14,3,3,0,1,0,0,1,0,0,0,0,0,13.791582,51.07236
26,22,8,15,7,2,3,5,3,0,0,1,1,0,0,0,0,14.989488,51.158337
26,22,6,29,21,4,2,0,1,2,1,1,0,0,0,0,0,14.833495,51.291957
21,22,10,4,15,3,3,8,7,0,0,1,0,0,0,0,0,12.823109,50.74745
26,22,8,25,13,5,2,5,3,0,0,1,1,0,0,0,0,14.575791,51.404801
24,22,9,21,14,4,3,2,6,0,0,1,0,0,0,1,0,12.489543,50.738304
12,22,10,27,11,5,3,0,1,0,0,1,0,0,0,0,0,13.847486,51.028052
29,22,8,29,10,2,3,2,2,0,0,1,1,0,0,0,0,12.234414,51.31081
12,22,9,15,14,5,3,5,3,0,0,1,1,0,0,0,0,13.748928,51.027831
13,22,8,5,6,6,3,5,3,0,0,1,1,0,0,0,0,12.405917,51.313915
12,22,12,22,17,5,3,5,2,2,0,1,1,0,0,0,0,13.762836,51.064293
29,22,10,31,14,2,3,8,1,0,0,1,0,0,0,0,0,12.787919,51.310962
29,22,6,24,22,6,2,0,6,2,0,1,1,0,0,0,0,12.709007,51.247456
30,22,6,30,8,5,3,0,6,0,0,1,1,0,0,0,0,12.624538,51.45787
26,22,12,8,14,5,3,5,3,0,0,1,0,0,0,0,1,14.807059,51.294779
22,22,12,27,18,3,3,5,3,2,0,1,1,0,0,0,0,12.820054,50.88981
30,22,11,24,16,5,3,5,3,2,1,1,1,0,0,0,0,13.10672,51.311288
12,22,8,4,8,5,2,0,7,0,0,1,0,0,0,0,0,13.741987,51.046614
13,22,10,24,18,2,3,5,3,2,0,1,1,0,0,0,0,12.40183,51.351356
12,22,7,14,16,5,3,5,3,0,0,1,1,0,0,0,0,13.728984,51.059309
13,22,8,21,1,1,3,5,3,2,0,1,1,0,0,0,0,12.433459,51.355162
28,22,10,18,17,3,2,8,1,0,1,1,0,0,0,0,0,14.270638,50.969633
25,22,7,10,10,1,3,3,2,0,0,1,1,0,0,0,0,14.440541,51.055795
29,22,10,4,10,3,3,5,3,0,0,1,1,0,0,0,0,12.488195,51.121287
23,22,8,30,13,3,2,0,1,0,0,1,0,0,0,0,0,12.22681,50.581356
25,22,7,4,5,2,3,5,3,0,0,1,1,0,0,0,0,14.255118,51.385041
27,22,7,22,19,6,3,5,2,0,0,1,1,0,0,0,0,13.29411,51.310345
13,22,11,17,17,5,3,5,3,2,1,1,1,0,0,0,0,12.439133,51.294841
27,22,8,11,5,5,3,0,1,0,0,1,0,0,0,0,0,13.572247,51.126236
25,22,6,29,19,4,3,0,1,0,0,1,0,0,0,0,0,13.91765,51.118114
26,22,12,22,8,5,3,1,5,0,1,1,1,0,0,0,0,14.795108,50.893753
21,22,9,9,18,6,3,0,6,0,0,1,1,0,0,0,0,12.780285,50.713376
24,22,8,30,14,3,2,9,1,0,0,1,0,0,0,0,0,12.577256,50.84207
25,22,9,22,10,5,3,5,3,0,0,1,1,0,0,0,0,14.447585,51.178734
27,22,8,9,9,3,3,0,7,0,0,1,0,0,0,0,1,13.484793,51.156807
13,22,11,23,20,4,3,5,2,2,0,1,1,0,0,0,0,12.371329,51.344451
12,22,12,7,9,4,3,5,2,0,0,1,1,0,0,0,0,13.739308,51.073977
22,22,8,3,5,4,3,5,3,0,0,1,1,0,0,0,0,13.336066,50.91353
12,22,9,6,16,3,3,5,3,0,1,1,1,0,0,0,0,13.719573,51.035213
12,22,11,17,8,5,3,5,3,0,0,1,1,0,0,0,0,13.732652,51.029571
12,22,9,2,10,6,3,0,1,0,0,1,0,0,0,1,0,13.749694,51.070282
29,22,9,24,12,7,2,0,1,0,0,1,0,0,0,0,0,12.76625,51.365838
28,22,7,17,15,1,3,3,6,0,0,1,1,0,0,0,0,13.775121,50.931652
12,22,11,10,6,5,3,0,1,2,1,1,0,0,0,0,0,13.729567,51.082952
29,22,8,25,9,5,3,5,3,0,0,1,0,0,0,0,1,12.736279,51.372698
13,22,8,6,23,7,3,0,1,2,0,1,0,0,0,0,0,12.394785,51.31461
21,22,9,10,19,7,3,0,7,1,0,1,0,0,0,0,0,12.754942,50.718025
27,22,7,27,10,4,3,0,1,0,0,1,0,0,0,0,0,13.72755,51.192865
27,22,8,14,6,1,3,8,1,1,0,1,0,0,0,0,0,13.560802,51.127182
30,22,7,2,8,7,3,3,6,0,0,1,1,0,0,0,0,12.529519,51.401381
12,22,11,2,14,4,3,0,1,0,0,1,0,0,0,0,0,13.773111,51.113922
24,22,7,11,11,2,3,0,1,0,0,1,0,0,0,0,0,12.696947,50.790541
12,22,6,30,21,5,2,0,1,2,0,1,0,0,0,0,0,13.713849,51.024476
28,22,8,27,17,7,3,0,2,0,1,1,1,0,0,0,0,13.53873,51.049704
25,22,9,23,14,6,3,5,3,0,0,1,1,0,0,0,0,14.336034,51.09683
22,22,10,11,18,3,3,1,5,2,0,1,0,0,0,1,0,12.834451,50.995305
12,22,11,4,15,6,3,0,7,0,1,1,0,0,0,0,0,13.703758,51.043701
28,22,8,4,6,5,3,5,3,0,0,1,1,0,0,0,0,13.871248,50.970585
22,22,7,24,13,1,2,0,7,0,0,1,0,0,0,0,0,13.35444,50.936397
22,22,10,25,7,3,3,5,3,0,0,1,1,0,0,0,0,13.168984,50.862641
13,22,11,18,15,6,3,5,3,0,0,1,1,0,0,0,0,12.463075,51.350491
26,22,8,18,14,5,2,1,7,0,0,1,0,0,0,0,1,14.946206,51.16385
25,22,9,26,18,2,3,5,3,1,0,1,1,0,0,0,0,14.447559,51.178648
12,22,7,7,16,5,3,0,1,0,0,1,0,0,0,0,0,13.747604,51.05182
26,22,10,5,9,4,3,5,3,0,0,1,1,0,0,0,0,14.954985,51.059082
24,22,8,6,23,7,1,8,7,2,0,1,0,0,0,0,0,12.668693,50.681062
21,22,7,4,14,2,3,5,3,0,0,1,1,0,0,0,0,13.168277,50.653784
25,22,8,2,0,3,2,5,3,2,0,1,1,0,0,0,0,13.921374,51.119111
11,22,10,17,8,2,3,0,7,0,0,1,0,0,0,0,0,12.91236,50.828003
12,22,6,28,8,3,3,8,1,0,1,1,0,0,0,0,0,13.730393,51.03292
13,22,10,26,10,4,3,3,6,0,0,1,0,0,0,0,0,12.371035,51.344097
12,22,11,1,7,3,3,0,1,0,0,1,0,0,0,0,0,13.720118,51.093564
23,22,8,24,20,4,2,4,2,2,0,1,1,0,0,0,0,12.240123,50.573345
28,22,7,11,18,2,2,0,1,0,0,1,0,0,0,0,0,13.931048,50.961164
29,22,10,14,11,6,2,5,3,0,0,1,0,0,0,0,1,12.286834,51.151395
13,22,7,5,16,3,3,5,3,0,0,1,1,0,0,0,0,12.286308,51.331154
12,22,6,27,16,2,3,8,1,0,0,1,0,0,0,0,0,13.800425,50.997957
13,22,11,8,7,3,3,3,2,0,0,1,1,0,0,0,0,12.247298,51.318154
13,22,9,7,14,4,2,5,3,0,0,1,1,0,0,0,0,12.399027,51.416936
11,22,7,24,9,1,3,0,7,0,0,1,0,0,0,0,0,12.892331,50.850573
29,22,11,19,14,7,2,2,6,0,0,1,1,0,0,0,0,12.64301,51.293595
24,22,8,22,14,2,3,5,3,0,0,1,1,0,0,0,0,12.479175,50.781266
12,22,11,22,7,3,3,5,3,0,1,1,1,0,0,0,0,13.713641,51.080686
30,22,7,11,18,2,2,0,7,0,0,1,0,0,0,0,0,12.247161,51.388556
12,22,8,31,7,4,3,5,3,0,0,1,1,0,0,0,0,13.761323,51.083411
12,22,7,30,10,7,3,0,7,0,0,1,0,0,0,0,0,13.701703,51.031073
11,22,10,15,16,7,2,0,7,0,0,1,1,0,0,0,0,12.926888,50.846267
29,22,7,5,14,3,2,3,6,0,0,1,0,0,0,0,0,12.221004,51.301669
27,22,11,6,15,1,3,2,6,0,0,1,1,0,0,0,0,13.708671,51.18052
30,22,10,1,11,7,3,0,1,0,1,1,0,0,0,0,0,13.067658,51.570906
27,22,11,26,19,7,3,0,1,2,0,1,0,0,0,0,0,13.443884,51.409236
30,22,9,17,17,7,3,5,3,0,0,1,1,0,0,0,0,12.99789,51.551436
12,22,9,7,20,4,3,3,2,2,0,1,1,0,0,0,0,13.741232,51.04634
27,22,10,6,10,5,3,0,1,0,1,1,1,0,0,0,0,13.701354,51.111632
26,22,8,19,11,6,3,0,1,0,0,1,0,0,0,0,0,14.971245,51.329685
28,22,9,28,7,4,3,8,6,0,1,1,1,0,0,0,0,13.478861,50.915378
25,22,8,26,16,6,2,5,3,0,1,1,1,0,0,0,0,14.315133,51.094028
30,22,9,12,12,2,3,5,2,0,0,1,1,0,0,0,0,12.999739,51.554626
24,22,11,4,12,6,3,5,3,0,1,1,1,0,0,0,0,12.478863,50.713245
12,22,10,24,11,2,3,0,1,0,0,1,0,0,0,0,0,13.75672,51.077615
22,22,10,28,7,6,2,5,3,1,0,1,0,0,0,0,1,12.968723,51.084604
12,22,7,18,22,2,2,5,3,2,0,1,1,0,0,0,0,13.762378,51.120217
13,22,9,10,10,7,3,2,2,0,0,1,0,0,0,0,0,12.368752,51.314683
11,22,10,9,14,1,3,0,7,0,0,1,0,0,0,0,0,12.89224,50.859613
11,22,11,3,15,5,3,4,6,0,0,1,0,0,0,0,0,12.91962,50.830043
25,22,7,31,15,1,3,5,3,0,0,1,1,0,0,0,0,14.394526,51.179649
26,22,7,20,11,4,3,5,3,0,0,1,1,0,0,0,0,14.889472,51.292728
30,22,7,12,21,3,3,5,3,0,0,1,1,0,0,0,0,12.337006,51.546923
27,22,10,12,16,4,3,0,7,0,0,1,0,0,0,0,0,13.57361,51.125348
12,22,8,24,18,4,3,4,6,0,0,1,0,0,0,0,0,13.717449,51.077213
24,22,11,1,17,3,3,6,7,0,0,1,0,1,0,0,0,12.633541,50.753856
26,22,11,21,10,2,2,5,3,0,1,1,1,0,0,0,0,14.953525,51.137234
13,22,8,16,18,3,2,0,1,0,0,1,0,0,0,0,0,12.480604,51.324487
27,22,7,1,12,6,2,0,1,0,0,1,0,0,0,0,0,13.39835,51.195863
25,22,8,28,1,1,3,0,1,2,1,1,0,0,0,0,0,14.494325,51.267599
25,22,9,1,15,5,3,5,3,0,0,1,1,0,0,0,0,14.430416,51.180972
13,22,8,9,7,3,2,5,3,0,0,1,0,0,1,0,0,12.393701,51.335396
12,22,11,6,15,1,3,0,1,0,0,1,0,0,0,0,0,13.739054,51.073901
11,22,11,15,12,3,2,5,2,0,0,1,1,0,0,0,0,12.901,50.825013
25,22,9,17,2,7,3,0,1,2,0,1,0,0,0,0,0,14.420845,51.179585
22,22,10,28,9,6,2,5,2,0,0,1,1,0,0,0,0,13.323517,50.911187
13,22,10,6,15,5,3,5,2,0,0,1,1,0,0,0,0,12.460879,51.367237
26,22,10,31,19,2,2,5,3,2,0,1,1,0,0,0,0,14.801675,50.894448
27,22,11,18,13,6,3,4,6,0,1,1,0,0,0,0,0,13.491311,51.159984
24,22,8,23,10,3,3,0,1,0,0,1,0,0,0,0,0,12.730407,50.850716
26,22,8,16,17,3,3,5,3,0,0,1,1,0,0,0,0,14.785907,50.899151
13,22,12,6,15,3,3,5,2,0,1,1,1,0,0,0,0,12.378207,51.375846
12,22,7,13,13,4,3,5,3,0,0,1,1,0,0,0,0,13.897997,51.034883
12,22,8,22,15,2,3,4,6,0,0,1,0,0,0,0,0,13.679949,51.020796
12,22,8,12,12,6,2,5,3,0,0,1,0,0,0,0,1,13.762372,51.120214
12,22,10,17,14,2,3,5,3,0,0,1,1,0,0,0,0,13.611733,51.044636
30,22,6,29,18,4,2,5,3,0,0,1,1,0,0,0,0,13.098338,51.290252
25,22,10,2,18,1,3,8,1,1,0,1,0,0,0,0,0,14.023011,51.089646
26,22,10,28,17,6,3,0,1,0,0,1,0,0,0,0,0,14.595535,51.509412
12,22,8,7,19,1,3,5,3,0,0,1,1,0,0,0,0,13.762372,51.120214
29,22,9,9,14,6,3,5,3,0,0,1,1,0,0,0,0,12.217042,51.304769
27,22,11,22,7,3,3,0,3,0,1,1,1,0,0,0,0,13.534489,51.296128
24,22,8,30,22,3,3,8,1,2,0,1,0,0,0,0,0,12.561432,50.685475
22,22,9,12,14,2,3,5,3,0,0,1,0,0,0,1,0,13.347211,50.931859
13,22,10,13,15,5,3,5,3,0,0,1,1,0,0,0,0,12.366808,51.31443
28,22,11,8,6,3,3,5,3,0,0,1,1,0,0,0,0,13.586888,51.018296
12,22,9,17,23,7,3,0,1,2,1,1,0,0,0,0,0,13.733619,51.07548
12,22,8,3,9,4,2,5,2,0,0,1,1,0,0,0,0,13.715963,51.036981
27,22,9,6,16,3,2,2,1,0,1,1,1,0,0,0,0,13.631497,51.109699
27,22,7,23,8,7,2,8,1,0,0,1,0,0,0,0,0,13.289926,51.205589
26,22,8,20,12,7,3,5,3,0,1,1,1,0,0,0,0,14.97026,51.331527
12,22,8,21,23,1,3,5,3,2,0,1,1,0,0,0,0,13.747047,51.063693
25,22,8,12,9,6,2,5,3,0,0,1,1,0,0,0,0,14.064764,51.368939
12,22,6,29,17,4,3,0,7,0,0,1,0,0,0,0,0,13.741332,51.057628
26,22,10,5,14,4,3,3,6,0,0,1,1,0,0,0,0,14.814891,50.903025
28,22,7,2,12,7,2,6,6,0,0,1,0,1,0,0,0,14.135247,50.920804
22,22,11,2,13,4,2,0,7,0,1,1,0,0,0,0,1,12.803466,50.918515
29,22,11,21,15,2,3,5,3,0,1,1,1,0,0,0,0,12.696285,51.362083
12,22,12,6,20,3,3,5,3,2,1,1,1,0,0,0,0,13.76272,51.064265
25,22,8,1,7,2,3,3,2,0,0,1,1,0,0,0,0,14.44075,51.124802
12,22,9,5,11,2,3,0,1,0,0,1,0,0,0,0,0,13.790385,51.067093
12,22,7,12,13,3,3,6,4,0,0,1,0,1,0,0,0,13.726291,51.032207
13,22,8,29,12,2,3,0,7,0,0,1,0,0,0,0,0,12.353406,51.341152
12,22,7,6,12,4,2,3,6,0,0,1,0,0,0,0,0,13.717292,51.038188
30,22,10,12,6,4,2,3,6,2,0,1,0,0,0,0,1,12.367267,51.437012
12,22,10,3,8,2,3,0,1,0,1,1,0,0,0,0,0,13.696158,51.043297
25,22,7,25,9,2,3,5,3,0,0,1,1,0,0,0,0,13.840685,51.185243
12,22,10,8,16,7,3,5,3,0,0,1,1,0,0,0,0,13.672013,51.017122
12,22,7,11,14,2,3,0,1,0,0,1,0,0,0,0,0,13.758572,51.063482
30,22,12,7,17,4,3,3,6,2,1,1,1,0,0,0,0,13.041993,51.587162
28,22,9,24,21,7,2,0,7,2,0,1,0,0,0,0,0,13.990816,51.035454
27,22,7,30,14,7,3,0,7,0,0,1,1,0,0,0,0,13.746108,51.160068
27,22,6,27,7,2,2,6,4,0,0,1,0,1,0,0,0,13.582276,51.164755
12,22,9,19,6,2,2,0,1,0,1,1,0,0,0,0,0,13.769544,51.010148
26,22,9,8,13,5,3,0,7,0,1,1,0,0,0,0,0,14.989487,51.158239
28,22,7,14,14,5,3,5,2,0,0,1,1,0,0,0,0,14.211121,51.027894
28,22,10,31,11,2,3,0,1,0,0,1,0,0,0,0,0,13.682104,51.00343
21,22,8,16,16,3,2,0,1,0,0,1,0,0,0,0,0,12.936934,50.504951
12,22,10,18,17,3,2,0,7,1,1,1,0,1,0,0,0,13.72893,51.07066
12,22,7,20,8,4,3,0,1,0,0,1,0,0,0,0,0,13.686968,51.039813
27,22,6,30,12,5,2,8,1,0,0,1,0,0,0,0,0,13.580776,51.129679
12,22,8,31,6,4,3,5,3,0,0,1,1,0,0,0,0,13.87803,51.059981
25,22,7,29,15,6,3,5,3,0,0,1,0,0,0,0,0,14.331371,51.313644
12,22,10,14,19,6,2,0,1,2,0,1,0,0,0,0,0,13.738151,51.043761
11,22,11,24,14,5,3,5,2,0,1,1,1,0,0,0,0,12.926566,50.791697
25,22,9,6,6,3,3,5,3,0,0,1,1,0,0,0,0,14.130566,51.235414
11,22,11,17,7,5,3,3,2,0,0,1,1,0,0,0,0,12.953841,50.831359
21,22,10,17,9,2,2,3,6,0,0,1,1,0,0,0,0,12.736613,50.747172
12,22,10,27,22,5,3,0,7,2,0,1,0,0,0,0,0,13.731157,51.060617
26,22,11,2,5,4,2,2,6,2,0,1,0,0,0,0,1,14.824801,51.049035
24,22,9,24,13,7,2,0,1,0,1,1,0,0,0,0,1,12.517865,50.840691
12,22,10,15,14,7,3,0,1,0,1,1,0,0,0,0,0,13.796004,51.135106
29,22,7,15,7,6,3,5,3,0,0,1,1,0,0,0,0,12.725029,51.383933
25,22,7,6,5,4,3,0,1,0,0,1,0,0,0,0,0,13.916396,51.116404
29,22,9,30,12,6,3,6,7,0,0,1,0,1,0,0,0,12.48624,51.122306
13,22,7,25,8,2,3,5,3,0,0,1,0,0,0,0,0,12.373796,51.393861
21,22,9,23,15,6,2,8,1,0,0,1,0,0,0,0,0,12.966819,50.626789
13,22,8,10,13,4,3,3,2,0,0,1,1,0,0,0,0,12.391383,51.347471
28,22,8,1,9,2,3,1,5,0,1,1,1,0,0,0,0,13.934866,50.970806
12,22,8,12,17,6,2,0,1,0,0,1,0,0,0,0,0,13.716202,51.077772
26,22,10,15,11,7,3,0,1,0,0,1,0,0,0,0,0,14.811123,51.301336
12,22,9,9,10,6,3,3,2,0,1,1,1,0,0,0,0,13.707735,51.061613
29,22,8,31,6,4,3,5,3,0,0,1,1,0,0,0,0,12.506634,51.133143
13,22,9,23,15,6,3,6,6,0,0,1,0,1,0,0,0,12.398576,51.329768
21,22,8,10,14,4,3,5,3,0,0,1,1,0,0,0,0,13.123172,50.570658
25,22,7,29,15,6,3,5,3,0,0,1,1,0,0,0,0,13.920953,51.119447
26,22,6,26,10,1,3,4,6,0,0,1,0,0,0,0,0,14.982212,51.146594
11,22,10,28,9,6,3,4,2,0,0,1,0,0,0,0,1,12.868229,50.881435
11,22,9,29,18,5,2,0,6,1,0,1,1,0,0,0,0,12.926203,50.749186
28,22,8,27,15,7,3,0,1,0,1,1,0,0,0,0,0,14.217477,50.927906
27,22,8,30,11,3,3,0,1,0,0,1,0,0,0,0,0,13.563645,51.157724
29,22,9,12,15,2,3,4,6,0,0,1,0,0,0,0,0,12.594635,51.319788
12,22,7,29,5,6,3,4,6,0,0,1,0,0,0,0,0,13.688694,51.08305
12,22,12,7,19,4,3,2,2,2,1,1,1,0,0,0,0,13.720772,51.061751
22,22,8,3,6,4,3,3,6,0,0,1,1,0,0,0,0,13.057859,50.908522
25,22,7,22,10,6,2,7,7,0,0,1,0,0,0,0,0,14.57594,51.156101
11,22,10,24,9,2,3,5,2,0,1,1,1,0,0,0,0,12.91962,50.830043
25,22,8,20,0,7,3,0,1,2,1,1,0,0,0,0,0,14.326205,51.15674
29,22,8,11,8,5,3,0,1,0,0,1,0,0,0,0,0,12.488042,51.122855
13,22,7,17,23,1,3,0,7,2,0,1,0,0,0,0,0,12.519391,51.343468
25,22,11,11,16,6,3,3,6,0,0,1,1,0,0,0,0,14.134058,51.442812
25,22,8,7,18,1,3,3,2,0,0,1,1,0,0,0,0,14.091108,51.153183
27,22,10,27,10,5,3,5,3,0,0,1,1,0,0,0,0,13.491998,51.159767
21,22,11,2,14,4,2,4,2,0,0,1,1,0,0,0,0,12.761275,50.711714
23,22,11,21,16,2,2,5,2,1,0,1,1,0,0,0,0,12.123284,50.49565
28,22,6,26,12,1,3,8,1,0,0,1,0,0,0,0,0,13.797443,50.939222
29,22,7,11,13,2,3,5,3,0,0,1,1,0,0,0,0,12.696902,51.058009
29,22,9,23,15,6,3,5,2,0,0,1,1,0,0,0,0,12.383156,51.27306
13,22,7,15,15,6,3,6,6,0,0,1,0,1,0,0,0,12.371775,51.344082
28,22,7,6,22,4,3,7,7,2,0,1,0,0,0,0,0,13.914676,50.951338
28,22,10,11,8,3,3,0,1,0,1,1,0,0,0,0,0,13.673348,50.90611
12,22,6,28,14,3,3,0,1,0,0,1,0,0,0,0,0,13.773873,51.112932
13,22,9,30,11,6,2,5,3,0,0,1,0,0,0,0,1,12.370964,51.344098
13,22,11,15,13,3,3,5,3,0,0,1,1,0,0,0,0,12.314336,51.34054
25,22,7,26,11,3,3,9,1,0,0,1,0,0,0,0,0,14.405031,51.373656
25,22,8,23,7,3,3,0,3,0,1,1,0,0,0,0,1,14.416137,51.179189
30,22,10,10,11,2,3,5,3,0,0,1,0,0,0,0,0,12.446903,51.465768
25,22,8,25,6,5,3,8,6,1,0,1,1,0,0,0,0,14.523992,51.233452
12,22,9,21,6,4,3,5,2,2,0,1,1,0,0,0,0,13.704237,51.043578
13,22,8,7,19,1,3,0,1,0,0,1,0,0,0,0,0,12.378797,51.31481
11,22,11,2,13,4,3,5,3,0,0,1,1,0,0,0,0,12.911819,50.810087
30,22,10,23,16,1,2,3,2,0,0,1,0,0,1,0,0,12.387209,51.470869
27,22,11,14,13,2,3,5,3,0,0,1,1,0,0,0,0,13.599505,51.119747
28,22,9,18,0,1,3,0,1,2,1,1,0,0,0,0,0,13.712229,50.969992
12,22,8,4,15,5,3,5,2,0,0,1,1,0,0,0,0,13.799471,50.998694
12,22,10,28,9,6,2,5,3,0,0,1,0,0,0,1,0,13.721361,51.041768
28,22,7,13,16,4,3,5,2,0,0,1,1,0,0,0,0,13.938438,50.953317
12,22,8,16,17,3,3,3,6,0,0,1,0,0,0,0,0,13.766347,51.093664
11,22,7,18,15,2,3,3,6,0,0,1,1,0,0,0,0,12.9111,50.82915
21,22,9,22,6,5,2,4,2,2,0,1,1,0,0,0,0,12.699669,50.586904
24,22,8,6,0,7,2,5,2,2,1,1,1,0,0,0,0,12.459218,50.706973
25,22,9,11,15,1,2,5,3,0,0,1,1,0,0,0,0,14.328253,51.309153
22,22,7,28,5,5,2,3,6,0,0,1,0,0,0,0,1,13.196137,50.993991
25,22,7,4,16,2,2,5,3,0,0,1,1,0,0,0,0,14.291149,51.406893
28,22,10,9,17,1,2,8,1,0,0,1,0,0,0,0,0,14.208243,50.888664
26,22,9,16,5,6,2,5,3,2,1,1,1,0,0,0,0,14.529151,51.535799
25,22,7,23,20,7,2,0,1,0,0,1,0,0,0,0,0,14.055058,51.236999
24,22,7,11,15,2,2,0,7,0,0,1,0,0,0,0,0,12.340533,50.674007
13,22,9,1,6,5,2,4,6,0,0,1,0,0,0,0,0,12.33964,51.335314
28,22,6,28,17,3,2,4,7,0,0,1,0,0,0,0,0,13.930999,50.962322
11,22,10,3,17,2,3,4,2,0,0,1,1,0,0,0,0,12.922401,50.831312
13,22,9,8,8,5,3,2,6,0,1,1,0,0,0,0,0,12.392123,51.351736
27,22,7,2,16,7,3,5,2,0,0,1,0,0,0,0,0,13.601226,51.118721
30,22,11,21,11,2,2,0,1,0,2,1,0,0,0,0,0,12.253718,51.418117
21,22,9,6,8,3,3,5,3,0,0,1,1,0,0,0,0,12.974398,50.484112
12,22,7,21,15,5,3,2,6,0,0,1,0,0,0,0,1,13.719016,51.096499
11,22,6,26,13,1,1,4,6,0,0,1,1,0,0,0,0,12.802209,50.800317
25,22,11,15,14,3,3,5,3,0,0,1,1,0,0,0,0,13.826787,51.180944
11,22,8,29,19,2,3,3,6,0,0,1,1,0,0,0,0,13.041386,50.824663
13,22,9,13,16,3,3,5,2,0,0,1,0,0,0,0,1,12.369367,51.344163
24,22,10,15,17,7,3,7,7,0,0,1,0,0,0,0,0,12.436374,50.796512
28,22,10,12,12,4,2,3,6,0,0,1,1,0,0,0,0,13.945243,50.912159
12,22,6,27,16,2,3,3,2,0,0,1,1,0,0,0,0,13.695613,51.04324
12,22,11,25,8,6,3,5,2,0,1,1,0,0,0,0,1,13.689617,51.068696
27,22,9,8,21,5,3,5,3,2,0,1,1,0,0,0,0,13.474104,51.163867
28,22,7,24,13,1,2,3,2,0,0,1,1,0,0,0,0,13.583224,51.031969
26,22,10,14,15,6,2,5,3,0,0,1,1,0,0,0,0,14.757743,50.916163
28,22,10,6,15,5,3,5,3,0,0,1,1,0,0,0,0,13.66804,51.015474
23,22,8,22,19,2,2,0,7,0,0,1,0,0,0,0,0,12.396743,50.500116
26,22,9,4,14,1,2,5,3,0,0,1,0,0,1,0,0,14.582119,51.412419
28,22,8,18,13,5,2,5,7,0,0,1,1,0,0,0,0,13.876229,50.968371
12,22,10,6,16,5,3,5,3,0,0,1,0,0,0,0,1,13.874651,51.060562
27,22,9,23,9,6,2,5,3,0,0,1,1,0,0,0,0,13.454345,51.412759
23,22,8,8,6,2,3,5,3,0,0,1,1,0,0,0,0,12.398153,50.507769
27,22,12,29,13,5,2,4,2,0,0,1,1,0,0,0,0,13.487264,51.165794
24,22,7,4,13,2,3,5,6,0,0,1,1,0,0,0,0,12.473534,50.735153
23,22,10,10,16,2,3,5,3,0,0,1,1,0,0,0,0,12.067645,50.444029
26,22,11,7,16,2,3,2,6,1,0,1,1,0,0,0,0,14.782436,50.9005
27,22,8,22,16,2,3,9,1,0,0,1,0,0,0,0,0,13.533155,51.286701
28,22,9,30,8,6,2,5,3,0,0,1,0,0,0,0,0,13.870908,50.965477
28,22,7,18,11,2,2,8,1,0,0,1,0,0,0,0,0,14.353527,50.92271
12,22,7,7,10,5,3,0,7,0,1,1,0,0,0,0,0,13.739276,51.071739
22,22,6,29,12,4,3,0,7,0,0,1,0,0,0,0,0,13.351189,50.917065
30,22,7,27,14,4,3,3,6,0,0,1,0,0,0,0,0,12.280693,51.434942
30,22,8,20,21,7,2,1,5,2,0,1,1,0,0,0,0,12.995882,51.362796
25,22,8,15,17,2,3,0,1,0,1,1,0,0,0,0,0,14.429417,51.180982
28,22,10,9,17,1,3,0,1,0,1,1,0,0,0,0,0,13.706384,50.742901
13,22,9,14,5,4,3,5,3,1,0,1,1,0,0,0,0,12.33843,51.396539
22,22,9,6,8,3,2,0,1,0,0,1,0,0,0,0,0,13.074423,50.821278
27,22,10,21,15,6,3,0,1,0,1,1,0,0,0,0,0,13.481745,51.163503
22,22,7,13,13,4,3,1,5,0,0,1,1,0,0,0,0,13.02071,50.863458
11,22,8,30,16,3,2,8,7,0,0,1,0,0,0,0,0,12.92804,50.835598
30,22,9,15,16,5,3,3,6,0,0,1,0,0,0,0,0,13.004253,51.53395
12,22,10,16,16,1,3,0,1,0,0,1,0,0,0,0,0,13.719702,51.09431
12,22,7,16,22,7,2,1,5,2,0,1,1,0,0,0,0,13.79644,51.066004
13,22,6,28,16,3,2,5,3,0,0,1,1,0,0,0,0,12.391948,51.347895
30,22,11,26,5,7,3,9,7,2,1,1,0,0,0,0,0,12.64606,51.463398
30,22,8,5,12,6,3,5,3,0,0,1,1,0,0,0,0,12.587638,51.593408
13,22,12,22,17,5,3,3,6,2,1,1,1,0,0,0,0,12.36226,51.342573
13,22,10,31,6,2,3,0,1,0,0,1,0,0,0,0,0,12.401692,51.32429
13,22,11,20,3,1,2,4,1,2,0,1,1,0,0,0,0,12.33625,51.335439
29,22,8,28,16,1,3,6,6,0,0,1,0,1,0,0,0,12.222525,51.302852
27,22,8,10,18,4,2,0,3,0,0,1,0,0,1,0,0,13.739107,51.148002
12,22,9,30,21,6,3,5,2,2,0,1,1,0,0,0,0,13.745782,51.028542
27,22,11,10,14,5,3,8,1,0,0,1,0,0,0,0,0,13.531789,51.288405
23,22,8,19,6,6,2,4,2,0,1,1,1,0,0,0,0,12.123297,50.49565