CSV=`UKREIS,UJAHR,UMONAT,UTAG,USTUNDE,UWOCHENTAG,UKATEGORIE,UART,UTYP,LICHT,USTRZUSTAND,IstRad,IstPKW,IstFuss,IstKrad,IstGkfz,IstSonstig,@lon,@lat
28,22,10,17,11,2,2,0,1,0,0,1,0,0,0,0,0,14.189099,50.929088
13,22,10,12,12,4,3,5,3,0,0,1,1,0,0,0,0,12.417356,51.310969
25,22,10,4,7,3,2,5,3,1,0,1,1,0,0,0,0,13.818798,51.180506
27,22,11,10,8,5,3,3,7,0,0,1,0,0,0,0,0,13.659934,51.106032
29,22,8,24,18,4,3,4,2,0,0,1,1,0,0,0,0,12.261037,51.165136
12,22,12,22,14,5,3,5,2,0,0,1,1,0,0,0,0,13.731776,51.126293
13,22,10,7,12,6,3,5,2,0,0,1,1,0,0,0,0,12.427285,51.295024
29,22,11,21,18,2,3,5,3,2,1,1,1,0,0,0,0,12.504025,51.127559
21,22,8,24,11,4,2,5,3,0,0,1,0,0,0,0,1,13.068483,50.599605
27,22,7,11,13,2,3,5,3,0,0,1,1,0,0,0,0,13.49373,51.166857
21,22,9,1,14,5,2,3,6,0,0,1,1,0,0,0,0,12.533089,50.502996
12,22,7,31,18,1,3,5,3,0,0,1,1,0,0,0,0,13.786499,51.068396
21,22,8,4,10,5,3,5,3,0,0,1,1,0,0,0,0,12.867786,50.77898
13,22,12,20,8,3,3,6,6,0,1,1,0,1,0,0,0,12.393841,51.333166
27,22,9,8,13,5,3,5,3,0,1,1,1,0,0,0,0,13.492186,51.167003
25,22,10,25,8,3,3,4,2,0,0,1,0,0,0,0,1,14.437178,51.173077
25,22,10,28,15,6,3,5,3,0,1,1,1,0,0,0,0,14.598976,51.264383
12,22,10,6,16,5,3,4,1,0,0,1,0,0,0,0,0,13.732523,51.061047
13,22,9,27,6,3,3,0,1,2,1,1,0,0,0,0,0,12.445118,51.350769
29,22,9,29,17,5,2,5,3,0,1,1,1,0,0,0,0,12.613972,51.333288
26,22,10,6,16,5,3,3,6,0,0,1,1,0,0,0,0,14.65693,51.284035
29,22,8,8,14,2,3,5,3,0,0,1,1,0,0,0,0,12.505101,51.130065
12,22,7,28,17,5,3,5,3,0,0,1,1,0,0,0,0,13.878471,51.05996
11,22,10,30,13,1,3,3,2,0,0,1,1,0,0,0,0,12.898089,50.854001
12,22,9,27,14,3,3,5,2,0,0,1,1,0,0,0,0,13.739054,51.073938
25,22,8,12,7,6,2,4,2,0,0,1,1,0,0,0,0,14.441079,51.180525
30,22,10,17,18,2,2,2,6,2,0,1,1,0,0,0,0,12.424992,51.492547
12,22,6,29,15,4,3,5,3,0,0,1,1,0,0,0,0,13.783875,51.009644
21,22,9,22,13,5,3,6,4,0,0,1,0,1,0,0,0,12.977442,50.711941
13,22,9,10,15,7,3,0,7,0,0,1,0,0,0,0,0,12.328539,51.336733
22,22,8,14,15,1,2,0,1,0,0,1,0,0,0,0,0,13.371838,50.772053
29,22,10,9,18,1,3,0,1,1,0,1,0,0,0,0,0,12.645107,51.246824
29,22,9,14,0,4,3,7,7,2,0,1,0,0,0,0,0,12.726108,51.238674
24,22,8,11,14,5,3,5,7,0,0,1,1,0,0,0,0,12.546219,50.590837
24,22,7,6,14,4,3,5,7,0,0,1,1,0,0,0,0,12.540924,50.679906
13,22,11,6,16,1,3,0,1,0,0,1,0,0,0,0,0,12.330152,51.335704
12,22,8,24,8,4,3,5,3,0,0,1,1,0,0,0,0,13.680422,51.062116
22,22,8,5,14,6,2,3,6,0,0,1,0,0,0,0,0,13.365373,50.901748
13,22,10,26,6,4,3,5,6,2,0,1,0,0,0,0,0,12.446108,51.361205
27,22,10,8,11,7,2,0,1,0,0,1,0,0,0,0,0,13.717135,51.218542
12,22,9,4,17,1,3,4,2,0,0,1,1,0,0,0,0,13.72617,51.086339
11,22,7,2,18,7,3,3,2,0,0,1,1,0,0,0,0,12.926489,50.829825
12,22,9,1,20,5,2,5,3,2,0,1,1,0,0,0,0,13.729842,51.082681
27,22,8,10,16,4,3,0,1,0,0,1,0,0,0,0,0,13.301934,51.300239
11,22,12,30,14,6,3,2,6,0,0,1,1,0,0,0,0,12.920503,50.825147
22,22,7,5,7,3,3,5,3,0,0,1,1,0,0,0,0,12.839816,50.937585
13,22,6,27,16,2,2,1,5,0,0,1,1,0,0,0,0,12.422304,51.306827
24,22,12,8,15,5,3,5,2,0,0,1,1,0,0,0,0,12.420674,50.730491
12,22,10,28,19,6,2,5,2,1,0,1,1,0,0,0,0,13.761298,51.083375
25,22,7,14,11,5,3,5,3,0,0,1,1,0,0,0,0,14.425838,51.086629
12,22,11,18,5,6,3,5,3,2,1,1,1,0,0,0,0,13.728968,51.05932
25,22,8,27,0,7,2,5,3,2,1,1,0,0,0,0,1,14.054831,51.364187
27,22,8,30,12,3,3,5,3,0,0,1,1,0,0,0,0,13.658877,51.105898
12,22,12,7,13,4,3,6,7,0,1,1,0,1,0,0,0,13.703243,51.043713
12,22,7,13,15,4,3,0,7,0,0,1,0,0,0,0,0,13.734409,51.061616
29,22,12,13,16,3,3,5,3,1,1,1,1,0,0,0,0,12.736264,51.372675
30,22,9,28,16,4,3,5,3,0,0,1,1,0,0,0,0,12.62147,51.457856
12,22,10,5,16,4,2,0,1,0,0,1,0,0,0,0,0,13.824498,51.057929
28,22,9,23,15,6,3,4,2,0,0,1,1,0,0,0,0,13.587453,50.982974
25,22,8,8,9,2,3,5,3,0,0,1,1,0,0,0,0,14.422213,51.166963
29,22,9,11,19,1,3,5,2,0,0,1,1,0,0,0,0,12.363771,51.283311
26,22,7,28,12,5,2,3,2,0,0,1,1,0,0,0,0,14.967631,51.331113
25,22,10,10,6,2,3,0,3,2,0,1,1,0,0,0,0,14.384193,51.053754
27,22,11,4,15,6,3,5,3,1,1,1,1,0,0,0,0,13.276292,51.32489
22,22,11,24,13,5,2,5,2,0,0,1,1,0,0,0,0,12.832346,50.918223
11,22,9,7,15,4,3,3,2,0,0,1,0,0,0,0,1,12.895039,50.819875
12,22,7,13,20,4,3,0,1,0,0,1,0,0,0,0,0,13.749179,51.069716
22,22,10,17,15,2,2,0,7,0,0,1,0,0,0,0,0,13.249694,50.940745
22,22,7,8,23,6,2,9,1,2,0,1,0,0,0,0,0,13.068514,51.204903
22,22,7,2,13,7,3,3,2,0,0,1,1,0,0,0,0,12.712796,50.926254
27,22,10,9,17,1,3,0,1,0,0,1,0,0,0,0,0,13.306459,51.200972
13,22,9,2,12,6,3,5,2,0,0,1,1,0,0,0,0,12.391973,51.346387
25,22,7,31,15,1,3,2,6,0,0,1,1,0,0,0,0,14.432117,51.181034
30,22,11,26,13,7,3,5,3,0,1,1,1,0,0,0,0,12.997993,51.547217
24,22,9,27,6,3,3,2,2,0,1,1,1,0,0,0,0,12.490234,50.736292
26,22,10,20,18,5,2,0,1,2,0,1,0,0,0,0,0,14.576111,51.545758
13,22,6,24,6,6,3,5,3,0,0,1,1,0,0,0,0,12.529569,51.327641
23,22,7,10,18,1,2,0,1,0,0,1,0,0,0,0,0,12.208311,50.420295
12,22,9,1,15,5,3,0,1,0,0,1,0,0,0,0,0,13.813836,51.063869
30,22,12,30,17,6,2,5,3,2,1,1,1,0,0,0,0,12.998533,51.555871
25,22,7,30,5,7,3,8,7,0,0,1,0,0,0,0,0,14.216488,51.347065
24,22,11,9,16,4,2,4,2,0,0,1,0,0,1,0,0,12.740389,50.854346
30,22,12,8,10,5,3,0,1,0,0,1,0,0,0,0,0,12.225263,51.397016
12,22,9,7,15,4,3,0,7,0,0,1,1,0,0,0,0,13.68955,51.067926
29,22,10,24,17,2,3,5,3,0,0,1,1,0,0,0,0,12.547892,51.346406
23,22,8,18,11,5,3,5,2,0,0,1,1,0,0,0,0,12.168864,50.415176
26,22,8,21,12,1,2,0,1,0,1,1,0,0,0,0,0,14.958171,51.375516
13,22,9,26,14,2,3,3,2,0,0,1,1,0,0,0,0,12.323782,51.379433
26,22,9,29,19,5,3,5,3,2,0,1,1,0,0,0,0,14.82205,51.291887
30,22,7,28,16,5,3,5,2,0,0,1,1,0,0,0,0,13.118671,51.294379
22,22,7,4,13,2,3,0,1,0,0,1,0,0,0,0,0,13.335433,50.9965
12,22,10,10,13,2,2,0,1,0,0,1,0,0,0,0,0,13.720433,51.040975
30,22,11,17,15,5,3,5,3,0,1,1,1,0,0,0,0,12.487945,51.377171
21,22,9,2,0,6,3,0,1,2,0,1,0,0,0,0,0,12.795404,50.540227
21,22,9,25,14,1,3,8,7,0,0,1,0,0,0,0,0,13.233569,50.703286
25,22,10,16,12,1,3,5,3,0,0,1,1,0,0,0,0,14.221042,51.424711
30,22,7,7,8,5,3,5,3,0,1,1,1,0,0,0,0,12.997995,51.547201
24,22,8,6,14,7,3,0,7,0,0,1,0,0,0,0,0,12.48774,50.720852
12,22,8,15,11,2,3,5,2,0,0,1,0,0,0,1,0,13.69193,51.08433
26,22,11,1,18,3,3,5,3,2,0,1,1,0,0,0,0,14.964099,51.328775
12,22,8,1,9,2,3,4,6,0,1,1,0,0,0,0,0,13.689647,51.069142
25,22,9,4,12,1,2,8,1,0,0,1,0,0,0,0,0,14.401359,51.054468
12,22,9,1,6,5,3,5,3,0,0,1,1,0,0,0,0,13.881696,50.994717
13,22,6,28,18,3,3,0,1,0,0,1,0,0,0,0,0,12.391699,51.351861
12,22,9,30,16,6,3,5,3,0,0,1,1,0,0,0,0,13.724775,51.073234
11,22,11,26,17,7,3,5,3,2,0,1,1,0,0,0,0,12.879638,50.792872
13,22,12,20,9,3,3,0,1,0,2,1,0,0,0,0,0,12.259648,51.311864
12,22,7,7,20,5,2,5,3,1,1,1,1,0,0,0,0,13.715857,51.036862
30,22,9,20,16,3,3,5,2,0,0,1,1,0,0,0,0,12.475756,51.372739
26,22,8,7,15,1,3,0,1,0,0,1,0,0,0,0,0,14.932543,51.338228
12,22,7,27,11,4,3,5,3,0,0,1,1,0,0,0,0,13.728836,51.083663
28,22,10,27,20,5,3,0,1,2,0,1,0,0,0,0,0,13.947145,50.960322
28,22,7,3,11,1,2,5,3,0,0,1,1,0,0,0,0,13.664318,50.951492
28,22,11,2,15,4,2,5,2,0,0,1,1,0,0,0,0,13.755137,50.944688
27,22,8,1,15,2,3,0,1,0,1,1,0,0,0,0,1,13.58044,51.127118
29,22,10,21,7,6,3,5,3,0,1,1,1,0,0,0,0,12.690642,51.060269
27,22,7,11,15,2,3,4,2,0,0,1,1,0,0,0,0,13.686926,51.166364
12,22,12,30,11,6,3,6,3,0,0,1,0,1,0,0,0,13.726049,51.057033
22,22,7,31,9,1,3,1,5,0,0,1,0,0,0,0,1,13.196729,51.066115
12,22,7,6,8,4,3,5,2,0,0,1,1,0,0,0,0,13.70452,51.043932
28,22,6,28,16,3,3,0,7,0,0,1,0,0,0,0,0,14.212599,51.017524
27,22,9,30,12,6,3,6,6,0,0,1,0,1,0,0,0,13.300391,51.298625
24,22,7,25,7,2,3,0,1,0,0,1,0,0,0,0,0,12.405458,50.823216
27,22,10,6,11,5,3,5,3,0,0,1,1,0,0,0,0,13.297535,51.301875
30,22,12,15,16,5,2,3,3,1,0,1,1,0,0,0,0,12.990864,51.55608
22,22,8,23,16,3,1,8,1,0,0,1,0,0,0,0,0,13.207945,51.151877
27,22,8,17,22,4,3,7,7,2,0,1,0,0,0,0,0,13.59182,51.15433
12,22,7,29,23,6,3,0,1,2,0,1,0,0,0,0,0,13.786862,51.066936
12,22,11,4,15,6,3,5,3,0,1,1,1,0,0,0,0,13.70701,51.0414
26,22,11,24,9,5,2,0,1,0,1,1,0,0,0,0,0,14.974086,51.161425
30,22,9,18,7,1,2,4,6,0,0,1,1,0,0,0,0,12.204339,51.468645
12,22,7,24,1,1,3,0,1,2,0,1,0,0,0,0,0,13.750696,51.071382
26,22,8,20,17,7,3,5,3,0,1,1,1,0,0,0,0,14.718042,51.515911
12,22,7,13,7,4,3,5,3,0,0,1,1,0,0,0,0,13.727202,51.058036
25,22,8,18,22,5,3,0,1,2,0,1,0,0,0,0,0,14.040077,51.176536
23,22,7,18,12,2,2,4,2,0,0,1,1,0,0,0,0,12.289399,50.62917
22,22,8,7,15,1,3,4,2,0,0,1,1,0,0,0,0,13.121683,51.119034
24,22,7,27,17,4,3,3,6,0,0,1,1,0,0,0,0,12.561951,50.824442
21,22,10,10,11,2,2,3,6,0,0,1,0,0,0,0,1,13.012206,50.669623
22,22,11,2,16,4,3,2,2,0,0,1,1,0,0,0,0,12.869451,50.9306
13,22,11,23,10,4,3,5,3,0,1,1,1,0,0,0,0,12.323711,51.384044
13,22,9,6,8,3,3,1,6,0,0,1,0,0,0,0,0,12.422168,51.35166
27,22,7,12,17,3,3,4,2,0,0,1,1,0,0,0,0,13.592558,51.139807
12,22,9,26,11,2,2,5,3,0,0,1,0,0,0,0,1,13.690328,51.082635
26,22,9,20,16,3,3,1,5,0,0,1,1,0,0,0,0,14.973757,51.159336
24,22,9,8,12,5,3,3,6,0,1,1,0,0,0,0,1,12.486604,50.720238
12,22,7,26,7,3,3,5,3,0,0,1,1,0,0,0,0,13.735458,51.073033
12,22,7,2,11,7,3,5,2,0,0,1,1,0,0,0,0,13.747717,51.068033
24,22,6,24,8,6,2,0,1,0,0,1,0,0,0,0,0,12.377719,50.670875
24,22,6,30,7,5,3,3,6,0,0,1,1,0,0,0,0,12.460632,50.725434
12,22,12,30,0,6,2,5,3,2,0,1,1,0,0,0,0,13.718975,51.096633
22,22,7,31,18,1,1,4,1,0,0,1,1,0,0,0,0,13.35011,50.804132
12,22,7,15,20,6,3,5,3,0,0,1,1,0,0,0,0,13.737546,51.087256
11,22,10,12,17,4,3,5,3,0,0,1,1,0,0,0,0,12.908844,50.826848
12,22,8,23,18,3,3,0,7,0,0,1,0,0,0,0,0,13.691442,51.042721
12,22,12,29,18,5,3,5,3,2,0,1,1,0,0,0,0,13.716502,51.077614
28,22,10,10,14,2,3,5,3,0,0,1,1,0,0,0,0,13.654067,51.003059
30,22,11,4,21,6,2,6,6,2,0,1,0,1,0,0,0,12.394351,51.545009
25,22,8,2,12,3,3,5,3,0,0,1,1,0,0,0,0,14.06906,51.46479
27,22,9,6,10,3,2,0,7,0,0,1,0,0,0,0,0,13.447964,51.412276
27,22,8,21,18,1,2,0,1,0,0,1,0,0,0,0,0,13.563197,51.16036
29,22,10,29,8,7,1,5,3,0,0,1,0,0,0,1,0,12.292198,51.210943
13,22,11,20,10,1,3,5,2,0,0,1,1,0,0,0,0,12.261676,51.316171
13,22,12,15,19,5,3,2,3,2,0,1,1,0,0,0,0,12.37701,51.344505
25,22,9,28,14,4,2,0,7,0,1,1,0,0,0,0,0,14.185055,51.131116
22,22,8,18,10,5,2,0,7,0,0,1,1,0,0,0,0,13.349148,50.914494
28,22,8,27,16,7,2,0,1,0,1,1,0,0,0,0,0,14.10254,50.98407
27,22,8,31,14,4,2,6,4,0,0,1,0,1,0,0,0,13.378809,51.304435
22,22,7,29,0,6,2,7,7,2,0,1,0,0,0,0,0,12.8134,50.882175
12,22,11,14,12,2,3,5,3,0,0,1,1,0,0,0,0,13.683788,51.061888
12,22,9,17,17,7,3,5,3,0,1,1,1,0,0,0,0,13.771573,51.015747
30,22,12,17,18,7,2,4,2,2,0,1,1,0,0,0,0,12.637236,51.460822
25,22,10,24,15,2,3,5,3,0,0,1,1,0,0,0,0,13.88859,51.157134
25,22,8,22,18,2,2,0,1,0,0,1,0,0,0,0,0,14.087524,51.272258
12,22,8,8,14,2,3,5,3,0,0,1,1,0,0,0,0,13.732638,51.029573
11,22,7,12,15,3,3,4,6,0,0,1,0,0,0,0,1,12.884635,50.801271
25,22,7,15,11,6,3,5,3,0,0,1,1,0,0,0,0,13.826782,51.180938
29,22,7,6,11,4,3,5,3,0,0,1,1,0,0,0,0,12.49269,51.124706
30,22,9,19,17,2,3,5,3,0,0,1,1,0,0,0,0,12.479534,51.3741
12,22,8,25,20,5,2,3,6,1,0,1,1,0,0,0,0,13.742129,51.064664
22,22,7,11,14,2,3,5,3,0,0,1,1,0,0,0,0,13.336473,50.90836
27,22,8,31,11,4,3,5,3,0,0,1,1,0,0,0,0,13.502241,51.079966
26,22,12,30,12,6,3,0,1,0,1,1,0,0,0,0,0,14.549577,51.407748
27,22,7,14,12,5,3,4,6,0,0,1,0,0,0,0,0,13.292714,51.311238
12,22,6,27,6,2,3,5,3,0,0,1,1,0,0,0,0,13.70701,51.0414
26,22,9,30,15,6,3,4,2,0,0,1,1,0,0,0,0,14.643326,51.506548
26,22,8,4,15,5,3,8,1,0,0,1,0,0,0,0,0,14.617468,50.931951
12,22,9,29,7,5,2,5,3,0,0,1,1,0,0,0,0,13.768257,51.015701
12,22,8,30,7,3,2,5,3,0,0,1,1,0,0,0,0,13.707008,51.041401
29,22,9,12,16,2,3,2,2,0,0,1,0,0,0,0,1,12.670938,51.161449
12,22,7,28,11,5,3,3,6,0,0,1,1,0,0,0,0,13.843931,51.124608
28,22,10,10,13,2,2,5,3,0,0,1,1,0,0,0,0,13.87594,50.968158
12,22,10,14,12,6,3,5,3,0,0,1,1,0,0,0,0,13.732988,51.076654
12,22,7,22,12,6,3,0,7,0,0,1,0,0,0,0,0,13.756478,51.077431
12,22,7,13,11,4,3,5,3,0,0,1,0,0,0,0,1,13.732486,51.077945
27,22,8,12,9,6,3,5,3,0,0,1,1,0,0,0,0,13.49944,51.353833
26,22,9,21,6,4,3,6,7,2,0,1,0,1,0,0,0,14.881773,50.94149
25,22,8,7,18,1,3,5,3,0,0,1,1,0,0,0,0,14.089645,51.271651
12,22,12,24,11,7,3,0,1,0,0,1,0,0,0,0,0,13.706428,51.04551
12,22,11,16,18,4,3,0,1,2,1,1,0,0,0,0,0,13.736401,51.063841
13,22,8,29,7,2,3,0,1,0,0,1,0,0,0,0,0,12.396584,51.353587
28,22,10,7,15,6,3,2,6,0,0,1,1,0,0,0,0,13.86364,50.972692
29,22,11,1,8,3,3,5,3,0,0,1,0,0,0,0,0,12.369663,51.272534
12,22,12,2,4,6,3,4,1,2,0,1,0,0,0,0,0,13.739276,51.075512
12,22,12,5,9,2,3,3,6,0,0,1,0,0,0,0,0,13.733926,51.06148
27,22,10,17,6,2,3,5,2,2,0,1,1,0,0,0,0,13.263109,51.314718
12,22,7,16,23,7,3,0,1,2,0,1,0,0,0,0,0,13.812419,51.063819
26,22,11,10,15,5,3,0,6,0,0,1,1,0,0,0,0,14.778588,51.510479
24,22,8,24,11,4,3,1,6,0,0,1,1,0,0,0,0,12.599954,50.857756
25,22,10,26,18,4,2,2,6,2,0,1,0,0,0,1,0,14.076669,51.095678
12,22,7,1,14,6,3,5,3,0,1,1,0,0,1,0,0,13.740323,51.064693
25,22,10,19,18,4,3,8,1,1,1,1,0,0,0,0,0,14.370169,51.488648
12,22,6,25,11,7,2,2,6,0,0,1,0,0,0,0,0,13.750363,51.071015
12,22,7,11,17,2,3,5,2,0,0,1,1,0,0,0,0,13.840691,51.094193
22,22,8,28,11,1,2,5,2,0,0,1,1,0,0,0,0,13.045182,50.916549
12,22,9,1,11,5,3,0,1,0,0,1,0,0,0,0,0,13.791092,51.066992
26,22,11,14,5,2,3,4,2,2,1,1,1,0,0,0,0,14.889498,50.945487
28,22,8,4,8,5,2,3,2,0,0,1,1,0,0,0,0,13.93446,50.967391
12,22,10,28,17,6,3,0,6,1,0,1,1,0,0,0,0,13.691912,51.084366
26,22,9,29,7,5,3,2,6,0,0,1,1,0,0,0,0,14.699183,50.907951
12,22,8,16,15,3,3,5,3,0,0,1,1,0,0,0,0,13.733829,51.075191
13,22,10,18,19,3,3,4,2,2,1,1,1,0,0,0,0,12.403933,51.321744
27,22,7,19,13,3,3,5,3,0,0,1,1,0,0,0,0,13.360316,51.32852
26,22,10,14,13,6,2,2,6,0,0,1,0,0,0,0,1,14.859843,50.929367
27,22,7,23,20,7,3,0,1,2,0,1,0,0,0,0,0,13.22234,51.222889
11,22,7,8,14,6,2,5,3,0,0,1,1,0,0,0,0,12.78551,50.794244
13,22,6,29,13,4,3,5,3,0,0,1,1,0,0,0,0,12.371478,51.31484
22,22,10,30,14,1,2,0,1,0,0,1,0,0,0,0,0,12.752774,51.004474
22,22,8,26,16,6,2,0,7,0,0,1,0,0,0,0,0,13.032067,50.943288
12,22,7,27,17,4,2,6,4,0,0,1,0,1,0,0,0,13.720493,51.093082
13,22,10,27,18,5,3,5,2,2,0,1,1,0,0,0,0,12.426468,51.351806
25,22,7,3,3,1,3,9,1,2,0,1,0,0,0,0,0,14.470296,51.206215
24,22,12,5,14,2,3,3,2,0,1,1,1,0,0,0,0,12.516472,50.820965
27,22,7,31,13,1,3,5,2,0,0,1,1,0,0,0,0,13.300038,51.251751
23,22,10,21,15,6,2,0,1,0,1,1,0,0,0,0,0,12.268472,50.620013
13,22,6,28,14,3,3,5,3,0,0,1,1,0,0,0,0,12.455243,51.350299
22,22,10,1,10,7,3,5,3,0,1,1,1,0,0,0,0,13.091392,51.124961
25,22,11,9,13,4,3,0,1,0,1,1,0,0,0,0,0,14.025605,51.176191
13,22,11,15,14,3,3,5,2,0,0,1,1,0,0,0,0,12.392553,51.34844
13,22,12,1,7,5,2,5,3,0,0,1,0,0,0,0,0,12.399041,51.360183
21,22,8,17,16,4,3,0,1,0,0,1,0,0,0,0,0,13.032096,50.68915
12,22,10,19,19,4,3,5,3,2,0,1,1,0,0,0,0,13.74304,51.028692
12,22,7,11,23,2,2,0,1,2,0,1,0,0,0,0,0,13.701486,51.091152
25,22,7,1,14,6,2,5,3,0,0,1,1,0,0,0,0,14.24885,51.434928
26,22,8,29,8,2,2,4,2,0,0,1,1,0,0,0,0,14.635537,51.499483
21,22,9,24,9,7,2,5,3,0,0,1,1,0,0,0,0,13.040645,50.606923
28,22,11,24,15,5,3,5,2,0,1,1,1,0,0,0,0,13.936115,50.957861
25,22,9,17,10,7,2,3,2,0,1,1,1,0,0,0,0,14.408308,51.172987
13,22,8,4,12,5,3,5,2,0,0,1,1,0,0,0,0,12.345158,51.375176
29,22,12,21,12,4,3,5,3,0,0,1,1,0,0,0,0,12.745649,51.365544
12,22,7,14,16,5,3,5,3,0,0,1,1,0,0,0,0,13.701581,51.030581
26,22,8,12,18,6,3,0,1,0,0,1,0,0,0,0,0,14.982593,51.122291
29,22,10,18,11,3,3,5,2,0,1,1,1,0,0,0,0,12.448493,51.136818
12,22,9,22,5,5,3,5,2,2,0,1,1,0,0,0,0,13.799792,50.998525
12,22,7,28,15,5,3,5,6,0,0,1,0,0,0,0,0,13.702336,51.043738
23,22,7,10,23,1,2,2,6,2,0,1,1,0,0,0,0,12.124592,50.496902
11,22,8,11,19,5,3,5,3,2,0,1,1,0,0,0,0,12.920481,50.825213
28,22,10,10,8,2,2,5,2,0,0,1,1,0,0,0,0,13.495573,50.911679
30,22,11,5,11,7,3,5,2,0,0,1,1,0,0,0,0,12.396631,51.546036
12,22,10,31,18,2,2,0,1,2,0,1,0,0,0,0,0,13.701576,51.091091
28,22,8,21,15,1,2,0,7,0,0,1,0,0,0,0,0,14.173304,50.913113
23,22,9,29,13,5,3,0,7,0,0,1,0,0,0,0,0,12.400114,50.505102
22,22,8,16,6,3,3,5,3,0,0,1,1,0,0,0,0,13.435638,50.714671
12,22,7,10,15,1,3,6,7,0,0,1,0,1,0,0,0,13.705105,51.037304
13,22,10,4,7,3,3,2,6,0,0,1,1,0,0,0,0,12.399369,51.363444
12,22,8,9,16,3,3,5,2,0,0,1,1,0,0,0,0,13.692435,51.083374
12,22,9,12,5,2,3,0,1,2,1,1,0,0,0,0,0,13.811948,51.064226
12,22,10,10,17,2,3,5,3,0,0,1,1,0,0,0,0,13.689308,51.067729
12,22,11,7,8,2,3,0,3,0,1,1,0,0,0,0,1,13.674504,51.067163
27,22,12,7,8,4,3,5,3,0,1,1,1,0,0,0,0,13.627397,51.108972
23,22,9,16,5,6,2,2,7,2,0,1,1,0,0,0,0,12.469023,50.368042
26,22,7,22,16,6,3,0,7,0,0,1,0,0,0,0,0,14.97139,51.154971
12,22,11,29,8,3,3,5,3,0,0,1,1,0,0,0,0,13.756837,51.077705
22,22,9,26,19,2,3,0,7,2,0,1,0,0,0,0,0,13.351814,50.955955
26,22,6,29,20,4,2,0,1,1,1,1,0,0,0,0,0,14.795001,50.89061
28,22,9,22,18,5,3,5,3,1,0,1,1,0,0,0,0,13.855907,50.964074
28,22,10,7,10,6,2,5,3,0,0,1,1,0,0,0,0,13.927183,50.981156
11,22,11,2,7,4,3,0,3,0,0,1,0,0,0,0,1,12.82005,50.808891
22,22,12,5,6,2,3,5,3,2,1,1,1,0,0,0,0,13.091392,51.124961
28,22,9,5,10,2,3,0,7,0,0,1,0,0,0,0,0,13.894803,50.983667
25,22,6,25,23,7,3,0,1,2,0,1,0,0,0,0,0,14.192741,51.25905
24,22,7,11,14,2,2,0,1,0,0,1,0,0,0,0,0,12.631524,50.75653
21,22,8,11,13,5,2,5,2,0,0,1,1,0,0,0,0,12.634305,50.582
12,22,7,6,18,4,3,0,7,0,0,1,0,0,0,0,0,13.625412,51.04089
12,22,10,2,17,1,3,0,1,0,0,1,0,0,0,0,0,13.701364,51.091235
13,22,9,19,13,2,3,5,2,0,1,1,0,0,0,0,1,12.411765,51.314593
29,22,9,8,10,5,3,5,2,0,0,1,1,0,0,0,0,12.494784,51.125509
25,22,7,26,17,3,3,5,3,0,0,1,1,0,0,0,0,14.140849,51.276122
13,22,10,26,16,4,3,3,6,0,0,1,0,0,0,0,0,12.374835,51.344356
27,22,9,28,14,4,3,0,1,0,1,1,0,0,0,0,0,13.279827,51.320786
12,22,10,21,18,6,3,0,7,2,0,1,0,0,0,0,0,13.870224,51.047943
12,22,9,12,17,2,3,5,3,0,0,1,1,0,0,0,0,13.728967,51.059321
12,22,7,29,14,6,3,5,3,0,0,1,1,0,0,0,0,13.739075,51.074574
25,22,7,5,10,3,2,3,6,0,0,1,1,0,0,0,0,14.105428,51.274831
12,22,11,24,8,5,3,0,1,0,2,1,0,0,0,0,0,13.755626,51.076722
25,22,12,8,9,5,3,0,1,0,1,1,0,0,0,0,0,14.483854,51.239148
24,22,10,28,14,6,2,8,1,0,0,1,0,0,0,0,0,12.361067,50.675936
28,22,8,18,14,5,3,0,1,0,0,1,0,0,0,0,0,13.922197,50.966482
29,22,8,21,17,1,3,6,6,0,0,1,0,1,0,0,0,12.453372,51.216036
28,22,8,13,0,7,3,0,7,2,0,1,0,0,0,0,0,13.935644,50.972051
27,22,10,18,18,3,3,0,1,2,1,1,0,0,1,0,1,13.223916,51.355816
29,22,7,18,20,2,2,3,6,0,0,1,1,0,0,0,0,12.669449,51.017835
28,22,9,11,1,1,3,0,1,2,1,1,0,0,0,0,0,13.939887,50.952919
21,22,7,27,18,4,3,5,2,0,0,1,1,0,0,0,0,12.72197,50.716903
24,22,7,3,14,1,2,1,5,0,0,1,1,0,0,0,0,12.775309,50.853285
13,22,11,23,18,4,3,3,2,2,0,1,1,0,0,0,0,12.334454,51.335877
12,22,11,13,16,1,3,6,4,1,0,1,0,1,0,0,0,13.703243,51.043713
25,22,7,16,23,7,2,8,1,2,0,1,0,0,0,0,0,13.898987,51.081063
21,22,7,6,19,4,2,0,1,0,0,1,0,0,0,0,0,13.204809,50.732807
22,22,10,7,22,6,3,0,1,2,0,1,0,0,0,0,0,13.124136,50.964258