CSV=`UKREIS,UJAHR,UMONAT,UTAG,USTUNDE,UWOCHENTAG,UKATEGORIE,UART,UTYP,LICHT,USTRZUSTAND,IstRad,IstPKW,IstFuss,IstKrad,IstGkfz,IstSonstig,@lon,@lat
26,22,7,21,4,5,2,0,1,2,0,1,0,0,0,0,0,14.960029,51.150129
12,22,6,25,14,7,3,0,1,0,0,1,0,0,0,0,0,13.872383,51.012394
30,22,1,2,12,1,3,9,1,0,1,1,0,0,0,0,0,12.499461,51.479995
12,22,1,4,7,3,3,3,6,1,1,1,1,0,0,0,0,13.788414,51.053879
13,22,1,3,7,2,3,5,3,2,1,1,1,0,0,0,0,12.346479,51.32888
25,22,1,3,18,2,3,5,3,2,1,1,1,0,0,0,0,13.917928,51.111705
13,22,1,3,6,2,3,3,3,2,1,1,1,0,0,0,0,12.373796,51.353101
13,22,1,1,16,7,3,5,2,1,0,1,1,0,0,0,0,12.376524,51.343009
22,22,1,3,18,2,2,0,7,2,0,1,0,0,0,0,0,12.764141,50.904735
13,22,1,4,4,3,2,6,7,2,1,1,0,1,0,0,0,12.287725,51.357244
30,22,1,3,14,2,2,6,3,0,0,1,0,1,0,0,0,12.337303,51.52553
13,22,1,3,10,2,2,1,5,0,0,1,1,0,0,0,0,12.313287,51.331722
12,22,1,4,19,3,3,5,3,2,1,1,1,0,0,0,0,13.77991,51.04432
30,22,1,3,5,2,2,5,3,2,1,1,1,0,0,0,0,12.337026,51.526041
12,22,1,3,15,2,3,1,7,0,0,1,1,0,0,0,0,13.726912,51.017508
30,22,1,3,7,2,3,5,3,0,1,1,0,0,0,0,1,12.943987,51.276176
13,22,1,3,12,2,2,0,7,0,0,1,0,0,0,0,0,12.430507,51.359333
12,22,1,3,7,2,3,0,1,1,1,1,0,0,0,0,0,13.724405,51.077135
11,22,1,3,7,2,3,5,3,2,1,1,1,0,0,0,0,12.89592,50.811615
27,22,1,10,5,2,3,3,2,2,1,1,1,0,0,0,0,13.590927,51.114767
12,22,3,17,7,5,3,2,4,0,0,1,1,1,0,0,0,13.723471,51.053198
27,22,3,26,13,7,3,1,5,0,0,1,0,0,0,0,1,13.575347,51.119023
13,22,4,1,8,6,3,1,3,0,0,1,1,0,0,0,0,12.417573,51.316227
12,22,2,9,7,4,3,0,7,1,0,1,1,0,0,0,0,13.780743,51.059008
13,22,4,7,9,5,3,5,2,0,0,1,1,0,0,0,0,12.381685,51.331774
12,22,3,16,7,4,2,2,6,0,0,1,1,0,0,0,0,13.721569,51.032506
12,22,3,25,12,6,2,0,7,0,0,1,0,0,0,0,0,13.832023,51.027211
12,22,3,30,16,4,3,5,3,0,1,1,1,0,0,0,0,13.792419,51.058182
26,22,4,7,7,5,3,5,3,0,0,1,1,0,0,0,0,14.967976,51.329035
12,22,3,11,13,6,3,5,3,0,0,1,1,0,0,0,0,13.83829,51.01953
12,22,3,7,14,2,3,3,6,0,0,1,1,0,0,0,0,13.745476,51.02753
13,22,3,22,15,3,3,5,3,0,0,1,0,0,0,0,0,12.384623,51.302486
12,22,2,21,18,2,3,4,6,2,0,1,1,0,0,0,0,13.666128,51.066084
12,22,3,21,16,2,3,0,1,0,0,1,0,0,0,0,0,13.781635,51.059081
13,22,3,31,17,5,3,1,5,0,0,1,1,0,0,0,0,12.411054,51.357465
13,22,3,3,16,5,3,2,6,0,0,1,1,0,0,0,0,12.414858,51.359402
13,22,2,16,8,4,3,3,5,0,1,1,0,0,0,0,1,12.387593,51.357208
13,22,3,17,16,5,3,2,2,0,0,1,1,0,0,0,0,12.373391,51.328572
13,22,1,18,9,3,3,0,1,0,1,1,0,0,0,0,0,12.373689,51.332476
13,22,2,4,16,6,2,1,7,0,0,1,1,0,0,0,0,12.401306,51.342731
12,22,2,4,6,6,3,5,2,2,1,1,1,0,0,0,0,13.760676,51.0492
11,22,3,23,14,4,3,5,3,0,0,1,1,0,0,0,0,12.874829,50.841316
29,22,4,6,10,4,3,5,3,0,0,1,1,0,0,0,0,12.360503,51.263242
12,22,1,23,21,1,3,0,1,2,1,1,0,0,0,0,0,13.753631,51.065939
12,22,2,11,20,6,3,0,1,2,1,1,0,0,0,0,0,13.716954,51.055762
24,22,2,16,17,4,2,0,1,2,1,1,0,0,0,0,0,12.490683,50.722395
28,22,3,24,14,5,3,5,3,0,0,1,1,0,0,0,0,13.524542,50.874383
12,22,2,25,16,6,2,3,6,0,0,1,0,0,0,1,0,13.728097,51.043578
22,22,1,15,16,7,3,0,1,0,0,1,0,0,0,0,0,12.905127,51.07366
29,22,2,10,11,5,3,0,3,0,0,1,0,0,0,0,0,12.489076,51.120072
12,22,1,13,14,5,3,5,2,0,0,1,1,0,0,0,0,13.797369,51.024206
12,22,3,22,11,3,2,5,3,0,0,1,1,0,0,0,0,13.803581,51.022015
12,22,3,31,15,5,3,0,7,0,0,1,0,0,0,0,0,13.742071,51.030931
12,22,3,3,18,5,3,0,5,2,0,1,0,0,0,0,1,13.720729,51.058704
12,22,3,16,18,4,3,5,2,1,0,1,1,0,0,0,0,13.757865,51.075801
12,22,1,17,9,2,3,5,3,0,1,1,1,0,0,0,0,13.701589,51.039231
13,22,2,28,9,2,3,5,3,0,0,1,1,0,0,0,0,12.369951,51.355847
13,22,2,12,9,7,3,5,3,0,2,1,1,0,0,0,0,12.362659,51.321029
11,22,2,23,13,4,3,0,1,0,0,1,0,0,0,0,0,12.946264,50.83364
11,22,1,15,17,7,3,0,1,2,1,1,0,0,0,0,0,12.894664,50.786957
13,22,2,1,17,3,3,1,5,2,1,1,1,0,0,0,0,12.378458,51.319852
13,22,3,12,0,7,3,1,5,2,0,1,0,0,0,1,0,12.387203,51.299154
22,22,2,12,11,7,2,0,7,0,2,1,0,0,0,0,0,12.931861,51.156689
25,22,2,18,14,6,3,5,3,0,1,1,1,0,0,0,0,13.921971,51.107473
13,22,4,11,8,2,3,2,6,0,0,1,1,0,0,0,0,12.408338,51.337543
11,22,1,13,5,5,3,1,5,2,0,1,1,0,0,0,0,12.89788,50.839343
12,22,3,26,11,7,3,0,3,0,0,1,1,0,0,0,0,13.723269,51.080513
29,22,1,28,11,6,3,5,3,0,0,1,1,0,0,0,0,12.427052,51.284857
13,22,4,1,11,6,3,5,3,0,0,1,1,0,0,0,0,12.321019,51.302773
13,22,3,3,15,5,2,5,3,0,0,1,1,0,0,0,0,12.489787,51.32327
12,22,2,7,7,2,3,5,3,0,1,1,1,0,0,0,0,13.777215,51.059874
30,22,2,15,9,3,3,5,3,0,0,1,0,0,0,1,0,12.940323,51.283104
13,22,1,11,8,3,3,5,3,0,1,1,1,0,0,0,0,12.37332,51.353074
12,22,3,28,8,2,3,0,1,0,0,1,0,0,0,0,0,13.795722,51.040653
12,22,4,2,18,7,3,0,7,0,0,1,0,0,0,0,0,13.748883,51.067687
24,22,1,6,7,5,3,5,3,2,0,1,1,0,0,0,0,12.479707,50.715859
12,22,3,16,7,4,3,0,1,0,0,1,0,0,0,0,0,13.750857,51.042099
21,22,1,19,7,4,3,8,1,1,1,1,0,0,0,0,0,12.627129,50.602822
12,22,3,30,17,4,3,5,2,0,1,1,1,0,0,0,0,13.729135,51.036229
13,22,1,26,12,4,3,1,5,0,0,1,1,0,0,0,0,12.363238,51.369206
11,22,3,15,19,3,3,0,7,2,1,1,0,0,0,0,0,12.970561,50.833563
22,22,3,8,14,3,2,8,1,0,0,1,0,0,0,0,0,13.321718,50.873818
26,22,1,24,19,2,2,6,6,2,1,1,0,1,0,0,0,14.831543,51.293931
27,22,2,1,18,3,2,5,3,2,1,1,0,0,0,1,0,13.587048,51.112896
30,22,3,11,12,6,3,5,3,0,0,1,1,0,0,0,0,12.335233,51.53093
11,22,2,12,11,7,2,0,7,0,2,1,0,0,0,0,0,12.882884,50.85781
25,22,2,17,19,5,3,0,1,2,0,1,0,0,0,0,0,14.269035,51.45044
29,22,4,11,17,2,2,6,7,0,0,1,0,1,0,0,0,12.374017,51.285776
13,22,1,7,13,6,3,5,3,0,1,1,1,0,0,0,0,12.37207,51.356879
13,22,3,17,10,5,3,3,6,0,0,1,1,0,0,0,0,12.374442,51.351702
13,22,3,27,16,1,3,3,2,0,0,1,1,0,0,0,0,12.37412,51.303353
13,22,4,3,14,1,3,1,5,0,0,1,1,0,0,0,0,12.325408,51.334152
12,22,3,1,15,3,2,5,3,0,0,1,1,0,0,0,0,13.751545,51.047208
12,22,2,10,17,5,3,0,1,1,0,1,0,0,0,0,0,13.805643,51.011569
13,22,2,15,19,3,3,5,3,2,0,1,1,0,0,0,0,12.367497,51.367209
11,22,4,8,21,6,3,1,5,2,1,1,1,0,0,0,0,12.951157,50.839655
28,22,3,14,13,2,3,5,3,0,0,1,0,0,0,1,0,13.86691,50.98177
23,22,3,24,13,5,2,4,2,0,0,1,1,0,0,0,0,12.328202,50.306928
29,22,2,24,16,5,1,5,3,0,0,1,0,0,0,0,0,12.383625,51.202104
25,22,4,7,7,5,3,5,3,0,0,1,0,0,0,0,0,14.24749,51.43947
13,22,3,11,10,6,3,5,3,0,0,1,1,0,0,0,0,12.373439,51.351656
13,22,2,11,15,6,3,0,1,0,1,1,0,0,0,0,0,12.321762,51.320399
13,22,2,21,20,2,2,5,3,2,1,1,1,0,0,0,0,12.362294,51.339103
13,22,3,21,10,2,3,5,3,0,0,1,1,0,0,0,0,12.343358,51.326968
13,22,3,24,13,5,3,3,2,0,0,1,1,0,0,0,0,12.430816,51.362766
13,22,3,1,13,3,3,3,5,0,0,1,1,0,0,0,0,12.344163,51.324671
13,22,4,5,7,3,3,5,3,0,1,1,1,0,0,0,0,12.386481,51.35996
13,22,1,24,17,2,3,5,3,1,1,1,1,0,0,0,0,12.280319,51.31491
11,22,1,5,15,4,3,5,3,0,1,1,1,0,0,0,0,12.920603,50.851902
13,22,2,12,17,7,3,5,3,2,1,1,1,0,0,0,0,12.373411,51.352448
26,22,2,23,17,4,3,0,1,0,0,1,0,0,0,0,0,14.961114,51.145839
12,22,3,13,12,1,3,0,1,0,0,1,0,0,0,0,0,13.7794,51.037869
29,22,3,3,20,5,3,1,5,2,0,1,1,0,0,0,0,12.74341,51.366965
13,22,2,10,14,5,3,6,6,0,0,1,0,1,0,0,0,12.373533,51.330022
29,22,4,11,12,2,2,5,3,0,0,1,1,0,0,0,0,12.717395,51.238267
12,22,3,28,17,2,3,4,2,0,0,1,0,0,0,0,1,13.786373,51.028506
12,22,4,3,6,1,3,1,5,0,0,1,1,0,0,0,0,13.695538,51.052729
13,22,2,14,13,2,3,5,2,0,0,1,1,0,0,0,0,12.368714,51.316915
12,22,4,11,6,2,3,4,6,0,0,1,1,0,0,0,0,13.824285,51.00935
13,22,3,15,10,3,3,1,7,0,1,1,1,0,0,0,0,12.398625,51.344722
12,22,3,23,21,4,3,0,1,2,0,1,0,0,0,0,0,13.827778,51.054659
13,22,2,1,5,3,2,5,3,2,1,1,1,0,0,0,0,12.408666,51.360009
28,22,3,20,17,1,3,0,7,0,0,1,0,0,0,0,0,13.93622,50.963945
12,22,3,20,17,1,3,5,2,0,0,1,1,0,0,0,0,13.669212,51.040023
11,22,1,20,7,5,3,5,3,2,2,1,1,0,0,0,0,12.942535,50.827127
12,22,3,27,17,1,2,0,1,0,0,1,0,0,0,0,0,13.728948,51.072528
12,22,3,3,19,5,2,0,1,2,0,1,0,0,0,0,0,13.847454,51.062227
12,22,3,17,22,5,3,5,3,2,0,1,0,0,0,0,1,13.664442,51.045734
25,22,3,29,10,3,3,4,2,0,0,1,1,0,0,0,0,14.094078,51.451641
22,22,3,1,11,3,2,5,3,0,0,1,1,0,0,0,0,12.807894,50.913098
13,22,1,21,15,6,3,5,2,0,0,1,1,0,0,0,0,12.339505,51.326702
26,22,3,3,15,5,3,4,2,0,0,1,1,0,0,0,0,14.803427,50.888654
13,22,2,14,15,2,3,3,5,0,0,1,1,0,0,0,0,12.404715,51.329806
25,22,3,19,11,7,3,0,1,0,0,1,0,0,0,0,0,14.115887,51.272945
12,22,1,17,12,2,3,0,1,0,1,1,0,0,0,0,0,13.723245,51.049896
12,22,3,25,9,6,3,6,4,0,0,1,0,1,0,0,0,13.788171,51.036944
13,22,3,29,16,3,3,6,4,0,0,1,0,1,0,0,0,12.373718,51.32056
12,22,4,11,12,2,3,5,3,0,0,1,1,0,0,0,0,13.841867,51.019393
13,22,3,15,10,3,2,5,3,0,0,1,0,0,0,0,1,12.378944,51.311575
11,22,3,24,10,5,3,0,7,0,0,1,0,0,0,0,0,12.894195,50.822532
12,22,2,1,20,3,3,0,1,2,1,1,0,0,0,0,0,13.808612,51.038035
13,22,2,11,12,6,3,5,3,0,0,1,1,0,0,0,0,12.376792,51.32054
28,22,2,17,16,5,3,5,3,0,0,1,0,0,0,0,0,13.871511,50.971907
11,22,3,20,16,1,3,5,3,0,0,1,1,0,0,0,0,12.894811,50.786918
11,22,4,4,18,2,3,1,5,0,0,1,1,0,0,0,0,12.932045,50.821979
12,22,1,19,17,4,3,5,3,2,0,1,1,0,0,0,0,13.746867,51.069883
28,22,3,28,13,2,3,0,7,0,0,1,0,0,0,0,0,13.867134,50.985056
13,22,3,31,19,5,3,5,3,0,0,1,1,0,0,0,0,12.408666,51.360009
30,22,3,1,13,3,3,5,3,0,0,1,1,0,0,0,0,13.096659,51.302171
29,22,2,13,12,1,3,2,6,0,0,1,1,0,0,0,0,12.353041,51.264501
28,22,1,7,15,6,3,4,1,0,0,1,0,0,0,0,1,13.486283,50.912093
12,22,3,18,15,6,2,0,1,0,0,1,0,0,0,0,0,13.748177,51.043684
11,22,3,26,18,7,2,0,1,0,0,1,0,0,0,0,0,12.943081,50.835447
21,22,2,3,5,5,3,0,1,2,1,1,0,0,0,0,0,12.701145,50.728121
13,22,3,13,16,1,3,0,1,0,0,1,0,0,0,0,0,12.313988,51.367614
12,22,2,4,6,6,3,5,3,2,1,1,1,0,0,0,0,13.774709,51.049803
12,22,4,10,18,1,3,0,1,0,1,1,0,0,0,0,0,13.819377,51.052908
12,22,1,27,9,5,3,8,1,0,0,1,0,0,0,0,0,13.74596,51.051698
25,22,1,6,9,5,3,5,3,0,1,1,1,0,0,0,0,14.259055,51.440271
11,22,3,14,10,2,3,0,3,0,0,1,1,0,0,0,0,12.888286,50.794843
13,22,3,28,4,2,3,5,2,2,0,1,1,0,0,0,0,12.327176,51.329638
12,22,2,2,9,4,3,5,3,0,1,1,1,0,0,0,0,13.676039,51.046035
13,22,3,11,15,6,3,1,5,0,0,1,1,0,0,0,0,12.436766,51.35025
12,22,2,12,16,7,3,5,3,0,0,1,0,0,0,0,1,13.729112,51.050946
28,22,3,9,15,4,3,2,7,0,0,1,0,0,0,0,0,13.899762,50.960774
22,22,3,28,13,2,2,5,3,0,0,1,1,0,0,0,0,12.807525,50.910721
23,22,1,27,22,5,3,1,1,2,2,1,1,0,0,0,0,12.127715,50.511338
13,22,4,2,2,7,3,0,1,2,0,1,0,0,0,0,0,12.366833,51.340667
13,22,3,1,14,3,3,5,2,0,0,1,1,0,0,0,0,12.378445,51.335853
12,22,3,19,17,7,3,3,6,0,0,1,1,0,0,0,0,13.742513,51.081835
28,22,3,25,17,6,3,5,3,0,0,1,1,0,0,0,0,13.650815,50.999335
13,22,3,29,16,3,3,5,2,0,0,1,0,0,0,0,1,12.330432,51.342014
25,22,4,6,17,4,2,0,7,0,0,1,0,0,0,0,0,14.0283,51.146655
28,22,1,6,15,5,3,1,7,0,0,1,1,0,0,0,0,13.904239,50.956493
25,22,3,22,14,3,3,5,3,0,0,1,1,0,0,0,0,14.269859,51.442776
26,22,1,11,10,3,3,5,3,0,0,1,1,0,0,0,0,14.975591,51.15234
12,22,4,4,18,2,3,0,1,0,0,1,0,0,0,0,0,13.779213,51.043406
24,22,3,7,11,2,2,5,3,0,0,1,1,0,0,0,0,12.488261,50.736064
25,22,3,11,16,6,2,4,6,0,0,1,1,0,0,0,0,14.432284,51.165987
13,22,3,2,15,4,2,4,6,0,0,1,0,0,0,0,1,12.331927,51.340278
24,22,2,11,5,6,2,5,3,2,1,1,1,0,0,0,0,12.48223,50.798087
12,22,2,20,10,1,3,0,1,0,0,1,0,0,0,0,0,13.789224,51.119187
13,22,1,21,8,6,3,6,3,0,1,1,0,1,0,0,0,12.373601,51.320768
13,22,3,31,21,5,3,0,7,2,1,1,0,0,0,0,0,12.338808,51.332409
13,22,2,27,17,1,3,5,3,0,0,1,1,0,0,0,0,12.327906,51.302313
13,22,1,22,1,7,2,0,1,2,1,1,0,0,0,0,0,12.340829,51.337787
13,22,3,5,19,7,3,3,6,2,0,1,1,0,0,0,0,12.362853,51.367857
25,22,4,11,15,2,3,5,3,0,0,1,1,0,0,0,0,14.016577,51.182481
28,22,1,12,6,4,2,5,3,2,0,1,1,0,0,0,0,13.94523,50.872666
12,22,4,4,7,2,3,5,3,0,0,1,1,0,0,0,0,13.724931,51.080059
25,22,1,21,16,6,3,0,1,0,1,1,0,0,0,0,0,14.265591,51.442255
27,22,1,31,16,2,3,5,3,1,1,1,1,0,0,0,0,13.656955,51.102624
13,22,3,2,14,4,3,3,2,0,0,1,0,0,0,0,1,12.361262,51.36209
12,22,1,27,21,5,3,0,1,2,1,1,0,0,0,0,0,13.831613,51.030341
12,22,1,7,12,6,3,0,5,0,0,1,0,0,0,0,1,13.832463,51.001802
13,22,3,16,8,4,3,5,3,0,0,1,1,0,0,0,0,12.392566,51.322319
23,22,3,25,17,6,3,0,7,0,0,1,1,0,0,0,0,12.165897,50.415662
13,22,3,29,17,3,2,0,1,0,0,1,0,0,0,0,0,12.373655,51.336015
24,22,1,16,16,1,3,0,1,1,0,1,0,0,0,0,0,12.521443,50.833485
13,22,4,5,17,3,3,5,3,0,0,1,1,0,0,0,0,12.362914,51.330621
13,22,1,24,12,2,3,5,3,0,1,1,1,0,0,0,0,12.473899,51.358865
12,22,1,6,17,5,3,0,5,2,0,1,1,0,0,0,0,13.704244,51.085513
12,22,3,14,9,2,3,2,2,0,0,1,1,0,0,0,0,13.755128,51.04621
12,22,3,24,18,5,3,2,6,0,0,1,1,0,0,0,0,13.807456,50.99693
28,22,3,20,6,1,3,0,1,1,0,1,0,0,0,0,0,13.879231,50.965347
13,22,4,4,19,2,3,5,3,0,1,1,1,0,0,0,0,12.418356,51.364833
13,22,1,19,17,4,3,3,5,1,0,1,1,0,0,0,0,12.373594,51.330404
27,22,3,26,10,7,3,5,3,0,0,1,1,0,0,0,0,13.73134,51.21426
26,22,1,27,9,5,2,5,3,0,1,1,1,0,0,0,0,14.981214,51.139077
13,22,2,9,10,4,3,5,2,0,0,1,1,0,0,0,0,12.408216,51.340091
13,22,4,11,15,2,3,5,2,0,0,1,1,0,0,0,0,12.363822,51.345378
13,22,3,18,17,6,3,4,6,1,0,1,1,0,0,0,0,12.378913,51.343544
11,22,1,17,14,2,3,3,6,0,1,1,1,0,0,0,0,12.884664,50.834349
13,22,3,24,16,5,2,5,2,0,0,1,1,0,0,0,0,12.393133,51.33696
13,22,2,4,20,6,3,3,7,2,0,1,1,0,0,0,0,12.409133,51.345361
27,22,4,8,7,6,3,5,3,0,0,1,1,0,0,0,0,13.633292,51.105398
13,22,3,22,18,3,3,5,2,1,0,1,1,0,0,0,0,12.36268,51.321192
12,22,4,7,12,5,3,5,3,0,0,1,1,0,0,0,0,13.718463,51.029032
13,22,2,1,8,3,3,0,1,0,1,1,0,0,0,0,0,12.41186,51.374235
12,22,3,12,11,7,3,6,4,0,0,1,0,1,0,0,0,13.76104,51.030932
13,22,3,5,10,7,3,5,3,0,0,1,1,0,0,0,0,12.407584,51.351296
13,22,2,15,16,3,3,5,3,0,0,1,1,0,0,0,0,12.369946,51.355877
27,22,4,9,18,7,3,6,4,0,0,1,0,1,0,0,0,13.531932,51.289906
12,22,1,6,7,5,3,5,3,0,1,1,1,0,0,0,0,13.793859,51.041099
27,22,3,25,14,6,3,0,1,0,0,1,0,0,0,0,0,13.611649,51.108981
12,22,3,30,11,4,2,5,2,0,1,1,1,0,0,0,0,13.787101,51.015807
30,22,2,24,21,5,2,0,1,2,0,1,0,0,0,0,0,12.970564,51.56557
12,22,1,16,19,1,3,5,2,2,0,1,1,0,0,0,0,13.704764,51.046325
13,22,4,6,7,4,3,5,2,0,1,1,1,0,0,0,0,12.382083,51.33258
13,22,1,23,17,1,3,3,5,2,1,1,1,0,0,0,0,12.400172,51.341829
26,22,3,23,14,4,2,0,1,0,0,1,0,0,0,0,0,14.983556,51.158481
13,22,4,4,17,2,3,0,7,0,1,1,0,0,0,0,0,12.392176,51.345328
11,22,3,28,10,2,3,5,3,0,0,1,1,0,0,0,0,12.888138,50.845334
11,22,4,1,9,6,3,0,1,0,1,1,0,0,0,0,0,12.958861,50.816865
26,22,3,3,7,5,3,5,3,0,0,1,1,0,0,0,0,14.985977,51.153322
13,22,2,7,16,2,3,5,2,0,0,1,1,0,0,0,0,12.367493,51.388463
13,22,1,18,12,3,3,5,3,0,1,1,1,0,0,0,0,12.327654,51.326707
12,22,3,30,19,4,3,0,1,2,1,1,0,0,0,0,0,13.758039,51.052255
25,22,2,3,8,5,2,0,1,0,2,1,0,0,0,0,0,14.25607,51.439887
13,22,4,10,21,1,3,3,6,2,0,1,1,0,0,0,0,12.362425,51.33171
27,22,1,6,4,5,3,0,1,2,1,1,0,0,0,0,0,13.517777,51.294312
12,22,3,23,14,4,3,0,6,0,0,1,1,0,0,0,0,13.782392,51.033644
22,22,2,23,12,4,3,4,2,0,0,1,1,0,0,0,0,12.799652,50.883432
27,22,3,4,8,6,3,0,1,0,2,1,0,0,0,0,0,13.627668,51.118676
25,22,2,12,11,7,2,0,1,0,2,1,0,0,0,0,0,14.339368,51.308152
30,22,2,18,10,6,3,5,3,0,0,1,0,0,0,0,1,12.996277,51.558156
30,22,1,12,11,4,3,1,7,0,0,1,1,0,0,0,0,12.217689,51.399849
12,22,4,4,13,2,3,3,2,0,0,1,1,0,0,0,0,13.791754,51.04319
13,22,1,20,10,5,3,5,3,0,0,1,0,0,0,0,0,12.376594,51.341881
13,22,3,1,19,3,2,4,6,0,0,1,0,0,0,0,0,12.321271,51.302752
11,22,1,11,6,3,3,5,3,2,1,1,1,0,0,0,0,12.922508,50.845408
25,22,4,4,18,2,3,0,1,0,1,1,0,0,0,0,0,14.108578,51.27324
30,22,3,7,12,2,3,4,6,0,0,1,1,0,0,0,0,12.981871,51.552271
27,22,4,1,7,6,3,5,3,0,1,1,1,0,0,0,0,13.37907,51.317152
13,22,4,11,15,2,2,4,6,0,0,1,0,0,0,0,0,12.389776,51.328578
13,22,3,9,8,4,3,5,3,0,0,1,1,0,0,0,0,12.345649,51.330041
13,22,1,17,18,2,3,5,3,2,1,1,1,0,0,0,0,12.333744,51.340734
13,22,2,28,6,2,3,5,2,1,0,1,1,0,0,0,0,12.329283,51.340078
22,22,1,27,6,5,3,6,6,2,2,1,0,1,0,0,0,13.32167,50.905877
13,22,3,15,7,3,3,5,3,0,0,1,1,0,0,0,0,12.387456,51.357022
12,22,3,23,13,4,3,0,1,0,0,1,0,0,0,0,0,13.808337,51.052712
25,22,2,12,11,7,3,0,1,0,2,1,0,0,0,0,0,14.280279,51.446159
22,22,4,6,17,4,3,0,7,0,0,1,0,0,0,0,0,13.336217,50.91327
12,22,3,8,12,3,3,0,1,0,0,1,0,0,0,0,0,13.752121,51.061867
13,22,3,12,9,7,3,5,3,0,0,1,1,0,0,0,0,12.405853,51.344687
12,22,2,21,20,2,3,0,1,2,1,1,0,0,0,0,0,13.761225,51.053256
27,22,1,13,12,5,3,2,6,0,0,1,1,0,0,0,0,13.610435,51.109433
13,22,4,4,19,2,3,0,1,0,1,1,0,0,0,0,0,12.474808,51.338114
12,22,4,1,21,6,3,0,1,2,0,1,0,0,0,0,0,13.786386,51.028519
12,22,2,7,4,2,3,5,3,2,0,1,1,0,0,0,0,13.751497,51.050783
12,22,2,15,10,3,2,5,3,0,0,1,1,0,0,0,0,13.723624,51.05366
21,22,4,10,13,1,2,8,7,0,1,1,0,0,0,0,0,12.853578,50.791564
12,22,3,18,15,6,3,5,3,0,0,1,1,0,0,0,0,13.784683,51.049742
12,22,1,18,7,3,3,0,1,2,2,1,0,0,0,0,0,13.723833,51.08458
13,22,3,30,19,4,3,2,6,1,0,1,1,0,0,0,0,12.364649,51.356011
29,22,2,28,15,2,3,5,2,0,0,1,1,0,0,0,0,12.406745,51.150026
29,22,1,26,8,4,3,5,3,0,0,1,0,0,0,0,1,12.247776,51.164766
11,22,1,6,9,5,2,9,1,0,2,1,0,0,0,0,0,12.895561,50.826752
12,22,3,14,15,2,3,5,3,0,0,1,1,0,0,0,0,13.702232,51.045881
11,22,3,6,16,1,3,4,2,0,0,1,1,0,0,0,0,12.909051,50.839999
13,22,1,17,17,2,3,0,1,2,1,1,0,0,0,0,0,12.369874,51.360552
24,22,4,7,10,5,3,3,6,0,0,1,1,0,0,0,0,12.445856,50.842631
28,22,1,6,9,5,3,5,2,0,0,1,1,0,0,0,0,13.932684,50.968022
12,22,3,15,19,3,3,0,1,2,1,1,0,0,0,0,0,13.728348,51.056644
26,22,2,3,11,5,3,4,2,0,0,1,1,0,0,0,0,14.989432,51.153927
12,22,3,23,13,4,3,3,2,0,0,1,1,0,0,0,0,13.777916,51.053948
13,22,2,12,16,7,2,5,3,0,0,1,0,0,0,0,1,12.390339,51.29088
21,22,2,22,4,3,3,1,5,2,1,1,1,0,0,0,0,13.016265,50.675426
12,22,3,8,13,3,3,5,3,0,0,1,1,0,0,0,0,13.821239,51.003096
25,22,1,24,15,2,3,5,3,0,0,1,1,0,0,0,0,14.269687,51.434926
13,22,1,11,11,3,3,1,7,0,0,1,1,0,0,0,0,12.396272,51.346045
12,22,1,21,7,6,3,5,2,0,0,1,1,0,0,0,0,13.758759,51.049468
13,22,3,27,21,1,2,5,3,2,0,1,1,0,0,0,0,12.359533,51.361038
12,22,1,31,18,2,3,5,2,2,1,1,1,0,0,0,0,13.829872,51.010362
29,22,4,3,8,1,3,7,7,0,0,1,0,0,0,0,0,12.286468,51.191589
12,22,3,3,15,5,2,5,2,0,0,1,1,0,0,0,0,13.779169,51.039696
25,22,2,10,16,5,2,0,1,0,1,1,0,0,0,0,0,14.106953,51.485781
12,22,4,9,13,7,3,5,3,0,1,1,1,0,0,0,0,13.75601,51.055911
13,22,1,5,14,4,3,2,6,0,0,1,1,0,0,0,0,12.396462,51.372078
13,22,3,14,7,2,3,1,6,1,0,1,1,0,0,0,0,12.330358,51.339955
25,22,1,17,19,2,3,0,1,1,1,1,0,0,0,0,0,14.430794,51.182268
25,22,3,25,5,6,3,5,3,1,0,1,1,0,0,0,0,14.267722,51.434254
11,22,3,31,18,5,3,6,7,0,0,1,0,1,0,0,1,12.924966,50.834522
25,22,2,18,14,6,3,3,5,0,1,1,1,0,0,0,0,14.434784,51.186797
12,22,3,20,9,1,3,5,2,0,0,1,1,0,0,0,0,13.748881,51.037461
11,22,1,20,6,5,3,0,7,2,2,1,0,0,0,0,0,12.944022,50.828388
13,22,4,1,14,6,3,5,3,0,0,1,1,0,0,0,0,12.394264,51.346155
12,22,2,8,9,3,3,0,1,0,0,1,0,0,0,0,0,13.72479,51.075063
13,22,1,7,9,6,3,3,6,0,0,1,1,0,0,0,0,12.410096,51.35284
29,22,3,19,10,7,3,5,2,0,0,1,0,0,0,0,1,12.282901,51.153679
27,22,3,22,16,3,3,2,2,0,0,1,0,0,0,0,1,13.570224,51.123648
12,22,3,21,14,2,3,0,1,0,0,1,0,0,0,0,0,13.763128,51.0239
12,22,3,9,11,4,3,3,2,0,0,1,1,0,0,0,0,13.788619,51.043278
13,22,3,10,15,5,3,1,5,0,0,1,1,0,0,0,0,12.331586,51.337644