CSV=`UKREIS,UJAHR,UMONAT,UTAG,USTUNDE,UWOCHENTAG,UKATEGORIE,UART,UTYP,LICHT,USTRZUSTAND,IstRad,IstPKW,IstFuss,IstKrad,IstGkfz,IstSonstig,@lon,@lat
12,22,1,10,8,2,3,5,3,0,1,1,1,0,0,0,0,13.743606,51.035657
12,22,1,21,12,6,3,0,1,0,1,1,0,0,0,0,0,13.750215,51.050915
12,22,3,26,19,7,3,0,7,2,0,1,0,0,0,0,0,13.805993,51.039421
25,22,4,3,13,1,3,1,7,0,0,1,0,0,0,1,0,14.428917,51.18531
25,22,2,27,2,1,3,0,1,2,0,1,0,0,0,0,0,14.041088,51.174113
12,22,3,11,6,6,3,5,3,1,0,1,1,0,0,0,0,13.758729,51.049473
26,22,2,10,12,5,2,5,3,0,0,1,1,0,0,0,0,14.611921,50.998164
13,22,2,18,12,6,2,0,1,0,1,1,0,0,0,0,0,12.36012,51.333806
26,22,3,20,18,1,2,0,1,2,0,1,0,0,0,0,0,14.920284,51.093648
12,22,4,5,8,3,3,0,3,0,1,1,1,0,0,0,0,13.715049,51.047772
27,22,3,8,12,3,2,5,3,0,0,1,1,0,0,0,0,13.294501,51.301919
25,22,1,28,13,6,2,0,1,0,0,1,0,0,0,0,0,14.409398,51.176946
12,22,2,16,19,4,3,5,3,2,0,1,1,0,0,0,0,13.718136,51.035911
13,22,4,11,8,2,3,5,3,0,0,1,1,0,0,0,0,12.459181,51.401934
25,22,1,18,9,3,3,5,3,0,0,1,1,0,0,0,0,14.274611,51.443314
27,22,3,25,9,6,3,3,2,0,0,1,0,0,0,0,1,13.651198,51.098328
11,22,3,30,11,4,3,0,5,0,1,1,1,0,0,0,0,12.924434,50.835656
25,22,1,25,7,3,3,0,2,2,1,1,1,0,0,0,0,14.093157,51.446987
29,22,2,21,6,2,3,3,6,2,1,1,1,0,0,0,0,12.724502,51.235607
13,22,1,18,6,3,3,0,1,2,1,1,0,0,0,0,0,12.389064,51.322386
12,22,3,25,17,6,3,0,3,0,0,1,0,0,0,0,0,13.699882,51.046434
12,22,4,11,10,2,3,5,3,0,0,1,1,0,0,0,0,13.848668,51.004268
12,22,1,25,10,3,3,3,6,0,1,1,0,0,0,0,1,13.748667,51.051257
13,22,2,3,10,5,3,5,3,0,1,1,1,0,0,0,0,12.321286,51.328625
12,22,3,24,8,5,3,5,3,0,0,1,1,0,0,0,0,13.837075,51.01998
12,22,2,25,15,6,3,0,7,0,0,1,0,0,0,0,0,13.775336,51.127718
12,22,4,7,5,5,3,7,7,2,0,1,0,0,0,0,0,13.81503,51.017231
12,22,2,1,21,3,3,5,3,2,1,1,1,0,0,0,0,13.757932,51.032865
12,22,3,12,13,7,3,5,2,0,0,1,1,0,0,0,0,13.747263,51.070371
25,22,3,7,10,2,3,2,6,0,0,1,0,0,0,0,1,14.246563,51.43864
13,22,2,11,7,6,3,5,3,0,1,1,1,0,0,0,0,12.34956,51.318964
25,22,3,21,11,2,3,5,3,0,0,1,1,0,0,0,0,14.435273,51.174008
12,22,1,20,5,5,3,5,3,2,1,1,1,0,0,0,0,13.778489,51.020541
12,22,3,26,15,7,3,5,2,0,0,1,1,0,0,0,0,13.78252,51.033095
26,22,1,31,9,2,2,0,1,0,0,1,0,0,0,0,0,14.652586,51.507984
12,22,2,8,7,3,3,1,6,0,1,1,1,0,0,0,0,13.802996,51.040425
30,22,4,11,11,2,3,5,2,0,0,1,1,0,0,0,0,12.328923,51.531524
13,22,3,9,8,4,2,2,7,0,0,1,0,0,0,0,1,12.410137,51.354416
12,22,1,8,16,7,3,3,3,1,1,1,1,0,0,0,0,13.725225,51.025585
12,22,3,16,8,4,3,0,1,0,1,1,0,0,0,0,0,13.755006,51.056744
11,22,2,28,16,2,3,3,2,0,0,1,1,0,0,0,0,12.915386,50.829202
13,22,2,3,23,5,3,0,1,2,1,1,0,0,0,0,0,12.372371,51.331774
12,22,4,10,17,1,3,3,6,0,0,1,1,0,0,0,0,13.737901,51.08704
13,22,3,14,6,2,3,3,6,0,0,1,1,0,0,0,0,12.376409,51.353262
29,22,2,5,15,7,2,5,3,0,0,1,0,0,0,0,0,12.739037,51.371758
25,22,2,12,9,7,3,0,1,0,2,1,0,0,0,0,0,14.44756,51.182947
29,22,3,7,7,2,3,3,2,0,0,1,0,0,0,1,0,12.219938,51.304186
13,22,3,28,20,2,3,3,7,2,0,1,1,0,0,0,0,12.365793,51.357446
13,22,1,31,15,2,3,5,3,0,1,1,1,0,0,0,0,12.362245,51.332053
13,22,2,11,10,6,3,3,5,0,1,1,1,0,0,0,0,12.376364,51.338882
29,22,4,4,7,2,2,5,3,0,0,1,1,0,0,0,0,12.236041,51.310382
13,22,1,22,12,7,3,1,1,0,0,1,1,0,0,0,0,12.308487,51.312989
12,22,3,12,10,7,2,0,1,0,0,1,0,0,0,0,0,13.705838,51.026804
12,22,3,7,14,2,3,5,2,0,0,1,1,0,0,0,0,13.777724,51.052913
27,22,2,12,8,7,3,0,1,0,2,1,0,0,0,0,0,13.472922,51.162537
29,22,3,19,20,7,2,5,3,2,0,1,1,0,0,0,0,12.553235,51.165471
27,22,3,8,6,3,3,2,2,0,0,1,1,0,0,0,0,13.309453,51.297395
13,22,3,2,23,4,2,0,7,2,0,1,0,0,0,0,0,12.373334,51.335494
12,22,2,9,12,4,2,1,5,0,0,1,1,0,0,0,0,13.806808,51.042641
27,22,3,19,0,7,3,0,1,2,0,1,0,0,0,0,0,13.299106,51.308029
12,22,3,24,10,5,2,0,1,0,0,1,0,0,0,0,0,13.690881,51.068083
12,22,3,1,18,3,3,6,7,1,0,1,0,1,0,0,0,13.820922,51.013558
13,22,4,7,22,5,3,2,6,2,0,1,0,0,0,0,0,12.373665,51.331198
29,22,1,25,10,3,2,0,7,0,1,1,0,0,0,0,0,12.384746,51.238873
13,22,1,5,17,4,3,7,1,2,0,1,0,0,0,0,0,12.379928,51.360258
12,22,2,3,8,5,3,0,1,0,1,1,0,0,0,0,0,13.758457,51.071432
28,22,3,22,15,3,3,5,3,0,0,1,1,0,0,0,0,13.634982,51.014977
12,22,2,13,14,1,3,2,6,0,0,1,1,0,0,0,0,13.828082,51.011173
12,22,1,10,13,2,3,2,6,0,1,1,1,0,0,0,0,13.779374,51.058901
25,22,1,24,12,2,3,5,3,0,0,1,1,0,0,0,0,14.454242,51.189014
25,22,3,11,16,6,3,5,3,0,0,1,1,0,0,0,0,14.267357,51.439673
13,22,3,2,16,4,3,5,3,0,0,1,0,0,1,0,0,12.398803,51.33637
25,22,2,21,15,2,3,4,2,0,0,1,0,0,0,0,1,14.436111,51.184428
12,22,1,7,9,6,3,5,3,0,0,1,0,0,0,1,0,13.773559,51.048735
12,22,3,26,12,7,3,1,5,0,0,1,1,0,0,0,0,13.816709,51.033733
30,22,2,15,14,3,2,4,6,0,0,1,0,0,0,1,0,12.954778,51.552798
25,22,3,14,11,2,3,5,3,0,0,1,1,0,0,0,0,14.261144,51.434047
12,22,1,17,13,2,3,5,3,0,1,1,1,0,0,0,0,13.717042,51.052624
12,22,3,30,18,4,3,0,1,0,1,1,0,0,0,0,0,13.706846,51.033825
12,22,3,3,9,5,3,3,5,0,0,1,1,0,0,0,0,13.757478,51.066503
25,22,2,9,5,4,3,1,5,2,0,1,0,0,0,1,0,13.831309,51.179514
29,22,1,17,22,2,3,0,1,2,2,1,0,0,0,0,0,12.748306,51.376073
27,22,3,1,9,3,2,5,3,0,0,1,1,0,0,0,0,13.488809,51.168376
13,22,4,5,5,3,3,5,3,2,1,1,1,0,0,0,0,12.374486,51.335828
12,22,1,5,6,4,3,0,5,2,1,1,1,0,0,0,0,13.80195,51.035815
13,22,3,6,7,1,3,1,1,0,0,1,1,0,0,0,0,12.325715,51.318096
12,22,3,24,7,5,3,8,1,0,0,1,0,0,0,0,0,13.785693,51.041469
12,22,3,10,15,5,2,1,5,0,0,1,1,0,0,0,0,13.801861,51.039433
12,22,1,12,6,4,3,5,3,2,0,1,1,0,0,0,0,13.775593,51.045429
13,22,3,20,9,1,2,5,2,0,0,1,1,0,0,0,0,12.359211,51.334488
13,22,3,13,14,1,3,5,2,0,0,1,0,0,0,0,0,12.351171,51.335353
13,22,3,2,16,4,3,0,1,0,1,1,0,0,0,0,0,12.355177,51.320069
13,22,2,18,5,6,3,5,2,2,0,1,1,0,0,0,0,12.3186,51.331437
28,22,3,19,11,7,2,0,7,0,1,1,0,0,0,0,0,13.525451,50.874524
13,22,3,24,16,5,3,3,6,0,0,1,0,0,0,0,0,12.38797,51.355466
12,22,3,30,15,4,3,0,1,0,1,1,0,0,0,0,0,13.754097,51.035556
25,22,1,25,7,3,3,0,7,2,1,1,0,0,0,0,0,14.269198,51.438261
13,22,1,5,7,4,3,5,2,1,1,1,1,0,0,0,0,12.386452,51.299085
13,22,1,14,7,6,3,5,3,1,1,1,1,0,0,0,0,12.408659,51.359989
12,22,4,7,9,5,3,0,1,0,0,1,0,0,0,0,0,13.829637,51.008467
13,22,2,1,7,3,3,5,3,1,0,1,1,0,0,0,0,12.373486,51.351722
12,22,4,2,12,7,3,0,5,0,0,1,1,0,0,0,0,13.756866,51.052273
30,22,2,1,6,3,3,5,3,2,1,1,1,0,0,0,0,12.356654,51.525073
24,22,3,10,21,5,2,0,1,2,0,1,0,0,0,0,0,12.458101,50.708684
13,22,3,4,8,6,3,1,5,0,0,1,1,0,0,0,0,12.333598,51.340699
22,22,3,24,15,5,3,0,1,0,0,1,1,0,0,0,0,13.451056,50.970418
12,22,2,11,6,6,2,0,1,2,1,1,0,0,0,0,0,13.75808,51.044836
26,22,1,12,23,4,3,0,1,2,0,1,0,0,0,0,0,14.782689,51.296946
12,22,3,21,16,2,3,5,3,0,0,1,1,0,0,0,0,13.797631,51.042315
13,22,3,28,12,2,3,3,2,0,0,1,1,0,0,0,0,12.365682,51.363444
26,22,4,1,8,6,2,4,2,0,1,1,1,0,0,0,0,14.803413,50.88866
28,22,3,3,18,5,3,5,2,2,0,1,1,0,0,0,0,13.858768,50.986582
13,22,2,14,15,2,3,5,3,0,0,1,1,0,0,0,0,12.387209,51.336873
12,22,1,10,7,2,3,0,1,2,1,1,0,0,0,0,0,13.75001,51.047561
13,22,3,24,17,5,2,6,4,0,0,1,0,1,0,0,0,12.368749,51.319694
13,22,2,28,17,2,3,1,5,0,0,1,1,0,0,0,0,12.373589,51.327665
13,22,2,5,20,7,2,0,1,2,0,1,0,0,0,0,0,12.361772,51.341345
13,22,1,6,19,5,3,3,2,2,1,1,1,0,0,0,0,12.40218,51.33235
25,22,3,15,5,3,3,0,1,1,1,1,0,0,0,0,0,14.24452,51.433992
13,22,3,23,7,4,3,3,6,0,0,1,1,0,0,0,0,12.355929,51.364663
11,22,1,14,16,6,3,2,2,0,0,1,1,0,0,0,0,12.889688,50.835543
29,22,2,21,18,2,2,5,3,2,1,1,1,0,0,0,0,12.499098,51.132095
13,22,1,11,16,3,3,5,5,0,1,1,1,0,0,0,0,12.37326,51.308216
27,22,3,27,20,1,3,0,1,2,0,1,0,0,0,0,0,13.536523,51.287843
13,22,4,11,13,2,3,5,3,0,0,1,0,0,0,0,0,12.375789,51.358661
12,22,1,8,19,7,3,0,1,2,2,1,0,0,0,0,0,13.790931,51.021386
13,22,3,17,11,5,3,5,3,0,0,1,1,0,0,0,0,12.379651,51.327638
13,22,1,17,15,2,3,1,5,0,0,1,1,0,0,0,0,12.367956,51.338482
12,22,3,30,14,4,3,0,1,0,1,1,0,0,0,0,0,13.833038,51.029157
12,22,4,8,13,6,3,5,3,0,0,1,1,0,0,0,0,13.71196,51.080979
13,22,2,14,14,2,3,3,2,0,0,1,1,0,0,0,0,12.291116,51.324283
27,22,1,18,7,3,3,0,1,1,2,1,0,0,0,0,0,13.653541,51.114772
12,22,3,25,15,6,2,0,7,0,0,1,0,0,0,0,0,13.710817,51.048769
23,22,3,29,18,3,2,0,7,0,0,1,0,0,0,0,0,12.130497,50.494779
22,22,3,23,16,4,3,5,3,0,0,1,1,0,0,0,0,13.347991,50.921767
25,22,2,12,11,7,3,0,1,0,2,1,0,0,0,0,0,13.821685,51.181114
13,22,2,24,22,5,3,5,2,2,1,1,1,0,0,0,0,12.408242,51.340079
13,22,3,8,14,3,3,5,2,0,0,1,1,0,0,0,0,12.422059,51.319795
27,22,2,1,18,3,3,4,6,2,1,1,1,0,0,0,0,13.68387,51.108899
13,22,3,10,9,5,3,3,6,0,0,1,0,0,0,0,1,12.405851,51.375764
13,22,2,21,18,2,3,5,3,2,1,1,1,0,0,0,0,12.373353,51.353061
13,22,4,4,9,2,3,1,7,0,0,1,1,0,0,0,0,12.374882,51.310529
12,22,1,21,6,6,2,5,2,2,0,1,1,0,0,0,0,13.786366,51.028498
27,22,3,27,13,1,2,7,7,0,0,1,0,1,0,0,0,13.597133,51.111001
13,22,3,2,16,4,2,5,2,0,0,1,1,0,0,0,0,12.412389,51.333397
13,22,1,17,9,2,2,6,2,0,0,1,0,1,0,0,0,12.378387,51.317648
26,22,3,25,11,6,3,5,3,0,0,1,1,0,0,0,0,14.803427,50.89846
13,22,3,29,12,3,3,5,3,0,0,1,1,0,0,0,0,12.418983,51.321103
13,22,3,1,16,3,2,5,3,0,0,1,1,0,0,0,0,12.372986,51.30139
13,22,4,5,18,3,2,5,3,0,1,1,1,0,0,0,0,12.326931,51.33909
12,22,1,6,8,5,3,0,1,0,1,1,0,0,0,0,0,13.698692,51.0742
12,22,3,4,19,6,3,5,3,2,0,1,1,0,0,0,0,13.758057,51.052304
13,22,3,22,11,3,3,5,3,0,0,1,1,0,0,0,0,12.407896,51.335673
21,22,2,13,19,1,3,6,6,2,0,1,0,1,0,0,0,12.999738,50.568337
23,22,2,26,19,7,2,0,7,2,0,1,0,0,0,0,0,12.302269,50.621869
12,22,1,24,22,2,3,0,1,2,1,1,0,0,0,0,0,13.752044,51.077915
25,22,2,2,15,4,2,5,3,0,1,1,0,0,0,0,0,14.267473,51.434398
11,22,3,11,7,6,3,4,2,0,0,1,1,0,0,0,0,12.92501,50.840555
13,22,3,2,16,4,2,0,1,0,0,1,0,0,0,0,0,12.378034,51.337134
12,22,1,26,8,4,2,5,3,1,1,1,1,0,0,0,0,13.763297,51.10507
12,22,1,6,10,5,3,0,1,0,0,1,0,0,0,0,0,13.719042,51.087428
13,22,2,12,13,7,2,5,3,0,0,1,1,0,0,0,0,12.399706,51.40072
13,22,2,22,8,3,3,5,2,0,1,1,1,0,0,0,0,12.36045,51.337986
24,22,4,6,22,4,3,4,6,2,0,1,1,0,0,0,0,12.498364,50.83506
12,22,2,1,7,3,3,5,2,1,1,1,1,0,0,0,0,13.782033,51.030351
25,22,3,5,6,7,3,0,1,0,0,1,0,0,0,0,0,14.259588,51.435331
12,22,1,10,10,2,3,0,1,0,1,1,0,0,0,0,0,13.730199,51.07663
12,22,4,4,20,2,2,0,1,2,1,1,0,0,0,0,0,13.724945,51.077032
27,22,4,1,7,6,3,4,2,0,0,1,1,0,0,0,0,13.488409,51.161044
12,22,3,2,6,4,3,5,3,1,0,1,0,0,0,0,1,13.721907,51.117687
13,22,2,15,13,3,3,5,3,0,1,1,1,0,0,0,0,12.398337,51.339218
12,22,1,27,11,5,3,0,3,0,0,1,0,0,0,0,1,13.745571,51.038824
12,22,3,17,13,5,3,0,1,0,0,1,0,0,0,0,0,13.83745,51.024884
26,22,1,17,13,2,3,0,1,0,1,1,0,0,0,0,0,14.98121,51.145619
13,22,3,25,13,6,2,0,7,0,0,1,0,0,0,0,0,12.421409,51.32285
22,22,3,31,5,5,2,5,3,1,1,1,1,0,0,0,0,13.0953,51.132193
12,22,3,1,9,3,2,0,1,0,0,1,0,0,0,0,0,13.828869,50.998487
13,22,1,14,17,6,3,0,7,2,1,1,0,0,0,0,0,12.370202,51.336457
25,22,3,13,14,1,3,4,2,0,0,1,1,0,0,0,0,14.261555,51.440064
13,22,3,23,6,4,3,6,4,0,0,1,0,1,0,0,0,12.426446,51.318211
26,22,3,20,15,1,3,5,3,0,0,1,1,0,0,0,0,14.937247,51.170718
13,22,1,20,18,5,2,5,3,2,0,1,1,0,0,0,0,12.33338,51.331301
12,22,3,28,11,2,3,0,1,0,0,1,0,0,0,0,0,13.812128,51.036947
13,22,4,1,11,6,3,3,5,0,0,1,1,0,0,0,0,12.324452,51.335393
27,22,2,9,15,4,3,5,3,0,0,1,1,0,0,0,0,13.305577,51.298894
13,22,2,14,18,2,3,2,2,2,0,1,1,0,0,0,0,12.360452,51.337987
29,22,1,6,7,5,3,2,6,1,2,1,1,0,0,0,0,12.371527,51.279109
21,22,3,18,20,6,3,8,6,2,0,1,0,0,0,0,1,13.018015,50.596039
12,22,2,3,17,5,3,5,3,1,1,1,1,0,0,0,0,13.724923,51.043957
29,22,4,7,11,5,3,5,3,0,0,1,1,0,0,0,0,12.740299,51.368662
13,22,1,24,12,2,3,5,3,0,1,1,1,0,0,0,0,12.407853,51.337872
12,22,5,18,14,4,3,0,1,0,0,1,0,0,0,0,0,13.757228,51.049735
25,22,5,9,9,2,3,4,2,0,0,1,1,0,0,0,0,14.243914,51.443461
22,22,5,26,23,5,3,0,7,2,0,1,0,0,0,0,0,13.360539,50.925236
13,22,5,4,18,4,3,5,3,0,0,1,1,0,0,0,0,12.433251,51.307551
13,22,6,3,14,6,3,5,3,0,0,1,1,0,0,0,0,12.364063,51.337738
12,22,5,16,15,2,3,5,2,0,0,1,1,0,0,0,0,13.799282,51.041754
26,22,5,13,17,6,2,0,7,0,0,1,0,0,0,0,0,14.827826,51.287809
27,22,5,20,7,6,3,1,5,0,0,1,1,0,0,0,0,13.568874,51.161832
21,22,5,30,17,2,3,5,3,0,0,1,1,0,0,0,0,12.682743,50.720107
12,22,6,13,16,2,3,5,3,0,0,1,1,0,0,0,0,13.810112,51.017825
13,22,6,7,22,3,2,5,3,2,0,1,1,0,0,0,0,12.408271,51.340065
28,22,5,10,11,3,3,4,1,0,0,1,1,0,0,0,0,14.27751,50.970452
13,22,5,3,9,3,3,3,2,0,0,1,1,0,0,0,0,12.38937,51.335858
12,22,6,11,18,7,3,0,4,0,0,1,0,1,0,0,0,13.807705,51.052461
12,22,6,2,14,5,3,5,3,0,0,1,1,0,0,0,0,13.743581,51.035629
13,22,5,9,18,2,3,5,2,0,0,1,1,0,0,0,0,12.402097,51.33327
26,22,5,21,11,7,3,0,1,0,0,1,0,0,0,0,0,14.932607,51.01413
22,22,5,26,20,5,2,9,1,0,0,1,0,0,0,0,0,12.709853,50.911361
12,22,5,13,15,6,3,4,2,0,0,1,0,0,0,0,0,13.773665,51.048748
13,22,5,2,10,2,3,5,3,0,0,1,1,0,0,0,0,12.399427,51.376405
27,22,6,10,14,6,3,0,1,0,0,1,0,0,0,0,0,13.469027,51.158462
13,22,5,16,15,2,3,6,4,0,0,1,0,1,0,0,0,12.343943,51.324238
13,22,4,12,7,3,3,4,2,0,0,1,1,0,0,0,0,12.378444,51.335841
12,22,5,7,15,7,3,5,3,0,0,1,1,0,0,0,0,13.762562,51.026861
12,22,6,14,13,3,3,5,3,0,0,1,1,0,0,0,0,13.7496,51.0336
13,22,6,8,10,4,3,5,2,0,0,1,1,0,0,0,0,12.262847,51.347868
12,22,4,19,16,3,3,0,1,0,0,1,0,0,0,0,0,13.776073,51.051184
13,22,5,24,12,3,3,5,3,0,0,1,1,0,0,0,0,12.408687,51.360002
29,22,5,1,1,1,3,3,6,2,0,1,0,0,0,0,1,12.373775,51.266275
25,22,5,6,14,6,3,3,6,0,0,1,0,0,0,0,1,14.049314,51.185888
27,22,6,6,1,2,2,0,7,2,0,1,0,0,0,0,0,13.563332,51.137925
12,22,5,18,20,4,3,0,1,0,0,1,0,0,0,0,0,13.744398,51.024939
12,22,5,11,15,4,3,3,2,0,0,1,1,0,0,0,0,13.801322,51.045773
12,22,4,21,11,5,3,5,3,0,1,1,1,0,0,0,0,13.711649,51.028154
13,22,5,28,20,7,3,0,5,0,0,1,1,0,0,0,0,12.368481,51.313834
12,22,5,6,11,6,3,0,1,0,0,1,0,0,0,0,0,13.816265,51.035796
12,22,6,13,17,2,3,5,7,0,0,1,1,0,0,0,0,13.779156,51.04627
25,22,4,17,20,1,3,0,1,2,0,1,0,0,0,0,0,14.38992,51.026702
13,22,5,10,18,3,3,3,6,0,0,1,1,0,0,0,0,12.338796,51.332388
13,22,5,23,17,2,2,6,4,0,0,1,0,1,0,0,0,12.316353,51.332739
13,22,5,27,17,6,3,5,2,0,0,1,1,0,0,0,0,12.395723,51.346072
27,22,6,1,12,4,2,5,2,0,0,1,0,0,0,0,1,13.63595,51.105055
23,22,4,26,11,3,3,5,3,0,0,1,1,0,0,0,0,12.142716,50.505544
11,22,5,15,10,1,3,0,7,0,0,1,0,0,0,0,0,12.948369,50.838876
28,22,4,29,21,6,3,9,1,2,0,1,0,0,0,0,0,13.872039,50.976251
13,22,6,1,7,4,2,0,7,0,1,1,0,0,0,0,0,12.328021,51.32836
12,22,4,22,11,6,3,5,3,0,0,1,1,0,0,0,0,13.809183,51.047407
26,22,5,12,16,5,3,5,3,0,0,1,1,0,0,0,0,14.981196,51.145616
13,22,5,2,9,2,3,4,6,0,0,1,1,0,0,0,0,12.33571,51.336064
13,22,6,9,9,5,3,5,3,0,1,1,1,0,0,0,0,12.371916,51.322152
27,22,5,23,16,2,3,5,3,0,0,1,0,0,0,0,0,13.574097,51.12492
27,22,6,3,8,6,3,5,3,0,0,1,1,0,0,0,0,13.556782,51.138245
13,22,4,12,15,3,3,5,3,0,0,1,1,0,0,0,0,12.312813,51.309155
13,22,6,7,21,3,3,5,3,0,0,1,1,0,0,0,0,12.407713,51.319141
12,22,5,18,15,4,3,5,2,0,0,1,0,0,0,0,0,13.728398,51.060991
12,22,4,21,14,5,3,0,1,0,1,1,0,0,0,0,0,13.815096,51.017172
13,22,5,24,16,3,3,2,6,0,0,1,0,0,0,0,1,12.388935,51.338308
12,22,5,31,11,3,3,3,5,0,0,1,1,0,0,0,0,13.763623,51.048697
23,22,5,15,20,1,2,0,7,0,0,1,0,0,0,0,0,12.356397,50.564583
26,22,6,13,20,2,2,5,3,0,0,1,1,0,0,0,0,14.790619,50.98989
25,22,6,5,14,1,3,3,2,0,0,1,0,0,0,0,0,14.432324,51.124425
30,22,5,17,7,3,2,5,2,0,1,1,1,0,0,0,0,12.349268,51.523599
27,22,4,18,18,2,2,0,7,0,0,1,0,0,0,0,0,13.572128,51.116765
24,22,4,25,20,2,3,6,6,1,0,1,0,1,0,0,0,12.388869,50.811527
12,22,5,15,16,1,3,2,6,0,0,1,1,0,0,0,0,13.707772,51.029868
13,22,5,4,7,4,3,1,6,0,0,1,0,0,0,0,0,12.342973,51.322418
11,22,6,11,7,7,3,7,7,0,0,1,0,0,0,0,0,12.913607,50.838077
13,22,6,4,15,7,3,5,2,0,0,1,1,0,0,0,0,12.376471,51.352387
27,22,5,17,17,3,3,0,6,0,1,1,0,0,1,0,0,13.701873,51.117002
22,22,4,14,18,5,3,3,2,0,1,1,1,0,0,0,0,13.109205,51.121291
26,22,5,9,10,2,3,5,3,0,0,1,1,0,0,0,0,14.614652,51.499852
12,22,5,25,12,4,3,5,2,0,0,1,0,0,0,0,1,13.782249,51.013836
25,22,4,16,14,7,3,5,3,0,0,1,1,0,0,0,0,14.24422,51.435236
21,22,5,11,8,4,3,0,7,0,0,1,0,0,0,0,0,12.648269,50.596483
25,22,5,27,10,6,3,1,5,0,0,1,1,0,0,0,0,14.433461,51.176597
12,22,5,31,13,3,3,0,1,0,0,1,0,0,0,0,0,13.838277,51.023822
26,22,5,4,10,4,3,0,1,0,0,1,0,0,0,0,0,14.981194,51.145615
30,22,4,13,7,4,2,5,3,0,0,1,1,0,0,0,0,12.494962,51.377098
12,22,5,23,15,2,3,0,1,0,0,1,0,0,0,0,0,13.81563,51.035977
13,22,4,23,17,7,3,2,6,0,0,1,1,0,0,0,0,12.37135,51.339698
29,22,5,12,17,5,3,5,3,0,0,1,1,0,0,0,0,12.354993,51.272579
30,22,5,19,13,5,3,5,3,0,0,1,1,0,0,0,0,12.486544,51.380882
27,22,6,3,13,6,3,0,7,0,0,1,0,0,0,0,0,13.657278,51.103086
13,22,4,12,9,3,3,6,4,0,0,1,0,1,0,0,0,12.34471,51.367257
12,22,5,7,9,7,2,7,1,0,0,1,0,0,0,0,0,13.740388,51.05647
12,22,5,19,15,5,2,5,3,0,0,1,0,0,0,0,1,13.60315,51.082014
13,22,5,24,19,3,3,5,3,1,0,1,1,0,0,0,0,12.381526,51.336647
21,22,6,1,8,4,3,5,3,0,0,1,0,0,0,0,1,12.785951,50.713865
26,22,6,7,15,3,2,0,1,0,1,1,0,0,0,0,0,14.992835,51.152552
13,22,4,14,19,5,3,0,1,1,1,1,0,0,0,0,0,12.287131,51.360147
22,22,5,10,19,3,2,0,7,0,0,1,0,0,0,0,0,13.331427,50.892815
12,22,5,23,6,2,3,1,5,0,0,1,1,0,0,0,0,13.721019,51.053904
25,22,5,26,17,5,3,8,1,0,0,1,0,0,0,0,0,13.882642,51.271217
12,22,6,12,18,1,2,0,7,0,0,1,0,0,0,0,0,13.843528,51.049734
11,22,6,5,15,1,3,3,6,0,0,1,0,0,0,0,0,12.800483,50.812863
12,22,5,17,7,3,3,0,1,0,1,1,0,0,0,0,0,13.715052,51.047818
24,22,5,7,23,7,2,8,1,2,0,1,0,0,0,0,0,12.335838,50.688171
12,22,5,3,10,3,2,5,3,0,0,1,1,0,0,0,0,13.755189,51.055545
13,22,5,20,10,6,3,5,3,0,0,1,1,0,0,0,0,12.363212,51.369113
29,22,4,19,7,3,2,5,3,0,0,1,1,0,0,0,0,12.326092,51.218329
12,22,6,3,16,6,3,0,7,0,0,1,0,0,0,0,0,13.731284,51.051381
28,22,5,1,12,1,3,3,6,0,0,1,1,0,0,0,0,13.974506,50.957931
13,22,6,13,15,2,3,4,6,0,0,1,1,0,0,0,0,12.455656,51.28187
13,22,5,11,6,4,3,5,3,0,1,1,1,0,0,0,0,12.453606,51.383928
13,22,6,8,7,4,3,5,3,0,0,1,1,0,0,0,0,12.36607,51.364466
13,22,5,18,15,4,3,5,3,0,0,1,0,0,0,0,1,12.392692,51.330618
13,22,4,15,10,6,3,5,2,0,0,1,1,0,0,0,0,12.355224,51.381413
22,22,5,11,16,4,3,5,3,0,0,1,1,0,0,0,0,13.188063,50.799766
25,22,4,23,11,7,2,0,1,0,0,1,0,0,0,0,0,14.377117,51.096382
13,22,5,2,15,2,3,5,2,0,0,1,1,0,0,0,0,12.367738,51.35847
29,22,6,9,10,5,3,5,3,0,0,1,0,0,0,0,1,12.599958,51.331101
12,22,6,2,18,5,2,6,2,0,0,1,0,1,0,0,0,13.698894,51.042187
22,22,4,21,7,5,3,0,1,0,1,1,0,0,0,0,0,13.140612,51.12061
12,22,6,3,21,6,3,0,1,2,0,1,0,0,0,0,0,13.743525,51.040227
30,22,4,27,17,4,3,5,3,0,0,1,1,0,0,0,0,12.634706,51.459834
12,22,4,13,14,4,3,5,3,0,0,1,1,0,0,0,0,13.711592,51.049219
27,22,6,14,11,3,3,6,4,0,0,1,0,1,0,0,0,13.470794,51.16318
12,22,5,11,7,4,3,5,3,0,0,1,0,0,0,0,0,13.724945,51.057626
29,22,6,8,8,4,3,1,1,0,0,1,1,0,0,0,0,12.714824,51.235784
12,22,5,19,11,5,3,3,2,0,0,1,0,0,0,0,1,13.759193,51.028333
22,22,6,2,16,5,3,5,3,0,0,1,1,0,0,0,0,13.071857,50.856293
26,22,5,23,9,2,3,0,1,0,0,1,0,0,0,0,0,14.63878,51.493909