CSV=`UKREIS,UJAHR,UMONAT,UTAG,USTUNDE,UWOCHENTAG,UKATEGORIE,UART,UTYP,LICHT,USTRZUSTAND,IstRad,IstPKW,IstFuss,IstKrad,IstGkfz,IstSonstig,@lon,@lat
29,22,5,27,19,6,3,1,5,0,0,1,1,0,0,0,0,12.539543,51.344328
24,22,5,15,17,1,3,5,3,0,0,1,1,0,0,0,0,12.455179,50.845149
21,22,5,1,18,1,3,0,1,0,0,1,0,0,0,0,0,12.709981,50.725316
25,22,5,5,8,5,2,5,3,0,0,1,1,0,0,0,0,14.261899,51.441028
12,22,6,7,15,3,3,7,7,0,0,1,0,0,0,0,0,13.730897,51.076934
13,22,5,17,10,3,2,0,1,0,1,1,0,0,0,0,0,12.354123,51.350799
13,22,4,13,14,4,2,5,2,0,0,1,0,0,0,1,0,12.396059,51.31015
13,22,5,21,18,7,3,2,6,0,0,1,1,0,0,0,0,12.361576,51.332745
12,22,5,26,18,5,3,0,1,0,0,1,0,0,0,0,0,13.691468,51.051432
12,22,4,25,17,2,3,2,6,0,0,1,1,0,0,0,0,13.771907,51.046965
26,22,6,11,11,7,3,6,4,0,0,1,0,1,0,0,0,14.983719,51.150879
12,22,6,5,10,1,3,1,3,0,0,1,1,0,0,0,0,13.701179,51.042027
25,22,5,16,17,2,3,0,1,0,0,1,0,0,0,0,0,14.276224,51.432865
13,22,4,28,17,5,3,5,3,0,0,1,1,0,0,0,0,12.327057,51.341768
13,22,4,12,5,3,2,5,2,1,0,1,0,0,1,0,0,12.287721,51.414077
24,22,5,6,18,6,2,0,1,1,0,1,0,0,0,0,0,12.696008,50.800586
29,22,6,14,7,3,3,5,3,0,0,1,1,0,0,0,0,12.715852,51.23021
25,22,5,11,11,4,2,5,3,0,0,1,1,0,0,0,0,14.255812,51.438737
23,22,5,19,18,5,3,5,2,0,0,1,0,0,1,0,0,12.335323,50.567702
21,22,4,20,8,4,2,3,2,0,0,1,1,0,0,0,0,12.787796,50.542165
21,22,6,14,18,3,3,5,3,0,0,1,1,0,0,0,0,13.141804,50.74987
24,22,6,5,13,1,2,0,7,0,0,1,0,0,0,0,0,12.553189,50.662167
13,22,5,18,20,4,2,0,3,0,0,1,0,0,0,0,1,12.385381,51.343552
11,22,5,11,7,4,3,5,3,0,0,1,1,0,0,0,0,12.936746,50.885346
12,22,5,27,16,6,3,5,3,0,0,1,1,0,0,0,0,13.725213,51.05021
13,22,5,3,14,3,3,1,3,0,0,1,1,0,0,0,0,12.426718,51.304306
12,22,6,11,11,7,3,0,1,0,0,1,0,0,0,0,0,13.813256,51.045586
29,22,6,3,19,6,3,5,3,0,0,1,0,0,0,0,0,12.233951,51.148427
13,22,4,14,17,5,3,1,2,0,1,1,1,0,0,0,0,12.430392,51.321781
11,22,5,21,23,7,3,1,5,2,0,1,1,0,0,0,0,12.906092,50.846707
26,22,5,25,11,4,3,0,1,0,0,1,0,0,0,0,0,14.648632,51.501157
13,22,4,22,19,6,3,3,3,1,0,1,1,0,0,0,0,12.361805,51.332551
13,22,5,12,16,5,3,3,6,0,0,1,0,0,0,0,0,12.341211,51.32577
12,22,5,3,14,3,3,1,5,0,0,1,1,0,0,0,0,13.758756,51.033746
22,22,6,1,22,4,3,5,3,2,0,1,1,0,0,0,0,12.977598,51.102226
26,22,4,25,8,2,2,0,7,0,0,1,0,0,0,0,0,14.804171,50.888346
24,22,4,29,15,6,2,2,6,0,0,1,1,0,0,0,0,12.576243,50.72568
13,22,5,4,16,4,3,5,3,0,0,1,1,0,0,0,0,12.312022,51.27481
12,22,6,7,18,3,2,5,3,0,0,1,1,0,0,0,0,13.670681,51.042334
24,22,4,13,14,4,3,5,3,0,0,1,1,0,0,0,0,12.479489,50.718102
25,22,5,9,13,2,2,4,2,0,0,1,1,0,0,0,0,14.094799,51.455041
23,22,5,22,16,1,3,4,6,0,0,1,1,0,0,0,0,12.135087,50.516328
27,22,5,26,16,5,3,1,5,0,0,1,1,0,0,0,0,13.320209,51.320865
13,22,5,12,9,5,3,5,3,0,0,1,1,0,0,0,0,12.315137,51.354727
26,22,5,2,19,2,2,5,3,0,0,1,1,0,0,0,0,14.708273,50.913347
27,22,4,28,7,5,2,5,3,0,0,1,1,0,0,0,0,13.321346,51.31879
12,22,4,12,18,3,3,0,7,0,0,1,0,0,0,0,0,13.847795,51.007866
30,22,5,6,13,6,2,5,3,0,0,1,1,0,0,0,0,12.344458,51.524552
12,22,6,1,6,4,3,4,2,0,0,1,1,0,0,0,0,13.790931,51.021386
13,22,5,11,19,4,3,1,7,0,0,1,1,0,0,0,0,12.325851,51.311176
21,22,6,8,17,4,3,0,1,0,0,1,0,0,0,0,0,12.706335,50.717143
25,22,5,20,11,6,3,7,1,0,0,1,0,0,0,0,0,14.032384,51.139
27,22,4,21,9,5,3,5,3,0,1,1,1,0,0,0,0,13.298145,51.305626
13,22,5,24,18,3,3,0,7,0,0,1,0,0,0,0,0,12.325531,51.318562
13,22,5,28,16,7,3,0,7,0,0,1,0,0,0,0,0,12.373743,51.326684
12,22,4,27,13,4,3,1,5,0,0,1,1,0,0,0,0,13.779694,51.034703
13,22,5,1,22,1,3,4,6,2,0,1,1,0,0,0,0,12.319287,51.373364
12,22,6,13,11,2,3,0,1,0,0,1,0,0,0,0,0,13.75388,51.057779
11,22,5,19,15,5,3,0,6,0,0,1,1,0,0,0,0,12.914995,50.836863
13,22,4,15,13,6,3,0,7,0,0,1,0,0,0,0,0,12.406008,51.341905
13,22,5,10,8,3,3,5,3,0,0,1,1,0,0,0,0,12.372989,51.301396
22,22,5,27,23,6,1,9,1,2,0,1,0,0,0,0,0,12.705445,50.939129
13,22,5,13,15,6,3,5,3,0,0,1,1,0,0,0,0,12.406536,51.379223
12,22,5,4,15,4,3,5,3,0,0,1,1,0,0,0,0,13.730935,51.076951
12,22,4,14,17,5,3,0,1,0,0,1,0,0,0,0,0,13.778029,51.052912
13,22,5,9,16,2,3,0,7,0,0,1,0,1,0,0,0,12.454208,51.347491
11,22,4,22,11,6,3,1,5,0,0,1,1,0,0,0,0,12.915972,50.838355
24,22,5,12,14,5,2,9,1,0,0,1,0,0,0,0,0,12.472028,50.692283
12,22,5,3,7,3,3,5,3,0,0,1,1,0,0,0,0,13.789528,51.018321
12,22,6,9,14,5,3,5,3,0,1,1,1,0,0,0,0,13.714183,51.052475
29,22,5,19,11,5,3,5,3,0,0,1,1,0,0,0,0,12.580227,51.316078
13,22,5,7,14,7,3,5,3,0,0,1,0,0,0,1,0,12.376941,51.343764
12,22,6,14,8,3,3,0,7,0,0,1,0,0,0,0,0,13.814657,50.998124
24,22,6,8,0,4,2,9,1,2,0,1,0,0,0,0,0,12.719222,50.804906
12,22,4,21,8,5,3,3,7,0,1,1,1,0,0,0,0,13.776312,51.067892
12,22,5,25,12,4,3,3,5,0,0,1,1,0,0,0,0,13.728798,51.05622
13,22,5,16,9,2,3,3,2,0,0,1,0,0,0,0,1,12.393432,51.286171
27,22,4,12,7,3,2,9,2,0,0,1,1,0,0,0,0,13.300183,51.060256
28,22,5,12,11,5,3,0,1,0,0,1,0,0,0,0,0,13.872005,50.975836
13,22,5,15,15,1,3,3,2,0,0,1,1,0,0,0,0,12.381598,51.331747
12,22,5,5,9,5,3,0,6,0,0,1,1,0,0,0,0,13.777226,51.059706
26,22,5,18,19,4,3,0,1,0,0,1,0,0,0,0,0,14.809799,50.870756
24,22,4,18,14,2,3,8,1,0,0,1,0,0,0,0,0,12.384626,50.802771
29,22,5,26,13,5,2,5,3,0,0,1,1,0,0,0,0,12.407591,51.149467
13,22,4,26,7,3,3,4,6,0,0,1,1,0,0,0,0,12.293375,51.303807
13,22,5,13,7,6,2,4,6,0,0,1,0,0,0,0,0,12.305107,51.326869
13,22,4,30,1,7,3,1,5,2,0,1,1,0,0,0,0,12.373669,51.323328
13,22,6,12,14,1,3,5,3,0,0,1,1,0,0,0,0,12.430815,51.362804
12,22,6,5,15,1,3,0,1,0,0,1,0,0,0,0,0,13.838139,51.02399
24,22,5,17,17,3,3,5,3,0,0,1,1,0,0,0,0,12.769929,50.852097
29,22,5,9,7,2,3,1,5,0,0,1,0,0,0,0,1,12.359498,51.292501
12,22,5,21,15,7,3,0,1,0,0,1,0,0,0,0,0,13.761476,51.055053
29,22,5,2,9,2,3,1,5,0,0,1,1,0,0,0,0,12.373172,51.286556
23,22,5,20,19,6,3,0,1,0,0,1,0,0,0,0,0,12.135285,50.51637
13,22,6,7,20,3,3,5,3,0,0,1,0,0,0,0,0,12.3634,51.329368
13,22,5,23,13,2,2,5,3,0,0,1,1,0,0,0,0,12.416318,51.315176
12,22,6,1,15,4,2,5,3,0,0,1,1,0,0,0,0,13.739331,51.036985
28,22,4,27,14,4,2,0,1,0,0,1,0,0,0,0,0,13.860543,50.979728
12,22,5,2,7,2,3,2,6,0,0,1,1,0,0,0,0,13.683789,51.086627
13,22,5,6,13,6,3,3,6,0,0,1,1,0,0,0,0,12.334389,51.319707
12,22,6,14,16,3,3,2,6,0,0,1,1,0,0,0,0,13.773546,51.042804
22,22,6,7,14,3,3,5,3,0,0,1,1,0,0,0,0,13.124464,50.970262
12,22,4,14,19,5,3,5,3,1,1,1,1,0,0,0,0,13.74747,51.078452
11,22,5,10,15,3,3,1,5,0,0,1,1,0,0,0,0,12.957598,50.833495
12,22,5,23,16,2,3,5,3,0,0,1,0,0,0,0,0,13.76751,51.042567
12,22,5,26,18,5,3,8,1,0,0,1,0,0,0,0,0,13.70233,51.043872
27,22,5,15,14,1,3,3,6,0,0,1,0,0,1,0,0,13.636117,51.121354
11,22,4,29,16,6,3,0,7,0,0,1,0,0,0,0,0,12.849015,50.816416
13,22,5,4,10,4,3,5,3,0,1,1,1,0,0,0,0,12.315168,51.354725
13,22,6,11,18,7,2,5,3,0,0,1,1,0,0,0,0,12.396016,51.296204
12,22,5,16,14,2,3,5,2,0,0,1,1,0,0,0,0,13.780461,51.030989
29,22,5,17,19,3,3,0,1,0,0,1,0,0,0,0,0,12.40995,51.151923
25,22,5,10,11,3,3,0,6,0,0,1,0,0,0,1,0,13.979568,51.098405
27,22,5,24,20,3,2,0,7,0,0,1,0,0,0,0,0,13.650926,51.109114
29,22,5,26,22,5,3,1,1,2,0,1,1,0,0,0,0,12.716979,51.220893
12,22,5,4,17,4,2,7,1,0,0,1,0,0,0,0,0,13.740388,51.05647
12,22,5,17,7,3,3,5,3,0,1,1,1,0,0,0,0,13.758055,51.052298
12,22,4,13,14,4,3,1,5,0,0,1,1,0,0,0,0,13.707122,51.027812
21,22,5,9,18,2,2,0,1,0,0,1,0,0,0,0,0,12.650585,50.630069
12,22,5,26,16,5,2,3,6,0,0,1,0,0,0,0,0,13.706057,51.076668
12,22,5,13,10,6,3,0,6,0,0,1,0,0,0,0,1,13.752071,51.050617
11,22,4,20,9,4,3,0,1,0,0,1,0,0,0,0,0,12.925673,50.823318
12,22,5,8,1,1,2,0,1,2,0,1,0,0,0,0,0,13.741097,51.057438
13,22,5,11,15,4,3,5,3,0,0,1,1,0,0,0,0,12.390857,51.338677
25,22,6,8,10,4,3,6,7,0,0,1,0,1,0,0,0,13.918836,51.11633
24,22,4,18,11,2,3,0,1,0,0,1,0,0,0,0,0,12.702885,50.796937
12,22,4,30,9,7,2,0,1,0,0,1,0,0,0,0,0,13.688676,51.042532
27,22,5,4,7,4,2,4,2,0,0,1,1,0,0,0,0,13.575455,51.121666
12,22,6,7,15,3,3,0,1,0,0,1,0,0,0,0,0,13.788846,51.119343
12,22,5,18,19,4,3,1,1,0,0,1,1,0,0,0,0,13.744756,51.066963
13,22,4,14,9,5,3,5,2,0,0,1,1,0,0,0,0,12.367517,51.320966
29,22,5,9,12,2,3,5,3,0,0,1,1,0,0,0,0,12.281275,51.156413
26,22,5,22,10,1,3,0,7,0,0,1,0,0,0,0,0,14.659986,50.891495
26,22,5,26,21,5,2,0,1,2,0,1,0,0,0,0,0,14.612876,50.977086
13,22,5,12,12,5,3,0,6,0,0,1,0,0,0,0,0,12.445125,51.344522
23,22,5,2,16,2,3,1,5,0,0,1,1,0,0,0,0,12.146655,50.517812
12,22,6,10,13,6,2,5,3,0,0,1,1,0,0,0,0,13.745283,51.026822
12,22,5,16,7,2,3,5,3,0,0,1,0,0,0,0,1,13.743676,51.050004
13,22,6,14,17,3,2,5,3,0,0,1,0,0,0,1,0,12.326937,51.339092
27,22,5,11,13,4,3,3,2,0,0,1,1,0,0,0,0,13.528191,51.294571
12,22,6,8,12,4,3,0,1,0,0,1,0,0,0,0,0,13.876422,50.993539
13,22,5,30,11,2,3,5,3,0,0,1,1,0,0,0,0,12.338796,51.337188
12,22,5,6,20,6,3,5,3,1,0,1,1,0,0,0,0,13.692785,51.085764
13,22,6,3,18,6,2,5,3,0,0,1,0,0,0,0,0,12.369045,51.399856
24,22,5,16,23,2,3,1,5,2,1,1,0,0,0,0,1,12.527719,50.82305
13,22,4,27,13,4,2,5,3,0,0,1,1,0,0,0,0,12.320986,51.345315
21,22,4,13,11,4,3,6,1,0,0,1,0,1,0,0,0,12.717298,50.725939
13,22,5,6,7,6,3,5,3,0,0,1,1,0,0,0,0,12.409107,51.338684
21,22,6,3,13,6,2,4,1,0,0,1,1,0,0,0,0,12.941643,50.667981
13,22,5,30,16,2,3,5,3,0,0,1,1,0,0,0,0,12.333863,51.330478
12,22,6,1,17,4,3,0,1,0,0,1,0,0,0,0,0,13.802722,51.040569
12,22,6,13,19,2,3,5,3,0,0,1,0,0,0,0,1,13.678615,51.051911
26,22,5,11,7,4,3,0,1,0,0,1,0,0,0,0,0,14.978077,51.146077
29,22,5,18,7,4,3,1,6,0,0,1,0,0,0,0,0,12.372153,51.279382
24,22,4,16,16,7,3,1,1,0,0,1,1,0,0,0,0,12.386985,50.818485
24,22,5,10,5,3,3,5,3,0,0,1,1,0,0,0,0,12.495768,50.699616
22,22,5,28,16,7,3,1,5,0,0,1,1,0,0,0,0,12.923935,51.155972
13,22,5,14,13,7,3,5,2,0,0,1,1,0,0,0,0,12.343921,51.324189
25,22,4,30,19,7,3,0,1,0,0,1,0,0,0,0,0,14.437838,51.185274
29,22,6,10,15,6,3,5,3,0,0,1,1,0,0,0,0,12.641191,51.358728
11,22,6,7,15,3,3,0,7,0,0,1,0,0,0,0,0,12.925394,50.820822
29,22,4,14,12,5,2,0,1,0,0,1,0,0,0,0,0,12.742202,51.379251
11,22,5,9,10,2,3,5,3,0,0,1,1,0,0,0,0,12.847769,50.824964
26,22,5,12,18,5,3,0,1,0,0,1,0,0,0,0,0,14.997653,51.149354
25,22,6,10,15,6,3,0,1,0,0,1,0,0,0,0,0,14.181094,51.135718
12,22,6,3,9,6,3,3,2,0,0,1,1,0,0,0,0,13.773681,51.048764
12,22,4,12,18,3,3,0,1,0,0,1,0,0,0,0,0,13.783479,51.053469
12,22,5,7,10,7,2,5,3,0,0,1,1,0,0,0,0,13.757839,51.075869
29,22,6,14,13,3,3,6,4,0,0,1,0,1,0,0,0,12.365365,51.285901
28,22,5,12,21,5,2,0,7,2,0,1,0,0,0,0,0,13.965793,50.925534
24,22,5,19,20,5,3,5,2,1,0,1,1,0,0,0,0,12.487149,50.712497
28,22,5,1,15,1,3,1,5,0,0,1,1,0,0,0,0,14.222366,51.049146
12,22,5,18,18,4,3,5,3,0,0,1,1,0,0,0,0,13.692628,51.041357
13,22,5,24,15,3,3,5,3,0,0,1,1,0,0,0,0,12.385341,51.34118
13,22,5,27,8,6,3,5,3,0,1,1,1,0,0,0,0,12.393153,51.336956
12,22,6,1,18,4,3,5,3,0,0,1,1,0,0,0,0,13.689915,51.044123
13,22,4,26,17,3,3,0,4,0,0,1,0,1,0,0,0,12.408151,51.371947
29,22,6,3,17,6,2,5,3,0,0,1,1,0,0,0,0,12.381196,51.202006
26,22,5,18,9,4,3,5,3,0,0,1,1,0,0,0,0,14.829588,51.296636
11,22,6,2,6,5,3,0,3,0,0,1,0,0,0,0,1,12.911409,50.871671
21,22,4,19,16,3,3,0,7,0,0,1,0,0,0,0,0,12.614435,50.587695
24,22,5,10,9,3,3,5,3,0,0,1,1,0,0,0,0,12.499562,50.717974
12,22,5,15,8,1,3,0,1,0,0,1,1,0,0,0,0,13.731599,51.090455
13,22,4,29,9,6,2,0,1,0,0,1,0,0,0,0,0,12.374768,51.30843
12,22,5,4,5,4,3,5,3,1,0,1,1,0,0,0,0,13.794626,51.041972
13,22,6,12,2,1,3,0,7,2,0,1,0,0,0,0,0,12.372759,51.343174
24,22,6,4,19,7,3,5,7,0,0,1,1,0,0,0,0,12.554297,50.817723
13,22,6,1,8,4,3,5,3,0,0,1,1,0,0,0,0,12.260556,51.31297
25,22,4,14,14,5,3,0,6,0,0,1,0,1,0,0,0,14.424634,51.182342
30,22,5,25,8,4,3,9,6,0,0,1,1,0,0,0,0,12.921051,51.56742
12,22,5,3,18,3,3,0,1,0,0,1,0,0,0,0,0,13.731054,51.057672
27,22,6,3,13,6,2,9,1,0,0,1,0,0,0,0,0,13.546365,51.082538
12,22,5,16,18,2,2,0,1,0,0,1,0,0,0,0,0,13.667351,51.038926
13,22,4,27,15,4,3,5,3,0,0,1,1,0,0,0,0,12.331942,51.340294
13,22,5,8,5,1,3,0,7,1,0,1,0,0,0,0,0,12.406291,51.345511
12,22,5,12,18,5,3,5,2,0,0,1,1,0,0,0,0,13.683405,51.042429
11,22,6,8,22,4,3,8,1,2,0,1,0,0,0,0,0,12.901458,50.836644
12,22,5,31,20,3,2,5,3,0,1,1,0,0,0,0,0,13.761513,51.0549
23,22,5,31,14,3,2,4,2,0,0,1,1,0,0,0,0,12.332737,50.26904
13,22,5,10,21,3,3,5,3,1,0,1,1,0,0,0,0,12.383375,51.334896
24,22,4,26,14,3,3,5,7,0,0,1,1,0,0,0,0,12.773112,50.855077
13,22,6,4,4,7,3,1,5,1,0,1,1,0,0,0,0,12.401724,51.343777
12,22,5,16,8,2,2,5,2,0,0,1,0,0,0,0,1,13.808157,51.044968
12,22,5,9,19,2,3,5,3,0,0,1,1,0,0,0,0,13.768249,51.047972
26,22,5,26,11,5,2,0,1,0,0,1,0,0,0,0,0,14.857098,51.286755
30,22,5,12,9,5,3,5,3,0,0,1,1,0,0,0,0,12.335281,51.518279
13,22,6,10,8,6,3,5,2,0,0,1,1,0,0,0,0,12.371292,51.339731
13,22,5,30,13,2,3,1,5,0,0,1,1,0,0,0,0,12.390773,51.343261
29,22,4,27,6,4,2,5,3,0,0,1,1,0,0,0,0,12.548388,51.235646
13,22,5,8,18,1,3,5,3,0,0,1,1,0,0,0,0,12.276237,51.313762
28,22,4,14,17,5,2,2,5,0,0,1,1,0,0,0,0,14.204166,51.028638
28,22,5,9,13,2,3,8,1,0,0,1,0,0,0,0,0,14.055305,50.92947
21,22,5,23,12,2,2,3,6,0,0,1,1,0,0,0,0,12.784251,50.53558
13,22,5,25,11,4,3,5,2,0,0,1,1,0,0,0,0,12.398072,51.317471
25,22,6,1,9,4,3,5,3,0,0,1,0,0,0,0,0,14.328024,51.092006
12,22,4,22,8,6,2,5,3,0,0,1,1,0,0,0,0,13.7772,51.060054
12,22,6,9,8,5,2,5,3,0,0,1,1,0,0,0,0,13.756576,51.055098
30,22,5,19,16,5,3,0,7,0,0,1,1,0,0,0,0,12.497099,51.380537
29,22,6,2,17,5,2,1,1,0,0,1,1,0,0,0,0,12.224516,51.30291
22,22,4,28,14,5,3,5,3,0,0,1,1,0,0,0,0,12.799174,51.047039
12,22,5,7,5,7,3,5,3,0,0,1,1,0,0,0,0,13.740799,51.047233
12,22,5,12,10,5,3,5,3,0,0,1,1,0,0,0,0,13.809203,51.016355
29,22,6,8,6,4,3,5,3,0,0,1,1,0,0,0,0,12.364977,51.277108
12,22,5,18,8,4,3,1,5,0,0,1,1,0,0,0,0,13.78681,51.01574
30,22,5,24,11,3,3,1,5,0,0,1,1,0,0,0,0,12.338095,51.527335
11,22,5,31,17,3,2,0,1,0,0,1,0,0,0,0,0,12.928512,50.804319
11,22,5,16,12,2,3,5,3,0,0,1,1,0,0,0,0,12.884366,50.792909
25,22,5,2,18,2,3,0,7,0,0,1,0,0,0,0,0,14.239392,51.437733
30,22,5,4,10,4,2,0,7,0,1,1,0,0,0,0,0,12.345922,51.525177
12,22,6,14,11,3,3,5,2,0,0,1,1,0,0,0,0,13.757239,51.049733
13,22,6,5,20,1,2,0,1,0,1,1,0,0,0,0,0,12.335926,51.336633
13,22,5,23,14,2,3,5,3,0,0,1,0,0,0,0,0,12.41139,51.389186
29,22,5,26,23,5,3,0,1,2,0,1,0,0,0,0,0,12.718973,51.2194
13,22,4,29,16,6,3,5,3,0,0,1,1,0,0,0,0,12.393143,51.336958
28,22,6,12,16,1,3,8,1,0,0,1,0,0,0,0,0,13.724165,50.994852
28,22,6,4,9,7,2,0,7,0,1,1,0,0,0,0,0,14.017774,50.952043
12,22,5,17,8,3,3,3,5,0,1,1,1,0,0,0,0,13.777853,51.054098
13,22,4,27,17,4,3,0,4,0,0,1,0,1,0,0,0,12.375188,51.334243
12,22,5,7,9,7,2,5,3,0,0,1,0,0,0,0,1,13.781199,51.035725
12,22,4,23,10,7,2,5,3,0,0,1,1,0,0,0,0,13.773471,51.047613
28,22,5,3,15,3,2,8,7,0,0,1,0,0,0,0,0,13.559227,50.919542
13,22,6,10,7,6,3,1,7,0,0,1,1,0,0,0,0,12.407492,51.356214
13,22,5,19,0,5,3,3,6,2,0,1,1,0,0,0,0,12.339133,51.326909
12,22,4,20,5,4,3,5,3,1,0,1,1,0,0,0,0,13.82658,50.998278
12,22,6,2,18,5,3,0,7,0,0,1,0,0,0,0,0,13.675904,51.062392
12,22,5,6,6,6,3,5,3,0,0,1,1,0,0,0,0,13.778489,51.020541
26,22,6,13,11,2,3,2,6,0,0,1,1,0,0,0,0,14.804549,50.889782
13,22,5,11,16,4,2,3,2,0,0,1,1,0,0,0,0,12.38208,51.332575
13,22,5,18,17,4,3,2,6,0,0,1,0,0,0,0,0,12.373744,51.343133
21,22,6,2,7,5,1,1,5,0,0,1,0,0,0,1,0,12.98941,50.512778
26,22,4,18,3,2,3,0,1,2,0,1,0,0,0,0,0,14.858253,51.225504
11,22,5,11,9,4,2,5,2,0,0,1,1,0,0,0,0,12.917263,50.845062
13,22,5,23,9,2,2,5,3,0,0,1,1,0,0,0,0,12.413348,51.322539
12,22,5,27,17,6,3,1,5,0,0,1,1,0,0,0,0,13.699001,51.07294
12,22,4,29,13,6,3,8,1,0,0,1,0,0,0,0,0,13.821617,51.031868
13,22,5,4,14,4,3,5,3,0,0,1,1,0,0,0,0,12.358431,51.379198
13,22,6,10,9,6,3,6,6,0,0,1,0,1,0,0,0,12.380099,51.339201
29,22,6,6,12,2,2,5,3,0,0,1,0,0,0,0,0,12.253511,51.288743
12,22,4,14,19,5,3,0,1,1,1,1,0,0,0,0,0,13.784387,51.03499
26,22,5,11,12,4,3,0,1,0,0,1,0,0,0,0,0,14.807775,50.895108
13,22,6,8,10,4,3,5,2,0,0,1,1,0,0,0,0,12.262843,51.347868
27,22,5,19,12,5,2,4,2,0,0,1,0,0,0,0,1,13.263734,51.303249
22,22,5,11,16,4,3,0,7,0,0,1,0,0,0,0,0,12.817642,50.877434
13,22,5,31,15,3,3,3,6,0,0,1,0,0,0,0,0,12.385074,51.365744
12,22,5,2,18,2,3,0,1,0,0,1,0,0,0,0,0,13.768994,51.024346
13,22,6,6,11,2,3,0,1,0,0,1,0,0,0,0,0,12.490214,51.346533
25,22,4,13,14,4,3,3,6,0,0,1,0,0,0,0,0,14.087846,51.44308
22,22,5,9,17,2,2,0,7,0,0,1,0,0,0,0,0,13.329403,50.914887
12,22,5,22,11,1,3,0,1,0,0,1,0,0,0,0,0,13.751983,51.062345
13,22,5,25,18,4,3,6,3,0,0,1,0,1,0,0,0,12.3737,51.324319
21,22,5,15,17,1,2,3,6,0,0,1,0,0,0,0,0,12.927837,50.623469
12,22,4,30,21,7,3,0,1,2,0,1,0,0,0,0,0,13.678981,51.0612
12,22,5,4,7,4,3,4,2,0,0,1,1,0,1,0,0,13.757169,51.049764
30,22,6,11,18,7,2,5,3,0,0,1,1,0,0,0,0,13.095596,51.307982
26,22,6,3,17,6,3,0,7,0,0,1,0,0,0,0,0,14.952311,51.150884
13,22,5,16,16,2,2,5,2,0,0,1,1,0,0,0,0,12.406847,51.338176
13,22,4,27,10,4,3,1,5,0,0,1,0,0,0,0,1,12.374495,51.363773
23,22,4,12,16,3,2,2,1,0,0,1,1,0,0,0,0,12.479687,50.381056
13,22,4,23,15,7,3,5,3,0,0,1,1,0,0,0,0,12.466657,51.30299
30,22,5,12,18,5,2,5,3,0,0,1,1,0,0,0,0,12.492925,51.374914
11,22,5,3,8,3,3,0,5,0,0,1,1,0,0,0,0,12.908092,50.829974
22,22,6,9,7,5,3,5,3,0,1,1,1,0,0,0,0,13.332691,50.901973
12,22,5,11,21,4,3,1,5,2,0,1,1,0,0,0,0,13.797971,51.032238
28,22,6,6,18,2,3,4,1,0,0,1,0,0,1,0,0,13.724986,50.99426
13,22,5,18,17,4,3,6,4,0,0,1,0,1,0,0,0,12.413693,51.345122
12,22,4,18,16,2,2,0,7,0,0,1,1,0,0,0,0,13.685916,51.08338
13,22,5,23,16,2,3,3,2,0,0,1,1,0,0,0,0,12.375724,51.35874
13,22,5,27,19,6,2,7,1,0,0,1,0,0,0,0,0,12.412026,51.40586
13,22,5,31,16,3,3,2,2,0,0,1,1,0,0,0,0,12.426373,51.318637
24,22,4,26,13,3,3,2,6,0,0,1,1,0,0,0,0,12.49505,50.686017
13,22,5,13,13,6,3,5,2,0,0,1,1,0,0,0,0,12.370843,51.336382
11,22,5,4,14,4,3,0,7,0,0,1,0,0,0,0,0,12.906292,50.823482
13,22,6,11,12,7,3,6,4,0,0,1,0,1,0,0,0,12.423814,51.321521
12,22,6,2,8,5,3,3,2,0,0,1,1,0,0,0,0,13.77472,51.049773
30,22,6,3,9,6,3,5,2,0,0,1,0,0,0,0,1,12.633431,51.457782
11,22,5,18,19,4,3,0,7,0,0,1,0,0,0,0,0,12.890812,50.835786
13,22,4,14,16,5,3,5,3,0,1,1,1,0,0,0,0,12.332365,51.318242
24,22,5,9,19,2,2,0,1,0,0,1,0,0,0,0,0,12.457426,50.856013
22,22,4,22,10,6,3,5,3,0,0,1,1,0,0,0,0,12.803786,50.878519
11,22,5,13,16,6,3,5,3,0,0,1,1,0,0,0,0,13.005886,50.785481
27,22,5,3,7,3,3,0,1,0,0,1,0,0,0,0,0,13.647128,51.109152
13,22,6,2,20,5,3,5,2,0,0,1,0,0,0,0,0,12.384895,51.338126
13,22,5,16,20,2,3,1,2,0,1,1,1,0,0,0,0,12.371972,51.341065
25,22,4,28,12,5,3,5,3,0,0,1,1,0,0,0,0,14.263991,51.445743
13,22,5,7,18,7,3,1,6,0,0,1,1,0,0,0,0,12.410625,51.345285
13,22,5,11,16,4,3,0,1,0,0,1,0,0,0,0,0,12.372997,51.309713
25,22,6,8,13,4,3,5,3,0,0,1,1,0,0,0,0,14.261996,51.440796
29,22,5,19,18,5,3,3,2,0,0,1,0,0,0,0,0,12.350134,51.289746
26,22,5,26,17,5,1,9,1,0,0,1,0,0,0,0,0,14.637127,50.966274
12,22,4,22,7,6,2,4,2,0,0,1,1,0,0,0,0,13.761503,51.07107
27,22,5,13,15,6,3,5,3,0,0,1,1,0,0,0,0,13.568538,51.138324
12,22,6,10,21,6,3,2,6,0,0,1,0,0,0,0,0,13.756403,51.055474
13,22,6,4,14,7,3,3,2,0,0,1,0,0,1,0,0,12.373149,51.311705