CSV=`UKREIS,UJAHR,UMONAT,UTAG,USTUNDE,UWOCHENTAG,UKATEGORIE,UART,UTYP,LICHT,USTRZUSTAND,IstRad,IstPKW,IstFuss,IstKrad,IstGkfz,IstSonstig,@lon,@lat
12,22,4,28,12,5,3,5,3,0,0,1,1,0,0,0,0,13.769847,51.025013
23,22,5,7,14,7,3,5,3,0,0,1,1,0,0,0,0,12.139832,50.496442
22,22,6,8,18,4,3,1,5,0,0,1,1,0,0,0,0,13.345541,50.912064
13,22,4,21,14,5,3,5,3,0,0,1,1,0,0,0,0,12.435682,51.345363
12,22,6,2,17,5,3,5,3,0,0,1,1,0,0,0,0,13.820737,51.006069
13,22,5,24,7,3,2,1,5,0,0,1,1,0,0,0,0,12.367733,51.363226
11,22,5,2,17,2,3,5,3,0,0,1,1,0,0,0,0,12.920313,50.804931
12,22,6,13,16,2,2,5,3,0,0,1,1,0,0,0,0,13.822276,50.997788
13,22,6,5,16,1,3,0,7,0,0,1,0,0,0,0,0,12.454282,51.419707
30,22,4,16,17,7,3,0,1,0,0,1,1,0,0,0,0,12.57882,51.599382
27,22,5,10,13,3,3,0,1,0,0,1,0,0,0,0,0,13.334773,51.18696
13,22,5,27,11,6,3,0,1,0,1,1,0,0,0,0,0,12.423634,51.379493
13,22,5,3,18,3,2,5,3,0,0,1,0,0,0,0,1,12.340661,51.369733
12,22,6,11,10,7,3,6,1,0,0,1,0,1,0,0,0,13.84199,51.019177
26,22,4,13,17,4,2,3,6,0,0,1,1,0,0,0,0,14.993064,51.158998
12,22,5,9,18,2,3,5,2,0,0,1,1,0,0,0,0,13.71558,51.051955
13,22,5,13,15,6,3,2,7,0,0,1,0,0,0,0,0,12.380794,51.330999
13,22,5,2,16,2,3,5,2,0,0,1,1,0,0,0,0,12.326594,51.323035
28,22,5,16,11,2,3,0,7,0,0,1,0,0,0,0,0,14.072017,50.917897
21,22,5,8,17,1,2,9,1,0,0,1,0,0,0,0,0,12.748047,50.565781
26,22,5,19,13,5,3,6,4,0,0,1,0,1,0,0,0,14.984671,51.158
27,22,4,20,15,4,3,1,5,0,1,1,1,0,0,0,0,13.251014,51.319333
12,22,5,31,14,3,3,1,5,0,0,1,1,0,0,0,0,13.71533,51.057609
12,22,5,31,8,3,3,5,2,0,0,1,1,0,0,0,0,13.67512,51.090397
13,22,5,15,19,1,3,1,5,0,0,1,1,0,0,0,0,12.407168,51.361447
11,22,5,2,16,2,3,5,2,0,0,1,1,0,0,0,0,12.919429,50.845202
13,22,5,5,16,5,3,3,6,0,0,1,0,0,0,0,0,12.374468,51.335825
26,22,6,13,18,2,3,0,1,0,1,1,0,0,0,0,0,14.979922,51.151708
29,22,4,15,12,6,3,1,3,0,0,1,0,0,0,0,0,12.3736,51.28407
21,22,5,27,0,6,2,9,1,2,0,1,0,0,0,0,0,12.91491,50.68442
12,22,5,25,16,4,3,5,3,0,0,1,1,0,0,0,0,13.803743,51.008509
21,22,4,27,16,4,3,8,1,0,0,1,0,0,0,0,0,12.779109,50.53812
13,22,5,1,15,1,2,0,1,0,0,1,0,0,0,0,0,12.40598,51.342087
11,22,5,6,6,6,2,5,2,0,0,1,1,0,0,0,0,12.905328,50.802153
13,22,6,13,0,2,3,3,6,2,0,1,1,0,0,0,0,12.277425,51.314213
21,22,6,6,15,2,2,0,7,0,0,1,0,0,0,0,0,12.63298,50.454413
11,22,5,24,17,3,3,5,3,0,0,1,1,0,0,0,0,12.956849,50.833141
30,22,5,26,17,5,3,1,5,0,0,1,1,0,0,0,0,12.940714,51.529441
24,22,5,31,18,3,2,5,3,0,0,1,0,0,1,0,0,12.480465,50.719883
13,22,5,3,6,3,3,4,6,0,0,1,1,0,0,0,0,12.327048,51.341774
13,22,6,12,5,1,3,5,3,0,0,1,1,0,0,0,0,12.363715,51.36366
26,22,6,3,10,6,3,5,3,0,0,1,1,0,0,0,0,14.807656,50.89356
30,22,4,14,10,5,3,5,3,0,0,1,1,0,0,0,0,12.485079,51.388553
30,22,5,26,10,5,3,5,3,0,0,1,1,0,0,0,0,12.484408,51.381255
24,22,4,22,16,6,3,1,6,0,1,1,1,0,0,0,0,12.488256,50.736075
13,22,5,2,10,2,3,3,5,0,0,1,1,0,0,0,0,12.397914,51.345963
12,22,6,10,9,6,3,0,7,0,0,1,0,0,0,0,0,13.674552,51.040866
13,22,5,20,18,6,3,5,3,0,0,1,1,0,0,0,0,12.260812,51.301572
12,22,6,2,22,5,3,1,5,2,0,1,1,0,0,0,0,13.798879,51.047265
13,22,6,2,7,5,2,5,3,0,0,1,1,0,0,0,0,12.43752,51.304213
25,22,5,17,6,3,3,0,1,1,1,1,0,0,0,0,0,14.0232,51.141755
12,22,4,28,13,5,3,0,5,0,0,1,1,0,0,0,0,13.820942,51.028491
13,22,6,7,17,3,2,5,3,0,0,1,0,0,0,0,0,12.342699,51.332277
12,22,4,16,13,7,3,0,1,0,0,1,0,0,0,0,0,13.837435,51.024877
12,22,5,24,18,3,2,5,2,0,0,1,1,0,0,0,0,13.770211,51.071685
24,22,5,27,10,6,2,0,1,0,1,1,0,0,0,0,0,12.735705,50.862192
28,22,4,27,18,4,3,8,1,0,0,1,0,0,0,0,0,13.936113,50.963932
29,22,5,15,14,1,3,5,2,0,0,1,1,0,0,0,0,12.398357,51.271406
13,22,5,6,21,6,3,0,3,1,0,1,1,0,0,0,0,12.406144,51.348137
27,22,6,7,8,3,3,0,7,0,0,1,0,0,0,0,0,13.298126,51.305632
13,22,6,1,15,4,3,1,1,0,0,1,1,0,0,0,0,12.334836,51.333067
13,22,4,14,18,5,3,5,1,0,1,1,1,0,0,0,0,12.362729,51.336329
12,22,5,23,16,2,2,5,7,0,0,1,1,0,0,0,0,13.787378,51.01139
23,22,4,25,19,2,2,0,7,0,0,1,0,0,0,0,0,12.142787,50.499821
26,22,5,15,11,1,2,9,1,0,0,1,0,0,0,0,0,14.494058,51.044771
22,22,6,12,14,1,2,8,1,0,0,1,0,0,0,0,0,12.682717,50.916481
25,22,6,4,17,7,3,1,5,0,0,1,0,0,0,0,1,14.237461,51.437929
23,22,4,23,16,7,3,5,2,0,0,1,1,0,0,0,0,12.392163,50.509512
13,22,6,10,11,6,2,5,2,0,0,1,1,0,0,0,0,12.342259,51.332286
13,22,4,25,17,2,3,0,3,0,0,1,1,0,0,0,0,12.370723,51.390594
22,22,5,14,22,7,3,0,1,2,0,1,0,0,0,0,0,13.322684,50.905435
30,22,5,16,7,2,3,5,3,0,0,1,1,0,0,0,0,13.106796,51.305674
27,22,5,9,13,2,3,5,3,0,0,1,1,0,0,0,0,13.549026,51.141209
25,22,5,2,16,2,3,0,1,0,0,1,0,0,0,0,0,13.914368,51.104152
13,22,6,10,6,6,3,0,7,0,0,1,0,0,0,0,0,12.341851,51.338303
24,22,5,19,8,5,3,0,7,0,0,1,0,0,0,0,0,12.374759,50.721843
12,22,5,30,20,2,3,0,1,0,0,1,0,0,0,0,0,13.72347,51.077313
13,22,4,27,17,4,3,5,3,0,0,1,1,0,0,0,0,12.376476,51.312634
12,22,4,12,9,3,3,5,3,0,0,1,1,0,0,0,0,13.721892,51.077749
26,22,6,14,7,3,3,3,7,0,0,1,1,0,0,0,0,14.807587,50.889472
12,22,5,11,13,4,3,0,1,0,0,1,0,0,0,0,0,13.780763,51.070765
29,22,6,8,14,4,3,0,3,0,0,1,0,0,0,0,0,12.332386,51.230925
12,22,5,19,15,5,3,1,5,0,0,1,1,0,0,0,0,13.756218,51.069743
22,22,5,24,14,3,2,5,3,0,0,1,1,0,0,0,0,13.075705,50.856064
22,22,5,28,16,7,3,6,6,0,0,1,1,1,0,0,0,12.987359,50.985262
12,22,5,2,10,2,3,5,3,0,0,1,0,0,0,0,0,13.801116,51.022659
12,22,5,6,11,6,3,0,5,0,0,1,1,0,0,0,0,13.790758,51.010672
12,22,6,6,16,2,3,5,3,0,0,1,1,0,0,0,0,13.781224,51.01291
12,22,5,18,12,4,3,5,3,0,0,1,1,0,0,0,0,13.789677,51.045285
13,22,6,1,7,4,3,6,4,0,0,1,0,1,0,0,0,12.388011,51.355332
29,22,5,9,11,2,3,5,2,0,0,1,1,0,0,0,0,12.325229,51.20738
22,22,5,23,17,2,3,0,1,0,0,1,0,0,0,0,0,13.377133,51.004358
30,22,4,23,10,7,2,7,7,0,0,1,0,0,0,0,0,12.992637,51.550722
13,22,5,2,12,2,3,3,5,0,0,1,0,0,0,0,1,12.36536,51.361225
27,22,6,10,15,6,3,0,6,0,0,1,0,0,0,0,0,13.489473,51.160583
12,22,6,4,15,7,3,5,2,0,0,1,1,0,0,0,0,13.757247,51.049732
27,22,5,16,13,2,2,0,7,0,0,1,0,0,0,0,0,13.269413,51.304167
13,22,4,28,10,5,2,5,3,0,0,1,1,0,0,0,0,12.382772,51.340478
13,22,4,12,8,3,2,4,6,0,0,1,0,0,0,0,0,12.475819,51.338868
12,22,5,7,6,7,3,5,3,0,0,1,1,0,0,0,0,13.784002,51.054533
27,22,5,11,11,4,2,0,1,0,0,1,0,0,0,0,0,13.404159,51.227117
13,22,5,19,15,5,3,5,3,0,0,1,0,0,0,0,0,12.413945,51.345846
13,22,4,19,15,3,3,1,7,0,0,1,0,0,0,0,0,12.380937,51.34278
12,22,5,29,9,1,3,0,1,0,0,1,0,0,0,0,0,13.710683,51.050767
12,22,5,6,10,6,3,0,1,0,0,1,0,0,0,0,0,13.833303,51.056853
12,22,6,6,10,2,3,0,1,0,0,1,0,0,0,0,0,13.78128,51.070755
13,22,5,18,15,4,3,5,2,0,0,1,1,0,0,0,0,12.382899,51.320477
28,22,5,10,11,3,2,9,1,0,0,1,0,0,0,0,0,13.603728,50.930619
12,22,5,24,10,3,3,0,1,0,0,1,0,0,0,0,0,13.73664,51.07465
22,22,5,27,18,6,3,1,5,1,0,1,1,0,0,0,0,12.978985,50.991307
28,22,5,15,17,1,3,0,1,0,0,1,0,0,0,0,0,13.749152,50.977497
25,22,4,29,17,6,3,5,3,0,0,1,1,0,0,0,0,14.09931,51.270416
25,22,5,4,10,4,3,8,5,0,0,1,0,0,0,0,1,14.236022,51.435744
29,22,5,30,17,2,3,1,3,0,0,1,1,0,0,0,0,12.449291,51.132604
11,22,5,2,17,2,2,0,1,0,0,1,0,0,0,0,0,12.968926,50.80898
28,22,5,11,13,4,3,0,6,0,0,1,1,0,0,0,0,14.209547,51.026108
13,22,5,18,19,4,3,1,6,0,0,1,1,0,0,0,0,12.333999,51.336346
12,22,4,17,19,1,3,5,3,0,0,1,1,0,0,0,0,13.752242,51.07779
12,22,5,10,7,3,3,3,2,0,0,1,1,0,0,0,0,13.716925,51.080795
29,22,5,23,16,2,3,4,1,0,0,1,1,0,0,0,0,12.741215,51.365443
22,22,6,1,6,4,2,4,2,0,0,1,1,0,0,0,0,13.119481,51.125031
25,22,4,25,7,2,3,5,3,0,1,1,1,0,0,0,0,14.432928,51.178795
24,22,5,13,17,6,3,4,7,0,0,1,1,0,0,0,0,12.778608,50.862231
13,22,5,4,21,4,3,5,3,2,1,1,1,0,0,0,0,12.361804,51.332552
12,22,6,6,13,2,3,5,3,0,0,1,1,0,0,0,0,13.698205,51.045038
25,22,4,13,14,4,3,1,5,0,0,1,0,0,0,0,1,14.458818,51.173739
13,22,5,9,12,2,3,5,3,0,0,1,1,0,0,0,0,12.391412,51.384068
12,22,5,21,18,7,3,6,4,0,0,1,0,1,0,0,0,13.729796,51.012778
12,22,5,13,7,6,3,5,3,0,0,1,1,0,0,0,0,13.768248,51.047971
25,22,6,3,12,6,3,5,3,0,0,1,0,0,0,0,0,14.10064,51.279584
13,22,4,27,14,4,3,5,2,0,0,1,1,0,0,0,0,12.383302,51.334911
13,22,4,12,16,3,3,4,2,0,0,1,0,0,0,0,1,12.374708,51.343046
26,22,5,7,16,7,3,5,3,0,0,1,1,0,0,0,0,14.824281,50.89052
27,22,5,12,9,5,3,5,3,0,0,1,1,0,0,0,0,13.457963,51.413273
13,22,6,8,15,4,3,2,2,0,0,1,1,0,0,0,0,12.392227,51.322295
12,22,5,20,14,6,3,0,1,0,0,1,0,0,0,0,0,13.777931,51.041584
25,22,4,21,9,5,2,0,1,0,1,1,0,0,0,0,0,14.025778,51.145832
12,22,5,31,9,3,3,8,1,0,0,1,0,0,0,0,0,13.690587,51.01185
29,22,5,1,18,1,3,0,1,0,0,1,0,0,0,0,0,12.720551,51.231829
12,22,5,5,18,5,2,5,3,0,0,1,1,0,0,0,0,13.794345,50.990661
11,22,6,13,6,2,3,4,6,0,0,1,0,0,0,0,0,12.911486,50.841465
11,22,6,7,16,3,2,5,3,0,0,1,1,0,0,0,0,12.954558,50.82194
12,22,4,18,18,2,3,6,4,0,0,1,0,1,0,0,0,13.737103,51.119475
13,22,5,23,15,2,3,5,3,0,0,1,0,0,0,0,1,12.376947,51.345718
12,22,5,4,10,4,3,5,3,0,0,1,0,0,0,0,0,13.76499,51.048467
26,22,6,12,15,1,3,5,3,0,0,1,1,0,0,0,0,14.972024,51.167595
24,22,6,3,13,6,3,5,7,0,0,1,0,0,0,0,1,12.375034,50.731701
13,22,5,17,15,3,3,5,3,0,1,1,1,0,0,0,0,12.348148,51.366496
25,22,5,9,11,2,3,1,5,0,0,1,1,0,0,0,0,14.427139,51.176926
25,22,5,22,18,1,3,3,2,0,0,1,1,0,0,0,0,14.152768,51.111432
13,22,5,25,8,4,3,5,2,0,0,1,1,0,0,0,0,12.329229,51.335569
13,22,5,12,18,5,3,0,1,0,0,1,0,0,0,0,0,12.310679,51.282195
13,22,5,2,13,2,2,5,1,0,0,1,1,0,0,0,0,12.311568,51.284689
30,22,5,16,17,2,2,5,3,0,0,1,1,0,0,0,0,12.338277,51.522799
13,22,6,3,13,6,3,3,3,0,0,1,0,0,0,0,1,12.381626,51.320657
11,22,5,18,7,4,3,5,2,0,0,1,1,0,0,0,0,12.92269,50.811216
13,22,5,9,15,2,3,0,1,0,0,1,0,0,0,0,0,12.279549,51.314801
12,22,5,21,15,7,3,5,2,0,0,1,1,0,0,0,0,13.746686,51.053399
22,22,5,26,20,5,3,8,7,1,0,1,0,0,0,0,0,13.43592,50.89684
12,22,4,22,14,6,3,5,3,0,0,1,1,0,0,0,0,13.696121,51.045938
13,22,5,12,17,5,3,5,3,0,0,1,1,0,0,0,0,12.298503,51.413298
26,22,5,2,19,2,2,0,1,0,0,1,0,0,0,0,0,14.648789,51.501754
23,22,5,22,14,1,3,0,1,0,0,1,0,0,0,0,0,12.250205,50.451318
27,22,6,3,7,6,3,5,3,0,0,1,1,0,0,0,0,13.57465,51.124521
12,22,4,28,8,5,3,5,2,0,0,1,1,0,0,0,0,13.775594,51.045431
22,22,4,12,16,3,3,1,5,0,0,1,1,0,0,0,0,13.055667,50.906055
21,22,5,7,14,7,2,5,3,0,0,1,0,0,0,0,0,12.746304,50.721378
27,22,6,8,16,4,3,2,7,0,0,1,0,0,0,0,0,13.654182,51.12218
12,22,5,29,14,1,2,0,1,0,0,1,0,0,0,0,0,13.860576,51.019693
26,22,5,1,12,1,3,0,1,0,0,1,0,0,0,0,0,14.983761,51.150907
12,22,5,5,7,5,3,5,3,0,0,1,1,0,0,0,0,13.731065,51.053644
12,22,6,14,7,3,3,5,3,0,0,1,1,0,0,0,0,13.789073,51.044364
12,22,6,6,0,2,3,0,7,2,0,1,0,0,0,0,0,13.827164,50.998529
13,22,5,24,8,3,3,6,4,0,0,1,0,1,0,0,0,12.40583,51.345535
13,22,5,13,10,6,3,3,2,0,0,1,1,0,0,0,0,12.378598,51.307766
27,22,6,12,12,1,3,6,6,0,0,1,0,1,0,0,0,13.529005,51.286629
25,22,5,17,12,3,3,5,3,0,1,1,1,0,0,0,0,14.453857,51.190023
13,22,5,9,14,2,3,5,2,0,0,1,1,0,0,0,0,12.406875,51.351386
28,22,5,23,6,2,2,5,3,0,0,1,1,0,0,0,0,13.86002,50.982
13,22,5,2,16,2,3,5,3,0,0,1,1,0,0,0,0,12.356577,51.364517
25,22,6,2,17,5,3,0,7,0,0,1,0,0,0,0,0,14.225114,51.384063
23,22,5,30,18,2,2,1,7,0,0,1,1,0,0,0,0,12.145759,50.510854
12,22,4,28,10,5,3,3,1,0,0,1,1,0,0,0,0,13.773764,51.046084
25,22,6,14,12,3,3,0,1,0,0,1,1,0,0,0,0,14.43692,51.184897
30,22,5,11,18,4,2,0,7,0,0,1,0,0,0,0,0,12.901479,51.569942
30,22,6,8,15,4,3,5,3,0,0,1,1,0,0,0,0,12.333077,51.529869
12,22,5,19,10,5,2,5,3,0,0,1,1,0,0,0,0,13.785328,51.035944
28,22,4,16,9,7,2,0,1,0,0,1,0,0,0,0,0,13.985216,50.990942
12,22,5,10,14,3,3,5,3,0,0,1,1,0,0,0,0,13.755428,51.049976
13,22,5,23,15,2,3,0,1,0,0,1,0,0,0,0,0,12.334303,51.331548
12,22,5,27,18,6,3,2,6,0,0,1,0,0,0,0,0,13.747098,51.048587
11,22,6,1,17,4,3,3,6,0,0,1,1,0,0,0,0,12.848474,50.817458
12,22,4,27,14,4,2,3,6,0,0,1,1,0,0,0,0,13.72924,51.080191
13,22,5,6,14,6,3,5,3,0,0,1,1,0,0,0,0,12.448365,51.383036
13,22,6,13,14,2,3,5,3,0,0,1,1,0,0,0,0,12.377562,51.30812
12,22,4,28,22,5,2,4,6,2,0,1,0,0,0,0,0,13.708722,51.077362
13,22,4,12,18,3,3,1,7,0,0,1,1,0,0,0,0,12.32629,51.344296
25,22,5,7,18,7,3,0,1,0,0,1,0,0,0,0,0,14.269271,51.442798
27,22,5,11,18,4,3,5,2,0,0,1,1,0,0,0,0,13.286298,51.30673
24,22,6,8,18,4,2,0,7,0,0,1,1,0,0,0,0,12.377695,50.738583
12,22,6,1,9,4,3,5,3,0,0,1,1,0,0,0,0,13.745456,51.068316
22,22,4,27,16,4,3,5,3,0,0,1,1,0,0,0,0,12.973062,51.097895
22,22,5,16,15,2,3,4,2,0,0,1,1,0,0,0,0,13.221579,51.159178
26,22,5,1,12,1,3,1,5,0,0,1,1,0,0,0,0,14.99887,51.151955
12,22,5,5,6,5,3,1,5,0,0,1,1,0,0,0,0,13.774906,51.039642
12,22,6,13,16,2,3,1,5,0,0,1,1,0,0,0,0,13.797774,51.047409
23,22,5,27,16,6,2,5,3,0,0,1,1,0,0,0,0,12.141037,50.508758
29,22,4,29,7,6,3,5,3,0,0,1,0,0,0,1,0,12.751765,51.37843
27,22,6,12,19,1,3,0,1,0,0,1,0,0,0,0,0,13.579921,51.123516
25,22,6,3,21,6,2,0,7,2,0,1,0,0,0,0,0,14.105356,51.278253
13,22,5,16,9,2,3,5,3,0,0,1,0,0,0,0,1,12.337885,51.330939
13,22,4,28,7,5,3,5,3,0,0,1,1,0,0,0,0,12.330179,51.318862
12,22,5,10,7,3,3,5,3,0,0,1,1,0,0,0,0,13.779909,51.044319
26,22,5,25,12,4,3,0,1,0,1,1,0,0,0,0,0,14.835553,51.289374
12,22,4,24,15,1,3,5,3,0,1,1,1,0,0,0,0,13.752184,51.05442
13,22,5,13,14,6,3,5,3,0,0,1,1,0,0,0,0,12.435892,51.345397
27,22,5,3,17,3,3,8,1,0,0,1,0,0,0,0,0,13.280214,51.305828
13,22,6,10,21,6,3,6,6,0,0,1,0,1,0,0,0,12.373364,51.324701
13,22,6,2,7,5,3,0,7,0,0,1,0,1,0,0,0,12.390184,51.36313
27,22,5,2,15,2,3,5,2,0,0,1,0,0,0,0,0,13.629976,51.107431
12,22,5,6,9,6,3,5,3,0,0,1,1,0,0,0,0,13.674633,51.090749
13,22,6,13,7,2,3,3,2,0,0,1,1,0,0,0,0,12.396238,51.303574
12,22,4,18,19,2,3,5,3,1,0,1,0,0,1,0,0,13.799707,51.046937
12,22,5,11,18,4,2,5,3,0,0,1,0,0,1,0,0,13.74358,51.035629
27,22,4,26,14,3,3,8,7,0,0,1,0,0,0,0,0,13.567264,51.175135
27,22,5,14,7,7,3,7,7,0,0,1,0,1,0,0,0,13.571587,51.144146
12,22,4,30,0,7,3,5,3,2,0,1,1,0,0,0,0,13.761098,51.068186
13,22,5,4,17,4,3,5,2,0,0,1,1,0,0,0,0,12.38375,51.286538
13,22,6,11,12,7,3,4,7,0,0,1,1,0,0,0,0,12.258834,51.300778
22,22,5,18,19,4,3,0,1,0,0,1,0,0,0,0,0,13.323348,50.905181
21,22,4,14,12,5,3,1,5,0,0,1,1,0,0,0,0,13.074082,50.749766
12,22,5,21,11,7,2,1,7,0,0,1,1,0,0,0,0,13.830263,50.999395
12,22,5,25,15,4,3,5,3,0,0,1,1,0,0,0,0,13.817887,50.998558
25,22,5,13,16,6,3,5,3,0,0,1,0,0,0,0,1,14.436938,51.184907
29,22,5,2,19,2,3,4,6,0,0,1,1,0,0,0,0,12.389059,51.199138
12,22,6,10,18,6,3,5,2,0,0,1,1,0,0,0,0,13.731276,51.053401
21,22,6,5,9,1,3,0,1,0,0,1,0,0,0,0,0,12.734404,50.619488
21,22,5,17,5,3,2,0,7,0,1,1,0,0,0,0,0,12.784925,50.718032
27,22,4,28,7,5,3,5,3,0,0,1,1,0,0,0,0,13.667809,51.102446
28,22,4,12,15,3,3,3,7,0,0,1,1,0,0,0,0,13.535602,50.864343
12,22,7,2,19,7,3,0,1,0,0,1,0,0,0,0,0,13.756128,51.055715
22,22,7,18,8,2,3,4,6,0,0,1,1,0,0,0,0,13.322646,50.85763
29,22,7,25,12,2,3,0,7,0,0,1,1,0,0,0,0,12.499477,51.265761
11,22,7,5,11,3,3,3,2,0,0,1,1,0,0,0,0,12.926024,50.825605
12,22,7,14,21,5,2,0,1,1,0,1,0,0,0,0,0,13.832029,51.01917
12,22,6,16,14,5,3,5,3,0,0,1,1,0,0,0,0,13.746169,51.059597
13,22,6,20,14,2,3,5,3,0,1,1,1,0,0,0,0,12.373437,51.329695
25,22,7,2,22,7,3,9,1,2,0,1,0,0,0,0,0,14.009537,51.174956
13,22,7,28,17,5,2,3,2,0,0,1,1,0,0,0,0,12.378068,51.334596
13,22,6,23,8,5,3,0,7,0,0,1,0,0,0,0,0,12.405716,51.331363
12,22,7,7,15,5,3,5,3,0,0,1,1,0,0,0,0,13.774592,51.117745
26,22,8,1,10,2,3,7,7,0,0,1,0,0,0,0,0,14.579726,51.000115
13,22,6,30,8,5,3,0,1,0,0,1,0,0,0,0,0,12.378516,51.366474
25,22,8,3,13,4,3,1,1,0,0,1,0,0,0,0,0,14.338173,51.274393
12,22,6,22,15,4,3,2,6,0,0,1,1,0,0,0,0,13.804308,51.051271
12,22,7,12,15,3,3,1,5,0,0,1,1,0,0,0,0,13.786116,51.120483
27,22,6,28,7,3,3,5,3,0,0,1,1,0,0,0,0,13.48694,51.156135
13,22,6,27,16,2,3,5,2,0,0,1,1,0,0,0,0,12.405776,51.331747
13,22,7,25,12,2,3,5,3,0,0,1,1,0,0,0,0,12.378286,51.334595
22,22,7,30,13,7,3,9,7,0,0,1,0,0,0,0,0,13.389885,50.910997
13,22,6,29,9,4,3,6,6,0,0,1,0,1,0,0,0,12.378043,51.34615
27,22,7,18,7,2,3,4,6,0,0,1,1,0,0,0,0,13.675777,51.155307
26,22,7,22,16,6,3,0,1,0,0,1,0,0,0,0,0,14.992478,51.159868
13,22,6,20,15,2,3,4,2,0,0,1,1,0,0,0,0,12.327332,51.325438
13,22,7,6,13,4,3,5,3,0,0,1,1,0,0,0,0,12.329808,51.325164
12,22,8,2,7,3,3,5,3,0,0,1,1,0,0,0,0,13.743606,51.035658
23,22,8,3,13,4,3,5,2,0,0,1,1,0,0,0,0,12.138192,50.486467
12,22,7,22,5,6,3,5,3,0,0,1,1,0,0,0,0,13.825134,51.003417
22,22,7,3,14,1,3,4,6,0,0,1,0,0,0,0,1,13.121994,51.131011
13,22,8,6,15,7,3,1,5,0,0,1,1,0,0,0,0,12.341013,51.325848
13,22,7,7,7,5,3,5,3,0,1,1,1,0,0,0,0,12.330761,51.337432
13,22,8,1,15,2,3,6,6,0,0,1,0,1,0,0,0,12.368969,51.333704
13,22,7,1,14,6,3,0,1,0,1,1,1,0,0,0,0,12.355663,51.337497
25,22,7,12,10,3,2,5,3,0,0,1,1,0,0,0,0,14.255943,51.433788
12,22,7,19,6,3,3,0,1,0,0,1,0,0,0,0,0,13.715255,51.036477
25,22,6,28,19,3,3,0,1,0,0,1,0,0,0,0,0,14.187813,51.124432
25,22,7,25,12,2,3,0,1,0,0,1,0,0,0,0,0,13.918021,51.105857
13,22,6,16,16,5,3,3,5,0,0,1,1,0,0,0,0,12.425503,51.344122
13,22,7,13,9,4,3,6,4,0,0,1,0,1,0,0,0,12.37398,51.315744
13,22,7,17,15,1,3,0,7,0,0,1,0,0,0,0,0,12.373015,51.309618
13,22,6,25,21,7,2,5,2,2,0,1,1,0,0,0,0,12.370845,51.336382
13,22,7,23,10,7,3,5,3,0,0,1,1,0,0,0,0,12.479203,51.342721
26,22,7,29,12,6,2,5,3,0,0,1,1,0,0,0,0,14.787797,51.403184
28,22,6,15,6,4,3,5,3,0,0,1,1,0,0,0,0,13.860462,50.979979
11,22,7,9,16,7,3,4,5,0,1,1,1,0,0,0,0,12.877359,50.823276
13,22,7,14,14,5,3,5,3,0,0,1,1,0,0,0,0,12.396669,51.343041
26,22,7,21,7,5,3,6,6,0,0,1,0,1,0,0,0,14.975672,51.121851
26,22,8,5,20,6,3,5,3,0,0,1,1,0,0,0,0,14.982856,51.144575
22,22,6,30,19,5,3,9,1,0,0,1,0,0,0,0,0,13.131194,51.11775
30,22,6,14,14,3,3,4,6,0,0,1,1,0,0,0,0,12.491169,51.376048
13,22,6,17,10,6,3,5,7,0,0,1,1,0,0,0,0,12.367462,51.367341
12,22,7,7,7,5,3,5,3,0,1,1,1,0,0,0,0,13.798827,51.052989
12,22,7,1,15,6,3,0,1,0,1,1,0,0,0,0,0,13.80583,51.011537
12,22,6,22,16,4,3,0,1,0,0,1,0,0,0,0,0,13.711543,51.033202
13,22,7,11,18,2,3,5,3,0,0,1,0,0,0,0,1,12.388395,51.327594
24,22,7,24,12,1,3,0,1,0,0,1,0,0,0,0,0,12.456658,50.605255
12,22,6,17,11,6,2,0,7,0,0,1,0,0,0,0,0,13.778104,51.132249
13,22,7,5,19,3,2,5,2,0,0,1,1,0,0,0,0,12.420507,51.319266
13,22,7,14,14,5,3,0,5,0,0,1,1,0,0,0,0,12.365111,51.363498
27,22,7,17,21,1,3,0,4,0,0,1,0,1,0,0,0,13.561657,51.125618
22,22,6,23,22,5,2,0,7,2,0,1,0,0,0,0,0,13.112747,50.964348
13,22,6,27,20,2,3,1,5,0,0,1,1,0,0,0,0,12.376455,51.308542
12,22,7,26,20,3,3,6,4,0,0,1,1,1,0,0,0,13.788586,51.042636
12,22,6,17,17,6,3,4,2,0,0,1,1,0,0,0,0,13.701195,51.042428
12,22,7,13,22,4,3,0,7,2,0,1,1,0,0,0,0,13.680504,51.040596
13,22,6,24,19,6,3,1,6,0,0,1,1,0,0,0,0,12.392615,51.322438
13,22,7,23,21,7,3,5,3,1,0,1,1,0,0,0,0,12.339159,51.333236
12,22,7,5,7,3,2,5,2,0,0,1,1,0,0,0,0,13.786416,51.028551
11,22,7,28,12,5,2,0,7,0,0,1,0,0,0,0,0,12.923197,50.811381
12,22,6,20,7,2,3,0,4,0,0,1,0,1,0,0,0,13.718734,51.03947
12,22,7,16,23,7,2,5,3,2,0,1,1,0,0,0,0,13.749584,51.0336
13,22,7,20,12,4,3,0,2,0,0,1,0,0,0,0,0,12.373856,51.360563
26,22,6,24,19,6,3,0,6,0,0,1,1,0,0,0,0,14.985219,51.154736