CSV=`UKREIS,UJAHR,UMONAT,UTAG,USTUNDE,UWOCHENTAG,UKATEGORIE,UART,UTYP,LICHT,USTRZUSTAND,IstRad,IstPKW,IstFuss,IstKrad,IstGkfz,IstSonstig,@lon,@lat
12,22,7,12,11,3,3,5,3,0,0,1,1,0,0,0,0,13.810077,51.018702
13,22,7,27,13,4,3,0,7,0,0,1,0,0,0,0,0,12.355365,51.34459
13,22,6,18,11,7,2,5,2,0,0,1,1,0,0,0,0,12.284654,51.31774
13,22,6,21,15,3,3,5,2,0,0,1,1,0,0,0,0,12.397867,51.345965
13,22,7,9,15,7,3,0,5,0,0,1,1,0,0,0,0,12.383203,51.331716
12,22,7,17,15,1,3,0,7,0,0,1,0,0,0,0,0,13.846269,51.017374
27,22,6,27,18,2,3,0,1,0,0,1,0,0,0,0,0,13.2988,51.324755
12,22,7,26,16,3,3,5,3,0,0,1,1,0,0,0,0,13.761725,51.031738
21,22,7,4,20,2,2,5,2,0,0,1,1,0,0,0,0,12.637655,50.597425
12,22,8,1,12,2,3,4,2,0,0,1,1,0,0,0,0,13.788712,51.017247
28,22,7,14,18,5,3,1,1,0,1,1,1,0,0,0,0,13.94629,50.960326
12,22,6,16,15,5,3,5,2,0,0,1,1,0,0,0,0,13.740565,51.050072
12,22,6,20,15,2,3,4,6,0,0,1,1,0,0,0,0,13.710625,51.07755
24,22,6,26,12,1,3,3,2,0,0,1,1,0,0,0,0,12.583706,50.72625
27,22,7,3,19,1,3,3,2,0,0,1,0,0,0,0,0,13.567428,51.124265
22,22,8,7,14,1,3,0,7,0,0,1,0,0,0,0,0,12.954959,51.047222
22,22,7,7,11,5,3,5,3,0,0,1,1,0,0,0,0,12.809737,50.912715
13,22,8,1,5,2,3,5,3,0,0,1,1,0,0,0,0,12.310238,51.31774
29,22,7,21,14,5,3,4,2,0,0,1,1,0,0,0,0,12.229324,51.303573
13,22,7,1,16,6,2,1,5,0,0,1,1,0,0,0,0,12.385928,51.364317
12,22,8,3,11,4,3,0,7,0,1,1,0,0,0,0,1,13.752085,51.036986
29,22,6,22,16,4,3,0,7,0,0,1,1,0,0,0,0,12.346688,51.264279
13,22,7,12,7,3,3,1,5,0,0,1,1,0,0,0,0,12.376354,51.332755
13,22,7,18,8,2,3,4,2,0,0,1,1,0,0,0,0,12.385087,51.331667
12,22,7,22,18,6,3,5,2,0,0,1,1,0,0,0,0,13.730586,51.088953
12,22,6,24,16,6,3,0,7,0,1,1,0,0,0,0,0,13.682041,51.042396
27,22,7,16,2,7,2,0,1,2,0,1,0,0,0,0,0,13.784808,51.350314
12,22,8,5,14,6,3,5,2,0,0,1,1,0,0,0,0,13.702273,51.045862
12,22,6,30,11,5,2,5,3,0,0,1,1,0,0,0,0,13.710819,51.029447
13,22,7,12,17,3,3,4,2,0,0,1,1,0,0,0,0,12.326031,51.307275
13,22,7,6,23,4,3,0,1,2,0,1,0,0,0,0,0,12.401244,51.345782
26,22,8,1,9,2,3,0,1,0,0,1,0,0,0,0,0,14.952721,51.149405
12,22,7,1,7,6,3,2,1,0,0,1,1,0,0,0,0,13.777497,51.05875
12,22,8,4,10,5,3,5,3,0,0,1,1,0,0,0,0,13.755608,51.029565
13,22,6,27,11,2,3,3,6,0,0,1,1,0,0,0,0,12.405885,51.345532
12,22,6,17,6,6,3,5,3,0,0,1,1,0,0,0,0,13.71242,51.033984
13,22,7,29,14,6,3,5,2,0,0,1,1,0,0,0,0,12.38418,51.365783
27,22,8,8,19,2,3,0,1,0,0,1,0,0,0,0,0,13.549015,51.147107
13,22,6,19,2,1,3,0,7,2,0,1,0,0,0,0,0,12.333511,51.319525
12,22,7,9,14,7,3,0,3,0,0,1,1,0,0,0,0,13.785328,51.035944
27,22,7,15,18,6,3,5,3,0,0,1,1,0,0,0,0,13.652656,51.09806
29,22,6,23,9,5,3,5,2,0,0,1,0,0,1,0,0,12.499868,51.129966
22,22,7,21,9,5,2,0,7,0,0,1,0,0,0,0,0,13.123115,50.967801
12,22,7,3,0,1,3,0,1,2,0,1,0,0,0,0,0,13.690808,51.053328
13,22,8,6,14,7,3,1,5,0,0,1,1,0,0,0,0,12.370065,51.355781
13,22,6,23,7,5,3,3,5,0,0,1,1,0,0,0,0,12.329292,51.305157
12,22,7,13,15,4,3,3,2,0,0,1,0,0,0,0,0,13.80889,51.052748
13,22,6,18,11,7,3,1,5,0,0,1,1,0,0,0,0,12.334812,51.329219
13,22,6,30,13,5,3,3,6,0,0,1,1,0,0,0,0,12.410494,51.345292
13,22,8,3,11,4,3,1,7,0,0,1,1,0,0,0,0,12.376711,51.341192
25,22,6,23,7,5,3,5,3,0,0,1,0,0,0,0,0,14.427611,51.17963
11,22,7,12,9,3,3,8,7,0,0,1,0,0,0,0,0,12.882881,50.831608
12,22,6,29,9,4,3,5,3,0,0,1,1,0,0,0,0,13.707133,51.041748
12,22,7,6,16,4,3,4,1,0,0,1,0,0,0,0,1,13.760346,51.026837
12,22,7,30,13,7,3,0,1,0,1,1,0,0,0,0,0,13.811707,51.020813
12,22,6,21,10,3,3,0,1,0,0,1,0,0,0,0,0,13.757181,51.054537
27,22,7,17,13,1,2,8,6,0,0,1,1,0,0,0,0,13.623007,51.103913
24,22,6,24,15,6,3,5,3,0,0,1,1,0,0,0,0,12.366604,50.709231
12,22,7,23,11,7,3,0,7,0,0,1,0,0,0,0,0,13.7155,51.027114
11,22,7,4,6,2,3,0,7,0,0,1,0,0,0,0,0,12.913188,50.81163
12,22,8,7,4,1,3,0,1,2,0,1,0,0,0,0,0,13.753164,51.066542
12,22,6,28,20,3,3,5,3,0,0,1,1,0,0,0,0,13.812984,51.019907
13,22,6,27,7,2,3,1,7,0,0,1,1,0,0,0,0,12.370244,51.324431
12,22,6,17,16,6,3,5,3,0,0,1,1,0,0,0,0,13.750869,51.031036
12,22,7,6,21,4,3,3,6,2,0,1,0,0,0,0,0,13.80189,51.042441
21,22,6,26,16,1,3,0,1,0,0,1,0,0,0,0,0,12.901544,50.690475
12,22,7,24,13,1,2,0,1,0,0,1,0,0,0,0,0,13.701571,51.039358
22,22,7,5,11,3,3,5,3,0,0,1,0,0,1,0,0,13.32848,50.91734
30,22,7,28,19,5,3,5,3,0,0,1,1,0,0,0,0,12.33958,51.526682
26,22,6,16,7,5,3,0,1,0,0,1,0,0,0,0,0,14.900373,51.207502
11,22,6,20,19,2,3,4,2,0,0,1,1,0,0,0,0,12.912349,50.844666
12,22,7,8,1,6,3,0,1,2,0,1,0,0,0,0,0,13.802433,51.022129
30,22,7,21,16,5,3,6,4,0,0,1,0,1,0,0,0,12.587315,51.591361
12,22,6,24,0,6,2,0,1,2,0,1,0,0,0,0,0,13.76058,51.118047
12,22,7,13,15,4,3,0,1,0,0,1,0,0,0,0,0,13.666501,51.04024
21,22,6,15,14,4,3,5,3,0,0,1,1,0,0,0,0,13.006282,50.594841
25,22,6,17,14,6,3,3,6,0,0,1,0,0,0,0,1,14.093496,51.274269
13,22,6,30,8,5,3,5,3,0,0,1,1,0,0,0,0,12.381587,51.315659
12,22,6,22,14,4,3,3,2,0,0,1,0,0,1,0,0,13.829238,51.017015
13,22,7,18,7,2,3,5,3,0,0,1,0,0,0,1,0,12.400609,51.323983
12,22,6,27,15,2,2,5,3,0,0,1,1,0,0,0,0,13.804799,51.039854
27,22,7,25,18,2,3,5,3,0,0,1,1,0,0,0,0,13.667826,51.102442
13,22,7,5,16,3,3,3,2,0,0,1,1,0,0,0,0,12.40415,51.363647
12,22,6,21,14,3,3,5,2,0,0,1,1,0,0,0,0,13.739232,51.047347
27,22,7,10,6,1,2,8,1,0,0,1,0,0,0,0,0,13.300019,51.295513
12,22,6,25,16,7,2,0,7,0,0,1,0,0,0,0,0,13.837491,51.024799
13,22,8,8,22,2,3,5,3,2,0,1,1,0,0,0,0,12.341163,51.332359
12,22,6,16,14,5,3,1,7,0,0,1,1,0,0,0,0,13.758238,51.064919
13,22,7,8,17,6,3,2,6,0,0,1,1,0,0,0,0,12.407848,51.335683
11,22,7,22,10,6,3,5,3,0,0,1,1,0,0,0,0,12.903219,50.838875
13,22,7,3,9,1,3,0,1,0,0,1,0,0,0,0,0,12.344136,51.331127
22,22,8,6,12,7,2,0,1,0,0,1,0,0,0,0,0,12.827572,50.927682
12,22,6,20,11,2,3,5,3,0,0,1,0,0,0,0,0,13.751302,51.042447
26,22,7,8,7,6,3,0,1,0,1,1,0,0,0,0,0,14.807122,50.898039
13,22,7,14,10,5,3,5,3,0,0,1,0,0,0,0,1,12.367926,51.323381
12,22,7,2,16,7,3,5,2,0,0,1,1,0,0,0,0,13.729455,51.045707
25,22,8,5,17,6,3,5,3,0,0,1,0,0,0,0,1,13.820413,51.186059
24,22,6,14,6,3,3,4,6,0,0,1,0,0,0,0,0,12.742181,50.857738
13,22,7,27,7,4,3,2,2,0,0,1,1,0,0,0,0,12.479269,51.345821
30,22,6,18,18,7,3,1,1,0,0,1,1,0,0,0,0,12.335519,51.451893
12,22,7,1,21,6,3,6,4,0,0,1,0,1,0,0,0,13.712466,51.077534
12,22,7,12,8,3,3,6,4,0,0,1,0,1,0,0,0,13.774976,51.038125
26,22,7,19,16,3,3,3,2,0,0,1,1,0,0,0,0,14.792449,50.89736
13,22,6,29,8,4,3,2,7,0,1,1,1,0,0,0,0,12.378329,51.359599
29,22,6,16,11,5,2,6,4,0,0,1,0,1,0,0,0,12.375128,51.278192
13,22,7,5,12,3,3,5,3,0,0,1,1,0,0,0,0,12.47692,51.33983
25,22,7,10,10,1,3,4,2,0,0,1,1,0,0,0,0,13.9136,51.103003
21,22,7,17,19,1,2,0,1,0,0,1,0,0,0,0,0,13.017911,50.673185
11,22,7,4,22,2,3,0,7,2,0,1,0,0,0,0,0,12.890342,50.830483
13,22,6,15,15,4,3,4,6,0,0,1,0,0,0,0,0,12.340797,51.327399
13,22,6,19,2,1,3,0,1,2,0,1,0,0,0,0,0,12.464629,51.312796
24,22,8,6,17,7,2,0,1,0,0,1,0,0,0,0,0,12.362757,50.696585
12,22,7,12,12,3,2,7,7,0,0,1,0,1,0,0,0,13.876373,50.99286
24,22,7,5,17,3,3,5,3,0,0,1,1,0,0,0,0,12.540693,50.835308
24,22,8,2,13,3,3,5,3,0,0,1,1,0,0,0,0,12.496927,50.717556
27,22,6,30,20,5,2,5,3,0,0,1,1,0,0,0,0,13.2895,51.303224
13,22,8,4,21,5,3,5,3,1,0,1,1,0,0,0,0,12.369683,51.324486
28,22,7,24,15,1,3,0,1,0,0,1,0,0,0,0,0,13.993366,50.943702
12,22,6,17,17,6,3,1,1,0,0,1,1,0,0,0,0,13.798584,51.043171
28,22,6,15,14,4,3,0,1,0,0,1,0,0,0,0,0,13.860643,50.987852
13,22,7,26,12,3,2,0,7,0,0,1,0,0,0,0,0,12.351014,51.365793
30,22,6,17,7,6,3,5,3,0,0,1,1,0,0,0,0,12.940539,51.283011
13,22,8,1,14,2,3,5,3,0,0,1,1,0,0,0,0,12.381558,51.336673
11,22,7,1,14,6,2,0,1,0,1,1,0,0,0,0,0,12.881263,50.855881
26,22,8,3,18,4,3,4,7,0,0,1,0,0,0,0,0,14.581813,51.356919
12,22,6,22,7,4,3,3,6,0,0,1,1,0,1,0,0,13.773401,51.046226
22,22,7,11,17,2,2,0,6,0,0,1,1,0,0,0,0,13.45617,50.971494
12,22,7,20,19,4,3,1,5,0,0,1,1,0,0,0,0,13.757264,51.063902
12,22,7,26,12,3,3,0,1,0,0,1,0,0,0,0,0,13.718082,51.07753
12,22,6,17,13,6,3,6,6,0,0,1,0,1,0,0,0,13.865548,51.015625
12,22,7,31,20,1,3,0,1,0,0,1,0,0,0,0,0,13.727629,51.031877
25,22,6,16,17,5,3,5,7,0,0,1,1,0,0,0,0,14.240202,51.432444
21,22,6,21,20,3,3,4,7,0,0,1,0,0,0,0,0,12.608006,50.493058
12,22,6,26,17,1,3,1,5,0,0,1,1,0,0,0,0,13.726995,51.070663
12,22,6,24,7,6,3,0,7,0,0,1,0,0,0,0,0,13.826187,51.04795
30,22,7,6,18,4,3,0,7,0,0,1,0,0,0,0,0,12.355011,51.528346
13,22,7,14,7,5,3,5,3,0,0,1,1,0,0,0,0,12.297751,51.357374
13,22,7,21,5,5,1,5,3,0,0,1,1,0,0,0,0,12.491201,51.359627
12,22,6,23,18,5,3,3,2,0,0,1,1,0,0,0,0,13.775363,51.032978
13,22,7,12,13,3,3,1,5,0,0,1,1,0,0,0,0,12.413008,51.375097
28,22,7,20,19,4,2,0,1,0,0,1,0,0,0,0,0,14.218923,51.025238
11,22,6,28,10,3,3,0,7,0,0,1,0,0,0,0,0,12.929755,50.815539
12,22,7,5,11,3,3,5,3,0,0,1,1,0,0,0,0,13.767496,51.042573
11,22,7,14,16,5,3,0,7,0,0,1,0,0,0,0,0,12.887158,50.794966
11,22,6,22,18,4,3,5,3,0,0,1,1,0,0,0,0,12.922571,50.825333
12,22,7,11,8,2,3,6,4,0,0,1,0,1,0,0,0,13.821831,51.029454
25,22,7,18,10,2,2,0,7,0,0,1,0,0,0,0,0,14.432302,51.175572
30,22,7,4,19,2,3,6,4,0,0,1,0,1,0,0,0,12.221322,51.396001
27,22,6,15,13,4,2,5,3,0,0,1,0,0,0,0,1,13.386944,51.302104
12,22,6,19,17,1,3,0,7,0,0,1,0,0,0,0,0,13.740065,51.053688
29,22,7,15,9,6,2,0,7,0,0,1,0,0,1,0,0,12.440916,51.088821
29,22,7,20,6,4,2,0,7,0,1,1,0,0,0,0,1,12.608162,51.017172
24,22,7,2,16,7,3,0,7,0,0,1,0,0,0,0,0,12.490124,50.720971
12,22,8,6,17,7,2,2,6,0,0,1,0,0,0,0,0,13.752652,51.060465
13,22,6,23,7,5,3,1,5,0,0,1,1,0,0,0,0,12.403207,51.339975
21,22,7,13,17,4,3,5,3,0,0,1,1,0,0,0,0,12.799497,50.581516
11,22,6,19,12,1,2,0,1,0,0,1,0,0,0,0,0,12.90513,50.791749
13,22,7,7,14,5,3,5,3,0,1,1,1,0,0,0,0,12.397791,51.329452
12,22,7,14,8,5,3,1,5,0,0,1,1,0,0,0,0,13.718865,51.080537
30,22,6,25,9,7,3,5,3,0,0,1,1,0,0,0,0,12.983088,51.560341
25,22,7,23,19,7,3,5,3,0,0,1,0,0,0,0,0,14.378748,51.344234
13,22,7,27,8,4,3,5,3,0,0,1,1,0,0,0,0,12.398527,51.398939
12,22,8,5,13,6,2,3,6,0,0,1,1,0,0,0,0,13.704922,51.034366
25,22,6,29,6,4,2,5,3,0,1,1,1,0,0,0,0,14.098825,51.278818
21,22,6,15,12,4,2,0,7,0,0,1,0,0,0,0,0,13.005655,50.580137
12,22,6,19,22,1,2,7,1,2,0,1,0,0,0,0,0,13.776572,51.066765
12,22,7,7,8,5,3,1,7,0,1,1,1,0,0,0,0,13.779376,51.046221
13,22,8,1,17,2,3,5,3,0,0,1,1,0,0,0,0,12.406076,51.346865
12,22,7,21,14,5,3,0,1,0,0,1,0,0,0,0,0,13.746729,51.053336
12,22,7,1,15,6,3,3,6,0,0,1,0,0,0,0,0,13.754555,51.057157
12,22,8,3,6,4,3,0,1,0,0,1,0,0,0,0,0,13.71821,51.077526
12,22,6,22,9,4,3,3,2,0,0,1,1,0,0,0,0,13.747269,51.07197
25,22,7,19,8,3,3,5,3,0,0,1,1,0,0,0,0,14.248409,51.439734
12,22,7,25,15,2,3,1,6,0,0,1,1,0,0,0,0,13.749381,51.035669
12,22,7,6,16,4,3,5,3,0,0,1,0,0,0,0,0,13.688943,51.057962
13,22,7,13,17,4,3,4,2,0,0,1,0,0,0,0,1,12.399143,51.345874
13,22,7,11,10,2,3,5,2,0,0,1,1,0,0,0,0,12.378479,51.320728
24,22,7,22,17,6,2,0,1,0,0,1,0,0,0,0,0,12.383382,50.817226
27,22,8,6,0,7,3,1,5,2,1,1,1,0,0,0,0,13.385129,51.320878
12,22,7,13,16,4,3,8,6,0,0,1,1,0,0,0,0,13.734366,51.032144
13,22,6,18,19,7,3,0,7,0,0,1,0,0,0,0,0,12.384964,51.342641
13,22,7,7,12,5,3,4,6,0,0,1,0,0,0,0,0,12.348133,51.328717
13,22,7,12,4,3,3,7,1,1,0,1,0,0,0,0,0,12.282105,51.329833
13,22,7,18,7,2,3,3,6,0,0,1,0,0,0,0,1,12.384914,51.378816
12,22,7,25,23,2,3,5,3,2,0,1,0,0,0,0,1,13.79736,51.024198
13,22,6,16,8,5,2,2,1,0,1,1,1,0,0,0,0,12.445297,51.346143
13,22,7,30,14,7,3,3,2,0,1,1,1,0,0,0,0,12.408245,51.340077
27,22,7,13,18,4,3,8,7,0,0,1,0,0,0,0,0,13.338951,51.334892
13,22,7,1,12,6,3,5,3,0,1,1,1,0,0,0,0,12.393139,51.336959
13,22,8,3,14,4,3,5,3,0,0,1,1,0,0,0,0,12.323876,51.320403
12,22,6,30,8,5,3,5,3,0,0,1,1,0,0,0,0,13.74408,51.065562
13,22,6,22,15,4,3,5,3,0,0,1,1,0,0,0,0,12.462047,51.35798
26,22,7,12,21,3,2,2,6,1,0,1,0,0,0,0,0,14.650072,51.53382
21,22,7,25,0,2,2,0,7,2,0,1,0,0,0,0,0,12.965492,50.418582
13,22,6,16,18,5,3,0,7,0,0,1,0,0,0,0,0,12.391763,51.323843
26,22,7,5,12,3,3,0,1,0,0,1,0,0,0,0,0,14.896512,51.147611
13,22,7,31,10,1,3,6,4,0,0,1,0,1,0,0,0,12.372068,51.342292
27,22,6,21,15,3,3,0,6,0,0,1,1,0,0,0,0,13.299916,51.305897
21,22,7,17,17,1,2,7,7,0,0,1,0,0,0,0,0,13.317884,50.688943
13,22,7,23,10,7,3,0,7,0,1,1,0,0,0,0,0,12.325082,51.320377
13,22,6,15,8,4,3,3,7,0,0,1,1,0,0,0,0,12.401934,51.321675
21,22,7,9,23,7,2,9,1,2,1,1,0,0,0,0,0,12.623592,50.587597
12,22,7,15,13,6,3,2,6,0,0,1,0,0,0,0,0,13.717188,51.052765
29,22,7,3,16,1,3,5,3,0,0,1,1,0,0,0,0,12.49594,51.271172
21,22,8,6,18,7,3,5,3,0,0,1,0,0,0,0,0,12.700277,50.581383
27,22,6,24,13,6,3,7,7,0,0,1,0,0,0,0,0,13.701098,51.304035
23,22,7,12,16,3,3,3,6,0,0,1,1,0,0,0,0,12.295095,50.63962
13,22,6,14,12,3,3,5,3,0,0,1,1,0,0,0,0,12.324891,51.328069
12,22,7,7,14,5,3,2,1,0,1,1,1,0,0,0,0,13.798651,51.011839
13,22,8,1,8,2,3,5,2,0,0,1,1,0,0,0,0,12.4452,51.345478
27,22,6,30,7,5,3,5,3,0,0,1,1,0,0,0,0,13.310162,51.302477
30,22,6,22,10,4,2,1,7,0,0,1,1,0,0,0,0,12.317039,51.52791
13,22,7,11,20,2,3,0,7,0,0,1,0,0,0,0,0,12.370871,51.326
13,22,7,25,8,2,3,5,3,0,0,1,1,0,0,0,0,12.372973,51.301365
29,22,7,30,10,7,2,0,7,0,1,1,0,0,0,0,0,12.714742,51.221893
13,22,7,14,13,5,3,1,5,0,0,1,1,0,0,0,0,12.422397,51.31353
13,22,7,8,9,6,3,0,1,0,0,1,0,0,0,0,0,12.365446,51.362458
11,22,6,26,17,1,3,2,6,0,0,1,1,0,0,0,0,12.826711,50.815087
28,22,7,5,8,3,3,5,2,0,0,1,1,0,0,0,0,13.870306,50.980288
11,22,7,28,13,5,3,5,3,0,0,1,1,0,0,0,0,12.93697,50.842446
28,22,6,24,8,6,3,5,2,0,0,1,1,0,0,0,0,14.209914,51.022992
12,22,6,16,8,5,2,0,1,0,0,1,0,0,0,0,0,13.781937,51.040543
12,22,7,7,21,5,3,0,7,2,1,1,0,0,0,0,0,13.749468,51.064753
28,22,7,16,10,7,3,0,1,0,0,1,0,0,0,0,0,13.964939,50.961352
22,22,6,21,6,3,2,0,3,0,0,1,1,0,0,0,0,13.419778,50.936552
12,22,7,17,10,1,3,6,6,0,0,1,0,1,0,0,0,13.757614,51.039929
13,22,6,29,9,4,3,5,3,0,1,1,1,0,0,0,0,12.373614,51.330535
29,22,6,24,14,6,3,5,2,0,1,1,1,0,0,0,0,12.377125,51.274937
13,22,7,28,10,5,3,5,3,0,0,1,1,0,0,0,0,12.374873,51.353163
27,22,6,16,15,5,3,3,6,0,0,1,1,0,0,0,0,13.221791,51.352708
12,22,6,20,15,2,3,5,3,0,1,1,1,0,0,0,0,13.701908,51.074442
28,22,7,8,16,6,3,0,1,0,0,1,0,0,0,0,0,13.890361,50.95972
11,22,7,22,15,6,2,0,1,0,0,1,0,0,0,0,0,12.943436,50.815302
12,22,7,3,19,1,3,1,5,0,0,1,1,0,0,0,0,13.710201,51.091899
26,22,6,24,7,6,3,2,2,0,0,1,0,0,0,0,0,14.891796,51.295649
27,22,7,12,13,3,3,0,7,0,0,1,0,0,0,0,0,13.57349,51.118889
12,22,6,29,20,4,3,0,1,1,1,1,0,0,0,0,0,13.760768,51.068309
12,22,6,15,12,4,3,0,1,0,0,1,0,0,0,0,0,13.710769,51.077549
12,22,7,27,13,4,3,3,6,0,0,1,1,0,0,0,0,13.738061,51.054357
12,22,7,7,7,5,3,5,2,1,1,1,1,0,0,0,0,13.771723,51.046914
27,22,8,2,10,3,2,0,1,0,0,1,0,0,0,0,0,13.652062,51.106158
25,22,8,4,15,5,3,5,3,0,0,1,1,0,0,0,0,14.263788,51.442084
12,22,7,10,0,1,2,0,7,2,1,1,0,0,0,0,0,13.731812,51.088767
13,22,7,18,10,2,3,2,6,0,0,1,0,0,0,0,0,12.343778,51.323916
28,22,7,24,23,1,3,7,1,2,0,1,0,0,0,0,0,13.937711,50.950375
21,22,6,17,12,6,2,4,1,0,0,1,1,0,0,0,0,12.709571,50.589403
13,22,7,5,17,3,3,3,7,0,0,1,1,0,0,0,0,12.374026,51.33676
13,22,7,29,8,6,3,1,7,0,0,1,0,0,0,1,0,12.375048,51.343028
12,22,7,16,18,7,3,5,3,0,0,1,1,0,0,0,0,13.737335,51.050476
22,22,6,26,10,1,2,4,6,0,0,1,1,0,0,0,0,13.336666,50.918459
27,22,7,22,19,6,3,0,1,0,0,1,0,0,0,0,0,13.521881,51.276668
26,22,7,3,20,1,3,4,6,0,0,1,1,0,0,0,0,14.978644,51.14928
12,22,8,7,10,1,3,5,3,0,0,1,1,0,0,0,0,13.724034,51.03095
22,22,6,24,23,6,3,0,7,2,0,1,0,0,0,0,0,12.8188,50.921373
12,22,6,15,15,4,3,5,3,0,0,1,1,0,0,0,0,13.755848,51.033601
26,22,6,17,9,6,3,0,1,0,0,1,0,0,0,0,0,14.98141,51.154101
13,22,8,2,18,3,3,0,7,0,0,1,0,1,0,0,0,12.376987,51.345074
22,22,7,21,11,5,3,5,3,0,0,1,1,0,0,0,0,13.328447,50.910565
28,22,7,1,17,6,3,5,3,0,1,1,1,0,0,0,0,13.646312,50.996379
23,22,6,22,15,4,3,5,7,0,0,1,1,0,0,0,0,12.143011,50.495517
13,22,7,12,18,3,3,5,2,0,0,1,1,0,0,0,0,12.393284,51.322881
13,22,6,27,7,2,3,5,3,0,0,1,1,0,0,0,0,12.400373,51.345814
12,22,6,17,18,6,3,3,6,0,0,1,0,0,0,0,0,13.781855,51.040406
13,22,7,29,13,6,3,0,1,0,0,1,0,0,0,0,0,12.419565,51.348112
13,22,7,10,0,1,2,6,7,2,0,1,0,1,0,0,0,12.373663,51.332857
28,22,7,17,11,1,3,5,3,0,0,1,1,0,0,0,0,13.935107,50.984866
12,22,7,21,7,5,2,0,1,0,0,1,0,0,0,0,0,13.837484,51.024814
11,22,8,7,13,1,3,0,7,0,0,1,0,0,0,0,0,12.925394,50.83294
30,22,6,22,8,4,3,0,1,0,0,1,0,0,0,0,0,12.34629,51.528299
21,22,7,12,18,3,2,3,2,0,0,1,0,0,0,0,1,12.858076,50.781222
12,22,6,28,22,3,2,0,1,2,0,1,0,0,0,0,0,13.84197,51.002309
13,22,6,14,15,3,3,6,4,0,0,1,0,1,0,0,0,12.373341,51.324639
21,22,8,2,17,3,2,0,1,0,0,1,0,0,0,0,0,12.638994,50.603068
12,22,6,21,7,3,3,5,2,0,0,1,1,0,0,0,0,13.788951,51.012147
26,22,7,11,21,2,3,8,1,2,0,1,1,0,0,0,0,14.695827,50.856628
26,22,7,18,19,2,2,0,1,0,0,1,0,0,0,0,0,14.818787,51.397464
12,22,6,27,13,2,3,2,6,0,0,1,1,0,0,0,0,13.804981,51.039791
29,22,7,13,20,4,3,5,2,0,0,1,1,0,0,0,0,12.491285,51.120764
22,22,6,16,20,5,3,0,7,0,0,1,0,0,0,0,0,13.349881,50.915307
25,22,7,9,22,7,3,6,1,2,0,1,0,1,0,0,0,13.93078,51.25009
24,22,7,22,10,6,2,8,1,0,0,1,0,0,0,0,0,12.362721,50.790086
30,22,7,2,18,7,3,5,3,0,0,1,1,0,0,0,0,12.587264,51.600075
13,22,6,23,10,5,3,5,3,0,0,1,1,0,0,0,0,12.390806,51.330993
13,22,7,12,18,3,3,3,6,0,0,1,1,0,0,0,0,12.371806,51.339624
13,22,6,17,12,6,3,3,2,0,0,1,0,0,0,0,0,12.470411,51.345744
26,22,7,7,12,5,2,5,3,0,0,1,1,0,0,0,0,14.984241,51.149441
27,22,8,1,18,2,2,9,1,0,0,1,0,0,0,0,0,13.380342,51.253895
28,22,7,20,19,4,3,8,6,0,0,1,1,0,0,0,0,13.930958,50.97795
12,22,7,1,12,6,3,5,3,0,0,1,1,0,0,0,0,13.780528,51.051748
12,22,8,4,0,5,3,0,1,2,0,1,0,0,0,0,0,13.750409,51.071442
12,22,6,22,1,4,2,0,1,2,0,1,0,0,0,0,0,13.785365,51.117618
27,22,6,28,16,3,3,1,5,0,0,1,1,0,0,0,0,13.725125,51.20939
13,22,6,27,7,2,3,5,3,0,0,1,1,0,0,0,0,12.407547,51.346779
12,22,6,17,19,6,3,3,2,0,0,1,1,0,0,0,0,13.749438,51.035695
29,22,7,5,10,3,3,5,3,0,0,1,0,0,0,0,0,12.223231,51.303818
26,22,7,30,20,7,3,7,1,0,0,1,0,0,0,0,0,14.968458,51.155451
12,22,6,30,16,5,3,5,3,0,0,1,1,0,0,0,0,13.818139,50.998441
11,22,7,14,18,5,3,0,1,0,1,1,0,0,0,0,0,12.872453,50.816225
26,22,6,25,15,7,3,6,4,0,0,1,0,1,0,0,0,14.809773,50.896799
26,22,7,4,11,2,2,1,5,0,0,1,1,0,0,0,0,14.945179,51.146207
12,22,7,28,11,5,3,5,2,0,0,1,1,0,0,0,0,13.765536,51.073194
12,22,7,8,20,6,3,5,3,0,0,1,1,0,0,0,0,13.7496,51.0336
27,22,7,2,11,7,3,1,7,0,0,1,1,0,0,0,0,13.405604,51.266009
12,22,8,6,9,7,3,5,3,0,0,1,0,0,0,0,1,13.80064,51.004041
12,22,7,24,3,1,2,0,1,2,0,1,0,0,0,0,0,13.739527,51.052627
12,22,7,28,10,5,3,0,5,0,0,1,0,0,0,1,0,13.804819,51.024175
13,22,8,7,12,1,3,0,7,0,0,1,0,0,0,0,0,12.278851,51.31462
28,22,6,15,20,4,2,0,1,0,0,1,0,0,0,0,0,14.012113,50.944886
21,22,7,22,13,6,3,5,3,0,0,1,0,0,1,0,0,12.803357,50.57137
12,22,7,3,9,1,2,0,1,0,0,1,0,0,0,0,0,13.813745,51.029021
21,22,6,15,16,4,3,5,3,0,0,1,1,0,0,0,0,13.1949,50.636362
13,22,7,7,13,5,3,1,1,0,1,1,1,0,0,0,0,12.3366,51.328886
28,22,8,2,16,3,3,0,7,0,0,1,0,0,0,0,0,13.922832,50.969325