CSV=`UKREIS,UJAHR,UMONAT,UTAG,USTUNDE,UWOCHENTAG,UKATEGORIE,UART,UTYP,LICHT,USTRZUSTAND,IstRad,IstPKW,IstFuss,IstKrad,IstGkfz,IstSonstig,@lon,@lat
24,22,6,30,21,5,3,5,3,0,0,1,1,0,0,0,0,12.471016,50.73574
12,22,8,4,12,5,2,0,1,0,0,1,0,0,0,0,0,13.760392,51.026781
13,22,6,22,19,4,3,5,3,0,0,1,1,0,0,0,0,12.338181,51.327072
12,22,7,12,15,3,3,5,3,0,0,1,0,0,0,0,0,13.752926,51.059071
13,22,7,18,19,2,3,1,1,0,0,1,1,0,0,0,0,12.373702,51.331867
27,22,7,25,15,2,3,0,1,0,0,1,0,0,0,0,0,13.479087,51.165436
13,22,7,31,1,1,3,0,7,2,0,1,0,0,0,0,0,12.384528,51.337122
13,22,7,13,10,4,3,5,2,0,0,1,0,0,0,0,1,12.362092,51.360717
30,22,6,29,10,4,3,5,3,0,0,1,1,0,0,0,0,12.653921,51.466372
30,22,6,21,11,3,3,5,3,0,0,1,1,0,0,0,0,12.333032,51.529857
11,22,7,11,15,2,3,3,2,0,0,1,1,0,0,0,0,12.916882,50.856282
11,22,7,5,9,3,3,5,2,0,0,1,1,0,0,0,0,12.901019,50.816457
27,22,7,29,11,6,2,0,7,0,0,1,0,0,0,0,0,13.585548,51.285045
13,22,6,15,15,4,3,1,6,0,0,1,1,0,0,0,1,12.378564,51.323405
30,22,6,20,8,2,3,5,3,0,1,1,1,0,0,0,0,12.491767,51.384264
13,22,7,21,17,5,3,4,2,1,0,1,0,0,0,0,1,12.384966,51.338074
21,22,7,3,14,1,2,0,7,0,0,1,0,0,0,0,0,13.042198,50.754305
30,22,7,11,15,2,3,5,3,0,0,1,1,0,0,0,0,12.614966,51.458982
13,22,6,28,8,3,3,7,7,0,0,1,0,0,0,0,0,12.345819,51.330102
13,22,6,14,18,3,3,4,6,0,0,1,0,0,0,0,1,12.371418,51.33773
30,22,6,18,20,7,3,8,1,0,0,1,0,0,0,0,0,12.342889,51.52709
12,22,7,7,7,5,3,5,2,0,1,1,1,0,0,0,0,13.788617,51.04325
24,22,8,3,15,4,3,0,1,0,0,1,0,0,0,0,0,12.489974,50.720126
11,22,6,23,21,5,3,0,7,0,0,1,0,0,0,0,0,12.916516,50.839014
12,22,7,13,14,4,3,0,7,0,1,1,0,0,0,0,0,13.745098,51.051601
11,22,6,15,15,4,3,5,3,0,0,1,1,0,0,0,0,12.902996,50.787888
13,22,6,17,17,6,3,5,3,0,0,1,1,0,0,0,0,12.376925,51.371108
12,22,7,7,12,5,3,5,3,0,1,1,1,0,0,0,0,13.753272,51.111023
28,22,7,1,9,6,3,5,3,0,0,1,1,0,0,0,0,13.647236,51.003977
12,22,6,23,7,5,3,2,2,0,0,1,1,0,0,0,0,13.802985,51.040415
27,22,7,12,16,3,3,5,3,0,0,1,0,0,0,0,1,13.455945,51.421034
13,22,7,20,12,4,3,5,2,0,0,1,0,0,0,1,0,12.379424,51.349576
12,22,6,29,11,4,3,5,2,0,0,1,1,0,0,0,0,13.81249,51.019811
12,22,7,25,18,2,3,0,1,0,0,1,0,0,0,0,0,13.692033,51.037691
30,22,6,29,15,4,3,5,3,0,0,1,0,0,0,0,1,12.344538,51.524631
13,22,6,21,17,3,3,5,3,0,0,1,1,0,0,0,0,12.394145,51.346167
28,22,7,10,17,1,3,0,1,0,0,1,0,0,0,0,0,13.937093,50.96118
12,22,7,22,0,6,3,0,7,2,0,1,0,0,0,0,0,13.74709,51.068093
13,22,7,16,19,7,3,8,1,0,0,1,0,0,0,0,0,12.479136,51.355081
11,22,7,22,14,6,2,0,7,0,0,1,0,0,0,0,0,12.931626,50.797657
12,22,8,7,1,1,3,0,1,2,0,1,0,0,0,0,0,13.773149,51.046324
21,22,6,23,19,5,2,0,1,0,0,1,0,0,0,0,0,12.769879,50.545591
12,22,7,12,17,3,3,0,1,0,0,1,0,0,0,0,0,13.676134,51.060715
12,22,6,15,19,4,3,0,1,1,0,1,0,0,0,0,0,13.848356,51.03243
13,22,7,26,19,3,3,3,6,0,0,1,1,0,0,0,0,12.338814,51.332421
26,22,7,5,13,3,3,5,3,0,0,1,1,0,0,0,0,14.644404,51.508179
29,22,8,4,10,5,3,5,3,0,0,1,1,0,0,0,0,12.748874,51.376406
24,22,6,29,17,4,3,0,7,0,0,1,0,0,0,0,0,12.753694,50.857287
13,22,6,16,17,5,3,0,5,0,0,1,1,0,0,0,0,12.404678,51.345597
12,22,7,5,6,3,3,5,2,0,0,1,1,0,0,0,0,13.777299,51.058726
12,22,8,1,6,2,3,0,1,0,0,1,0,0,0,0,0,13.729997,51.036312
12,22,8,8,4,2,3,5,3,2,0,1,1,0,0,0,0,13.687826,51.05652
24,22,6,19,17,1,2,0,7,0,0,1,0,0,0,0,0,12.678175,50.784031
12,22,7,28,11,5,3,3,1,0,0,1,1,0,0,0,0,13.808888,51.047486
11,22,6,24,8,6,3,0,7,0,0,1,0,0,0,0,0,12.898898,50.828624
28,22,7,24,1,1,3,0,1,2,0,1,0,0,0,0,0,13.93991,50.963513
28,22,6,17,16,6,2,5,2,0,0,1,0,0,1,0,0,13.512781,50.885809
30,22,7,5,12,3,3,0,7,0,0,1,0,0,0,0,0,12.63728,51.459892
12,22,7,30,13,7,3,5,3,0,0,1,1,0,0,0,0,13.844682,51.003205
13,22,7,14,18,5,3,5,3,0,0,1,1,0,0,0,0,12.406046,51.346281
29,22,6,21,8,3,3,5,3,0,0,1,1,0,0,0,0,12.395496,51.273111
12,22,7,17,20,1,2,6,6,0,0,1,0,1,0,0,0,13.752316,51.04205
11,22,6,25,17,7,3,0,6,0,0,1,1,0,0,0,0,12.955844,50.799518
30,22,7,4,11,2,3,5,3,0,0,1,1,0,0,0,0,12.583646,51.439088
13,22,7,27,13,4,3,3,2,0,0,1,1,0,0,0,0,12.376628,51.355853
27,22,8,8,16,2,3,5,3,0,0,1,0,0,0,0,0,13.584429,51.126278
12,22,6,30,14,5,3,0,7,0,0,1,0,0,0,0,0,13.797998,51.02484
12,22,6,24,18,6,3,0,1,0,1,1,0,0,0,0,0,13.772526,51.047584
13,22,6,19,2,1,3,0,1,2,0,1,0,0,0,0,0,12.341662,51.33821
27,22,7,16,17,7,3,1,5,0,0,1,1,0,0,0,0,13.553136,51.295501
12,22,8,7,21,1,3,5,3,2,0,1,1,0,0,0,0,13.740799,51.047233
12,22,6,30,7,5,3,5,3,0,0,1,1,0,0,0,0,13.750559,51.060933
12,22,6,22,9,4,3,0,6,0,0,1,1,0,0,0,0,13.792228,51.047566
24,22,6,17,19,6,3,8,1,0,0,1,0,0,0,0,0,12.617889,50.712245
28,22,7,5,9,3,2,5,2,0,0,1,0,0,0,0,0,13.86131,50.973363
12,22,8,2,8,3,3,0,1,0,0,1,0,0,0,0,0,13.849087,51.004325
21,22,7,2,18,7,2,0,1,0,0,1,0,0,0,0,0,13.011549,50.469393
12,22,8,4,15,5,2,0,3,0,0,1,1,0,0,0,0,13.733819,51.05073
24,22,6,29,13,4,3,0,1,0,0,1,0,0,0,0,0,12.684752,50.802205
12,22,6,21,18,3,3,5,3,0,0,1,1,0,0,0,0,13.777197,51.060084
25,22,7,18,15,2,3,0,1,0,0,1,0,0,0,0,0,14.092737,51.445427
13,22,7,4,5,2,3,5,2,0,0,1,1,0,0,0,0,12.40578,51.331749
25,22,8,7,18,1,2,6,4,0,0,1,0,1,0,0,0,14.425504,51.175379
13,22,6,15,21,4,3,5,2,1,0,1,1,0,0,0,0,12.363409,51.369806
12,22,6,19,6,1,3,0,1,0,0,1,0,0,0,0,0,13.739776,51.068351
12,22,7,9,9,7,3,0,7,0,0,1,0,0,0,0,0,13.730452,51.056327
13,22,7,20,8,4,3,4,2,0,0,1,1,0,0,0,0,12.428271,51.379713
12,22,7,2,13,7,3,5,3,0,0,1,1,0,0,0,0,13.842899,51.002555
12,22,7,13,6,4,3,5,3,0,0,1,1,0,0,0,0,13.809243,51.028142
12,22,6,15,16,4,3,2,6,0,0,1,0,0,0,0,0,13.757758,51.051463
13,22,6,17,10,6,3,5,2,0,0,1,0,0,0,0,1,12.358485,51.343264
13,22,7,7,15,5,3,0,1,0,1,1,0,0,0,0,0,12.411334,51.345248
12,22,7,1,18,6,3,5,3,0,0,1,1,0,0,0,0,13.760913,51.03344
28,22,6,23,9,5,2,0,6,0,0,1,1,0,0,0,0,13.633053,51.019369
11,22,7,12,15,3,3,0,5,0,0,1,1,0,0,0,0,12.956247,50.823304
24,22,6,27,17,2,3,0,1,0,0,1,1,0,0,0,0,12.475724,50.681473
13,22,6,16,8,5,3,0,1,0,0,1,0,0,0,0,0,12.357147,51.33107
12,22,8,2,15,3,3,5,3,0,0,1,0,0,0,0,0,13.678287,51.047671
13,22,7,21,15,5,3,5,3,0,0,1,1,0,0,0,0,12.381605,51.331758
24,22,7,1,18,6,2,0,1,0,0,1,0,0,0,0,0,12.474509,50.727171
13,22,7,19,20,3,3,5,3,1,0,1,1,0,0,0,0,12.393169,51.336925
11,22,6,27,9,2,3,2,6,0,0,1,1,0,0,0,0,12.929703,50.815834
28,22,7,6,14,4,3,5,3,0,0,1,0,0,0,0,1,13.91542,50.959177
12,22,7,10,15,1,3,5,2,0,0,1,1,0,0,0,0,13.776365,51.067836
27,22,7,18,8,2,3,1,5,0,0,1,1,0,0,0,0,13.630643,51.104828
11,22,7,24,18,1,3,5,3,0,0,1,1,0,0,0,0,12.934669,50.832732
21,22,7,5,16,3,3,5,3,0,0,1,1,0,0,0,0,12.937351,50.607587
11,22,7,15,6,6,3,0,7,0,0,1,0,0,0,0,0,12.876152,50.787928
30,22,7,2,9,7,2,5,3,0,0,1,1,0,0,0,0,12.941404,51.278513
30,22,6,23,6,5,2,5,3,0,0,1,0,0,0,0,1,12.997496,51.560412
12,22,7,13,12,4,3,4,6,0,0,1,0,0,0,0,1,13.828675,51.007231
11,22,6,15,8,4,2,4,6,0,0,1,0,0,0,0,0,12.902496,50.788024
13,22,7,7,10,5,3,1,5,0,1,1,1,0,0,0,0,12.373241,51.338098
25,22,8,2,8,3,3,5,3,0,0,1,1,0,0,0,0,14.230655,51.435568
24,22,6,30,11,5,3,1,5,0,0,1,1,0,0,0,0,12.70706,50.800805
30,22,8,3,11,4,3,5,2,0,0,1,0,0,0,0,1,12.99219,51.562566
12,22,6,22,9,4,3,0,7,0,0,1,0,0,0,0,0,13.801214,51.000914
12,22,7,19,14,3,3,5,3,0,0,1,1,0,0,0,0,13.769025,51.052643
12,22,6,29,15,4,3,5,3,0,0,1,1,0,0,0,0,13.721443,51.055635
13,22,6,27,23,2,3,0,1,2,0,1,0,0,0,0,0,12.369116,51.359771
23,22,6,16,7,5,3,0,1,0,0,1,0,0,0,0,0,12.164388,50.491276
12,22,6,21,17,3,3,0,7,0,0,1,1,0,0,0,0,13.758147,51.033092
12,22,7,18,18,2,3,6,4,0,0,1,0,1,0,0,0,13.735337,51.052569
12,22,7,11,6,2,3,5,3,0,0,1,1,0,0,0,0,13.738491,51.039535
28,22,7,18,10,2,3,0,1,0,0,1,0,0,0,0,0,13.526581,50.987577
12,22,7,23,17,7,3,0,1,0,0,1,0,0,0,0,0,13.777721,51.052908
27,22,7,4,18,2,3,6,7,0,0,1,0,1,0,0,0,13.300907,51.305898
13,22,7,27,19,4,3,3,2,0,0,1,1,0,0,0,0,12.373647,51.325306
29,22,6,20,12,2,3,6,1,0,0,1,0,1,0,0,0,12.586598,51.287771
25,22,7,8,17,6,3,5,3,0,0,1,1,0,0,0,0,13.914647,51.104513
13,22,7,15,13,6,3,5,2,0,0,1,1,0,0,0,0,12.374081,51.334284
12,22,7,22,19,6,3,5,2,0,0,1,1,0,0,0,0,13.692578,51.047313
13,22,6,23,17,5,3,5,3,0,0,1,1,0,0,0,0,12.365255,51.333083
24,22,6,14,17,3,2,0,1,0,0,1,0,0,0,0,0,12.718101,50.80445
11,22,7,27,15,4,3,0,7,0,0,1,0,0,0,0,0,12.939615,50.817632
21,22,6,18,13,7,2,5,3,0,0,1,1,0,0,0,0,12.724438,50.561849
12,22,8,2,2,3,2,0,1,2,0,1,0,0,0,0,0,13.756574,51.04865
13,22,6,30,15,5,3,6,4,0,0,1,1,1,0,0,0,12.318413,51.354455
28,22,8,3,9,4,3,5,3,0,0,1,1,0,0,0,0,13.9423,50.959583
12,22,6,22,17,4,3,0,7,0,0,1,0,0,0,0,0,13.847607,51.007847
12,22,6,27,14,2,2,2,6,0,0,1,0,0,0,1,0,13.746334,51.049042
13,22,7,25,10,2,3,5,3,0,0,1,1,0,0,0,0,12.369973,51.360652
13,22,6,16,17,5,3,3,2,0,0,1,1,0,0,0,0,12.37627,51.349759
30,22,7,30,6,7,3,5,3,0,0,1,1,0,0,0,0,13.123802,51.481273
13,22,7,13,14,4,3,3,2,0,0,1,1,0,0,0,0,12.382081,51.332577
11,22,7,17,12,1,3,0,1,0,0,1,0,0,0,0,0,12.869086,50.844269
25,22,6,26,13,1,2,4,1,0,0,1,0,0,0,0,0,13.925259,51.118801
29,22,7,22,21,6,3,3,6,1,0,1,1,0,0,0,0,12.329821,51.22313
12,22,7,5,18,3,3,0,7,0,0,1,0,0,0,0,0,13.77908,51.058878
30,22,7,27,18,4,3,5,3,0,0,1,1,0,0,0,0,12.322941,51.535253
29,22,8,8,11,2,3,1,5,0,0,1,1,0,0,0,0,12.372999,51.27953
25,22,6,29,19,4,3,3,6,0,0,1,1,0,0,0,0,14.255969,51.440227
25,22,6,15,17,4,3,2,6,0,0,1,1,0,0,0,0,14.102553,51.278514
13,22,7,6,22,4,3,3,1,2,0,1,1,0,0,0,0,12.368365,51.357818
13,22,7,15,18,6,3,5,2,0,0,1,1,0,0,0,0,12.405901,51.345532
13,22,7,21,0,5,3,5,3,2,0,1,0,0,1,0,0,12.382759,51.363189
13,22,7,2,12,7,3,6,6,0,0,1,0,1,0,0,0,12.358059,51.344025
24,22,8,5,9,6,3,6,4,0,0,1,0,1,0,0,0,12.46872,50.718855
12,22,6,15,20,4,3,0,1,1,0,1,0,0,0,0,0,13.771386,51.046442
12,22,7,27,10,4,3,3,6,0,0,1,1,0,0,0,0,13.701657,51.045568
25,22,7,6,13,4,3,2,6,0,0,1,0,0,0,0,0,14.439971,51.177672
26,22,6,20,15,2,3,5,3,0,1,1,1,0,0,0,0,14.984368,51.149399
12,22,7,8,16,6,3,1,5,2,0,1,1,0,0,0,0,13.804375,51.038214
13,22,7,15,12,6,3,5,3,0,0,1,0,0,0,0,0,12.382747,51.340631
13,22,7,20,16,4,2,5,3,0,0,1,1,0,0,0,0,12.406532,51.338103
12,22,7,2,14,7,3,0,1,0,0,1,0,0,0,0,0,13.691245,51.052252
13,22,6,23,14,5,3,6,4,0,0,1,0,1,0,0,0,12.376471,51.352406
25,22,7,12,14,3,3,5,3,0,0,1,1,0,0,0,0,14.093395,51.448467
12,22,6,15,17,4,3,5,3,0,0,1,1,0,0,0,0,13.699342,51.079873
13,22,6,17,0,6,3,6,4,2,0,1,0,1,0,0,0,12.379324,51.343391
12,22,8,3,7,4,3,5,3,0,0,1,1,0,0,0,0,13.756576,51.055098
13,22,6,22,13,4,3,0,1,0,0,1,0,0,0,0,0,12.371765,51.339649
12,22,7,11,14,2,3,5,3,0,0,1,1,0,0,0,0,13.726965,51.014317
12,22,6,28,17,3,3,0,1,0,0,1,0,0,0,0,0,13.836982,51.025781
13,22,7,29,13,6,3,3,6,0,0,1,0,1,0,0,0,12.373681,51.332676
13,22,7,14,12,5,3,4,2,0,0,1,1,0,0,0,0,12.463346,51.306393
26,22,6,16,18,5,3,3,6,0,0,1,0,0,0,0,0,14.544918,51.544257
13,22,7,22,11,6,3,5,3,0,0,1,1,0,0,0,0,12.320995,51.302775
11,22,7,29,8,6,3,5,3,0,0,1,0,0,0,0,1,12.974389,50.803027
12,22,8,7,11,1,3,0,1,0,1,1,0,0,0,0,0,13.875844,51.01541
12,22,6,15,19,4,3,1,5,0,0,1,1,0,0,0,0,13.862264,51.002232
25,22,6,18,20,7,3,0,1,0,0,1,0,0,0,0,0,14.432932,51.178794
13,22,7,6,7,4,3,5,2,0,0,1,1,0,0,0,0,12.385975,51.363453
13,22,7,21,17,5,3,5,3,0,0,1,1,0,0,0,0,12.407514,51.326094
28,22,7,1,14,6,3,0,1,0,1,1,0,0,0,0,0,13.939724,50.963954
11,22,8,4,15,5,3,5,3,0,0,1,1,0,0,0,0,12.912171,50.858316
24,22,6,22,11,4,3,5,3,0,0,1,1,0,0,0,0,12.45711,50.722764
12,22,6,29,16,4,3,3,6,0,0,1,0,0,0,0,0,13.776853,51.063748
12,22,6,17,16,6,3,5,5,0,0,1,1,0,0,0,0,13.792915,51.00794
12,22,7,14,9,5,3,5,3,0,0,1,1,0,0,0,0,13.837409,51.024866
12,22,7,10,13,1,3,0,5,0,0,1,1,0,0,0,0,13.701527,51.039679
27,22,7,18,18,2,2,9,1,0,0,1,1,0,0,0,0,13.564836,51.18847
13,22,7,22,8,6,3,6,4,0,0,1,0,1,0,0,0,12.37798,51.337249
12,22,7,4,19,2,2,0,1,0,0,1,0,0,0,0,0,13.765836,51.070991
13,22,7,27,15,4,3,5,3,0,0,1,0,0,0,0,0,12.316604,51.314428
23,22,6,15,6,4,3,4,6,0,0,1,1,0,0,0,0,12.392556,50.487727
12,22,7,8,7,6,3,5,3,0,0,1,1,0,0,0,0,13.78838,51.121062
13,22,7,15,11,6,3,3,6,0,0,1,1,0,0,0,0,12.362746,51.373421
22,22,9,6,20,3,3,5,2,2,0,1,1,0,0,0,0,13.129792,51.120101
11,22,10,7,14,6,3,0,7,0,0,1,0,0,0,0,0,12.922007,50.832167
28,22,8,18,10,5,2,5,2,0,0,1,1,0,0,0,0,13.870708,50.968963
13,22,9,26,16,2,3,0,6,0,0,1,0,0,0,0,1,12.373014,51.316692
13,22,8,24,18,4,3,1,5,0,0,1,1,0,0,0,0,12.294663,51.378712
13,22,9,5,7,2,3,3,6,0,0,1,1,0,0,0,0,12.365721,51.357439
12,22,10,5,15,4,3,6,4,0,0,1,0,1,0,0,0,13.701567,51.039389
11,22,9,16,2,6,3,1,5,2,0,1,1,0,0,0,0,12.948394,50.856292
30,22,8,23,14,3,3,2,6,0,0,1,1,0,0,0,0,12.20927,51.353799
12,22,10,11,21,3,3,0,1,2,0,1,0,0,0,0,0,13.838045,51.000804
28,22,8,29,6,2,2,0,7,0,0,1,0,0,0,0,0,13.925147,50.958709
23,22,9,23,12,6,3,2,7,0,0,1,1,0,0,0,0,12.36124,50.533503
11,22,10,4,15,3,3,0,6,0,0,1,0,0,0,0,0,12.914596,50.828767
12,22,9,28,14,4,3,5,3,0,1,1,1,0,0,0,0,13.776387,51.067734
13,22,10,12,8,4,3,4,6,0,0,1,0,0,0,0,1,12.383061,51.342502
29,22,8,21,19,1,3,1,1,0,0,1,1,0,0,0,0,12.635864,51.358799
12,22,9,6,15,3,3,0,1,0,0,1,0,0,0,0,0,13.708664,51.078956
11,22,8,29,17,2,3,0,7,0,0,1,0,0,0,0,0,12.912776,50.82778
25,22,8,18,10,5,3,1,5,0,0,1,1,0,0,0,0,14.195999,51.119604
13,22,9,26,9,2,3,3,2,0,0,1,1,0,0,0,0,12.382086,51.332585
13,22,9,12,9,2,3,5,2,0,0,1,0,0,0,1,0,12.335816,51.327642
26,22,10,11,8,3,3,5,3,0,0,1,0,0,1,0,0,14.807489,50.88729
12,22,9,1,11,5,3,3,2,0,0,1,0,0,0,1,0,13.658037,51.03971
12,22,9,12,8,2,3,0,1,0,0,1,0,0,0,0,0,13.771788,51.046889
13,22,9,5,16,2,3,5,3,0,0,1,1,0,0,0,1,12.369955,51.355868
13,22,9,10,23,7,3,0,1,2,0,1,0,0,0,0,0,12.364714,51.337427
27,22,9,20,7,3,3,0,1,0,1,1,0,0,0,0,0,13.677087,51.100368
25,22,8,17,11,4,3,5,3,0,0,1,1,0,0,0,0,14.091877,51.442052
27,22,8,23,15,3,3,5,3,0,0,1,1,0,0,0,0,13.610645,51.109239
13,22,8,30,14,3,2,0,1,0,0,1,0,0,0,0,0,12.363102,51.327293
25,22,9,30,16,6,3,0,1,0,0,1,0,0,0,0,0,14.17961,51.127086
28,22,9,17,17,7,3,0,1,0,0,1,0,0,0,0,0,13.651303,51.002643
30,22,9,2,8,6,2,5,3,0,0,1,1,0,0,0,0,13.001122,51.561265
22,22,8,21,13,1,2,4,6,0,0,1,1,0,0,0,0,12.792212,50.936364
26,22,10,9,13,1,3,2,6,0,0,1,1,0,0,0,0,14.659472,51.099495
13,22,8,29,9,2,3,4,6,0,0,1,0,0,0,0,0,12.342715,51.350826
23,22,9,22,17,5,3,5,2,0,0,1,1,0,0,0,0,12.139447,50.493764
13,22,9,28,8,4,3,5,3,0,1,1,1,0,0,0,0,12.438249,51.367314
24,22,9,14,6,4,3,0,1,1,1,1,0,0,0,0,0,12.533066,50.694752
25,22,10,7,10,6,2,0,7,0,0,1,0,0,0,0,0,14.244683,51.384712
22,22,8,21,19,1,3,5,3,0,0,1,1,0,0,0,0,12.975539,50.987432
12,22,8,30,15,3,3,1,5,0,0,1,1,0,0,0,0,13.759957,51.022367
12,22,10,4,7,3,3,5,3,0,0,1,1,0,0,0,0,13.751536,51.047211
13,22,9,14,22,4,3,5,2,2,1,1,1,0,0,0,0,12.387473,51.357069
13,22,8,12,7,6,3,3,2,0,0,1,1,0,0,0,0,12.382496,51.333316
13,22,10,5,11,4,3,0,5,0,0,1,1,0,0,0,0,12.387026,51.343642
13,22,9,21,12,4,3,5,3,0,0,1,1,0,0,0,0,12.381521,51.336681
11,22,9,1,20,5,3,1,3,2,0,1,1,0,0,0,0,12.93097,50.834283
26,22,9,5,15,2,3,5,6,0,0,1,1,0,0,0,0,14.824957,51.291235
13,22,9,8,14,5,3,5,3,0,0,1,1,0,0,0,0,12.378367,51.332205
13,22,9,11,12,1,3,3,3,0,1,1,0,0,1,0,0,12.301537,51.344982
30,22,9,19,17,2,3,5,3,0,1,1,1,0,0,0,0,12.349267,51.523601
13,22,8,17,9,4,3,5,2,0,0,1,1,0,0,0,0,12.342447,51.325016
22,22,8,24,17,4,3,0,7,0,0,1,0,0,0,0,0,13.322628,50.860327
13,22,10,10,17,2,3,5,3,0,0,1,0,0,0,0,0,12.344024,51.324415
30,22,10,3,12,2,3,5,3,0,0,1,1,0,0,0,0,12.337301,51.52553
13,22,9,30,7,6,3,6,4,0,0,1,0,1,0,0,0,12.361755,51.33698
26,22,9,16,13,6,3,4,2,0,0,1,1,0,0,0,0,14.805708,50.890806
23,22,8,14,16,1,3,0,1,0,0,1,0,0,0,0,0,12.26638,50.617178
13,22,8,22,15,2,3,5,3,0,0,1,1,0,0,0,0,12.305994,51.325222
12,22,9,7,14,4,3,0,1,0,1,1,0,0,0,0,0,13.739618,51.052591
13,22,8,29,11,2,3,1,5,0,0,1,1,0,0,0,0,12.367717,51.36381
23,22,9,11,17,1,3,5,3,0,1,1,1,0,0,0,0,12.17759,50.4178
27,22,9,22,14,5,2,6,6,0,0,1,0,1,0,0,0,13.624679,51.104067
12,22,9,9,10,6,3,5,3,0,0,1,1,0,0,0,0,13.840954,51.004046
21,22,9,29,17,5,3,5,3,0,0,1,1,0,0,0,0,12.945905,50.540131
11,22,8,26,13,6,3,5,3,0,1,1,1,0,0,0,0,12.929786,50.823422
11,22,9,14,16,4,3,5,2,0,1,1,1,0,0,0,0,12.901024,50.81646
13,22,10,13,7,5,3,6,7,1,0,1,0,1,0,0,0,12.385962,51.338292
25,22,9,6,15,3,2,1,5,0,1,1,1,0,0,0,0,13.823688,51.17816
12,22,10,6,10,5,3,1,5,0,0,1,1,0,0,0,0,13.799562,51.05655
13,22,8,28,15,1,3,3,6,0,0,1,0,0,0,0,0,12.405439,51.367768
25,22,8,18,18,5,2,5,3,1,1,1,0,0,0,0,1,14.186091,51.155014
27,22,9,12,17,2,2,8,1,0,0,1,0,0,0,0,0,13.518156,51.142397
12,22,9,1,7,5,3,6,4,0,0,1,0,1,0,0,0,13.747285,51.078692
13,22,9,5,11,2,3,5,2,0,0,1,1,0,0,0,0,12.407559,51.351299
13,22,10,5,18,4,3,4,6,1,0,1,0,0,0,0,0,12.378238,51.332299
12,22,9,19,16,2,3,6,6,0,0,1,0,1,0,0,0,13.73897,51.049907
13,22,8,19,15,6,3,1,5,0,0,1,1,0,0,0,0,12.418735,51.317436
13,22,9,26,13,2,2,6,4,0,1,1,0,1,0,0,0,12.351444,51.329549
21,22,8,25,17,5,3,4,2,0,0,1,1,0,0,0,0,12.782405,50.556611
12,22,8,12,17,6,3,0,7,0,0,1,0,0,0,0,0,13.757175,51.049784
23,22,10,11,7,3,3,5,7,0,0,1,1,0,0,0,0,12.144184,50.477959
11,22,9,1,15,5,3,5,3,0,0,1,1,0,0,0,0,12.90075,50.847292
11,22,8,17,11,4,3,3,6,0,0,1,1,0,0,0,0,12.902659,50.78801
12,22,8,24,6,4,3,5,3,0,0,1,1,0,0,0,0,13.777197,51.060082
29,22,8,10,17,4,3,5,3,0,0,1,1,0,0,0,0,12.723968,51.247287
25,22,10,10,17,2,3,5,3,1,0,1,1,0,0,0,0,14.110354,51.273909
11,22,8,31,15,4,3,0,5,0,0,1,1,0,0,0,0,12.958922,50.815477
24,22,9,30,14,6,2,8,7,0,0,1,0,0,0,0,0,12.533793,50.704462
12,22,9,16,2,6,3,0,1,2,0,1,0,0,0,0,0,13.709304,51.044792
29,22,8,14,12,1,3,5,3,0,0,1,1,0,0,0,0,12.229763,51.307799
12,22,9,3,23,7,3,1,1,2,0,1,1,0,0,0,0,13.750363,51.066196
13,22,9,22,13,5,3,0,1,0,0,1,0,0,0,0,0,12.377552,51.308124
13,22,9,28,9,4,3,0,3,0,1,1,1,0,0,0,0,12.373391,51.328566
12,22,9,13,20,3,3,0,1,2,0,1,0,0,0,0,0,13.782551,51.121821
23,22,9,1,5,5,3,1,1,2,0,1,1,0,0,0,0,12.056942,50.448592
13,22,10,6,13,5,3,5,3,0,0,1,1,0,0,0,0,12.371375,51.346278
27,22,9,26,15,2,3,5,3,0,0,1,1,0,0,0,0,13.568204,51.156622
13,22,8,24,17,4,2,0,1,0,0,1,0,0,0,0,0,12.374011,51.303107
12,22,8,12,18,6,3,4,2,0,0,1,1,0,0,0,0,13.761435,51.071091
28,22,10,11,10,3,2,0,1,0,0,1,0,0,0,0,0,14.226772,51.0517
13,22,8,30,22,3,3,0,1,2,0,1,0,0,0,0,0,12.370946,51.334052
12,22,10,5,16,4,3,6,4,0,0,1,0,1,0,0,0,13.673384,51.082107
12,22,9,8,14,5,3,5,3,0,1,1,0,0,0,0,1,13.672768,51.052896
13,22,9,30,12,6,3,4,6,0,0,1,0,0,0,0,1,12.376563,51.350605
13,22,9,16,18,6,3,3,6,0,0,1,1,0,0,0,0,12.394399,51.346174
25,22,9,25,17,1,3,3,2,0,0,1,0,0,1,0,0,14.248725,51.440161
11,22,8,9,9,3,3,0,7,0,0,1,0,0,0,0,0,12.898011,50.802794
12,22,10,11,6,3,3,2,2,0,0,1,1,0,0,0,0,13.681583,51.052444
12,22,8,29,12,2,3,0,7,0,0,1,0,0,0,0,0,13.700338,51.039845
27,22,9,23,21,6,3,0,1,2,0,1,0,0,0,0,0,13.629495,51.106758
13,22,9,14,17,4,3,1,5,0,1,1,1,0,0,0,0,12.344319,51.324958
12,22,8,12,23,6,3,1,5,2,0,1,1,0,0,0,0,13.802611,51.027982