CSV=`UKREIS,UJAHR,UMONAT,UTAG,USTUNDE,UWOCHENTAG,UKATEGORIE,UART,UTYP,LICHT,USTRZUSTAND,IstRad,IstPKW,IstFuss,IstKrad,IstGkfz,IstSonstig,@lon,@lat
13,22,10,13,20,5,3,5,3,2,0,1,1,0,0,0,0,12.402143,51.336103
27,22,8,28,11,1,2,0,1,0,0,1,0,0,0,0,0,13.285536,51.302644
12,22,8,20,17,7,3,0,1,0,1,1,0,0,0,0,0,13.75579,51.045729
13,22,8,30,9,3,3,5,3,0,0,1,1,0,0,0,0,12.362206,51.332081
28,22,10,2,12,1,3,1,5,0,1,1,1,0,0,0,0,13.929193,50.978424
13,22,9,29,13,5,3,5,2,0,0,1,0,0,1,0,0,12.396546,51.308908
12,22,8,15,8,2,3,0,1,0,0,1,0,0,0,0,0,13.722589,51.056557
13,22,9,1,12,5,3,5,2,0,0,1,1,0,0,0,0,12.334211,51.31935
12,22,8,22,16,2,2,0,1,0,0,1,0,0,0,0,0,13.832651,51.029474
29,22,10,7,14,6,3,4,6,0,0,1,1,0,0,0,0,12.22979,51.141154
12,22,8,29,6,2,3,6,4,0,0,1,0,1,0,0,0,13.783576,51.035086
13,22,9,11,13,1,3,5,3,0,1,1,1,0,0,0,0,12.377491,51.327938
12,22,9,21,19,4,3,5,3,2,1,1,1,0,0,0,0,13.786419,51.028505
13,22,8,18,6,5,3,4,6,0,0,1,0,0,0,0,0,12.376692,51.353123
21,22,9,9,17,6,3,4,6,0,0,1,1,0,0,0,0,13.339821,50.661931
12,22,9,28,17,4,3,0,1,0,1,1,0,0,0,0,0,13.724334,51.057876
13,22,8,25,15,5,3,5,2,0,0,1,1,0,0,0,0,12.409133,51.345361
27,22,9,15,11,5,3,5,3,0,0,1,1,0,0,0,0,13.56474,51.134371
28,22,8,14,19,1,3,5,3,0,0,1,1,0,0,0,0,13.913596,50.996675
12,22,8,31,16,4,3,4,6,0,0,1,1,0,0,0,0,13.661887,51.068253
12,22,9,6,18,3,3,6,4,0,1,1,0,1,0,0,0,13.799774,51.005562
25,22,8,28,18,1,3,3,2,0,0,1,0,0,0,0,1,14.44999,51.191138
12,22,8,11,21,5,3,6,6,2,0,1,0,1,0,0,0,13.721894,51.055674
12,22,10,12,12,4,3,5,3,0,0,1,1,0,0,0,0,13.74872,51.048253
12,22,8,30,14,3,3,0,1,0,0,1,0,0,0,0,0,13.72266,51.074788
13,22,10,4,19,3,3,5,3,2,0,1,1,0,0,0,0,12.328577,51.372898
13,22,9,8,17,5,3,3,2,0,0,1,1,0,0,0,0,12.37365,51.333
27,22,9,30,11,6,3,5,3,0,0,1,0,0,0,0,0,13.656955,51.102624
13,22,9,15,8,5,3,5,3,0,1,1,1,0,0,0,0,12.344393,51.317921
13,22,8,21,9,1,3,5,3,0,0,1,1,0,0,0,0,12.36447,51.330887
13,22,10,7,15,6,3,5,2,0,0,1,1,0,0,0,0,12.403967,51.338425
22,22,8,30,20,3,3,5,3,2,0,1,0,0,1,0,0,12.793668,50.885717
13,22,9,22,8,5,3,4,6,0,0,1,1,0,0,0,0,12.322358,51.372815
13,22,9,28,8,4,3,1,5,0,1,1,1,0,0,0,0,12.374266,51.35513
30,22,9,14,14,4,3,5,3,0,0,1,1,0,0,0,0,12.335042,51.531151
27,22,8,12,14,6,3,8,1,0,0,1,0,0,0,0,0,13.608546,51.099916
13,22,8,27,15,7,3,3,6,0,0,1,1,0,0,0,0,12.373259,51.315856
12,22,8,18,13,5,3,0,1,0,0,1,0,0,0,0,0,13.811676,51.02116
12,22,9,9,12,6,3,0,1,0,1,1,0,0,0,0,0,13.797632,51.012585
28,22,8,24,16,4,2,1,5,0,0,1,1,0,0,0,0,13.660255,51.016013
21,22,8,11,17,5,2,0,1,0,0,1,0,0,0,0,0,12.701175,50.60639
13,22,10,12,8,4,3,5,3,0,0,1,1,0,0,0,0,12.387452,51.357034
30,22,9,8,17,5,3,1,5,0,0,1,1,0,0,0,0,12.341653,51.524404
13,22,9,24,19,7,3,9,1,2,0,1,0,0,0,0,0,12.47875,51.34221
13,22,8,22,13,2,3,4,2,0,0,1,1,0,0,0,0,12.405841,51.331772
13,22,8,9,16,3,3,3,6,0,0,1,0,0,0,0,0,12.374851,51.343952
11,22,10,11,18,3,3,0,7,1,0,1,0,0,0,0,0,12.936422,50.807587
13,22,9,9,14,6,3,5,3,0,0,1,1,0,0,0,0,12.401057,51.376226
24,22,10,11,22,3,3,5,3,2,0,1,1,0,0,0,0,12.494647,50.7237
13,22,9,7,12,4,3,5,2,0,0,1,0,0,0,1,0,12.322712,51.374906
12,22,8,9,8,3,3,5,3,0,0,1,1,0,0,0,0,13.746532,51.072109
13,22,10,4,7,3,3,2,6,0,0,1,1,0,0,0,0,12.373667,51.332816
13,22,9,17,20,7,3,2,2,1,1,1,1,0,0,0,0,12.371292,51.329977
23,22,8,14,3,1,2,8,1,2,0,1,0,0,0,0,0,12.290458,50.647353
12,22,9,4,13,1,3,0,1,0,0,1,0,0,0,0,0,13.6929,51.046528
12,22,9,23,8,6,3,5,3,0,0,1,1,0,0,0,0,13.707173,51.042222
21,22,9,29,14,5,2,0,7,0,0,1,0,0,0,0,0,12.693882,50.582544
28,22,9,13,6,3,3,0,1,0,0,1,0,0,0,0,0,13.926955,50.969485
12,22,8,12,15,6,3,5,2,0,0,1,1,0,0,0,0,13.761629,51.051987
25,22,10,6,17,5,3,1,5,0,0,1,1,0,0,0,0,14.059673,51.366745
13,22,9,20,10,3,3,1,1,0,1,1,1,0,0,0,0,12.370762,51.327971
13,22,9,9,14,6,3,5,3,0,0,1,1,0,0,0,0,12.373643,51.31163
13,22,9,27,9,3,2,5,2,0,1,1,0,0,0,1,0,12.388063,51.353331
13,22,10,5,8,4,3,5,2,0,0,1,1,0,0,0,0,12.374381,51.339911
27,22,9,19,7,2,3,0,1,0,1,1,0,0,0,0,0,13.679181,51.100303
27,22,8,17,9,4,2,5,3,0,0,1,1,0,0,0,0,13.549026,51.141209
13,22,10,10,23,2,3,0,7,2,0,1,0,0,0,0,0,12.380097,51.33951
21,22,8,31,12,4,2,0,7,0,0,1,0,0,0,0,0,12.698473,50.590697
25,22,10,3,16,2,3,5,3,0,0,1,1,0,0,0,0,14.238224,51.436184
13,22,9,17,9,7,2,6,7,0,0,1,0,1,0,0,0,12.406134,51.348234
13,22,8,15,16,2,3,5,3,0,0,1,1,0,0,0,0,12.393145,51.336958
27,22,8,21,17,1,2,8,1,0,0,1,0,0,0,0,0,13.669415,51.199779
23,22,10,8,12,7,3,6,7,0,1,1,0,1,0,0,0,12.130823,50.494814
13,22,8,29,11,2,3,5,3,0,0,1,1,0,0,0,0,12.421769,51.357453
25,22,9,4,15,1,3,5,3,0,0,1,1,0,0,0,0,14.278804,51.444685
13,22,9,17,11,7,3,5,2,0,0,1,1,0,0,0,0,12.322003,51.303887
13,22,10,7,18,6,3,1,1,0,0,1,1,0,0,0,0,12.406005,51.350768
21,22,9,23,14,6,3,5,3,0,0,1,1,0,0,0,0,12.782695,50.722743
13,22,8,25,19,5,3,3,6,0,0,1,0,0,0,0,0,12.389912,51.366944
11,22,9,15,19,5,3,0,1,1,0,1,0,0,0,0,0,12.913281,50.843619
27,22,8,13,19,7,3,3,6,0,0,1,0,0,0,0,1,13.46815,51.161468
11,22,9,2,23,6,3,0,7,2,0,1,0,0,0,0,0,12.922016,50.834024
29,22,9,6,15,3,3,5,3,0,0,1,1,0,0,0,0,12.746302,51.374754
27,22,10,7,15,6,3,0,1,0,0,1,0,0,0,0,0,13.264432,51.310914
13,22,8,26,17,6,3,5,3,0,1,1,0,0,0,0,0,12.326053,51.332234
12,22,9,10,19,7,3,0,1,2,0,1,0,0,0,0,0,13.830663,51.009525
29,22,9,27,12,3,3,3,6,0,0,1,1,0,0,0,0,12.368752,51.277344
13,22,8,24,1,4,3,1,1,2,0,1,1,0,0,0,0,12.318924,51.345497
12,22,10,12,14,4,3,4,2,0,0,1,1,0,0,0,0,13.775812,51.050804
12,22,8,31,15,4,3,2,5,0,0,1,1,0,0,0,0,13.719963,51.059321
23,22,9,19,17,2,3,5,2,0,0,1,1,0,0,0,0,12.146782,50.501444
12,22,8,9,12,3,3,0,1,0,0,1,0,0,0,0,0,13.728017,51.045346
25,22,8,30,18,3,2,5,3,0,0,1,1,0,0,0,0,14.255496,51.438749
13,22,8,15,17,2,3,0,7,0,1,1,0,0,0,0,0,12.377552,51.33293
21,22,9,7,15,4,3,0,1,0,0,1,0,0,0,0,0,13.01843,50.488963
11,22,10,8,10,7,3,0,6,0,0,1,1,0,0,0,0,12.892019,50.80373
28,22,8,26,9,6,3,0,1,0,0,1,0,0,0,0,0,14.034195,50.954269
26,22,8,12,14,6,3,1,5,0,0,1,1,0,0,0,0,14.978751,51.121054
24,22,10,12,15,4,2,0,1,0,1,1,0,0,0,0,0,12.37621,50.727253
12,22,8,31,11,4,2,6,7,0,0,1,0,1,0,0,0,13.852364,50.997862
25,22,9,6,16,3,2,0,1,0,0,1,0,0,0,0,0,14.441673,51.191963
22,22,10,7,5,6,3,5,3,2,0,1,1,0,0,0,0,12.974311,51.093742
13,22,8,26,8,6,3,6,4,0,0,1,0,1,0,0,0,12.413757,51.345119
22,22,9,27,6,3,3,0,7,0,1,1,0,0,0,0,0,13.095975,51.126663
12,22,8,24,19,4,3,5,3,0,0,1,1,0,0,0,0,13.809071,51.047227
29,22,9,28,8,4,3,5,3,0,1,1,1,0,0,0,0,12.736248,51.372651
12,22,10,13,7,5,3,4,6,1,0,1,0,0,0,0,0,13.741381,51.053548
25,22,9,6,10,3,2,3,6,0,0,1,0,0,0,0,0,14.132969,51.496984
26,22,8,18,10,5,3,0,1,0,0,1,0,0,0,0,0,14.831787,51.28896
12,22,8,25,19,5,3,1,5,0,0,1,1,0,0,0,0,13.824219,51.033383
25,22,9,12,16,2,3,5,3,0,0,1,1,0,0,0,0,14.430961,51.185556
29,22,8,10,16,4,3,4,2,0,0,1,0,0,0,0,0,12.354653,51.28009
12,22,10,12,14,4,3,6,6,0,0,1,0,1,0,0,0,13.808019,51.027501
12,22,9,1,17,5,2,5,2,0,0,1,0,0,0,0,0,13.836137,51.007172
13,22,9,5,5,2,3,5,3,0,0,1,1,0,0,0,0,12.407844,51.351407
25,22,10,4,8,3,3,3,2,0,0,1,1,0,0,0,0,14.24885,51.440135
12,22,9,8,14,5,3,0,7,0,1,1,0,0,0,0,0,13.81775,51.007847
12,22,9,19,16,2,2,5,3,0,0,1,1,0,0,0,0,13.769595,51.051074
12,22,8,18,8,5,2,0,1,0,0,1,0,0,0,0,0,13.80427,51.048346
11,22,9,26,11,2,2,5,3,0,0,1,1,0,0,0,0,12.895599,50.826088
12,22,8,23,12,3,3,0,1,0,1,1,0,0,0,0,0,13.733562,51.035637
11,22,8,10,15,4,3,0,1,0,0,1,0,0,0,0,0,12.904863,50.826127
27,22,10,11,10,3,3,0,7,0,0,1,0,0,0,0,0,13.654332,51.122034
12,22,9,24,13,7,3,3,2,0,0,1,1,0,0,0,0,13.777317,51.058729
12,22,8,16,9,3,3,7,7,0,0,1,0,0,0,0,0,13.639485,51.032371
13,22,9,1,8,5,3,3,2,0,0,1,0,0,0,0,1,12.37663,51.355854
12,22,9,7,13,4,3,5,2,0,0,1,1,0,0,0,0,13.775646,51.045355
11,22,9,21,13,4,3,5,2,0,0,1,1,0,0,0,0,12.901012,50.816452
13,22,8,19,22,6,3,1,1,2,1,1,1,0,0,0,0,12.328065,51.301197
13,22,9,9,14,6,3,1,5,0,0,1,1,0,0,0,0,12.379872,51.31167
12,22,9,13,7,3,3,5,3,0,0,1,1,0,0,0,0,13.752184,51.05442
25,22,10,12,7,4,2,5,3,0,0,1,0,0,1,0,0,14.429566,51.173565
12,22,8,31,14,4,3,0,1,0,0,1,0,0,0,0,0,13.685455,51.084533
13,22,10,6,16,5,3,5,2,0,0,1,1,0,0,0,0,12.271164,51.361756
12,22,9,19,9,2,3,5,2,0,1,1,0,0,0,0,1,13.787544,51.053872
22,22,8,18,19,5,3,3,6,0,0,1,1,0,0,0,0,13.121056,50.969111
12,22,10,10,8,2,3,3,2,0,0,1,0,0,0,0,1,13.708958,51.047232
13,22,8,30,20,3,3,3,6,1,0,1,0,0,0,0,1,12.420335,51.348549
13,22,9,29,13,5,3,6,6,0,0,1,0,1,0,0,0,12.342861,51.372533
13,22,9,16,18,6,3,1,7,0,0,1,1,0,0,0,0,12.336778,51.332208
12,22,8,30,6,3,3,4,2,0,0,1,1,0,0,0,0,13.748359,51.032334
25,22,9,22,16,5,3,5,3,0,0,1,0,0,0,0,1,14.428611,51.184205
12,22,9,15,11,5,2,1,5,0,0,1,1,0,0,0,0,13.839824,51.021333
21,22,8,13,14,7,3,5,3,0,1,1,1,0,0,0,0,13.005542,50.580282
13,22,10,4,8,3,3,5,3,0,1,1,0,0,0,0,0,12.354606,51.350258
12,22,9,30,17,6,3,5,2,0,0,1,1,0,0,0,0,13.780342,51.030861
13,22,8,22,20,2,3,5,3,2,0,1,1,0,0,0,0,12.393117,51.324903
24,22,9,23,6,6,3,1,5,1,0,1,1,0,0,0,0,12.758078,50.853222
25,22,9,28,7,4,2,4,1,0,0,1,1,0,0,0,0,14.453495,51.113784
27,22,9,14,22,4,2,0,1,2,1,1,0,0,0,0,0,13.304095,51.304716
28,22,8,13,18,7,3,0,1,0,0,1,0,0,0,0,0,14.182209,51.023013
21,22,8,22,16,2,2,5,3,0,0,1,1,0,0,0,0,12.710127,50.434044
12,22,9,6,15,3,2,0,1,0,1,1,0,0,0,0,0,13.69066,51.053691
13,22,10,7,18,6,3,5,3,1,0,1,1,0,0,0,0,12.366325,51.336287
12,22,8,27,9,7,2,0,1,0,1,1,0,0,0,0,0,13.756134,51.069765
13,22,9,27,15,3,2,5,3,0,1,1,1,0,0,0,0,12.394754,51.318619
12,22,8,11,7,5,3,5,2,0,0,1,1,0,0,0,0,13.731,51.042426
13,22,10,11,17,3,3,7,7,0,0,1,0,0,0,0,0,12.301499,51.345541
12,22,9,1,17,5,2,3,1,0,0,1,1,0,0,0,0,13.778732,51.031465
13,22,9,5,14,2,2,0,1,0,0,1,0,0,0,0,0,12.368683,51.359293
13,22,10,6,13,5,3,5,2,0,0,1,1,0,0,0,0,12.291147,51.324137
12,22,9,8,14,5,3,5,3,0,1,1,0,0,0,0,0,13.685953,51.062939
12,22,8,17,8,4,3,0,1,0,0,1,0,0,0,0,0,13.717925,51.048777
13,22,9,25,3,1,2,7,1,2,0,1,0,0,0,0,1,12.363098,51.327296
12,22,10,11,8,3,3,0,7,0,0,1,0,0,0,0,0,13.759113,51.053696
13,22,9,4,20,1,3,5,2,2,0,1,1,0,0,0,0,12.387162,51.326862
13,22,9,29,12,5,3,5,3,0,0,1,1,0,0,0,0,12.470427,51.345744
13,22,9,16,15,6,2,5,2,0,0,1,1,0,0,0,0,12.371252,51.389434
27,22,8,15,10,2,3,5,3,0,0,1,1,0,0,0,0,13.300139,51.306141
12,22,8,21,22,1,3,0,1,2,0,1,0,0,0,0,0,13.798255,51.006335
12,22,9,23,22,6,3,0,1,2,0,1,0,0,0,0,0,13.749268,51.047822
13,22,9,28,12,4,3,5,3,0,1,1,1,0,0,0,0,12.286974,51.351761
12,22,9,13,16,3,3,6,4,0,0,1,0,1,0,0,0,13.77649,51.016918
30,22,10,13,15,5,2,5,2,0,0,1,1,0,0,0,0,12.351804,51.524135
24,22,10,6,13,5,3,0,1,0,0,1,0,0,0,0,0,12.389069,50.811187
13,22,8,26,12,6,3,6,4,0,0,1,0,1,0,0,0,12.407054,51.338099
12,22,9,21,14,4,2,5,3,0,0,1,0,0,0,0,1,13.746052,51.059647
24,22,8,18,19,5,3,8,1,0,0,1,0,0,0,0,0,12.470754,50.660596
13,22,9,26,6,2,3,0,1,1,1,1,0,0,0,0,0,12.339421,51.333963
12,22,10,12,17,4,3,0,1,0,0,1,0,0,0,0,0,13.729092,51.051058
13,22,8,31,13,4,3,5,3,0,0,1,1,0,0,0,0,12.445647,51.347309
13,22,9,8,7,5,2,5,3,0,1,1,1,0,0,0,0,12.387461,51.357083
30,22,9,5,15,2,3,3,6,0,0,1,1,0,0,0,1,12.336476,51.523378
12,22,8,28,17,1,2,0,1,0,0,1,0,0,0,0,0,13.675755,51.060645
27,22,9,21,8,4,3,5,3,0,0,1,1,0,0,0,0,13.26607,51.320564
12,22,9,9,16,6,3,0,1,0,1,1,0,0,0,0,0,13.730475,51.096899
13,22,8,24,12,4,3,5,3,0,0,1,1,0,0,0,0,12.374636,51.347992
24,22,8,10,7,4,3,6,4,0,0,1,0,1,0,0,0,12.38674,50.8152
25,22,10,12,14,4,3,5,3,0,0,1,1,0,0,0,0,14.262363,51.440441
23,22,9,4,10,1,3,0,1,0,0,1,0,0,0,0,0,12.144948,50.508683
13,22,10,4,16,3,3,6,4,0,0,1,0,1,0,0,0,12.348016,51.362706
13,22,9,24,19,7,3,0,1,2,0,1,0,0,0,0,0,12.325447,51.332617
13,22,8,22,10,2,3,0,1,0,1,1,0,0,0,0,0,12.339817,51.336706
12,22,10,10,16,2,3,2,6,0,0,1,1,0,0,0,0,13.80759,51.052417
12,22,9,4,18,1,3,0,3,0,0,1,1,0,0,0,0,13.783147,51.018053
29,22,9,30,17,6,3,5,2,1,0,1,1,0,0,0,0,12.55238,51.238772
12,22,9,30,7,6,3,0,1,1,0,1,0,0,0,0,0,13.784332,51.07081
24,22,8,15,18,2,3,5,3,0,0,1,1,0,0,0,0,12.449322,50.835668
29,22,8,22,9,2,3,0,1,0,0,1,0,0,0,0,0,12.363611,51.27477
28,22,10,9,17,1,3,2,6,0,1,1,1,0,0,0,0,14.026657,50.991608
13,22,8,29,17,2,3,4,6,0,0,1,1,0,0,0,0,12.377414,51.36737
12,22,8,26,21,6,3,0,1,2,0,1,0,0,0,0,0,13.817399,51.015256
24,22,9,13,8,3,3,5,3,0,0,1,1,0,0,0,0,12.557107,50.818939
29,22,8,12,15,6,2,5,3,0,0,1,0,0,0,0,1,12.383517,51.202441
12,22,10,13,18,5,2,0,1,1,0,1,0,0,0,0,0,13.802724,51.049693
24,22,9,1,19,5,2,0,1,2,0,1,0,0,0,0,0,12.765468,50.857769
11,22,9,6,16,3,3,5,2,0,0,1,1,0,0,0,0,12.813851,50.813051
13,22,9,21,14,4,3,3,6,0,0,1,1,0,0,0,0,12.38143,51.338971
13,22,8,18,17,5,3,5,3,0,1,1,1,0,0,0,0,12.342705,51.372369
12,22,9,27,15,3,3,0,6,0,0,1,1,0,0,0,0,13.672501,51.067296
12,22,8,24,8,4,3,0,1,0,0,1,0,0,0,0,0,13.880902,51.020206
13,22,9,12,7,2,3,5,3,0,0,1,1,0,0,0,0,12.373316,51.317618
12,22,8,11,15,5,3,5,2,0,0,1,0,0,0,0,0,13.700585,51.082304
13,22,10,11,10,3,3,5,3,0,0,1,1,0,0,0,0,12.396302,51.324073
13,22,8,31,21,4,3,6,7,2,0,1,0,1,0,0,0,12.407381,51.351217
13,22,9,5,7,2,3,0,1,0,0,1,0,0,0,0,0,12.373692,51.332425
29,22,9,7,10,4,3,5,3,0,0,1,1,0,0,0,0,12.730011,51.379642
12,22,9,19,13,2,3,5,3,0,0,1,1,0,0,0,0,13.804186,51.050753
13,22,8,17,19,4,2,5,3,0,0,1,0,0,0,0,0,12.387984,51.355421
24,22,8,22,10,2,3,6,6,0,0,1,0,1,0,0,0,12.387077,50.815756
27,22,10,11,11,3,3,5,3,0,0,1,1,0,0,0,0,13.30175,51.305576
13,22,8,30,12,3,3,5,2,0,0,1,1,0,0,0,0,12.318429,51.327373
25,22,9,29,11,5,3,4,2,0,0,1,1,0,0,0,0,14.094608,51.264599
13,22,9,15,7,5,3,3,6,0,0,1,1,0,0,0,0,12.386136,51.29559
21,22,9,18,14,1,3,0,1,0,1,1,0,0,0,0,0,12.708077,50.612974
24,22,8,16,14,3,3,0,6,0,0,1,0,0,0,0,1,12.494605,50.723655
30,22,10,10,7,2,3,6,7,0,0,1,0,1,0,0,0,12.223748,51.395599
11,22,8,31,13,4,3,5,3,0,0,1,1,0,0,0,0,12.911998,50.835588
12,22,8,15,18,2,2,0,1,1,1,1,0,0,0,0,0,13.757453,51.034842
12,22,9,3,15,7,3,0,1,0,0,1,0,0,0,0,0,13.751043,51.071277
12,22,10,8,10,7,2,5,3,0,0,1,1,0,0,0,0,13.812762,51.028531
12,22,9,24,11,7,3,2,6,0,0,1,1,0,0,0,0,13.806084,51.052137
13,22,9,28,10,4,3,0,1,0,1,1,0,0,0,0,0,12.405979,51.342091
28,22,8,26,13,6,2,0,1,0,1,1,0,0,0,0,0,13.872662,50.973618
13,22,9,13,21,3,3,8,1,2,0,1,0,0,0,0,0,12.332364,51.332676
29,22,8,12,9,6,3,0,7,0,0,1,0,0,0,0,0,12.739976,51.375276
11,22,10,12,14,4,3,4,2,0,0,1,1,0,0,0,0,12.843792,50.816599
12,22,9,6,8,3,3,1,5,0,0,1,1,0,0,0,0,13.718268,51.031564
12,22,10,7,7,6,3,0,1,0,0,1,0,0,0,0,0,13.7763,51.068127
28,22,9,21,12,4,3,6,4,0,0,1,0,1,0,0,0,13.933133,50.961951
26,22,8,20,1,7,3,0,1,2,1,1,0,0,0,0,0,14.981369,51.145564
12,22,9,27,19,3,3,5,2,2,1,1,1,0,0,0,0,13.793629,51.02864
28,22,8,25,6,5,3,5,3,0,0,1,1,0,0,0,0,13.671316,51.013693
12,22,9,12,13,2,3,5,3,0,0,1,1,0,0,0,0,13.679622,51.04357
24,22,9,4,17,1,3,5,3,0,0,1,0,0,1,0,0,12.475096,50.666722
27,22,10,5,19,4,3,0,5,2,0,1,1,0,0,0,0,13.383713,51.304609
12,22,8,9,15,3,3,5,3,0,0,1,1,0,0,0,0,13.747791,51.053485
29,22,10,10,17,2,3,1,5,0,0,1,1,0,0,0,0,12.527536,51.086523
25,22,9,23,10,6,3,4,2,0,0,1,1,0,0,0,0,14.234552,51.428009
12,22,9,28,7,4,3,0,5,0,0,1,1,0,0,0,0,13.707258,51.091645
12,22,9,14,15,4,3,5,2,0,1,1,1,0,0,0,0,13.758366,51.046258
13,22,8,12,6,6,3,0,7,0,0,1,0,1,0,0,0,12.390482,51.351724
11,22,10,13,7,5,3,5,3,0,0,1,1,0,0,0,0,12.901244,50.813848
12,22,8,21,18,1,3,0,1,0,0,1,0,0,0,0,0,13.831048,51.026502
12,22,8,20,23,7,3,0,1,2,1,1,0,0,0,0,0,13.739788,51.053719
27,22,8,24,14,4,3,4,1,0,0,1,1,0,0,0,0,13.503924,51.164465
12,22,9,13,14,3,3,5,2,0,0,1,0,0,0,0,1,13.788647,51.043277
12,22,10,12,15,4,3,4,6,0,0,1,1,0,0,0,0,13.776416,51.112239
13,22,10,6,12,5,3,5,3,0,0,1,1,0,0,0,0,12.38371,51.302439
13,22,9,7,15,4,3,5,2,0,0,1,1,0,0,0,0,12.376943,51.343775
26,22,8,17,15,4,3,1,5,0,0,1,1,0,0,0,0,14.649118,51.509453
12,22,8,22,0,2,2,0,1,2,0,1,0,0,0,0,0,13.717191,51.077491
22,22,9,7,7,4,3,0,7,0,0,1,0,0,0,0,0,12.868661,50.908384
29,22,10,7,17,6,3,5,3,0,0,1,1,0,0,0,0,12.713057,51.360444
25,22,8,29,15,2,2,3,6,0,0,1,1,0,0,0,0,14.432341,51.175553
12,22,9,21,9,4,3,7,7,0,0,1,0,0,0,0,0,13.673711,51.091474
29,22,8,19,6,6,3,5,3,0,1,1,1,0,0,0,0,12.505634,51.123792
24,22,8,25,7,5,3,8,1,0,0,1,0,0,0,0,0,12.577269,50.811874
27,22,9,15,13,5,3,0,7,0,0,1,0,0,0,0,0,13.689659,51.093237
12,22,9,6,17,3,3,0,1,0,1,1,0,0,0,0,0,13.787065,51.029241
12,22,8,27,22,7,3,0,3,2,0,1,1,0,0,0,0,13.822809,51.032073
25,22,9,19,8,2,3,0,1,0,1,1,0,0,0,0,0,14.245713,51.440485
13,22,8,17,18,4,3,1,7,0,0,1,1,1,0,0,0,12.407425,51.338994
21,22,8,25,22,5,2,8,1,2,1,1,0,0,0,0,0,12.774563,50.556613
12,22,9,13,11,3,3,5,3,0,0,1,1,0,0,0,0,13.725213,51.05021
12,22,8,11,16,5,3,2,4,0,0,1,1,1,0,0,0,13.806631,51.052115
25,22,10,12,15,4,2,1,5,0,0,1,1,0,0,0,0,14.430257,51.176607
28,22,9,5,7,2,3,3,6,0,0,1,0,0,0,0,0,13.943147,50.960433
13,22,9,30,16,6,3,4,6,0,0,1,1,0,0,0,0,12.374689,51.368732
13,22,8,14,19,1,3,5,2,0,0,1,0,0,0,0,0,12.33193,51.340275
26,22,8,23,6,3,3,5,3,0,0,1,1,0,0,0,0,14.981263,51.158731
12,22,10,11,18,3,3,5,3,1,0,1,1,0,0,0,0,13.7496,51.0336
11,22,9,23,14,6,3,6,6,0,0,1,0,1,0,0,0,12.922554,50.839051
13,22,10,2,16,1,3,2,6,0,0,1,1,0,0,0,0,12.335429,51.34113
11,22,9,29,14,5,3,0,7,0,0,1,0,0,0,0,0,12.88544,50.8043
27,22,8,20,5,7,3,0,1,2,1,1,0,0,0,0,0,13.321614,51.30618
12,22,9,6,12,3,3,2,6,0,0,1,1,0,0,0,0,13.824636,51.012551
21,22,8,28,13,1,3,0,1,0,0,1,0,0,0,0,0,12.840516,50.708249
12,22,9,22,1,5,3,0,1,2,0,1,0,0,0,0,0,13.753703,51.06896
12,22,8,18,15,5,3,1,5,0,0,1,1,0,0,0,0,13.632643,51.087258
28,22,8,24,15,4,3,0,1,0,0,1,0,0,0,0,0,13.582642,50.988306
11,22,8,11,14,5,3,4,2,0,0,1,1,0,0,0,0,12.840406,50.83622
12,22,9,12,15,2,3,5,3,0,0,1,0,0,0,0,0,13.73967,51.119031
13,22,9,7,15,4,3,5,3,0,0,1,0,0,0,0,0,12.365558,51.362402
12,22,9,20,9,3,2,0,7,0,1,1,0,0,0,0,0,13.827356,51.025261
12,22,9,26,8,2,3,0,1,0,1,1,0,0,0,0,0,13.684031,51.051354
27,22,8,9,14,3,3,0,1,0,0,1,0,0,0,0,0,13.489645,51.157162
13,22,8,30,19,3,3,2,2,0,0,1,1,0,0,0,0,12.288544,51.38852
13,22,9,4,22,1,3,5,3,2,0,1,1,0,0,0,0,12.307184,51.323142
12,22,9,4,16,1,3,5,3,0,0,1,1,0,0,0,0,13.763465,51.068061
11,22,10,9,22,1,2,3,6,2,0,1,0,0,0,0,0,12.962009,50.831576
13,22,8,29,8,2,3,1,5,0,0,1,1,0,0,0,0,12.368226,51.357936
13,22,9,10,17,7,3,0,1,0,0,1,0,0,0,0,0,12.371186,51.391184
27,22,9,25,14,1,3,1,7,0,0,1,1,0,0,0,0,13.460387,51.412518
30,22,10,9,13,1,2,4,1,0,0,1,1,0,0,0,0,12.379153,51.44902
13,22,8,30,8,3,3,5,3,0,0,1,1,0,0,0,0,12.411608,51.342636
30,22,9,3,19,7,2,5,2,0,0,1,1,0,0,0,0,12.813914,51.509847
12,22,10,4,7,3,3,0,5,0,0,1,1,0,0,0,0,13.755487,51.033719
13,22,9,29,17,5,3,7,1,0,0,1,0,0,0,0,0,12.390731,51.326047
13,22,8,29,8,2,3,1,5,0,0,1,1,0,0,0,0,12.372722,51.356366
30,22,9,23,9,6,3,5,3,0,0,1,0,0,0,0,0,12.357329,51.519081
27,22,10,3,1,2,3,0,1,2,0,1,0,0,0,0,0,13.328047,51.259531