CSV=`UKREIS,UJAHR,UMONAT,UTAG,USTUNDE,UWOCHENTAG,UKATEGORIE,UART,UTYP,LICHT,USTRZUSTAND,IstRad,IstPKW,IstFuss,IstKrad,IstGkfz,IstSonstig,@lon,@lat
12,22,9,29,15,5,3,5,2,0,0,1,1,0,0,0,0,13.889704,51.065507
27,22,8,12,19,6,3,5,2,0,0,1,1,0,0,0,0,13.648256,51.130047
25,22,10,13,16,5,3,5,3,0,0,1,1,0,0,0,0,14.261009,51.440713
13,22,9,6,7,3,3,5,3,0,0,1,1,0,0,0,0,12.371129,51.357588
13,22,10,6,8,5,3,5,3,0,1,1,1,0,0,0,0,12.395121,51.318576
13,22,9,21,16,4,3,5,3,0,0,1,1,0,0,0,0,12.403961,51.338427
25,22,8,25,20,5,2,0,3,0,0,1,1,0,0,0,0,14.266816,51.431876
13,22,10,12,14,4,3,6,4,0,0,1,0,1,0,0,0,12.336144,51.321592
22,22,9,5,19,2,3,0,7,0,0,1,0,0,0,0,0,13.122242,51.119107
29,22,10,4,14,3,2,5,3,0,0,1,0,0,0,0,0,12.362861,51.268889
24,22,10,10,14,2,3,5,3,0,0,1,0,0,1,0,0,12.5122,50.733733
13,22,9,3,11,7,3,5,2,0,0,1,1,0,0,0,0,12.408251,51.340074
13,22,10,1,3,7,2,3,6,1,0,1,0,0,0,0,0,12.355821,51.332608
13,22,9,29,9,5,3,5,2,0,0,1,1,0,0,0,0,12.375664,51.308914
12,22,9,16,9,6,3,5,3,0,0,1,0,0,0,0,0,13.751368,51.042418
30,22,8,15,15,2,3,1,5,0,0,1,1,0,0,0,0,12.667481,51.467196
13,22,9,3,14,7,3,0,1,0,0,1,0,0,0,0,0,12.339328,51.333623
30,22,8,21,23,1,2,0,1,2,0,1,0,0,0,0,0,12.336936,51.524246
22,22,9,7,13,4,3,1,3,0,0,1,1,0,0,0,0,13.119544,51.126429
12,22,8,29,7,2,3,5,2,0,0,1,1,0,0,0,0,13.7925,51.037253
28,22,9,6,12,3,3,6,4,0,0,1,0,1,0,0,0,13.98726,50.952692
13,22,9,20,11,3,3,5,3,0,0,1,1,0,0,0,0,12.338335,51.327283
24,22,9,22,12,5,2,0,7,0,0,1,0,0,0,0,0,12.538558,50.820914
27,22,9,13,9,3,3,0,1,0,1,1,0,0,0,0,0,13.56501,51.162478
13,22,8,12,6,6,3,5,3,0,0,1,1,0,0,0,0,12.374122,51.303361
22,22,9,22,14,5,3,5,3,0,0,1,1,0,0,0,0,13.343092,50.901495
12,22,8,19,5,6,3,0,7,0,0,1,0,0,0,0,0,13.790945,51.043214
24,22,9,9,5,6,3,1,3,2,0,1,1,0,0,0,0,12.381653,50.820137
13,22,8,24,16,4,2,5,3,0,0,1,1,0,0,0,0,12.371335,51.346275
27,22,9,8,18,5,3,0,1,1,0,1,0,0,0,0,0,13.696805,51.120218
13,22,9,10,18,7,3,3,6,1,0,1,1,0,0,0,0,12.3389,51.332365
13,22,8,16,23,3,3,5,3,2,0,1,1,0,0,0,0,12.408661,51.359994
12,22,9,24,17,7,3,0,1,1,0,1,0,0,0,0,0,13.690618,51.053799
13,22,8,9,16,3,3,5,3,0,0,1,1,0,0,0,0,12.421249,51.353037
22,22,9,12,7,2,3,0,6,0,0,1,1,0,0,0,0,12.799972,50.874585
25,22,10,2,12,1,3,9,1,0,0,1,1,0,0,0,0,14.435299,51.183752
13,22,9,29,19,5,3,4,2,1,0,1,1,0,0,0,0,12.406107,51.346864
26,22,8,22,14,2,3,5,3,0,1,1,0,0,0,0,0,14.997127,51.149106
12,22,9,7,14,4,3,5,7,0,0,1,0,0,0,0,0,13.738501,51.069673
13,22,9,21,7,4,2,5,3,0,0,1,1,0,0,0,0,12.39648,51.309602
30,22,9,9,12,6,3,5,2,0,0,1,1,0,0,0,0,12.999062,51.551012
12,22,9,13,10,3,3,0,1,0,1,1,0,0,0,0,0,13.837722,51.024489
28,22,8,12,15,6,3,0,1,0,0,1,0,0,0,0,0,13.931085,50.978312
13,22,10,13,18,5,3,0,1,2,0,1,0,0,0,0,0,12.392278,51.335532
12,22,10,7,11,6,3,0,1,0,0,1,0,0,0,0,0,13.691456,51.051477
13,22,8,26,11,6,3,5,3,0,0,1,1,0,0,0,0,12.379232,51.359473
24,22,9,10,23,7,3,5,2,2,0,1,1,0,0,0,0,12.457416,50.698334
12,22,9,27,9,3,3,0,1,0,1,1,0,0,0,0,0,13.837413,51.024868
12,22,9,13,18,3,3,6,4,0,0,1,0,1,0,0,0,13.757729,51.054041
28,22,8,30,23,3,3,8,1,2,0,1,0,0,0,0,0,13.939224,50.980113
28,22,10,5,9,4,3,0,7,0,0,1,0,0,0,0,0,13.690982,50.991925
28,22,9,30,16,6,3,2,6,0,0,1,1,0,0,0,0,13.939057,50.958417
13,22,9,16,18,6,3,5,3,0,0,1,1,0,0,0,0,12.381536,51.336678
12,22,8,25,17,5,3,5,3,0,0,1,1,0,0,0,0,13.808644,51.038018
13,22,8,10,13,4,3,5,2,0,0,1,1,0,0,0,0,12.427084,51.345018
12,22,8,18,8,5,3,5,3,0,0,1,1,0,0,0,0,13.783059,51.052052
11,22,9,26,14,2,2,5,3,0,0,1,1,0,0,0,0,12.937067,50.836462
11,22,8,9,14,3,3,5,3,0,0,1,1,0,0,0,0,12.922627,50.859492
25,22,8,30,20,3,3,0,1,2,0,1,0,0,0,0,0,14.448135,51.176772
12,22,9,17,14,7,3,1,1,0,1,1,1,0,0,0,0,13.728251,51.076475
26,22,8,16,9,3,2,5,3,0,0,1,1,0,0,0,0,14.979353,51.169428
26,22,9,2,14,6,3,2,2,0,0,1,0,0,0,0,1,14.607852,50.990942
29,22,9,6,18,3,3,5,3,0,0,1,1,0,0,0,0,12.610971,51.333695
13,22,10,7,19,6,2,0,1,2,0,1,0,0,0,0,0,12.373408,51.312671
13,22,9,11,2,1,3,3,5,2,0,1,0,0,0,1,0,12.373591,51.32044
12,22,8,20,18,7,3,0,1,0,1,1,0,0,0,0,0,13.800084,51.140061
30,22,9,8,6,5,2,5,3,1,0,1,0,0,0,0,1,13.000318,51.564911
27,22,9,28,14,4,3,5,3,0,0,1,0,0,0,0,0,13.384805,51.303777
12,22,8,26,10,6,3,0,1,0,0,1,0,0,0,0,0,13.776072,51.051183
22,22,8,14,12,1,3,0,7,0,0,1,0,0,0,0,0,13.107669,51.118212
29,22,10,6,17,5,3,5,2,0,0,1,1,0,0,0,0,12.325257,51.209603
27,22,9,19,9,2,3,0,1,0,1,1,0,0,0,0,0,13.585523,51.132355
21,22,8,18,19,5,2,0,7,0,0,1,0,0,0,0,0,12.777942,50.533446
12,22,9,25,16,1,3,5,3,1,0,1,0,0,0,0,0,13.854978,51.065352
12,22,8,23,16,3,3,0,7,0,0,1,0,0,0,0,0,13.777604,51.052868
24,22,8,30,23,3,2,0,1,2,0,1,0,0,0,0,0,12.581234,50.693515
24,22,10,4,16,3,3,0,1,0,0,1,0,0,0,0,0,12.485828,50.718325
30,22,9,22,11,5,3,5,2,0,0,1,1,0,0,0,0,12.484826,51.381218
27,22,9,9,16,6,2,5,3,0,1,1,1,0,0,0,0,13.637781,51.264127
26,22,8,25,14,5,3,0,7,0,0,1,0,0,0,0,0,14.789993,50.89645
29,22,8,10,19,4,3,0,7,0,0,1,0,0,0,0,0,12.753738,51.237869
13,22,10,12,16,4,3,5,3,0,0,1,1,0,0,0,0,12.37465,51.347723
30,22,10,2,14,1,3,5,3,0,1,1,1,0,0,0,0,12.998959,51.559211
13,22,9,28,9,4,3,5,3,0,1,1,1,0,0,0,0,12.381652,51.331776
13,22,8,13,19,7,3,0,1,0,0,1,0,0,0,0,0,12.315159,51.357805
30,22,9,1,14,5,3,0,7,0,0,1,0,0,0,0,0,12.345076,51.524035
12,22,8,22,9,2,3,1,7,0,0,1,1,0,0,0,0,13.748672,51.076093
21,22,9,6,19,3,3,8,7,1,0,1,0,0,0,0,0,12.756573,50.756251
29,22,10,7,14,6,3,0,7,0,0,1,0,0,0,0,0,12.380271,51.196065
12,22,9,22,11,5,3,0,1,0,1,1,0,0,0,0,0,13.691739,51.050384
25,22,8,19,7,6,3,5,3,0,0,1,1,0,0,0,0,14.259604,51.439448
26,22,9,9,14,6,3,0,1,0,0,1,0,0,0,0,0,14.821146,50.894442
13,22,9,26,12,2,3,2,6,0,0,1,1,0,0,0,0,12.476394,51.339305
12,22,8,25,0,5,3,0,1,2,0,1,0,0,0,0,0,13.811018,51.053747
13,22,9,12,10,2,2,5,2,0,0,1,1,0,0,0,0,12.371299,51.389443
13,22,8,11,9,5,3,1,5,0,0,1,1,0,0,0,0,12.411744,51.328407
13,22,9,4,2,1,3,0,1,2,0,1,0,0,0,0,0,12.405853,51.331777
13,22,10,6,10,5,3,3,2,0,0,1,0,0,0,0,0,12.376527,51.35327
13,22,9,19,14,2,3,1,5,0,0,1,1,0,0,0,0,12.365646,51.362383
12,22,9,24,19,7,3,5,3,0,0,1,1,0,0,0,0,13.761637,51.036624
30,22,8,23,13,3,3,6,6,0,0,1,0,1,0,0,0,12.492369,51.379948
21,22,8,10,15,4,3,5,3,0,0,1,1,0,0,0,0,13.071009,50.755317
13,22,10,9,20,1,2,0,7,2,0,1,0,0,0,0,0,12.331193,51.318565
25,22,9,3,10,7,3,4,1,0,0,1,1,0,0,0,0,14.424333,51.183982
13,22,9,30,6,6,3,5,3,2,0,1,1,0,0,0,0,12.399436,51.376404
29,22,9,16,20,6,2,4,6,2,0,1,1,0,0,0,0,12.566671,51.061364
12,22,9,4,16,1,3,3,6,0,0,1,0,0,0,0,0,13.860091,51.009272
29,22,10,7,12,6,3,5,3,0,0,1,1,0,0,0,0,12.725359,51.229308
29,22,9,28,7,4,2,5,3,0,1,1,1,0,0,0,0,12.363521,51.275255
12,22,9,13,7,3,3,6,4,0,0,1,0,1,0,0,0,13.705882,51.027637
27,22,9,2,9,6,3,3,2,0,0,1,0,0,1,0,0,13.309155,51.297648
13,22,9,6,6,3,3,5,3,1,0,1,1,0,0,0,0,12.395793,51.36329
27,22,10,7,17,6,2,0,7,0,0,1,0,0,0,0,0,13.463787,51.089739
26,22,8,28,14,1,3,3,6,0,1,1,1,0,0,0,0,14.975033,51.111834
13,22,9,9,21,6,3,0,1,1,0,1,0,0,0,0,0,12.368404,51.334522
12,22,9,27,14,3,3,0,1,0,1,1,0,0,0,0,0,13.772749,51.046483
24,22,9,12,13,2,3,1,1,0,0,1,1,0,0,0,0,12.479383,50.717196
12,22,8,11,16,5,3,5,3,0,0,1,1,0,0,0,0,13.714518,51.030775
27,22,10,11,15,3,3,0,1,0,0,1,0,0,0,0,0,13.38478,51.303711
12,22,8,31,6,4,3,5,3,0,0,1,1,0,0,0,0,13.79242,51.058182
25,22,9,5,16,2,3,1,5,0,0,1,1,0,0,0,0,14.087865,51.103519
13,22,10,5,8,4,3,5,2,0,0,1,1,0,0,0,0,12.375018,51.343028
13,22,9,8,7,5,2,5,2,0,0,1,1,0,0,0,0,12.389724,51.361569
22,22,8,17,15,4,3,4,6,0,0,1,0,0,0,0,1,13.122977,50.962094
27,22,9,25,15,1,3,0,1,0,0,1,0,0,0,0,0,13.711129,51.302271
28,22,8,23,8,3,2,5,7,0,1,1,1,0,0,0,0,13.643874,51.005685
13,22,8,30,8,3,3,5,3,0,0,1,1,0,0,0,0,12.378339,51.330736
21,22,10,3,18,2,3,5,3,0,0,1,1,0,0,0,0,12.924917,50.62479
25,22,9,5,19,2,3,5,3,1,0,1,0,0,0,0,0,13.821969,51.18128
26,22,9,8,11,5,2,5,3,0,0,1,1,0,0,0,0,14.98424,51.149441
13,22,8,16,9,3,3,5,3,0,0,1,1,0,0,0,0,12.31024,51.317738
11,22,8,9,16,3,3,6,7,0,0,1,0,1,0,0,0,12.922211,50.833913
11,22,10,4,14,3,3,1,7,0,0,1,1,0,0,0,0,12.908524,50.814723
12,22,9,30,7,6,3,3,6,0,0,1,0,0,0,0,0,13.758352,51.053122
24,22,9,3,11,7,3,1,5,0,0,1,1,0,0,0,0,12.470798,50.68901
21,22,8,22,11,2,3,4,6,0,0,1,1,0,0,0,0,12.927168,50.619994
12,22,9,7,8,4,3,4,2,0,0,1,1,0,0,0,0,13.818503,51.029419
28,22,10,9,11,1,2,0,1,0,0,1,0,0,0,0,0,13.878697,50.959463
13,22,8,29,14,2,3,0,7,0,0,1,0,0,0,0,0,12.344598,51.323817
13,22,9,22,10,5,3,1,5,0,0,1,1,0,0,0,0,12.397905,51.345963
29,22,9,9,14,6,3,0,1,0,0,1,0,0,0,0,0,12.365529,51.284995
30,22,10,12,16,4,3,5,2,0,0,1,1,0,0,0,0,12.333081,51.529872
13,22,9,1,15,5,3,3,6,0,0,1,1,0,0,0,0,12.376292,51.361481
13,22,9,6,6,3,2,5,3,1,0,1,0,0,0,1,0,12.438243,51.364799
12,22,10,6,10,5,3,0,1,0,1,1,0,0,0,0,0,13.704801,51.076227
13,22,9,21,17,4,2,0,7,0,0,1,0,0,0,0,0,12.396849,51.37659
26,22,9,12,19,2,3,0,1,0,0,1,0,0,0,0,0,14.694329,51.057823
24,22,10,11,17,3,3,3,2,0,0,1,1,0,0,0,0,12.391641,50.809308
23,22,9,4,1,1,2,0,7,2,0,1,0,0,0,0,0,12.467351,50.4485
13,22,10,5,7,4,3,4,6,0,0,1,0,0,0,0,0,12.382163,51.338872
26,22,9,19,15,2,3,0,3,0,1,1,1,0,0,0,0,14.647008,51.498419
13,22,8,16,9,3,2,5,3,0,0,1,0,0,0,0,1,12.396253,51.339153
12,22,9,26,5,2,3,1,1,2,1,1,1,0,0,0,0,13.760264,51.026938
22,22,8,24,16,4,3,5,3,0,0,1,1,0,0,0,0,12.695112,50.939193
25,22,8,30,13,3,3,3,6,0,0,1,0,0,1,0,0,13.920862,51.116607
30,22,9,29,8,5,3,5,3,0,0,1,1,0,0,0,0,12.486519,51.380886
12,22,9,16,11,6,2,5,3,0,0,1,0,0,0,0,1,13.78848,51.041401
13,22,8,14,16,1,3,5,3,0,0,1,1,0,0,0,0,12.367052,51.403838
25,22,10,7,13,6,3,0,1,0,0,1,0,0,0,0,0,14.248297,51.435105
13,22,8,29,6,2,3,4,6,1,0,1,1,0,0,0,0,12.392923,51.404763
25,22,9,21,7,4,3,3,2,0,0,1,1,0,0,0,0,14.265012,51.437178
12,22,8,19,13,6,3,0,1,0,0,1,0,0,0,0,0,13.860811,51.009114
27,22,9,30,14,6,3,5,3,0,0,1,1,0,0,0,0,13.468049,51.15665
12,22,9,16,13,6,3,0,1,0,0,1,0,0,0,0,0,13.708967,51.044707
12,22,9,3,9,7,3,0,7,0,0,1,1,0,0,0,0,13.743136,51.072827
12,22,9,7,17,4,3,3,2,0,0,1,1,0,0,0,0,13.777318,51.058729
27,22,10,8,11,7,3,5,2,0,0,1,1,0,0,0,0,13.281786,51.295359
30,22,8,29,17,2,3,1,5,0,0,1,1,0,0,0,0,12.487098,51.388819
12,22,9,24,9,7,3,0,7,0,0,1,0,0,0,0,0,13.759824,51.052136
13,22,9,9,15,6,3,5,3,0,1,1,1,0,0,0,0,12.350691,51.332733
12,22,9,28,10,4,2,6,4,0,1,1,0,1,0,0,0,13.755418,51.063696
21,22,10,13,18,5,3,9,1,2,0,1,0,0,0,0,0,12.917746,50.627761
27,22,9,2,15,6,2,1,7,0,0,1,0,0,0,0,1,13.614625,51.107683
12,22,10,6,8,5,3,8,1,0,1,1,0,0,0,0,0,13.64067,51.058488
12,22,8,25,9,5,3,5,2,0,0,1,1,0,0,0,0,13.739032,51.050281
27,22,9,12,14,2,3,0,6,0,0,1,1,0,0,0,0,13.63168,51.104727
12,22,10,12,15,4,3,1,1,0,1,1,1,0,0,0,0,13.848667,51.064002
12,22,9,1,18,5,3,7,7,0,0,1,0,0,0,0,1,13.758206,51.06485
27,22,9,5,8,2,3,5,3,0,0,1,1,0,0,0,0,13.525884,51.29563
30,22,10,4,15,3,3,0,1,0,0,1,0,0,0,0,0,12.546492,51.372778
23,22,8,17,13,4,3,2,6,0,0,1,1,0,0,0,0,12.136694,50.506622
30,22,8,23,17,3,3,1,5,0,0,1,1,0,0,0,0,12.994187,51.549651
11,22,8,10,7,4,3,5,3,1,0,1,1,0,0,0,0,12.885692,50.843386
12,22,10,11,15,3,3,5,3,0,0,1,1,0,0,0,0,13.780575,51.042186
25,22,8,30,5,3,3,1,5,1,0,1,1,0,0,0,0,14.434969,51.183834
21,22,9,24,11,7,3,5,3,0,0,1,1,0,0,0,0,12.855507,50.771964
27,22,10,2,21,1,3,0,7,2,1,1,0,0,0,0,0,13.675322,51.097829
12,22,9,28,9,4,3,0,5,0,1,1,1,0,0,0,0,13.799649,51.056513
12,22,10,13,17,5,3,5,3,0,0,1,1,0,0,0,0,13.803907,51.037813
27,22,9,2,11,6,3,3,6,0,0,1,0,0,1,0,0,13.56765,51.161544
12,22,8,21,19,1,3,0,7,1,0,1,0,0,0,0,0,13.720093,51.080442
24,22,9,5,23,2,3,4,6,2,0,1,0,0,0,0,1,12.778158,50.85503
12,22,8,29,15,2,3,5,2,0,0,1,1,0,0,0,0,13.786386,51.028519
11,22,9,13,13,3,3,5,3,0,0,1,1,0,0,0,0,12.913985,50.832806
13,22,8,10,18,4,3,3,6,0,0,1,0,0,1,0,0,12.326069,51.315468
27,22,10,12,15,4,3,0,7,0,0,1,0,0,0,0,0,13.683293,51.093564
21,22,9,5,19,2,3,0,1,0,0,1,0,0,0,0,0,12.778589,50.713732
13,22,10,6,11,5,3,5,3,0,0,1,1,0,0,0,0,12.372984,51.301386
22,22,9,8,18,5,2,0,1,0,0,1,0,0,0,0,0,13.179355,50.80052
21,22,9,19,11,2,3,3,2,0,1,1,1,0,0,0,0,12.808968,50.630637
29,22,8,17,18,4,3,1,5,0,0,1,1,0,0,0,0,12.397801,51.276046
30,22,8,22,10,2,3,5,3,0,0,1,1,0,0,0,0,13.094062,51.299744
13,22,10,10,20,2,3,0,7,2,0,1,0,0,0,0,0,12.40758,51.335005
12,22,10,28,6,6,3,0,1,2,0,1,0,0,0,0,0,13.688165,51.057578
13,22,12,5,10,2,3,5,3,0,0,1,1,0,0,0,0,12.373431,51.314974
12,22,12,13,7,3,3,5,3,0,2,1,1,0,0,0,0,13.793324,51.04308
13,22,11,3,18,5,2,5,3,2,0,1,1,0,0,0,0,12.478172,51.341481
13,22,11,9,7,4,3,5,3,0,1,1,1,0,0,0,0,12.40733,51.382709
12,22,10,26,19,4,3,2,6,2,0,1,1,0,1,0,0,13.806084,51.052137
22,22,10,20,9,5,3,5,3,0,0,1,1,0,0,0,0,13.124405,50.966222
27,22,10,30,2,1,3,0,1,2,0,1,0,0,0,0,0,13.383777,51.307106
28,22,10,24,15,2,3,0,1,0,1,1,0,0,0,0,0,13.471356,50.918552
13,22,11,17,16,5,3,5,2,1,1,1,1,0,0,0,0,12.384993,51.338054
13,22,11,11,19,6,3,5,3,2,0,1,1,0,0,0,0,12.409054,51.3445
12,22,11,21,17,2,3,1,5,2,1,1,1,0,0,0,0,13.797059,51.046732
12,22,10,14,16,6,3,0,1,0,0,1,0,0,0,0,0,13.708467,51.078937
13,22,12,16,9,6,3,5,3,0,1,1,1,0,0,0,0,12.326058,51.315469
12,22,12,9,21,6,3,0,1,2,0,1,0,0,0,0,0,13.776575,51.066737
13,22,11,14,18,2,2,6,4,2,0,1,0,1,0,0,0,12.263446,51.313134
13,22,10,30,13,1,3,5,2,0,0,1,1,0,0,0,0,12.39746,51.346013
12,22,11,24,0,5,3,0,1,2,1,1,0,0,0,0,0,13.682906,51.059821
11,22,11,2,13,4,3,0,7,0,0,1,0,0,0,0,0,12.922331,50.835937
28,22,11,29,8,3,3,5,3,0,1,1,1,0,0,0,0,13.861295,50.976918
12,22,11,14,16,2,2,3,2,1,0,1,0,0,0,0,0,13.729112,51.050948
13,22,11,17,9,5,3,5,2,0,0,1,1,0,0,0,0,12.373656,51.330513
26,22,12,29,16,5,3,5,3,1,0,1,1,0,0,0,0,15.001267,51.204264
13,22,11,6,18,1,2,1,7,2,0,1,1,0,0,0,0,12.409749,51.372361
13,22,11,10,17,5,3,5,3,2,0,1,0,0,0,0,1,12.291209,51.324124
22,22,11,7,16,2,2,0,1,1,0,1,0,0,0,0,0,13.098265,50.820687
27,22,11,11,8,6,3,5,3,0,0,1,0,0,0,0,1,13.503704,51.295995
13,22,11,28,7,2,3,5,2,1,0,1,1,0,0,0,0,12.390683,51.34356
12,22,11,15,14,3,3,5,3,0,0,1,1,0,0,0,0,13.707115,51.082661
12,22,10,14,20,6,3,1,2,2,0,1,1,0,0,0,0,13.69203,51.049062
12,22,11,8,7,3,3,5,3,0,0,1,1,0,0,0,0,13.712324,51.079314
12,22,11,25,16,6,3,5,2,2,1,1,1,0,0,0,0,13.797375,51.024212
26,22,10,27,9,5,3,0,3,0,1,1,1,0,0,0,0,14.981195,51.145615
30,22,10,18,15,3,3,5,3,0,0,1,1,0,0,0,0,12.483566,51.374553
22,22,10,30,14,1,3,5,2,0,0,1,0,0,0,0,0,12.722881,50.913392
12,22,11,23,21,4,3,1,2,2,1,1,1,0,0,0,0,13.848327,51.007108
13,22,11,29,16,3,3,5,2,0,0,1,1,0,0,0,0,12.323883,51.320426
24,22,10,17,14,2,3,4,2,0,0,1,1,0,0,0,0,12.482089,50.781907
22,22,11,5,14,7,2,0,1,0,0,1,0,0,0,0,0,13.356768,50.886885
25,22,10,16,14,1,3,1,5,0,0,1,1,0,0,0,0,14.451623,51.195614
12,22,11,10,5,5,3,0,1,2,0,1,0,0,0,0,0,13.716971,51.055783
13,22,10,29,16,7,2,0,3,0,0,1,1,1,0,0,0,12.412765,51.375165
13,22,12,5,19,2,3,6,4,2,1,1,0,1,0,0,0,12.382748,51.340633
24,22,11,15,12,3,3,5,2,0,0,1,1,0,0,0,0,12.777735,50.844643
13,22,11,24,20,5,3,5,3,2,1,1,1,0,0,0,0,12.386671,51.33729
12,22,10,28,18,6,3,1,1,2,0,1,0,0,0,0,1,13.725813,51.052994
27,22,11,28,7,2,3,2,2,0,0,1,0,0,0,0,0,13.456985,51.412198
11,22,10,30,19,1,3,5,3,2,0,1,1,0,0,0,0,12.903267,50.83984
12,22,12,13,15,3,3,5,3,0,1,1,1,0,0,0,0,13.777197,51.060084
23,22,11,3,16,5,3,5,3,1,0,1,1,0,0,0,0,12.148245,50.491731
27,22,10,14,9,6,3,5,3,0,0,1,1,0,0,0,0,13.261046,51.32018
13,22,11,8,12,3,2,0,1,0,0,1,0,0,0,0,0,12.379123,51.310156
13,22,11,14,6,2,3,4,6,1,0,1,0,0,0,0,0,12.464017,51.365118
12,22,10,30,14,1,3,5,3,0,0,1,1,0,0,0,0,13.669323,51.042587
13,22,11,23,18,4,3,5,3,2,1,1,1,0,0,0,0,12.292481,51.357495
12,22,11,8,8,3,3,0,3,0,0,1,1,0,0,0,0,13.7772,51.060056
12,22,10,18,13,3,3,5,3,0,1,1,1,0,0,0,0,13.781228,51.054257
12,22,11,13,15,1,3,0,7,0,0,1,0,0,0,0,0,13.808377,51.058543
13,22,12,7,14,4,3,5,3,0,1,1,1,0,0,0,0,12.327105,51.305729
13,22,10,23,3,1,2,0,7,2,0,1,0,0,0,0,0,12.378549,51.320696
13,22,11,17,17,5,3,5,3,2,1,1,1,0,0,0,0,12.376743,51.320515
27,22,11,4,10,6,3,0,1,0,1,1,0,0,0,0,0,13.580775,51.132452
12,22,10,27,17,5,3,5,3,0,0,1,1,0,0,0,0,13.811283,51.028699
13,22,11,14,7,2,3,5,7,0,1,1,1,0,0,0,0,12.413947,51.344824
12,22,11,3,19,5,3,5,2,2,0,1,1,0,0,0,0,13.777364,51.058789
13,22,10,14,13,6,3,6,4,0,0,1,0,1,0,0,0,12.403826,51.345644
28,22,11,8,6,3,2,0,1,1,1,1,0,0,0,0,0,13.656244,51.010467
13,22,11,29,15,3,2,5,2,0,0,1,1,0,0,0,0,12.391587,51.330868
30,22,11,4,15,6,2,5,3,0,0,1,1,0,0,0,0,12.485511,51.374034
24,22,10,17,8,2,2,4,1,0,0,1,1,0,0,0,0,12.48482,50.722092
12,22,11,28,14,2,3,5,2,0,0,1,0,0,0,0,1,13.78128,51.054302
24,22,12,8,17,5,3,4,7,2,0,1,1,0,0,0,0,12.557451,50.819575
24,22,11,22,8,3,2,0,1,0,2,1,0,0,0,0,0,12.618569,50.864255
12,22,11,1,7,3,3,5,3,0,0,1,1,0,0,0,0,13.742391,51.042097
22,22,10,27,15,5,3,0,7,0,0,1,0,0,0,0,0,13.006536,50.863095
12,22,11,18,9,6,3,0,7,0,1,1,0,0,0,0,0,13.733076,51.048486
11,22,12,30,10,6,3,4,6,0,0,1,1,0,0,0,0,12.947308,50.851474
29,22,11,29,7,3,3,1,5,1,1,1,1,0,0,0,0,12.221393,51.303719
13,22,10,17,7,2,3,0,7,0,0,1,0,0,0,1,0,12.38428,51.360187
27,22,11,22,7,3,2,0,7,0,2,1,0,0,0,0,0,13.642156,51.111619
24,22,11,20,11,1,3,1,7,0,0,1,1,0,0,0,0,12.803137,50.860298
12,22,10,24,7,2,3,0,1,1,1,1,0,0,0,0,0,13.800023,51.140011
13,22,11,15,7,3,3,5,3,0,0,1,1,0,0,0,0,12.418753,51.406313
26,22,11,6,1,1,3,0,1,2,0,1,0,0,0,0,0,14.749317,50.896664
25,22,10,16,17,1,2,4,2,0,0,1,1,0,0,0,0,14.261832,51.440956
13,22,11,9,19,4,3,4,2,2,0,1,1,0,0,0,0,12.362937,51.330625
23,22,10,27,19,5,3,1,5,2,0,1,1,0,0,0,0,12.30573,50.622988
12,22,12,21,6,4,3,5,3,2,1,1,1,0,0,0,0,13.688943,51.057962
12,22,12,6,19,3,3,0,1,2,1,1,0,0,0,0,0,13.782647,51.045434
13,22,10,14,13,6,3,5,3,0,0,1,1,0,0,0,0,12.298928,51.315915
12,22,11,9,7,4,3,3,6,0,0,1,0,0,0,0,0,13.760003,51.038997
21,22,11,23,14,4,3,0,7,0,1,1,0,0,0,0,0,12.923646,50.734232
12,22,11,12,17,7,3,5,3,1,0,1,1,0,0,0,0,13.688943,51.057962
22,22,12,14,12,4,3,0,7,0,0,1,0,0,0,0,0,12.820736,50.926686
30,22,12,28,6,4,3,3,7,1,1,1,1,0,0,0,0,12.962532,51.557576
12,22,10,17,17,2,3,5,2,0,0,1,1,0,0,0,0,13.755946,51.055883
25,22,11,11,11,6,3,2,6,0,0,1,1,0,0,0,0,14.434035,51.179916
12,22,11,21,17,2,3,0,3,2,1,1,1,0,0,0,0,13.768249,51.047972
12,22,10,22,16,7,2,5,3,0,0,1,1,0,0,0,0,13.748717,51.048247
13,22,11,3,8,5,3,5,3,0,0,1,0,0,0,0,0,12.376961,51.343901
12,22,11,25,18,6,3,0,1,2,1,1,0,0,0,0,0,13.720527,51.055537
13,22,10,27,9,5,3,5,3,0,0,1,1,0,0,0,0,12.374431,51.396712
12,22,11,20,11,1,2,5,3,0,0,1,1,0,0,0,0,13.779909,51.044319
12,22,12,6,7,3,3,5,3,2,1,1,1,0,0,0,0,13.766459,51.056453
28,22,10,17,13,2,3,5,3,0,0,1,0,0,0,0,0,14.215618,51.026888
13,22,11,24,10,5,3,5,3,0,1,1,0,0,0,0,1,12.361799,51.332557
25,22,10,28,17,6,3,0,1,2,0,1,0,0,0,0,0,14.423771,51.173847