CSV=`UKREIS,UJAHR,UMONAT,UTAG,USTUNDE,UWOCHENTAG,UKATEGORIE,UART,UTYP,LICHT,USTRZUSTAND,IstRad,IstPKW,IstFuss,IstKrad,IstGkfz,IstSonstig,@lon,@lat
13,22,10,18,21,3,3,5,2,2,1,1,1,0,0,0,0,12.325888,51.314496
13,22,11,14,8,2,3,5,2,0,0,1,1,0,0,0,0,12.393591,51.322802
11,22,11,2,16,4,2,5,3,0,0,1,1,0,0,0,0,12.943678,50.829235
13,22,10,14,16,6,3,3,5,0,0,1,1,0,0,0,0,12.369245,51.363191
12,22,11,23,9,4,3,0,1,0,1,1,0,0,0,0,0,13.73421,51.088451
28,22,11,21,19,2,3,5,2,2,1,1,0,0,0,0,0,13.939354,50.960915
12,22,10,18,18,3,3,3,6,1,0,1,1,0,0,0,0,13.78591,51.072506
13,22,11,17,17,5,3,5,3,2,1,1,1,0,0,0,0,12.383049,51.307403
24,22,11,25,8,6,2,0,1,0,2,1,0,0,0,0,0,12.514019,50.699129
13,22,11,20,20,1,3,3,2,2,0,1,1,0,0,0,0,12.373406,51.307413
12,22,12,5,10,2,3,4,1,0,0,1,1,0,0,0,0,13.74517,51.066131
12,22,11,3,10,5,2,0,7,0,1,1,0,0,0,1,0,13.748879,51.067688
13,22,10,14,7,6,3,5,3,0,0,1,1,0,0,0,0,12.370481,51.327874
13,22,11,9,8,4,3,5,3,0,1,1,1,0,0,0,0,12.368567,51.317838
13,22,12,1,17,5,2,5,3,2,1,1,1,0,0,0,0,12.37332,51.353073
27,22,11,2,7,4,1,3,2,0,0,1,0,0,0,1,0,13.287034,51.30348
26,22,11,2,9,4,3,1,7,0,0,1,1,0,0,0,0,14.667062,51.097423
12,22,11,8,16,3,2,0,1,0,0,1,0,0,0,0,0,13.777201,51.06004
11,22,11,14,14,2,3,5,5,0,0,1,1,0,0,0,0,12.905665,50.839627
12,22,11,2,15,4,3,5,2,0,0,1,1,0,0,0,0,13.682382,51.069806
30,22,11,23,16,4,3,4,6,0,1,1,0,0,0,0,0,12.330784,51.52418
12,22,12,1,13,5,3,0,1,0,0,1,0,0,0,0,0,13.729495,51.04961
13,22,12,22,12,5,3,5,3,0,0,1,1,0,0,0,0,12.393149,51.336957
13,22,12,15,15,5,3,5,3,0,0,1,1,0,0,0,0,12.426884,51.305251
13,22,10,24,8,2,3,0,7,0,1,1,0,0,0,0,0,12.337182,51.329815
27,22,11,17,21,5,3,4,6,2,1,1,1,0,0,0,0,13.472887,51.162561
25,22,11,5,11,7,3,1,5,0,0,1,1,0,0,0,0,14.09065,51.445623
12,22,10,17,8,2,3,4,2,0,1,1,1,0,0,0,0,13.814411,51.009897
13,22,12,12,8,2,3,5,3,0,2,1,1,0,0,0,0,12.392296,51.307792
29,22,11,15,7,3,3,5,3,0,1,1,1,0,0,0,0,12.546002,51.2329
27,22,11,8,17,3,3,5,3,2,0,1,1,0,0,0,0,13.286511,51.294569
13,22,11,24,12,5,3,3,6,0,0,1,1,0,0,0,0,12.373658,51.322645
12,22,10,27,8,5,3,2,6,0,0,1,1,0,0,0,0,13.749697,51.077674
12,22,12,19,8,2,3,0,1,0,2,1,0,0,0,0,0,13.742452,51.059631
13,22,10,18,19,3,3,4,2,2,1,1,1,0,0,0,0,12.371259,51.33264
21,22,10,30,13,1,3,0,6,0,0,1,1,0,0,0,0,12.742192,50.735341
12,22,11,24,8,5,2,0,1,0,1,1,0,0,0,0,0,13.759083,51.053687
13,22,11,7,17,2,3,5,3,2,0,1,1,0,0,0,0,12.329501,51.339874
13,22,11,18,8,6,3,3,5,0,1,1,1,0,0,0,0,12.394913,51.336744
11,22,11,5,15,7,3,4,6,0,0,1,0,0,0,0,0,12.900957,50.836604
28,22,12,20,7,3,3,0,1,2,2,1,0,0,0,0,0,13.573465,50.988078
13,22,12,6,17,3,3,3,6,2,1,1,1,0,0,0,0,12.399502,51.339295
27,22,10,23,0,1,2,2,6,2,0,1,1,0,0,0,0,13.630037,51.107526
12,22,10,15,15,7,3,0,1,0,1,1,0,0,0,0,0,13.814247,51.054835
12,22,11,10,14,5,3,5,3,0,0,1,1,0,0,0,0,13.719591,51.059443
13,22,10,29,2,7,3,0,1,2,0,1,0,0,0,0,0,12.372072,51.362263
11,22,12,10,8,7,2,5,2,0,1,1,1,0,0,0,0,12.8775,50.835261
12,22,10,21,15,6,3,5,3,0,1,1,1,0,0,0,0,13.779677,51.0199
29,22,10,14,11,6,3,5,3,0,0,1,1,0,0,0,0,12.58121,51.326326
13,22,11,9,14,4,3,3,2,0,0,1,1,0,0,0,0,12.340855,51.368612
29,22,10,28,9,6,3,0,7,0,0,1,1,0,0,0,0,12.295305,51.145759
13,22,12,1,16,5,3,5,2,2,1,1,1,0,0,0,0,12.396203,51.308911
12,22,10,20,16,5,3,5,2,0,0,1,1,0,0,0,0,13.682793,51.042415
12,22,11,1,15,3,2,0,1,0,1,1,0,0,0,0,0,13.765705,51.093796
13,22,11,30,17,4,3,3,6,2,0,1,1,0,0,0,0,12.324587,51.341067
13,22,11,7,16,2,3,5,3,1,0,1,1,0,0,0,0,12.328038,51.32833
13,22,10,18,15,3,3,5,3,0,1,1,1,0,0,0,0,12.408347,51.327157
12,22,11,28,15,2,3,5,3,0,0,1,1,0,0,0,0,13.755514,51.015704
24,22,11,18,20,6,3,1,1,2,1,1,1,0,0,0,0,12.481767,50.717616
24,22,11,15,16,3,3,3,6,1,0,1,0,0,0,0,1,12.772998,50.859565
27,22,10,15,18,7,3,2,6,1,0,1,0,0,0,0,0,13.673772,51.101225
12,22,10,19,8,4,3,0,1,0,0,1,0,0,0,0,0,13.782661,51.045394
12,22,11,14,17,2,3,7,7,2,0,1,0,0,0,0,0,13.703974,51.044194
22,22,10,14,19,6,3,4,6,2,0,1,0,0,0,0,0,13.325815,50.904227
12,22,11,24,16,5,3,5,3,2,1,1,1,0,0,0,0,13.798916,51.004931
12,22,11,29,15,3,3,5,2,0,0,1,1,0,0,0,0,13.777226,51.059707
12,22,10,18,15,3,3,5,3,0,1,1,1,0,0,0,0,13.707924,51.044441
12,22,12,22,17,5,3,6,4,0,1,1,0,1,0,0,0,13.750292,51.068362
12,22,11,17,17,5,3,5,1,2,1,1,1,0,0,0,0,13.831888,51.029047
30,22,11,3,7,5,3,5,3,0,0,1,1,0,0,0,0,12.501668,51.383829
12,22,10,14,16,6,3,0,1,0,0,1,0,0,0,0,0,13.714904,51.028589
13,22,11,9,7,4,3,5,2,0,1,1,1,0,0,0,0,12.370564,51.361395
13,22,11,23,15,4,3,5,2,0,1,1,1,0,0,0,0,12.382079,51.332603
27,22,10,25,22,3,2,7,7,2,1,1,0,0,0,0,0,13.621212,51.127906
30,22,11,11,16,6,2,5,3,0,0,1,1,0,0,0,0,12.991764,51.56154
12,22,10,31,13,2,3,0,1,0,0,1,0,0,0,0,0,13.769259,51.024552
12,22,11,21,7,2,3,5,3,0,1,1,1,0,0,0,0,13.722706,51.076123
12,22,11,17,15,5,3,1,5,0,0,1,1,0,0,0,0,13.817674,51.029685
13,22,11,5,12,7,3,6,6,0,0,1,0,1,0,0,0,12.409115,51.325545
13,22,10,18,17,3,3,6,6,1,1,1,0,1,0,0,0,12.406763,51.351016
12,22,11,10,16,5,3,5,3,0,0,1,1,0,0,0,0,13.803367,51.037256
13,22,11,3,14,5,3,5,3,0,0,1,0,0,0,0,1,12.410941,51.344407
12,22,10,17,15,2,3,0,7,0,0,1,0,0,0,0,0,13.750115,51.033437
25,22,11,8,15,3,3,0,1,0,0,1,0,0,0,0,0,14.159081,51.260367
22,22,10,28,17,6,3,0,6,0,0,1,0,0,0,0,1,12.943919,51.130387
13,22,12,19,22,2,3,3,5,2,0,1,1,0,0,0,0,12.372057,51.341564
12,22,12,3,16,7,3,5,3,1,1,1,1,0,0,0,0,13.762328,51.024504
12,22,10,20,14,5,3,5,3,0,0,1,1,0,0,0,0,13.701257,51.093053
27,22,11,1,16,3,3,5,3,0,0,1,1,0,0,0,0,13.667791,51.10247
25,22,10,30,14,1,3,2,6,0,0,1,0,0,0,0,0,14.442401,51.186288
21,22,11,2,19,4,3,5,3,2,0,1,1,0,0,0,0,13.336213,50.657648
13,22,11,29,7,3,3,3,6,2,1,1,1,0,0,0,0,12.35945,51.334293
12,22,11,14,11,2,3,5,3,0,0,1,1,0,0,0,0,13.781676,51.046829
13,22,12,23,12,6,3,5,3,0,0,1,1,0,0,0,0,12.435713,51.287849
12,22,10,24,10,2,3,0,5,0,0,1,1,0,0,0,0,13.803715,51.037615
29,22,11,17,17,5,3,0,3,2,1,1,1,0,0,0,0,12.73718,51.367062
26,22,12,29,13,5,3,5,3,0,0,1,1,0,0,0,0,14.979621,51.16941
13,22,11,6,14,1,3,6,1,0,0,1,0,1,0,0,0,12.381619,51.350806
11,22,10,17,6,2,3,5,2,2,0,1,1,0,0,0,0,12.889828,50.804477
27,22,11,28,11,2,3,6,4,0,0,1,0,1,0,0,0,13.47139,51.161225
22,22,10,30,16,1,3,8,7,0,0,1,0,0,0,0,0,13.310881,50.90597
22,22,12,22,16,5,3,5,3,2,1,1,1,0,0,0,0,13.123823,51.119304
28,22,10,22,12,7,3,5,3,0,1,1,1,0,0,0,0,13.662482,51.01512
25,22,11,3,16,5,3,5,3,1,0,1,1,0,0,0,0,14.43403,51.179911
27,22,12,24,18,7,2,0,7,2,1,1,0,0,0,0,0,13.307664,51.295997
13,22,10,16,13,1,3,6,4,0,0,1,0,1,0,0,0,12.410593,51.342687
13,22,11,10,0,5,3,3,1,2,0,1,0,0,0,0,0,12.397737,51.342721
12,22,11,22,6,3,3,0,1,2,2,1,0,0,0,0,0,13.824123,51.023036
13,22,11,26,9,7,3,0,1,0,1,1,0,0,0,0,0,12.385951,51.363854
12,22,12,5,7,2,3,0,7,2,1,1,0,0,0,0,0,13.710295,51.077544
12,22,10,21,10,6,2,5,7,0,0,1,1,0,0,0,0,13.636603,51.09048
12,22,10,14,11,6,3,5,3,0,0,1,1,0,0,0,0,13.825135,51.003416
13,22,11,8,14,3,3,5,3,0,0,1,1,0,0,0,0,12.437937,51.362013
12,22,11,22,16,3,2,9,1,2,0,1,0,0,0,0,0,13.723317,51.058217
30,22,11,24,16,5,3,5,3,2,1,1,1,0,0,0,0,12.359642,51.479591
29,22,12,19,11,2,3,6,7,0,2,1,0,1,0,0,0,12.329846,51.223106
11,22,12,8,15,5,3,1,5,0,0,1,1,0,0,0,0,12.93325,50.836038
13,22,10,18,12,3,3,1,5,0,0,1,1,0,0,0,0,12.307016,51.33264
13,22,11,1,16,3,3,3,5,0,0,1,1,0,0,0,0,12.442924,51.331402
12,22,10,30,14,1,3,0,1,0,0,1,0,0,0,0,0,13.750399,51.071443
11,22,11,24,19,5,2,6,7,2,1,1,0,1,0,0,0,12.922401,50.831661
12,22,11,2,14,4,3,0,1,0,1,1,0,0,0,0,0,13.803136,51.050999
24,22,11,7,5,2,2,5,3,2,0,1,1,0,0,0,0,12.546557,50.82063
26,22,11,13,9,1,3,0,1,0,0,1,0,0,0,0,0,14.978619,51.145987
21,22,11,17,10,5,2,5,3,0,1,1,1,0,0,0,0,12.765147,50.649181
12,22,10,17,9,2,2,5,3,0,1,1,0,0,1,0,0,13.755976,51.055856
13,22,12,21,20,4,2,5,3,2,1,1,1,0,0,0,0,12.37834,51.332239
13,22,11,15,19,3,3,1,5,2,0,1,1,0,0,0,0,12.373656,51.322598
13,22,11,8,12,3,2,5,2,0,0,1,1,0,0,0,0,12.370904,51.336343
13,22,11,24,13,5,3,3,5,0,1,1,1,0,0,0,0,12.404337,51.32676
24,22,10,28,15,6,3,5,7,0,0,1,1,0,0,0,0,12.517737,50.831676
25,22,12,1,14,5,3,5,3,0,0,1,1,0,0,0,0,14.098696,51.282407
26,22,11,23,19,4,3,0,1,2,2,1,0,0,0,0,0,14.986458,51.15153
13,22,12,30,15,6,3,5,3,0,0,1,1,0,0,0,0,12.372388,51.349629
30,22,10,30,14,1,2,5,3,0,0,1,1,0,0,0,0,13.001057,51.561251
13,22,10,25,7,3,3,0,1,0,0,1,0,0,0,0,0,12.333912,51.324764
13,22,11,1,10,3,3,5,2,0,1,1,1,0,0,0,0,12.388409,51.327602
11,22,11,8,15,3,3,5,3,0,0,1,1,0,0,0,0,12.938168,50.829505
12,22,11,13,11,1,3,5,2,0,0,1,1,0,0,0,0,13.810153,51.012549
11,22,12,8,7,5,3,1,5,2,1,1,1,0,0,0,0,12.915704,50.840315
24,22,12,28,19,4,3,0,1,2,0,1,0,0,0,0,0,12.776319,50.855485
23,22,10,16,13,1,3,0,1,0,0,1,0,0,0,0,0,12.330803,50.309713
13,22,11,9,8,4,2,5,3,0,1,1,1,0,0,0,0,12.379651,51.327636
12,22,12,21,9,4,3,5,3,0,1,1,1,0,0,0,0,13.822757,51.004847
27,22,11,9,17,4,3,5,3,2,0,1,1,0,0,0,0,13.58732,51.130892
29,22,10,26,15,4,3,1,5,0,0,1,1,0,0,0,0,12.710485,51.392418
12,22,12,16,5,6,3,5,3,2,1,1,1,0,0,0,0,13.755189,51.055545
13,22,12,3,12,7,3,9,1,0,1,1,1,0,0,0,0,12.411458,51.331012
12,22,10,20,14,5,3,0,1,0,0,1,0,0,0,0,0,13.763051,51.055624
28,22,10,31,11,2,2,4,7,0,0,1,0,0,0,0,0,14.000465,50.971592
29,22,12,13,7,3,3,5,3,1,1,1,1,0,0,0,0,12.329875,51.223203
12,22,10,24,9,2,3,0,1,0,1,1,0,0,0,0,0,13.685377,51.058106
13,22,11,17,12,5,3,5,3,0,1,1,1,0,0,0,0,12.347467,51.388513
29,22,12,30,13,6,3,5,3,0,0,1,1,0,0,0,0,12.486881,51.113139
12,22,10,18,19,3,3,0,1,2,1,1,0,0,0,0,0,13.777195,51.060107
13,22,11,11,7,6,2,5,3,0,0,1,1,0,0,0,0,12.385226,51.341979
12,22,11,26,5,7,3,0,1,2,1,1,0,0,0,0,0,13.811579,51.021918
12,22,12,12,13,2,3,0,1,0,2,1,0,0,0,0,0,13.82857,51.007117
12,22,10,21,10,6,3,0,5,0,0,1,1,0,0,0,0,13.840342,51.005225
12,22,12,24,15,7,2,1,1,0,0,1,1,0,0,0,0,13.835779,51.020471
12,22,11,3,16,5,3,0,2,0,0,1,1,0,0,0,0,13.672445,51.044468
12,22,10,15,9,7,3,5,2,0,1,1,1,0,0,0,0,13.729456,51.045707
13,22,11,8,7,3,3,5,2,0,1,1,1,0,0,0,0,12.30245,51.353663
28,22,11,7,12,2,2,0,7,0,0,1,0,0,0,0,0,13.583733,50.983893
12,22,11,12,10,7,2,5,3,0,0,1,1,0,0,0,0,13.736474,51.03793
25,22,11,26,18,7,3,1,1,2,1,1,1,0,0,0,0,14.486665,51.174401
12,22,12,23,16,6,3,5,2,2,1,1,0,0,0,0,0,13.766454,51.041463
13,22,12,7,10,4,3,3,5,0,1,1,1,0,0,0,0,12.376934,51.319558
13,22,12,13,22,3,3,5,2,2,0,1,1,0,0,0,0,12.384896,51.338115
13,22,12,24,21,7,3,5,2,2,0,1,1,0,0,0,0,12.349328,51.348511
13,22,11,11,14,6,3,5,3,0,0,1,0,0,0,0,1,12.437772,51.327504
13,22,11,24,14,5,3,1,5,0,0,1,1,0,0,0,0,12.359934,51.363807
12,22,10,22,15,7,3,5,2,0,0,1,1,0,0,0,0,13.749036,51.033749
13,22,11,14,10,2,3,3,2,0,0,1,1,0,0,0,0,12.352107,51.347049
12,22,11,3,12,5,3,0,1,0,0,1,0,0,0,0,0,13.842129,51.00107
28,22,11,9,18,4,3,5,3,2,0,1,1,0,0,0,0,13.855399,50.988835
13,22,11,23,18,4,3,5,2,2,1,1,1,0,0,0,0,12.354099,51.340217
13,22,10,25,17,3,3,5,2,2,0,1,1,0,0,0,0,12.368957,51.318784
25,22,12,19,18,2,3,0,1,2,1,1,0,0,0,0,0,14.246563,51.438635
12,22,12,3,14,7,3,0,1,0,1,1,0,0,0,0,0,13.73037,51.054452
12,22,11,13,14,1,3,5,3,0,0,1,1,0,0,0,0,13.701256,51.093054
29,22,11,17,7,5,3,6,1,0,0,1,0,1,0,0,0,12.494167,51.118987
28,22,10,16,20,1,2,0,1,2,1,1,0,0,0,0,0,13.873487,50.944413
25,22,11,11,16,6,3,4,2,0,0,1,1,0,0,0,0,14.429343,51.173633
24,22,11,25,4,6,3,0,7,2,1,1,1,0,0,0,0,12.533865,50.704325
13,22,10,22,13,7,3,3,6,0,1,1,1,0,0,0,0,12.405819,51.345536
25,22,11,15,8,3,3,3,2,0,0,1,0,0,0,1,0,14.436514,51.184662
11,22,11,23,15,4,3,4,2,0,0,1,1,0,0,0,0,12.946482,50.800493
25,22,11,3,9,5,2,0,1,0,0,1,0,0,0,0,0,14.102073,51.270685
12,22,10,14,18,6,3,4,6,1,0,1,1,0,0,0,0,13.853382,51.009977
25,22,11,9,12,4,3,1,5,0,0,1,1,0,0,0,0,14.247892,51.383518
12,22,10,26,16,4,3,0,1,0,0,1,0,0,0,0,0,13.659514,51.042748
13,22,11,2,11,4,3,3,6,0,0,1,1,0,0,0,0,12.378546,51.323034
12,22,11,29,16,3,3,1,7,2,0,1,0,0,0,0,1,13.634721,51.037507
12,22,12,16,13,6,3,0,1,0,1,1,0,0,0,0,0,13.715057,51.047821
13,22,11,14,6,2,3,5,3,2,1,1,1,0,0,0,0,12.440967,51.333354
13,22,11,2,19,4,3,5,3,2,0,1,1,0,0,0,0,12.416732,51.329804
13,22,10,14,23,6,3,0,7,2,0,1,1,0,0,0,0,12.375705,51.358772
12,22,11,24,8,5,3,0,1,0,1,1,0,0,0,0,0,13.733951,51.10881
28,22,10,25,16,3,3,0,7,0,0,1,1,0,0,0,0,13.957378,50.951286
25,22,11,1,8,3,2,8,1,0,0,1,0,0,0,0,0,14.255836,51.436158
12,22,10,18,15,3,3,5,2,0,1,1,1,0,0,0,0,13.758047,51.052276
12,22,11,14,17,2,3,0,2,2,0,1,1,0,0,0,0,13.749037,51.033749
13,22,10,23,1,1,3,0,1,2,1,1,0,0,0,0,0,12.338863,51.332366
11,22,12,27,13,3,2,5,3,0,0,1,0,0,1,0,0,12.835791,50.831574
21,22,11,7,6,2,2,9,7,2,1,1,0,0,0,0,0,12.622768,50.604679
12,22,10,15,15,7,3,5,3,0,0,1,1,0,0,0,0,13.761521,51.051802
24,22,11,27,1,1,3,7,1,2,0,1,0,0,0,0,0,12.496371,50.719365
13,22,10,29,0,7,2,0,1,2,0,1,0,0,0,0,0,12.36257,51.321096
12,22,12,10,20,7,3,0,1,2,1,1,0,0,0,0,0,13.800514,51.027415
13,22,11,3,17,5,3,4,6,2,0,1,0,0,0,0,0,12.361868,51.312131
12,22,10,14,14,6,2,5,2,0,0,1,1,0,0,0,0,13.773674,51.048758
12,22,11,9,17,4,3,0,1,2,0,1,0,0,0,0,0,13.752092,51.06197
13,22,11,21,8,2,3,5,3,0,2,1,1,0,0,0,0,12.36419,51.344436
26,22,10,27,9,5,3,5,3,0,0,1,1,0,0,0,0,14.962831,51.182231
12,22,12,9,18,6,3,0,1,2,0,1,0,0,0,0,0,13.72837,51.039271
12,22,10,30,5,1,3,0,1,2,1,1,0,0,0,0,0,13.783069,51.016527
12,22,11,24,8,5,2,0,1,0,2,1,0,0,0,0,0,13.781764,51.114499
12,22,10,26,6,4,3,5,3,2,0,1,1,0,0,0,0,13.757933,51.032865
25,22,10,18,11,3,3,5,3,0,1,1,1,0,0,0,0,14.258815,51.435689
12,22,11,14,15,2,3,5,3,0,0,1,1,0,0,0,0,13.822276,50.997788
27,22,11,19,0,7,3,1,7,2,0,1,1,1,0,0,0,13.518523,51.293505
22,22,11,17,6,5,2,5,3,2,1,1,1,0,0,0,0,13.07179,50.850527
13,22,12,27,13,3,3,1,5,0,0,1,1,0,0,0,0,12.29941,51.321761
12,22,11,5,23,7,2,0,1,2,0,1,0,0,0,0,0,13.82299,51.004709
13,22,11,9,7,4,3,5,7,0,1,1,1,0,0,0,0,12.388659,51.342507
12,22,12,23,17,6,3,5,2,2,1,1,0,0,0,0,1,13.733518,51.044499
11,22,10,24,10,2,3,0,7,0,1,1,0,0,0,0,0,12.910649,50.809903
13,22,11,17,11,5,3,2,2,0,1,1,1,0,0,0,0,12.390801,51.330993
27,22,12,29,21,5,3,0,1,2,0,1,0,0,0,0,0,13.451227,51.406248
13,22,11,5,15,7,3,2,6,0,0,1,1,0,0,0,0,12.423219,51.313043
12,22,10,22,10,7,3,0,1,0,1,1,0,0,0,0,0,13.73769,51.053959
29,22,10,14,17,6,3,5,3,0,0,1,1,0,0,0,0,12.498797,51.134135
29,22,11,8,15,3,3,5,3,0,0,1,0,0,0,0,0,12.744574,51.37355
13,22,11,14,22,2,3,5,3,2,0,1,1,0,0,0,0,12.459165,51.401935
12,22,10,30,23,1,2,0,1,2,0,1,0,0,0,0,0,13.81819,50.998422
12,22,11,2,6,4,3,5,2,0,0,1,0,0,0,1,0,13.771159,51.046133
13,22,11,30,13,4,3,5,3,0,0,1,1,0,0,0,0,12.365641,51.332053
12,22,11,8,8,3,3,4,6,0,0,1,0,0,0,0,1,13.794204,51.035656
25,22,11,18,13,6,3,5,3,0,1,1,1,0,0,0,0,14.216803,51.446237
24,22,12,6,13,3,3,5,3,0,1,1,1,0,0,0,0,12.38331,50.810756
13,22,10,23,16,1,2,6,7,0,0,1,0,1,0,0,0,12.387036,51.364009
25,22,11,15,7,3,3,5,3,0,0,1,1,0,0,0,0,14.439341,51.177113
29,22,12,28,19,4,3,1,5,2,1,1,1,0,0,0,0,12.491723,51.120192
13,22,11,3,18,5,3,5,3,2,0,1,1,0,0,0,0,12.309906,51.328341
29,22,11,23,6,4,2,6,6,2,0,1,0,1,0,0,0,12.509853,51.113146
22,22,12,3,21,7,2,0,7,2,1,1,0,0,0,0,0,12.797731,51.047981
12,22,10,19,6,4,3,5,2,2,0,1,1,0,0,0,0,13.696738,51.082005
13,22,12,10,13,7,3,5,3,0,2,1,1,0,0,0,0,12.371333,51.346287
27,22,11,15,15,3,3,3,6,0,0,1,1,0,0,0,0,13.462466,51.142321
13,22,11,9,7,4,3,5,3,0,1,1,1,0,0,0,0,12.29668,51.393971
30,22,11,25,8,6,3,0,1,0,2,1,0,0,0,0,0,13.046572,51.237852
22,22,10,27,5,5,3,5,3,2,1,1,1,0,0,0,0,12.680527,50.942561
12,22,12,17,11,7,2,6,4,0,1,1,0,1,0,0,0,13.753906,51.066345
30,22,11,22,14,3,3,5,3,0,0,1,1,0,0,0,0,12.318691,51.518905
12,22,11,8,8,3,3,5,2,0,0,1,1,0,0,0,0,13.802914,51.042072
13,22,10,18,17,3,3,1,7,0,1,1,1,0,0,0,0,12.376556,51.313029
24,22,11,13,17,1,3,5,2,2,0,1,1,0,0,0,0,12.382686,50.800016
13,22,11,20,11,1,3,4,7,0,0,1,1,0,0,0,0,12.359169,51.358674
30,22,12,23,19,6,3,5,3,2,1,1,1,0,0,0,0,12.988226,51.555355
24,22,12,26,21,2,2,0,7,2,1,1,1,0,0,0,0,12.383105,50.812999
11,22,10,15,16,7,3,8,1,0,0,1,0,0,0,0,0,12.943441,50.800785
13,22,10,27,12,5,3,5,3,0,0,1,1,0,0,0,0,12.381521,51.336681
12,22,12,8,18,5,3,5,3,2,0,1,1,0,0,0,0,13.730544,51.054319
26,22,10,19,8,4,3,4,7,0,0,1,1,0,0,0,0,14.627801,51.499308
12,22,11,1,16,3,3,6,4,0,0,1,0,1,0,0,0,13.770697,51.07152
12,22,10,14,10,6,3,5,3,0,0,1,1,0,0,0,0,13.75936,51.028669
13,22,10,17,15,2,3,2,6,0,0,1,1,0,0,0,0,12.340587,51.332326
29,22,11,11,9,6,3,5,3,0,0,1,1,0,0,0,0,12.717718,51.226604
13,22,12,15,15,5,2,3,6,0,0,1,0,0,0,0,0,12.381605,51.331759
13,22,12,27,7,3,3,0,1,1,2,1,0,0,0,0,0,12.302508,51.353612
27,22,11,11,16,6,3,0,7,0,0,1,0,0,0,0,0,13.675191,51.115778
13,22,12,12,9,2,3,5,2,0,2,1,1,0,0,0,0,12.318606,51.331439
13,22,10,22,11,7,3,5,2,0,0,1,1,0,0,0,0,12.363714,51.363656
12,22,11,15,7,3,3,0,1,0,1,1,0,0,0,0,0,13.707437,51.044316
22,22,11,17,10,5,2,8,7,0,1,1,0,0,0,0,0,13.330293,50.917697
22,22,11,29,5,3,3,5,3,2,1,1,1,0,0,0,0,13.324611,50.911655
13,22,10,17,6,2,3,4,6,2,0,1,0,0,0,0,0,12.342844,51.350872
27,22,11,10,14,5,3,5,2,0,0,1,1,0,0,0,0,13.270934,51.298523
12,22,10,21,9,6,3,4,2,0,0,1,1,0,0,0,0,13.700313,51.044953
30,22,11,3,6,5,3,0,7,0,0,1,0,0,0,0,0,12.977452,51.570105
27,22,10,17,6,2,3,5,3,1,0,1,1,0,0,0,0,13.269733,51.299584
24,22,12,2,12,6,2,4,2,0,1,1,1,0,0,0,0,12.381933,50.814236
24,22,10,13,15,5,3,5,3,0,0,1,1,0,0,0,0,12.490878,50.728178
13,22,10,26,11,4,3,6,6,0,0,1,0,1,0,0,0,12.378083,51.341554
13,22,11,30,16,4,3,5,3,1,0,1,1,0,0,0,0,12.436131,51.305598
26,22,10,17,17,2,3,6,4,0,0,1,0,1,0,0,0,14.984822,51.15159
12,22,11,14,9,2,3,0,1,0,1,1,0,0,0,0,0,13.790264,51.12572
13,22,12,22,17,5,3,3,6,2,1,1,0,0,0,0,1,12.406222,51.28662
24,22,11,6,14,1,3,5,3,0,0,1,1,0,0,0,0,12.523043,50.725365
27,22,10,15,9,7,3,1,5,0,1,1,1,0,0,0,0,13.510945,51.153506
11,22,12,6,16,3,3,6,4,2,1,1,0,1,0,0,0,12.913997,50.828285
30,22,12,9,20,6,2,0,1,2,0,1,0,0,0,0,0,12.672547,51.468572
13,22,11,15,16,3,3,2,6,2,0,1,1,0,0,0,0,12.41101,51.353425
26,22,11,3,20,5,3,8,6,1,0,1,1,0,0,0,0,14.724729,51.204021
13,22,10,14,10,6,3,0,1,0,0,1,0,0,0,0,0,12.371168,51.328876
13,22,11,9,7,4,3,5,3,0,1,1,1,0,0,0,0,12.36884,51.317819
11,22,11,25,9,6,2,0,1,0,2,1,0,0,0,0,0,12.974177,50.823524
27,22,10,27,14,5,3,5,3,0,0,1,1,0,0,0,0,13.384555,51.306228
25,22,12,1,10,5,2,5,3,0,0,1,1,0,0,0,0,14.283377,51.431245
12,22,11,25,10,6,3,4,2,0,1,1,1,0,0,0,0,13.720254,51.081213
12,22,10,27,11,5,3,0,7,0,0,1,0,0,0,0,0,13.797978,51.144971
12,22,11,2,7,4,3,3,6,0,0,1,1,0,0,0,0,13.71376,51.056853
12,22,10,18,16,3,3,0,1,0,1,1,0,0,0,0,0,13.766242,51.052992
11,22,11,14,7,2,3,5,2,0,0,1,1,0,0,0,0,12.9424,50.823268
26,22,12,22,13,5,3,5,3,0,1,1,1,0,0,0,0,14.626208,51.505967
12,22,12,15,16,5,3,0,1,1,2,1,0,0,0,0,0,13.772906,51.050872