CSV=`UKREIS,UJAHR,UMONAT,UTAG,USTUNDE,UWOCHENTAG,UKATEGORIE,UART,UTYP,LICHT,USTRZUSTAND,IstRad,IstPKW,IstFuss,IstKrad,IstGkfz,IstSonstig,@lon,@lat
13,22,10,24,14,2,3,1,6,0,0,1,1,0,0,0,0,12.408425,51.370769
12,22,11,17,21,5,3,5,3,2,1,1,1,0,0,0,0,13.773574,51.048732
23,22,12,24,15,7,2,0,7,0,1,1,0,0,0,0,0,12.177354,50.427036
27,22,10,16,22,1,2,0,1,2,0,1,0,0,0,0,0,13.474911,51.160905
13,22,10,29,18,7,2,0,1,2,0,1,0,0,0,0,0,12.384804,51.378568
13,22,12,21,17,4,3,5,3,2,0,1,1,0,0,0,0,12.361803,51.332553
12,22,12,4,17,1,3,0,1,2,1,1,0,0,0,0,0,13.728983,51.037785
12,22,11,4,18,6,3,4,6,2,1,1,1,0,0,0,0,13.749718,51.067541
12,22,11,15,22,3,3,5,3,2,0,1,1,0,0,0,0,13.746733,51.053374
13,22,10,30,13,1,3,5,3,0,0,1,1,0,0,0,0,12.383838,51.351977
12,22,11,21,20,2,2,0,1,2,2,1,0,0,0,0,0,13.853079,51.063631
12,22,11,23,16,4,3,4,2,1,0,1,1,0,0,0,0,13.732313,51.050471
13,22,11,29,10,3,3,3,2,0,1,1,1,0,0,0,0,12.373455,51.328522
12,22,10,18,17,3,3,0,1,0,0,1,0,0,0,0,0,13.809498,51.012256
27,22,11,18,7,6,2,5,3,1,1,1,1,0,0,0,0,13.306279,51.297659
29,22,12,7,15,4,3,5,3,0,0,1,1,0,0,0,0,12.384046,51.198993
24,22,11,15,18,3,2,9,1,2,0,1,0,0,0,0,0,12.782501,50.854319
13,22,10,25,17,3,3,5,2,1,0,1,1,0,0,0,0,12.397769,51.323889
13,22,11,1,16,3,3,3,6,0,0,1,0,0,0,0,0,12.393844,51.32264
12,22,11,8,8,3,3,5,3,0,0,1,1,0,0,0,0,13.751184,51.074495
12,22,11,12,17,7,3,5,2,2,0,1,1,0,0,0,0,13.750753,51.047265
12,22,12,22,17,5,2,5,2,2,1,1,1,0,0,0,0,13.814343,51.009903
29,22,12,6,17,3,3,4,3,2,1,1,1,0,0,0,0,12.386068,51.197163
12,22,11,5,1,7,3,0,7,2,1,1,0,0,0,0,0,13.747478,51.053449
11,22,10,17,15,2,2,0,1,0,0,1,0,0,0,0,0,12.823755,50.808848
12,22,11,10,21,5,3,0,1,2,1,1,0,0,0,0,0,13.705197,51.03184
28,22,10,29,18,7,3,0,1,2,0,1,0,0,0,0,0,13.937414,50.959785
26,22,10,21,18,6,3,2,6,2,1,1,1,0,0,0,0,14.948228,51.140139
12,22,11,3,9,5,3,1,5,0,0,1,1,0,0,0,0,13.791427,51.026509
12,22,10,14,15,6,3,4,2,0,0,1,1,0,0,0,0,13.78979,51.045249
13,22,10,28,16,6,3,0,1,0,0,1,0,0,0,0,0,12.381507,51.338758
12,22,12,8,17,5,2,0,1,2,0,1,0,0,0,0,0,13.803149,51.052309
13,22,10,24,17,2,3,3,2,0,0,1,1,0,0,0,0,12.398859,51.336365
26,22,11,30,12,4,3,1,5,0,0,1,1,0,0,0,0,14.966973,51.144549
13,22,11,4,7,6,3,0,1,0,1,1,0,0,0,0,0,12.428093,51.342449
25,22,10,18,17,3,3,5,3,0,1,1,1,0,0,0,0,14.254985,51.438793
13,22,11,11,16,6,2,6,6,1,0,1,0,1,0,0,0,12.36323,51.355135
13,22,11,18,7,6,3,5,3,2,0,1,1,0,0,0,0,12.373521,51.35166
12,22,12,21,16,4,3,5,3,2,0,1,1,0,0,0,0,13.777197,51.060084
13,22,10,21,20,6,3,6,4,2,1,1,0,1,0,0,0,12.334719,51.331659
11,22,10,17,15,2,3,0,1,0,0,1,0,0,0,0,0,12.83782,50.815097
11,22,11,9,14,4,2,4,2,0,0,1,1,0,0,0,0,12.897351,50.81325
12,22,11,25,8,6,3,5,3,0,1,1,0,0,0,0,1,13.758735,51.049472
29,22,10,18,15,3,3,5,3,0,0,1,1,0,0,0,0,12.495618,51.123343
13,21,5,17,17,2,3,0,1,0,1,1,0,0,0,0,0,12.285904,51.330975
11,21,4,11,12,1,3,0,3,0,0,1,1,0,0,0,0,12.986064,50.792948
12,21,5,24,14,2,3,0,1,0,0,1,0,0,0,0,0,13.706229,51.045369
28,21,5,9,11,1,3,4,6,0,0,1,1,0,0,0,0,13.583566,50.946894
12,21,2,26,6,6,3,5,3,0,0,1,1,0,0,0,0,13.690103,51.072733
25,21,2,4,14,5,3,5,3,0,1,1,1,0,0,0,0,14.064767,51.368942
26,21,5,13,12,5,3,4,6,0,0,1,0,0,0,0,0,14.611744,51.536798
21,21,3,25,14,5,3,0,6,0,0,1,1,0,0,0,0,12.924654,50.621529
28,21,3,9,16,3,2,0,7,0,0,1,0,0,0,0,0,13.989051,51.036078
13,21,4,27,12,3,2,5,3,0,0,1,0,0,0,0,1,12.3935,51.353634
28,21,5,27,14,5,3,0,7,0,0,1,0,0,0,0,0,13.651832,50.996058
12,21,5,6,14,5,3,2,6,0,0,1,1,0,0,0,0,13.791381,51.123846
13,21,4,25,14,1,3,3,2,0,0,1,1,0,0,0,0,12.385198,51.376137
28,21,6,1,16,3,3,0,1,0,0,1,0,0,0,0,0,13.932859,50.956947
27,21,3,12,12,6,2,5,3,0,0,1,1,0,0,0,0,13.605682,51.11686
12,21,5,10,7,2,3,5,2,0,0,1,1,0,0,0,0,13.741327,51.045928
24,21,2,25,16,5,3,5,7,0,0,1,1,0,0,0,0,12.507749,50.678965
22,21,5,19,18,4,3,5,3,0,0,1,1,0,0,0,0,12.93613,51.158786
12,21,6,5,20,7,3,0,1,1,1,1,0,0,0,0,0,13.717879,51.077036
25,21,4,6,11,3,3,5,3,0,0,1,1,0,0,0,0,13.918891,51.120992
12,21,1,27,11,4,3,2,6,0,0,1,1,0,0,0,0,13.733926,51.075076
12,21,3,9,15,3,3,5,3,0,0,1,1,0,0,0,0,13.701642,51.030625
23,21,5,8,14,7,2,0,1,0,0,1,0,0,0,0,0,12.368009,50.525841
11,21,4,27,10,3,3,0,1,0,0,1,0,0,0,0,0,12.966307,50.767627
25,21,6,5,17,7,3,8,1,0,0,1,0,0,0,0,0,14.35102,51.154626
13,21,3,30,15,3,2,1,3,0,0,1,1,0,0,0,0,12.338635,51.396447
28,21,3,4,11,5,3,3,2,0,0,1,1,0,0,0,0,13.856795,50.970098
21,21,5,5,6,4,3,0,1,0,0,1,0,0,0,0,0,13.063788,50.65655
26,21,4,13,15,3,2,5,3,0,0,1,1,0,0,0,0,14.809473,50.884514
28,21,3,30,7,3,2,0,1,0,0,1,0,0,0,0,0,13.892112,50.960538
27,21,5,3,10,2,3,5,3,0,0,1,1,0,0,0,0,13.499409,51.353819
21,21,2,19,13,6,3,4,3,0,0,1,1,0,1,0,0,12.943016,50.528345
13,21,4,19,17,2,3,3,6,0,0,1,1,0,0,0,0,12.460431,51.282141
12,21,3,1,12,2,3,5,3,0,0,1,1,0,0,0,0,13.766919,51.094454
30,21,6,7,13,2,1,4,7,0,0,1,0,0,0,1,0,12.991215,51.558967
22,21,4,19,15,2,3,5,3,0,0,1,1,0,0,0,0,13.323412,50.911142
13,21,3,8,15,2,3,3,2,0,0,1,1,0,0,0,0,12.422271,51.351681
12,21,2,25,17,5,3,5,2,1,0,1,1,0,0,0,0,13.739292,51.068349
12,21,4,27,15,3,3,0,1,0,0,1,0,0,0,0,0,13.690524,51.061608
26,21,6,2,7,4,3,5,3,0,0,1,1,0,0,0,0,14.953522,51.137233
13,21,6,9,19,4,3,5,2,0,0,1,1,0,0,0,0,12.385492,51.37614
27,21,1,21,16,5,3,0,1,1,0,1,0,0,0,0,0,13.727559,51.192876
12,21,5,17,10,2,3,5,3,0,0,1,1,0,0,0,0,13.759126,51.024039
22,21,4,14,11,4,2,5,3,0,0,1,1,0,0,0,0,12.794612,51.047333
21,21,3,30,14,3,2,5,3,0,0,1,0,0,1,0,0,13.368675,50.650936
11,21,3,13,19,7,2,0,1,2,1,1,0,0,0,0,0,12.91182,50.827711
12,21,5,9,11,1,3,0,1,0,0,1,0,0,0,0,0,13.717132,51.038052
26,21,1,7,20,5,3,0,7,2,1,1,0,0,0,0,0,14.811285,50.891795
23,21,4,21,17,4,3,4,6,0,0,1,1,0,0,0,0,12.437173,50.545307
12,21,5,30,17,1,3,0,1,0,0,1,0,0,0,0,0,13.716505,51.077612
12,21,1,8,11,6,3,0,1,0,1,1,0,0,0,0,0,13.7342,51.061563
25,21,4,12,9,2,2,4,2,0,1,1,1,0,0,0,0,14.326984,51.268471
26,21,3,30,23,3,3,0,1,2,0,1,0,0,0,0,0,14.983936,51.12606
11,21,3,2,17,3,3,5,3,0,0,1,1,0,0,0,0,12.830653,50.826772
27,21,4,2,15,6,3,0,1,0,0,1,0,0,0,0,0,13.562554,51.16503
22,21,4,22,12,5,2,0,1,0,0,1,0,0,0,0,0,13.077374,50.797264
12,21,6,3,17,5,3,5,3,0,0,1,1,0,0,0,0,13.722819,51.074689
27,21,5,7,7,6,3,5,3,0,1,1,1,0,0,0,0,13.578156,51.132388
29,21,3,18,8,5,2,5,3,0,0,1,1,0,0,0,0,12.221392,51.30178
23,21,2,27,17,7,2,5,3,1,0,1,1,0,0,0,0,12.219363,50.607036
24,21,3,25,14,5,3,2,6,0,0,1,1,0,0,0,0,12.521166,50.83857
28,21,5,4,17,3,3,0,1,0,0,1,0,0,0,0,0,13.8293,50.865526
12,21,3,29,19,2,3,5,2,1,0,1,1,0,0,0,0,13.814013,50.988427
25,21,5,26,7,4,3,5,3,0,0,1,1,0,0,0,0,14.440669,51.124215
27,21,4,6,16,3,3,5,2,0,0,1,1,0,0,0,0,13.573058,51.125639
12,21,5,4,14,3,3,4,1,0,0,1,0,0,0,0,0,13.736411,51.062806
24,21,2,23,14,3,3,4,2,0,0,1,1,0,0,0,0,12.490965,50.734202
13,21,5,31,14,2,3,5,3,0,0,1,0,0,0,0,0,12.394071,51.349779
21,21,4,10,15,7,3,5,3,0,1,1,1,0,0,0,0,12.912506,50.532948
25,21,3,26,17,6,2,5,3,0,0,1,1,0,0,0,0,14.245251,51.280624
12,21,3,10,16,4,3,0,1,0,0,1,0,0,0,0,0,13.737828,51.088329
22,21,6,13,19,1,2,0,7,0,0,1,0,0,0,0,0,13.036669,51.136652
13,21,6,3,16,5,3,7,1,0,0,1,0,0,0,0,0,12.391789,51.346438
24,21,2,26,5,6,2,5,3,2,0,1,0,0,0,0,1,12.768423,50.860277
23,21,6,11,18,6,3,4,2,0,0,1,1,0,0,0,0,12.121029,50.495801
13,21,5,26,15,4,2,5,3,0,1,1,1,0,0,0,0,12.371085,51.344428
29,21,5,6,17,5,3,1,6,0,0,1,1,0,0,0,0,12.385673,51.227474
12,21,3,25,15,5,2,6,4,0,0,1,0,1,0,0,0,13.719194,51.095917
28,21,2,28,16,1,3,5,2,0,0,1,1,0,0,0,0,13.690478,50.985737
24,21,4,14,11,4,3,0,3,0,0,1,1,0,0,0,0,12.635632,50.85092
27,21,4,28,16,4,3,5,2,0,0,1,1,0,0,0,0,13.530365,51.071145
29,21,5,26,14,4,2,5,3,0,1,1,1,0,0,0,0,12.746967,51.365476
26,21,3,4,12,5,3,5,3,0,0,1,1,0,0,0,0,14.641871,51.505107
27,21,5,5,6,4,3,5,3,0,0,1,1,0,0,0,0,13.49154,51.159906
29,21,6,1,13,3,2,1,6,0,0,1,1,0,0,0,0,12.873683,51.397394
13,21,4,12,10,2,3,4,6,0,0,1,0,0,0,0,0,12.40644,51.350281
30,21,3,29,14,2,3,4,2,0,0,1,1,0,0,0,0,12.490318,51.378377
11,21,5,26,11,4,3,3,2,0,0,1,1,0,0,0,0,12.929365,50.852584
29,21,1,30,10,7,3,5,3,0,1,1,1,0,0,0,0,12.25742,51.165857
28,21,4,29,17,5,2,0,1,0,0,1,0,0,0,0,0,13.556101,50.93064
13,21,6,1,17,3,3,1,2,0,0,1,1,0,0,0,0,12.303783,51.342496
30,21,3,9,10,3,3,3,6,0,0,1,0,0,0,0,1,12.414981,51.476026
28,21,5,23,10,1,3,8,1,0,0,1,0,0,0,0,0,13.779217,50.978963
12,21,4,1,18,5,3,5,2,0,0,1,1,0,0,0,0,13.74665,51.057141
22,21,3,26,11,6,3,3,5,0,0,1,1,0,0,0,0,12.981764,50.977947
26,21,5,20,15,5,3,0,1,0,0,1,0,0,0,0,0,14.539624,51.544299
12,21,2,24,17,4,3,5,3,1,0,1,1,0,0,0,0,13.779559,51.066962
26,21,6,7,7,2,3,6,6,0,0,1,0,1,0,0,0,14.820373,50.899851
27,21,4,27,14,3,2,5,3,0,0,1,0,0,1,0,0,13.719807,51.217487
26,21,3,31,9,4,3,5,3,0,0,1,1,0,0,0,0,14.613791,51.511307
23,21,6,11,6,6,2,5,3,0,0,1,1,0,0,0,0,12.454143,50.501589
26,21,3,22,11,2,3,3,2,0,0,1,1,0,0,0,0,14.957579,51.149755
27,21,1,8,11,6,3,5,3,0,1,1,1,0,0,0,0,13.458765,51.147876
27,21,6,1,18,3,3,0,1,0,0,1,0,0,0,0,0,13.598186,51.120263
11,21,3,30,17,3,2,0,1,0,0,1,0,0,0,0,0,12.914578,50.772183
27,21,3,14,17,1,2,0,1,0,0,1,0,0,0,0,0,13.30975,51.199129
25,21,5,9,9,1,2,5,3,0,0,1,0,0,0,0,0,14.028585,51.18066
26,21,6,14,17,2,2,2,2,0,0,1,1,0,0,0,0,14.95266,51.148954
21,21,4,22,15,5,3,5,3,0,0,1,1,0,0,0,0,13.154288,50.650561
25,21,6,1,14,3,3,4,2,0,0,1,1,0,0,0,0,14.26681,51.270779
25,21,3,30,18,3,2,9,7,1,0,1,0,0,0,0,0,14.177895,51.265104
28,21,6,10,12,5,2,5,3,0,1,1,1,0,0,0,0,13.861319,50.974425
22,21,5,26,12,4,3,0,2,0,1,1,1,0,0,0,0,13.338734,50.921999
13,21,5,10,13,2,2,5,3,0,0,1,1,0,0,0,0,12.247271,51.318148
12,21,5,3,15,2,3,5,2,0,0,1,1,0,0,0,0,13.760124,51.023306
13,21,4,5,17,2,3,5,2,0,0,1,1,0,0,0,0,12.373466,51.314924
13,21,2,20,15,7,3,4,6,0,0,1,0,0,0,0,0,12.341089,51.385813
26,21,5,30,13,1,3,0,1,0,0,1,0,0,0,0,0,14.952914,51.149104
12,21,4,19,14,2,3,5,2,0,0,1,0,0,0,1,0,13.702005,51.032522
27,21,5,24,22,2,2,3,6,2,0,1,0,0,0,0,1,13.587842,51.164079
28,21,3,1,15,2,3,5,3,0,0,1,1,0,0,0,0,13.934469,50.967429
25,21,6,7,16,2,2,0,1,0,0,1,0,0,0,0,0,14.419406,51.179542
28,21,4,1,10,5,3,2,2,0,0,1,0,0,0,1,0,13.6397,51.018163
12,21,6,3,13,5,3,0,1,0,0,1,0,0,0,0,0,13.733456,51.039333
25,21,3,31,15,4,2,5,3,0,0,1,1,0,0,0,0,14.25138,51.381007
28,21,5,11,17,3,3,2,6,0,0,1,0,0,1,0,0,13.768793,50.950463
27,21,1,31,12,1,2,0,1,0,2,1,0,0,0,0,0,13.365021,51.31726
24,21,4,25,15,1,2,9,1,0,0,1,0,0,0,0,0,12.383091,50.802451
27,21,3,2,15,3,3,6,4,0,0,1,0,1,0,0,0,13.582493,51.133685
25,21,4,3,23,7,3,2,6,2,1,1,0,0,0,0,0,14.091042,51.434039
26,21,5,20,12,5,3,5,3,0,0,1,0,0,0,0,1,14.953533,51.137236
27,21,2,28,16,1,2,5,3,0,1,1,1,0,0,0,0,13.657655,51.105576
13,21,4,9,14,6,3,5,2,0,0,1,1,0,0,0,0,12.274069,51.324895
13,21,5,19,13,4,3,5,3,0,0,1,1,0,0,0,0,12.398122,51.330104
22,21,2,25,17,5,3,5,3,0,0,1,1,0,0,0,0,13.480385,50.885088
28,21,6,4,12,6,2,8,1,0,0,1,0,0,0,0,0,13.532112,50.986255
25,21,5,8,19,7,2,3,2,0,0,1,1,0,0,0,0,14.419022,51.05562
26,21,6,7,22,2,3,9,1,2,0,1,0,0,0,0,0,14.613342,50.985599
12,21,4,28,14,4,3,0,6,0,0,1,0,0,0,0,0,13.690334,51.061606
12,21,4,21,16,4,3,3,3,0,0,1,1,0,0,0,0,13.705018,51.036741
27,21,5,12,4,4,3,5,3,1,1,1,1,0,0,0,0,13.220405,51.313171
12,21,6,2,15,4,3,0,2,0,0,1,1,0,0,0,0,13.706639,51.019657
22,21,5,6,21,5,2,9,1,2,0,1,0,0,0,0,0,13.109392,50.951888
12,21,1,12,19,3,3,5,3,2,1,1,1,0,0,0,0,13.743458,51.047593
25,21,3,13,14,7,2,0,1,0,0,1,0,0,0,0,0,14.094602,51.10386
21,21,5,9,16,1,2,0,7,0,0,1,0,0,0,0,0,12.672036,50.595682
25,21,3,2,7,3,3,4,2,0,0,1,1,0,0,0,0,14.432393,51.15593
13,21,1,6,12,4,3,4,6,0,1,1,0,0,0,0,0,12.257807,51.316167
13,21,4,21,8,4,3,5,3,0,0,1,1,0,0,0,0,12.319141,51.300368
11,21,4,11,14,1,2,3,6,0,0,1,0,0,0,0,0,12.874997,50.871023
21,21,6,4,14,6,2,5,3,0,0,1,0,0,0,0,1,12.992111,50.513212
11,21,5,7,12,6,3,4,2,0,0,1,1,0,0,0,0,12.953115,50.862991
25,21,1,25,12,2,3,5,3,0,1,1,1,0,0,0,0,14.402594,51.098718
25,21,2,24,18,4,2,5,3,2,0,1,1,0,0,0,0,14.596172,51.191322
22,21,4,28,17,4,2,3,6,0,0,1,1,0,0,0,0,13.159988,50.988746
13,21,6,2,16,4,3,3,6,0,0,1,0,0,0,0,0,12.405513,51.31985
27,21,4,14,15,4,3,5,3,0,0,1,0,0,0,0,0,13.302343,51.303424
13,21,5,10,13,2,3,5,3,0,0,1,1,0,0,0,0,12.4644,51.350539
25,21,3,22,14,2,3,5,3,0,0,1,1,0,0,0,0,13.826791,51.18095
28,21,2,23,5,3,3,5,3,2,0,1,1,0,0,0,0,13.920774,50.966438
21,21,4,11,15,1,2,0,1,0,0,1,0,0,0,0,0,12.984629,50.687534
26,21,1,20,8,4,3,0,1,0,2,1,0,0,0,0,0,14.990817,51.145066
12,21,5,3,15,2,3,4,1,0,0,1,0,0,0,0,0,13.771617,51.01568
25,21,1,29,15,6,2,2,6,0,1,1,0,0,0,0,1,14.234425,51.383206
23,21,4,11,15,1,3,3,6,0,0,1,1,0,0,0,0,12.127467,50.49996
27,21,3,26,10,6,3,5,7,0,0,1,1,0,0,0,0,13.577311,51.12564
26,21,6,8,14,3,3,3,2,0,0,1,1,0,0,0,0,14.974086,51.161423
12,21,4,20,8,3,3,0,1,0,1,1,0,0,0,0,0,13.836632,51.062285
30,21,5,15,11,7,2,0,1,0,0,1,0,0,0,0,0,12.987472,51.559526
22,21,5,30,10,1,3,0,7,0,1,1,0,0,0,0,1,13.078197,51.082145
23,21,3,25,18,5,2,5,3,1,0,1,1,0,0,0,0,12.141022,50.482935
12,21,2,28,11,1,3,5,3,0,0,1,1,0,0,0,0,13.802662,50.987759
26,21,6,4,13,6,3,5,3,0,0,1,1,0,0,0,0,14.657513,51.516588
22,21,6,11,14,6,3,5,3,0,0,1,1,0,0,0,0,13.109748,51.122167
28,21,6,2,14,4,3,1,5,0,0,1,0,0,0,0,1,13.675194,50.8959
27,21,4,14,15,4,3,5,3,0,0,1,1,0,0,0,0,13.770385,51.194985
22,21,5,16,14,1,2,0,1,0,0,1,0,0,0,0,0,13.294769,50.871027
26,21,4,21,11,4,3,5,3,0,0,1,1,0,0,0,0,14.80518,50.893638
22,21,4,10,15,7,2,6,4,0,1,1,0,1,0,0,0,12.835949,50.910446
24,21,2,5,13,6,3,5,7,0,0,1,1,0,0,0,0,12.491871,50.738418
13,21,6,5,12,7,3,5,2,0,0,1,1,0,0,0,0,12.426644,51.303493
12,21,5,7,11,6,2,6,3,0,0,1,0,1,0,0,0,13.74845,51.068913
25,21,6,8,19,3,2,5,3,0,0,1,1,0,0,0,0,14.231968,51.123243
26,21,6,5,16,7,3,0,7,0,0,1,0,0,0,0,0,14.838817,51.049529
25,21,2,26,12,6,3,3,6,0,1,1,1,0,0,0,0,14.17673,51.448119
29,21,6,5,16,7,2,5,3,0,0,1,1,0,0,0,0,12.48462,51.123343
23,21,3,31,18,4,2,4,2,0,0,1,1,0,0,0,0,12.395168,50.493635
25,21,6,12,12,7,3,0,1,0,0,1,0,0,0,0,0,14.503891,51.263038
12,21,5,15,15,7,3,1,1,0,1,1,1,0,0,0,0,13.793261,51.154758
29,21,3,8,15,2,3,5,3,0,0,1,1,0,0,0,0,12.430969,51.281126
26,21,6,3,14,5,3,5,3,0,0,1,1,0,0,0,0,14.824284,51.291794
21,21,5,7,16,6,3,0,1,0,1,1,0,0,0,0,0,12.745175,50.735969
28,21,6,1,14,3,2,8,7,0,0,1,0,0,0,0,0,13.728389,50.972215
30,21,6,10,9,5,2,5,3,0,0,1,0,0,0,1,0,12.967843,51.557569
23,21,5,24,16,2,2,0,7,0,0,1,0,0,0,0,0,12.105392,50.544586
30,21,5,3,15,2,3,5,2,0,0,1,1,0,0,0,0,12.995565,51.554616
28,21,1,2,10,7,3,0,1,0,0,1,0,0,0,0,0,13.944659,50.955855
27,21,4,28,11,4,3,5,3,0,0,1,0,0,0,0,1,13.491877,51.167031
12,21,5,13,18,5,3,0,1,0,1,1,0,0,0,0,0,13.723197,51.089858
12,21,3,15,13,2,2,6,7,0,1,1,0,1,0,0,0,13.7043,51.086805
29,21,6,11,15,6,3,5,3,0,0,1,1,0,0,0,0,12.491891,51.124303
26,21,4,12,12,2,3,4,2,0,1,1,1,0,0,0,0,14.640601,51.50384
28,21,6,10,15,5,3,8,1,0,0,1,0,0,0,0,0,13.941349,50.9496
26,21,5,25,11,3,3,3,2,0,0,1,1,0,0,0,0,14.664262,51.09626
29,21,3,4,12,5,2,4,6,0,1,1,1,0,0,0,0,12.80098,51.132307
24,21,5,5,9,4,2,3,2,0,0,1,1,0,0,0,0,12.77535,50.853828
25,21,5,31,18,2,3,3,6,0,0,1,0,0,0,0,0,14.138308,51.28553
23,21,6,9,12,4,3,3,6,0,0,1,0,0,0,0,1,12.254382,50.535709
27,21,3,20,20,7,2,5,3,2,0,1,1,0,0,0,0,13.276768,51.316983
29,21,5,16,9,1,2,8,7,0,0,1,1,0,0,0,0,12.447505,51.121522
21,21,5,30,20,1,2,4,2,0,0,1,0,0,0,0,0,12.849479,50.739529
12,21,6,4,7,6,3,4,2,0,0,1,1,0,0,0,0,13.75184,51.062983
30,21,2,28,7,1,3,5,3,1,1,1,1,0,0,0,0,12.20584,51.353188
27,21,6,8,12,3,3,5,3,0,0,1,0,0,0,0,1,13.500474,51.167395
12,21,4,19,13,2,3,1,5,0,0,1,0,0,0,1,0,13.842103,51.05924
27,21,6,7,18,2,3,4,1,0,0,1,0,0,0,0,0,13.297027,51.311652
25,21,6,13,16,1,3,6,7,0,0,1,0,1,0,0,0,14.409813,51.19432
27,21,5,28,10,6,3,0,1,0,0,1,0,0,0,0,0,13.633731,51.10765
24,21,5,19,17,4,3,5,3,0,1,1,1,0,0,0,0,12.457756,50.718917
25,21,2,25,9,5,2,5,3,0,0,1,1,0,0,0,0,14.259541,51.384176
28,21,5,16,17,1,3,5,2,0,0,1,1,0,0,0,0,13.685845,50.795001
24,21,6,14,14,2,3,5,3,0,0,1,0,0,0,0,1,12.487022,50.745481
27,21,4,23,9,6,2,3,2,0,0,1,1,0,0,0,0,13.297851,51.296338
28,21,4,14,7,4,3,0,1,0,0,1,0,0,0,0,0,13.944128,50.9412
12,21,3,30,7,3,3,5,3,0,0,1,1,0,0,0,0,13.64945,51.083603
12,21,5,9,12,1,3,0,7,0,0,1,0,0,0,0,0,13.599357,51.075242
26,21,3,2,15,3,2,2,2,0,0,1,1,0,0,0,0,14.647125,51.089973
26,21,6,6,18,1,3,4,6,0,0,1,0,0,0,0,0,14.72202,50.997071
29,21,4,28,14,4,3,5,3,0,0,1,1,0,0,0,0,12.22515,51.196392
27,21,4,21,12,4,3,0,1,0,0,1,0,0,0,0,0,13.688039,51.123788
13,21,5,30,12,1,3,4,6,0,0,1,0,0,0,0,0,12.376474,51.391615
11,21,4,27,12,3,3,5,2,0,0,1,1,0,0,0,0,12.898075,50.848093
24,21,6,4,13,6,3,5,7,0,0,1,1,0,0,0,0,12.507713,50.678981
13,21,6,11,14,6,3,0,7,0,0,1,0,0,0,0,0,12.379372,51.393022
22,21,6,7,16,2,2,0,7,0,0,1,0,0,0,0,0,13.102736,50.813634
25,21,3,27,1,7,3,3,6,2,0,1,1,0,0,0,0,14.226347,51.258722
12,21,2,3,16,4,3,5,3,1,1,1,1,0,0,0,0,13.72897,51.059319
13,21,1,16,9,7,2,5,3,0,1,1,0,0,0,0,1,12.461112,51.367349
22,21,4,18,12,1,3,5,3,0,1,1,1,0,0,0,0,12.952961,51.102507
13,21,3,31,14,4,3,5,3,0,0,1,1,0,0,0,0,12.329598,51.336068
12,21,5,28,20,6,3,0,1,0,0,1,0,0,0,0,0,13.730776,51.058392
24,21,3,25,13,5,3,0,7,0,0,1,0,0,0,0,0,12.49138,50.733006
13,21,6,10,15,5,3,0,2,0,0,1,1,0,0,0,0,12.391408,51.347451
25,21,1,22,16,6,3,5,3,1,1,1,1,0,0,0,0,14.057049,51.150142
28,21,3,21,20,1,3,7,7,2,0,1,0,1,0,0,0,13.856796,50.9701
11,21,6,1,8,3,2,5,2,0,0,1,1,0,0,0,0,12.915634,50.819816
11,21,3,29,11,2,3,0,7,0,0,1,0,0,0,0,0,12.943042,50.847243
27,21,6,9,7,4,3,0,1,0,0,1,0,0,0,0,0,13.494755,51.171518
26,21,5,13,16,5,2,4,6,0,1,1,0,0,0,0,0,14.606353,51.522545
23,21,2,20,16,7,3,0,7,0,0,1,0,0,0,0,0,11.925566,50.539497
28,21,3,18,6,5,3,5,3,0,0,1,1,0,0,0,0,13.827053,50.967051
26,21,4,15,14,5,2,8,1,0,1,1,0,0,0,0,0,14.95385,51.261381
12,21,4,21,13,4,3,0,7,0,0,1,0,0,0,0,0,13.751419,51.07218
12,21,4,14,16,4,3,5,3,0,0,1,1,0,0,0,0,13.717837,51.038836
13,21,6,10,17,5,3,5,2,0,1,1,1,0,0,0,0,12.333929,51.335998
24,21,5,3,14,2,2,5,2,0,0,1,1,0,0,0,0,12.337804,50.82163
12,21,3,23,11,3,3,5,2,0,1,1,1,0,0,0,0,13.799785,50.998528
21,21,3,5,5,6,3,1,5,2,1,1,1,0,0,0,0,12.888254,50.698919
12,21,5,11,15,3,3,5,3,0,0,1,1,0,0,0,0,13.72772,51.084724
13,21,3,3,5,4,3,5,2,2,0,1,1,0,0,0,0,12.378339,51.314839
26,21,1,29,4,6,3,0,1,2,1,1,0,0,0,0,0,14.812369,50.903583
27,21,1,9,14,7,3,5,3,0,1,1,1,0,0,0,0,13.492573,51.166965
28,21,4,11,14,1,3,5,3,0,0,1,1,0,0,0,0,13.658741,51.008679
13,21,3,9,16,3,3,4,6,0,0,1,0,0,0,0,0,12.398314,51.352907
24,21,5,15,13,7,3,5,3,0,0,1,0,0,0,0,1,12.577841,50.897647
28,21,6,6,18,1,3,0,7,0,0,1,0,0,0,0,0,13.647751,50.937796
22,21,5,21,15,6,3,5,3,0,0,1,1,0,0,0,0,12.83185,50.918091
29,21,5,6,18,5,3,5,3,0,0,1,1,0,0,0,0,12.542093,51.354059