CSV=`UKREIS,UJAHR,UMONAT,UTAG,USTUNDE,UWOCHENTAG,UKATEGORIE,UART,UTYP,LICHT,USTRZUSTAND,IstRad,IstPKW,IstFuss,IstKrad,IstGkfz,IstSonstig,@lon,@lat
25,21,4,27,15,3,3,4,2,0,0,1,1,0,0,0,0,14.25071,51.442356
12,21,6,11,8,6,3,0,1,0,0,1,0,0,0,0,0,13.7786,51.111842
25,21,3,6,10,7,3,5,3,0,0,1,1,0,0,0,0,14.049501,51.232112
12,21,2,22,9,2,3,0,1,0,2,1,0,0,0,0,0,13.59421,51.055004
24,21,4,13,18,3,2,0,1,0,0,1,0,0,0,0,0,12.380813,50.736196
28,21,4,22,15,5,3,5,3,0,0,1,1,0,0,0,0,13.936271,50.957867
12,21,5,31,9,2,3,5,3,0,0,1,1,0,0,0,0,13.742022,51.064675
21,21,4,11,15,1,3,5,3,0,0,1,1,0,0,0,0,12.834186,50.618046
28,21,6,7,17,2,3,0,2,0,0,1,0,0,1,0,0,13.934463,50.967405
29,21,6,13,17,1,3,5,3,0,0,1,1,0,0,0,0,12.217062,51.304744
12,21,1,27,13,4,3,5,3,0,0,1,1,0,0,0,0,13.70243,51.090492
12,21,4,30,7,6,1,5,3,0,0,1,0,0,0,1,0,13.753845,51.062879
26,21,5,12,10,4,2,5,3,0,0,1,1,0,0,0,0,14.58153,50.996702
13,21,4,19,16,2,3,4,6,0,0,1,0,0,0,0,0,12.388416,51.346436
28,21,5,24,13,2,2,0,1,0,0,1,0,0,0,0,0,14.044291,50.847528
13,21,5,9,17,1,3,3,6,0,0,1,0,0,0,0,0,12.382485,51.314948
27,21,6,9,14,4,3,4,6,0,0,1,0,0,0,0,0,13.518178,51.155838
30,21,5,15,17,7,3,5,3,0,0,1,1,0,0,0,0,12.346039,51.474077
21,21,6,7,16,2,2,5,3,0,0,1,1,0,0,0,0,12.759325,50.706029
24,21,6,4,11,6,3,6,4,0,0,1,0,1,0,0,0,12.488882,50.740199
12,21,3,31,9,4,3,5,2,0,0,1,1,0,0,0,0,13.763699,51.087127
12,21,5,8,19,7,3,5,3,0,0,1,1,0,0,0,0,13.694209,51.043083
25,21,2,5,10,6,3,5,3,0,0,1,1,0,0,0,0,14.016073,51.189368
13,21,2,18,16,5,3,5,3,0,0,1,1,0,0,0,0,12.395317,51.332095
22,21,5,19,15,4,3,0,7,0,0,1,0,0,0,0,0,13.112064,50.856336
12,21,4,30,7,6,3,0,1,0,0,1,0,0,0,0,0,13.816804,51.056019
25,21,3,30,20,3,3,8,6,2,0,1,1,0,0,0,0,13.904104,51.176264
29,21,3,16,13,3,3,5,3,0,0,1,1,0,0,0,0,12.507601,51.134567
29,21,5,25,14,3,3,4,2,0,1,1,1,0,0,0,0,12.221253,51.299917
27,21,6,1,22,3,3,5,3,2,0,1,0,0,1,0,0,13.450726,51.414746
13,21,6,2,18,4,3,8,6,0,0,1,0,0,0,0,0,12.426767,51.351979
21,21,5,25,12,3,3,0,7,0,1,1,0,0,0,0,0,13.351178,50.650797
13,21,3,23,7,3,3,0,7,0,1,1,0,0,0,0,0,12.392568,51.348427
29,21,5,31,17,2,3,5,3,0,0,1,1,0,0,0,0,12.506136,51.132661
21,21,5,31,16,2,2,1,5,0,0,1,1,0,0,0,0,12.651574,50.599253
12,21,4,18,16,1,3,0,1,0,1,1,0,0,0,0,0,13.706159,51.019117
25,21,3,31,15,4,3,5,3,0,0,1,1,0,0,0,0,14.292918,51.441707
12,21,6,12,13,7,3,3,6,0,0,1,1,0,0,0,0,13.737554,51.043298
13,21,4,9,17,6,2,4,6,0,0,1,0,0,0,0,0,12.398329,51.3529
29,21,3,8,15,2,3,5,3,0,0,1,1,0,0,0,0,12.485493,51.12305
13,21,5,10,8,2,3,3,3,0,0,1,0,0,1,0,0,12.394034,51.351233
29,21,2,23,15,3,3,5,3,0,0,1,1,0,0,0,0,12.718144,51.25883
21,21,6,15,18,3,2,0,1,0,0,1,0,0,0,0,0,12.880149,50.750456
13,21,6,1,6,3,3,5,3,0,0,1,1,0,0,0,0,12.445681,51.350651
13,21,3,28,13,1,3,4,6,0,0,1,0,0,0,0,0,12.379538,51.344493
12,21,4,20,18,3,3,5,3,0,0,1,1,0,0,0,0,13.721463,51.061311
25,21,6,8,11,3,3,5,3,0,0,1,1,0,0,0,0,14.093468,51.274231
26,21,5,13,20,5,3,0,1,2,1,1,0,0,0,0,0,14.992037,51.16101
27,21,1,28,18,5,3,5,3,2,1,1,1,0,0,0,0,13.692769,51.097211
29,21,3,9,8,3,3,5,3,0,0,1,1,0,0,0,0,12.217607,51.304017
11,21,6,9,7,4,3,3,2,0,0,1,0,0,0,0,1,12.958263,50.86528
28,21,2,20,14,7,3,0,1,0,2,1,0,0,0,0,0,13.583568,50.984151
13,21,1,27,20,4,2,5,3,2,1,1,1,0,0,0,0,12.26306,51.344617
22,21,5,27,19,5,2,5,3,0,1,1,1,0,0,0,0,12.968723,51.084604
25,21,5,19,13,4,3,3,2,0,0,1,0,0,0,0,1,14.451311,51.178921
12,21,5,6,7,5,2,2,6,0,0,1,1,0,0,0,0,13.762699,51.064259
12,21,3,16,17,3,3,3,6,0,0,1,0,0,0,0,1,13.823377,51.063259
12,21,2,25,8,5,2,0,1,0,0,1,0,0,0,0,0,13.843402,51.126654
24,21,6,9,16,4,3,5,3,0,0,1,0,0,0,0,1,12.559141,50.83573
26,21,5,25,11,3,2,4,2,0,0,1,1,0,0,0,0,14.637414,51.498612
26,21,4,3,20,7,2,3,6,2,0,1,1,0,0,0,0,14.926269,51.307039
25,21,3,20,10,7,2,5,3,0,0,1,1,0,0,0,0,14.207082,51.456196
27,21,5,24,15,2,2,0,1,0,0,1,0,0,0,0,0,13.27756,51.279692
12,21,6,6,0,1,3,0,1,2,1,1,0,0,0,0,0,13.774383,51.013717
28,21,6,13,17,1,3,5,3,0,0,1,1,0,0,0,0,14.074749,50.918894
12,21,1,29,16,6,3,0,1,0,2,1,0,0,0,0,0,13.747419,51.052683
13,21,4,8,14,5,3,2,6,0,0,1,0,0,0,0,0,12.392676,51.334021
26,21,3,25,14,5,2,5,3,0,0,1,1,0,0,0,0,14.981337,51.156239
25,21,5,20,15,5,2,4,2,0,0,1,1,0,0,0,0,14.012722,51.186886
11,21,2,25,17,5,3,5,3,1,0,1,1,0,0,0,0,12.975094,50.800833
12,21,1,11,11,2,3,3,6,0,1,1,1,0,0,0,0,13.701778,51.030642
12,21,5,11,7,3,3,0,1,0,0,1,0,0,0,0,0,13.694658,51.043138
12,21,4,24,12,7,2,0,1,0,0,1,0,0,0,0,0,13.756934,51.025389
30,21,3,16,16,3,2,5,3,0,0,1,1,0,0,0,0,12.228842,51.393769
12,21,6,8,15,3,3,0,1,0,0,1,0,0,0,0,0,13.67974,51.020708
29,21,4,6,16,3,3,8,1,0,0,1,0,0,0,0,0,12.629304,51.327005
24,21,3,3,7,4,2,5,2,0,0,1,1,0,0,0,0,12.691333,50.840983
21,21,3,30,15,3,3,4,2,0,0,1,1,0,0,0,0,12.9123,50.54124
28,21,3,3,18,4,3,5,2,1,0,1,1,0,0,0,0,13.863519,50.945047
22,21,5,18,14,3,3,5,3,0,1,1,1,0,0,0,0,13.339751,50.917468
24,21,4,22,12,5,3,5,3,0,0,1,1,0,0,0,0,12.47461,50.711681
28,21,5,30,13,1,3,0,1,0,0,1,0,0,0,0,0,13.677256,50.879783
28,21,5,9,11,1,3,0,1,0,0,1,0,0,0,0,0,14.223652,50.95648
21,21,3,1,16,2,2,5,3,0,0,1,1,0,0,0,0,12.829976,50.531712
25,21,3,25,17,5,2,5,3,0,0,1,1,0,0,0,0,14.047567,51.143039
12,21,3,9,14,3,3,5,3,0,0,1,1,0,0,0,0,13.739309,51.073878
27,21,6,8,10,3,3,5,3,0,0,1,1,0,0,0,0,13.31837,51.238648
13,21,6,11,9,6,3,5,2,0,0,1,1,0,0,0,0,12.416293,51.311659
25,21,6,14,16,2,3,0,2,0,0,1,1,0,0,0,0,14.320455,51.30989
25,21,6,1,7,3,3,2,2,0,0,1,0,0,0,0,1,14.014461,51.186182
21,21,3,10,11,4,3,5,3,0,0,1,1,0,0,0,0,12.877802,50.770842
24,21,2,26,6,6,3,3,2,2,0,1,1,0,0,0,0,12.478034,50.75824
30,21,2,3,11,4,3,0,1,0,1,1,0,0,0,0,0,12.352756,51.521767
22,21,5,24,14,2,3,0,2,0,0,1,0,0,1,0,0,12.707409,51.000072
12,21,4,5,9,2,3,5,3,0,0,1,1,0,0,0,0,13.827151,51.05825
25,21,2,19,18,6,3,5,3,2,0,1,1,0,0,0,0,14.372824,51.237028
13,21,5,28,15,6,3,3,2,0,0,1,1,0,0,0,0,12.412006,51.314585
28,21,4,17,15,7,3,7,7,0,0,1,0,1,0,0,0,13.888495,50.981141
11,21,6,14,20,2,2,0,1,0,0,1,0,0,0,0,0,12.937661,50.844276
27,21,3,9,9,3,2,2,6,0,0,1,1,0,0,0,0,13.545051,51.261606
25,21,6,2,20,4,3,8,1,0,0,1,0,0,0,0,0,14.000065,51.178445
24,21,3,30,12,3,3,5,3,0,0,1,1,0,0,0,0,12.366895,50.767938
27,21,1,22,19,6,3,5,2,2,1,1,1,0,0,0,0,13.285465,51.316369
24,21,5,24,14,2,3,0,1,0,0,1,0,0,0,0,0,12.603811,50.836266
12,21,5,10,16,2,3,5,3,0,0,1,1,0,0,0,0,13.718004,51.03879
12,21,5,17,15,2,2,0,1,0,0,1,0,0,0,0,0,13.737092,51.070981
28,21,5,15,13,7,3,0,1,0,1,1,0,0,0,0,0,13.677255,50.879785
26,21,5,20,7,5,3,0,1,0,0,1,0,0,0,0,0,14.660401,50.896673
29,21,5,7,15,6,3,6,6,0,0,1,0,1,0,0,0,12.230406,51.309135
29,21,2,25,13,5,2,5,3,0,0,1,1,0,0,0,0,12.233215,51.310304
12,21,2,5,15,6,3,6,1,0,1,1,0,1,0,0,0,13.83757,51.062326
12,21,6,5,19,7,3,0,1,0,1,1,0,0,0,0,0,13.733202,51.076186
12,21,5,27,17,5,3,0,1,0,1,1,0,0,0,0,0,13.762644,51.064246
28,21,6,10,15,5,3,3,2,0,0,1,1,0,0,0,0,13.71757,50.993555
24,21,1,22,12,6,3,5,3,0,0,1,1,0,0,0,0,12.486536,50.72024
12,21,5,26,16,4,3,5,2,0,0,1,1,0,0,0,0,13.754985,51.062919
28,21,6,4,12,6,3,0,1,0,0,1,0,0,0,0,0,14.087648,50.920735
21,21,6,12,10,7,2,5,3,0,0,1,1,0,0,0,0,12.706077,50.724246
12,21,5,28,16,6,3,3,2,0,0,1,0,0,0,0,1,13.727511,51.044796
25,21,5,11,16,3,2,3,2,0,0,1,1,0,0,0,0,14.433335,51.170309
28,21,5,19,11,4,3,5,3,0,1,1,1,0,0,0,0,14.131768,50.930903
22,21,4,28,17,4,3,0,1,0,0,1,0,0,0,0,0,13.021926,51.067504
12,21,4,27,14,3,3,3,2,0,0,1,1,0,0,0,0,13.702006,51.032523
23,21,6,2,16,4,2,3,6,0,0,1,1,0,0,0,0,12.267055,50.620245
26,21,6,10,6,5,3,5,3,0,0,1,1,0,0,0,0,14.711549,51.50231
12,21,5,26,20,4,3,0,1,0,0,1,0,0,0,0,0,13.703402,51.088642
13,21,4,23,10,6,3,5,3,0,0,1,1,0,0,0,0,12.423118,51.305691
21,21,3,29,17,2,3,3,2,0,0,1,0,0,1,0,0,12.874498,50.764919
26,21,6,8,5,3,3,5,3,0,0,1,1,0,0,0,0,14.969776,51.142914
12,21,4,20,17,3,3,0,1,0,0,1,0,0,0,0,0,13.716218,51.077763
29,21,1,19,11,3,3,4,6,0,1,1,0,0,0,0,0,12.226966,51.307201
27,21,4,21,8,4,3,0,1,0,0,1,0,0,0,0,0,13.506531,51.287247
26,21,5,13,11,5,3,3,2,0,1,1,1,0,0,0,0,14.953427,51.137204
13,21,1,27,14,4,3,3,6,0,1,1,1,0,0,0,0,12.333469,51.2988
30,21,3,3,14,4,3,5,3,0,0,1,1,0,0,0,0,12.493288,51.380789
28,21,5,19,8,4,2,0,1,0,0,1,0,0,0,0,0,14.140022,51.06478
23,21,6,10,7,5,3,5,2,0,0,1,1,0,0,0,0,12.134843,50.502271
25,21,6,14,6,2,3,0,1,0,0,1,0,0,0,0,0,14.014529,51.169309
21,21,5,23,10,1,3,0,7,0,0,1,0,0,0,0,0,12.883488,50.699602
27,21,6,9,12,4,3,0,1,0,0,1,0,0,0,0,0,13.479245,51.163695
12,21,7,27,9,3,2,5,3,0,0,1,0,0,0,1,0,13.614835,51.088115
12,21,9,10,16,6,3,0,7,0,0,1,0,0,0,0,0,13.634072,51.087409
22,21,8,21,14,7,3,8,1,0,0,1,0,0,0,0,0,12.974879,50.904595
13,21,8,10,8,3,2,0,7,0,1,1,0,0,0,0,0,12.359781,51.342137
13,21,8,15,18,1,3,3,2,0,0,1,1,0,0,0,0,12.42568,51.30404
11,21,7,12,14,2,3,0,7,0,0,1,0,1,0,0,0,12.907915,50.833458
13,21,8,14,17,7,3,5,3,0,0,1,1,0,0,0,0,12.427115,51.303187
23,21,8,20,15,6,2,5,2,0,0,1,1,0,0,0,0,12.129593,50.507556
27,21,8,8,15,1,3,0,1,0,0,1,0,0,0,0,0,13.665163,51.10494
11,21,7,15,19,5,3,5,3,0,0,1,1,0,0,0,0,12.826394,50.876216
29,21,6,23,13,4,3,5,3,0,0,1,0,0,0,0,0,12.217033,51.304781
25,21,9,10,6,6,3,2,6,0,0,1,1,0,0,0,0,14.184736,51.124262
30,21,6,22,15,3,2,5,2,0,0,1,1,0,0,0,0,12.486496,51.37664
12,21,8,18,7,4,3,0,7,0,0,1,0,0,0,0,0,13.803746,51.065693
12,21,9,17,12,6,3,4,6,0,0,1,1,0,0,0,0,13.748755,51.063376
13,21,8,4,15,4,2,5,2,0,0,1,1,0,0,0,0,12.394294,51.336789
11,21,7,23,11,6,3,5,3,0,0,1,1,0,0,0,0,12.911731,50.803702
22,21,9,15,17,4,3,2,1,0,1,1,1,0,0,0,0,12.811686,50.91795
13,21,7,28,12,4,3,5,3,0,0,1,1,0,0,0,0,12.302416,51.342609
27,21,7,1,11,5,2,0,7,0,0,1,0,0,0,0,0,13.679797,51.163663
28,21,10,3,14,1,3,0,7,0,0,1,0,0,0,0,0,13.655485,51.004681
22,21,7,12,16,2,3,0,1,0,0,1,0,0,0,0,0,12.810695,50.883214
25,21,9,4,11,7,3,3,6,0,0,1,0,0,0,0,0,14.396023,51.402741
27,21,7,26,15,2,3,1,5,0,0,1,0,0,0,1,0,13.45841,51.140251
12,21,6,30,1,4,3,0,1,2,1,1,0,0,0,0,0,13.741296,51.064741
28,21,7,30,21,6,3,0,1,2,0,1,0,0,0,0,0,13.659861,51.009193
12,21,10,2,13,7,2,5,3,0,0,1,1,0,0,0,0,13.705046,51.044468
21,21,9,20,6,2,3,0,1,1,1,1,0,0,0,0,0,12.755118,50.721721
28,21,7,5,6,2,3,4,1,0,0,1,0,0,0,0,0,13.918891,50.957218
29,21,9,2,16,5,3,5,3,0,0,1,1,0,0,0,0,12.596615,51.359318
13,21,8,18,10,4,3,5,3,0,0,1,0,0,0,0,1,12.362798,51.314241
12,21,7,30,23,6,3,0,1,2,0,1,0,0,0,0,0,13.736756,51.06301
25,21,10,1,15,6,3,4,7,0,0,1,0,0,0,0,0,14.133617,51.447112
13,21,7,17,18,7,3,3,6,0,0,1,0,0,0,0,0,12.33558,51.335596
29,21,6,28,14,2,3,5,3,0,0,1,1,0,0,0,0,12.492712,51.124715
12,21,6,29,8,3,2,5,3,0,0,1,0,0,0,0,1,13.743039,51.028692
13,21,6,19,17,7,3,5,3,0,0,1,1,0,0,0,0,12.464376,51.350538
13,21,9,3,15,6,3,2,6,0,0,1,0,0,0,0,0,12.426822,51.300323
27,21,9,7,13,3,3,0,1,0,0,1,0,0,0,0,0,13.437692,51.387607
25,21,10,1,7,6,3,5,3,0,0,1,1,0,0,0,0,13.841123,51.162355
21,21,7,4,15,1,3,0,1,0,1,1,0,0,0,0,0,12.728252,50.446746
27,21,9,10,16,6,3,0,1,0,0,1,0,0,0,0,0,13.290057,51.278202
27,21,9,2,14,5,3,5,3,0,0,1,1,0,0,0,0,13.555074,51.115663
11,21,9,18,13,7,3,5,2,0,0,1,1,0,0,0,0,12.953137,50.863001
22,21,8,4,11,4,2,0,7,0,0,1,0,0,0,0,0,12.773101,51.004008
25,21,9,24,12,6,3,0,1,0,0,1,0,0,0,0,0,14.084618,51.26011
13,21,7,12,6,2,3,5,3,0,0,1,1,0,0,0,1,12.392334,51.34538
27,21,6,16,9,4,3,3,2,0,0,1,1,0,0,0,0,13.573863,51.125319
25,21,9,14,9,3,3,5,3,0,0,1,1,0,0,0,0,14.038336,51.177937
27,21,6,26,13,7,3,0,1,0,1,1,0,0,0,0,0,13.452709,51.066765
26,21,6,30,9,4,3,0,1,0,1,1,0,0,0,0,0,14.580351,50.999913
28,21,6,21,7,2,2,5,3,0,0,1,1,0,0,0,0,13.583492,50.947064
24,21,7,31,10,7,3,2,6,0,0,1,1,0,0,0,0,12.757681,50.814388
28,21,7,11,10,1,2,2,6,0,0,1,1,0,0,0,0,14.105655,50.960837
24,21,7,5,9,2,3,5,2,0,0,1,1,0,0,0,0,12.496466,50.740584
29,21,9,13,21,2,2,8,1,2,0,1,0,0,0,0,0,12.520748,51.081215
25,21,8,13,16,6,3,5,3,0,0,1,1,0,0,0,0,14.334099,51.309445
12,21,7,27,13,3,2,5,3,0,0,1,1,0,0,0,0,13.72496,51.043896
21,21,9,28,16,3,3,5,3,0,0,1,1,0,0,0,0,12.949559,50.673623
26,21,7,10,13,7,3,0,1,0,0,1,0,0,0,0,0,14.952914,51.149104
26,21,6,29,16,3,3,0,1,0,0,1,0,0,0,0,0,14.812822,50.889365
27,21,7,4,9,1,3,5,2,0,0,1,1,0,0,0,0,13.494993,51.159079
28,21,8,20,10,6,3,5,3,0,0,1,1,0,0,0,0,14.133343,50.924307
12,21,8,6,11,6,3,5,2,0,0,1,1,0,0,0,0,13.768346,51.015754
12,21,9,8,17,4,3,6,4,0,0,1,0,1,0,0,0,13.815179,51.053919
30,21,9,16,8,5,3,5,3,0,1,1,1,0,0,0,0,12.991038,51.558987
25,21,9,10,11,6,3,4,2,0,0,1,1,0,0,0,0,14.416028,51.179385
26,21,6,22,21,3,3,5,3,2,0,1,1,0,0,0,0,14.821061,50.90038
22,21,8,17,15,3,3,5,2,0,0,1,1,0,0,0,0,13.336064,50.91353
12,21,8,14,19,7,3,5,3,0,0,1,1,0,0,0,0,13.74202,51.064675
28,21,9,6,18,2,3,5,3,0,0,1,1,0,0,0,0,13.923572,50.957541
13,21,9,9,7,5,3,5,3,0,0,1,1,0,0,0,0,12.382667,51.314946
12,21,6,20,0,1,3,0,1,2,0,1,0,0,0,0,0,13.754848,51.026446
26,21,8,30,13,2,3,2,6,0,0,1,0,0,0,0,0,14.788463,51.414882
25,21,8,15,21,1,3,5,3,2,0,1,0,0,1,0,0,14.065705,51.377276
12,21,9,10,12,6,3,5,3,0,0,1,1,0,0,0,0,13.72792,51.060199
13,21,9,1,17,4,3,5,3,0,0,1,1,0,0,0,0,12.342486,51.338421
25,21,8,16,15,2,2,9,1,0,0,1,0,0,0,0,0,14.389521,51.16068
29,21,7,12,9,2,3,2,1,0,0,1,1,0,0,0,0,12.566965,51.302129
27,21,8,25,10,4,3,5,3,0,0,1,1,0,0,0,0,13.562742,51.16268
13,21,6,27,14,1,3,5,2,0,0,1,1,0,0,0,0,12.393039,51.334497
11,21,9,7,7,3,3,3,2,0,0,1,0,0,0,0,1,12.906114,50.826382
12,21,7,1,14,5,3,3,2,0,0,1,0,0,0,1,0,13.763699,51.087127
21,21,6,20,14,1,2,2,6,0,0,1,1,0,0,0,0,12.994651,50.532908
23,21,8,8,14,1,3,7,7,0,0,1,0,0,0,0,0,12.310166,50.578387
24,21,8,2,15,2,3,4,6,0,1,1,1,0,0,0,0,12.521802,50.67474
23,21,10,2,11,7,3,2,6,0,0,1,1,0,0,0,0,12.13729,50.487682
22,21,7,15,15,5,3,0,7,0,0,1,0,0,0,0,0,13.428793,50.934693
13,21,9,5,18,1,2,5,3,0,0,1,1,0,0,0,0,12.429631,51.286136
30,21,6,15,13,3,3,4,6,0,0,1,1,0,0,0,0,13.176971,51.304214
12,21,9,28,9,3,3,5,3,0,0,1,1,0,0,0,0,13.731857,51.079784
21,21,7,10,10,7,3,0,3,0,0,1,1,0,0,0,0,12.946578,50.742976
25,21,7,13,19,3,3,0,1,0,0,1,0,0,0,0,0,14.372199,51.367535
22,21,6,24,14,5,3,5,3,0,0,1,1,0,0,0,0,13.331125,50.927425
12,21,8,19,16,5,3,5,3,0,0,1,1,0,0,0,0,13.706635,51.028614
30,21,7,12,1,2,3,0,1,2,1,1,0,0,0,0,0,13.011232,51.557938
23,21,9,7,19,3,3,5,3,0,0,1,1,0,0,0,0,12.164972,50.511321
27,21,7,29,17,5,2,0,1,0,0,1,0,0,0,0,0,13.721407,51.169653
12,21,10,1,6,6,3,0,1,0,0,1,0,0,0,0,0,13.82588,51.062309
21,21,7,18,13,1,3,8,7,0,0,1,0,0,0,0,0,13.06348,50.668544
12,21,7,9,16,6,3,5,2,0,0,1,1,0,0,0,0,13.733178,51.038961
27,21,9,16,14,5,3,5,3,0,1,1,1,0,0,0,0,13.541994,51.173805
11,21,6,28,17,2,3,0,1,0,0,1,0,0,0,0,0,12.920241,50.825428
11,21,8,21,10,7,2,2,6,0,0,1,1,0,0,0,0,12.861769,50.797852
12,21,8,17,17,3,3,0,1,0,0,1,0,0,0,0,0,13.747375,51.051443
24,21,8,1,14,1,2,5,3,0,0,1,1,0,0,0,0,12.445117,50.722548
26,21,8,14,17,7,3,0,1,0,0,1,0,0,0,0,0,14.975977,51.112315
27,21,7,26,18,2,2,0,1,0,1,1,0,0,0,0,0,13.467377,51.16533
13,21,9,29,18,4,3,5,3,0,0,1,1,0,0,0,0,12.300239,51.340447
30,21,6,30,19,4,2,5,3,0,0,1,1,0,0,0,0,12.992583,51.558771
30,21,7,30,18,6,3,0,7,0,0,1,0,0,0,0,0,12.223813,51.383545
24,21,7,15,17,5,3,3,6,0,0,1,1,0,0,0,0,12.50677,50.789305
12,21,7,6,17,3,3,3,6,0,0,1,0,0,0,0,1,13.731438,51.110462
22,21,9,12,12,1,3,1,7,0,0,1,0,0,0,0,0,12.813422,51.019022
27,21,6,15,16,3,2,0,3,0,0,1,0,0,0,0,1,13.70465,51.130601
11,21,8,28,20,7,3,8,1,2,0,1,0,0,0,0,0,12.850061,50.881196
28,21,10,2,17,7,3,5,3,0,0,1,1,0,0,0,0,13.707716,50.989702
24,21,7,17,12,7,3,5,7,0,1,1,1,0,0,0,0,12.473094,50.711173
22,21,6,28,18,2,2,8,1,0,0,1,0,0,0,0,0,12.982019,50.986892
30,21,7,15,10,5,3,5,3,0,0,1,1,0,0,0,0,12.656954,51.466371
22,21,8,6,15,6,2,0,7,0,0,1,0,0,0,0,0,13.02192,51.067735
13,21,6,18,9,6,3,5,3,0,0,1,1,0,0,0,0,12.377008,51.344505
30,21,7,29,18,5,3,1,3,0,0,1,1,0,0,0,0,12.482793,51.375298
27,21,7,8,14,5,3,0,1,0,0,1,0,0,0,0,0,13.470667,51.169896
23,21,6,27,16,1,3,5,3,0,0,1,1,0,0,0,0,12.333178,50.438442
12,21,7,14,15,4,3,6,7,0,0,1,0,1,0,0,0,13.792912,51.128057
28,21,7,5,13,2,3,3,6,0,0,1,1,0,0,0,0,14.008865,50.935623
12,21,8,16,14,2,2,3,6,0,0,1,0,0,0,0,1,13.918875,51.039865
27,21,7,22,15,5,3,5,3,0,0,1,1,0,0,0,0,13.297871,51.296356
12,21,9,8,8,4,2,6,4,0,0,1,0,1,0,0,0,13.719163,51.096034
28,21,7,28,12,4,2,5,3,0,0,1,1,0,0,0,0,13.930759,50.961909
24,21,9,30,16,5,3,8,1,0,0,1,0,0,0,0,0,12.492583,50.729576
26,21,9,14,12,3,3,4,2,0,0,1,1,0,0,0,0,14.63725,51.500954
22,21,7,28,17,4,3,5,3,0,0,1,1,0,0,0,0,13.107682,51.122941
29,21,9,10,19,6,3,5,3,0,0,1,1,0,0,0,0,12.729248,51.238695
28,21,7,20,11,3,2,5,3,0,0,1,1,0,0,0,0,13.935421,50.957805
13,21,7,11,19,1,3,5,2,0,0,1,1,0,0,0,0,12.369298,51.376103
28,21,8,14,17,7,3,4,2,0,0,1,1,0,0,0,0,14.109278,50.909304
12,21,7,31,14,7,3,5,3,0,0,1,1,0,0,0,0,13.756868,51.07773
12,21,7,19,7,2,3,6,1,0,0,1,0,1,0,0,0,13.747598,51.067868
21,21,8,23,11,2,3,8,1,0,1,1,0,0,0,0,0,13.037826,50.545397
24,21,7,14,15,4,2,0,1,0,0,1,0,0,0,0,0,12.738607,50.831312
22,21,8,6,17,6,3,5,3,0,0,1,1,0,0,0,0,13.542827,50.796916
13,21,7,24,7,7,3,5,3,0,0,1,1,0,0,0,0,12.454977,51.350292
29,21,7,8,7,5,3,5,3,0,0,1,1,0,0,0,0,12.224162,51.29807
25,21,6,21,16,2,2,5,3,0,0,1,1,0,0,0,0,14.251119,51.442601
12,21,8,10,10,3,3,5,2,0,0,1,1,0,0,0,0,13.790672,51.120492
22,21,8,18,10,4,3,5,2,0,0,1,1,0,0,0,0,13.346875,50.916107
29,21,7,12,8,2,3,0,6,0,0,1,0,0,0,0,1,12.432853,51.27052
23,21,7,16,18,6,2,0,1,0,1,1,0,0,0,0,0,12.453169,50.495379
12,21,9,6,16,2,3,5,3,0,0,1,1,0,0,0,0,13.922238,51.061128
12,21,8,1,15,1,2,0,7,0,0,1,0,0,0,0,0,13.825062,51.058052
11,21,7,12,13,2,2,0,1,0,0,1,0,0,0,0,0,12.888034,50.818582
13,21,9,10,7,6,3,2,6,0,0,1,1,0,0,0,0,12.261588,51.316158
25,21,9,1,16,4,2,9,6,0,0,1,0,1,0,0,0,14.420025,51.179564
21,21,8,3,5,3,3,8,3,0,0,1,1,0,0,0,0,12.884445,50.698626
25,21,9,23,17,5,3,3,2,0,0,1,1,0,0,0,0,14.416022,51.179385
23,21,7,12,10,2,3,0,7,0,0,1,0,0,0,0,0,12.455891,50.436987
11,21,8,31,6,3,3,4,2,2,1,1,1,0,0,0,0,12.947493,50.854027
12,21,7,15,12,5,3,5,3,0,0,1,1,0,0,0,0,13.782602,51.067109
12,21,6,25,13,6,3,6,4,0,1,1,0,1,0,0,0,13.720474,51.093108
27,21,9,4,23,7,3,4,6,2,0,1,1,0,0,0,0,13.563461,51.158794
29,21,8,6,13,6,3,5,3,0,0,1,1,0,0,0,0,12.727254,51.366408
30,21,9,27,16,2,3,3,3,0,1,1,1,0,0,0,0,12.33619,51.536443
12,21,6,30,21,4,3,0,1,1,0,1,0,0,0,0,0,13.747082,51.063683
26,21,9,8,16,4,3,7,7,0,0,1,0,0,0,0,1,14.826091,51.29136
12,21,8,23,12,2,2,0,6,0,1,1,1,0,0,0,0,13.823713,50.985979
25,21,7,5,11,2,3,5,3,0,1,1,0,0,0,0,1,14.103004,51.278796
25,21,6,24,18,5,3,3,2,0,0,1,1,0,0,0,0,13.998243,51.217105
13,21,8,11,14,4,3,5,2,0,0,1,0,0,0,0,1,12.378284,51.31484
26,21,9,18,10,7,3,5,3,0,0,1,1,0,0,0,0,14.797583,50.898372
25,21,7,8,13,5,3,3,2,0,0,1,1,0,0,0,0,14.191566,51.136381
23,21,9,15,23,4,3,5,3,2,1,1,1,0,0,0,0,12.153327,50.493276