CSV=`UKREIS,UJAHR,UMONAT,UTAG,USTUNDE,UWOCHENTAG,UKATEGORIE,UART,UTYP,LICHT,USTRZUSTAND,IstRad,IstPKW,IstFuss,IstKrad,IstGkfz,IstSonstig,@lon,@lat
13,21,6,21,17,2,3,3,6,0,0,1,0,0,0,0,0,12.336826,51.299726
28,21,8,21,11,7,3,5,3,0,0,1,1,0,0,0,0,13.583497,50.94708
12,21,6,17,18,5,3,0,1,0,0,1,0,0,0,0,0,13.700725,51.016329
28,21,8,25,11,4,1,4,1,0,0,1,1,0,0,0,0,14.206883,51.007708
22,21,9,6,18,2,3,0,7,0,0,1,0,0,0,0,0,13.227986,51.164587
30,21,7,20,20,3,3,5,3,0,0,1,0,0,1,0,0,13.194466,51.339057
24,21,8,12,7,5,3,4,2,0,0,1,1,0,0,0,0,12.745016,50.85573
24,21,7,15,20,5,2,3,2,0,0,1,1,0,0,0,0,12.54366,50.841548
26,21,8,13,11,6,3,0,1,0,0,1,0,0,0,0,0,14.967856,51.142512
30,21,8,6,10,6,2,1,1,0,0,1,1,0,0,0,0,13.018678,51.390571
29,21,9,8,7,4,3,4,6,0,0,1,0,0,0,0,0,12.216683,51.305316
13,21,9,20,16,2,2,5,2,0,0,1,1,0,0,0,0,12.437834,51.35729
27,21,8,12,12,5,2,0,1,0,0,1,0,0,0,0,0,13.636587,51.322558
28,21,9,18,8,7,3,0,1,0,0,1,0,0,0,0,0,13.921011,50.988795
12,21,8,13,17,6,3,3,6,0,0,1,1,0,0,0,0,13.657193,51.080524
12,21,7,6,7,3,3,5,3,0,0,1,1,0,0,0,0,13.707026,51.041394
12,21,8,7,12,7,3,0,1,0,0,1,0,0,0,0,0,13.73404,51.040069
13,21,7,26,7,2,3,5,3,0,0,1,0,0,0,0,1,12.357671,51.342071
27,21,9,28,7,3,3,5,3,0,0,1,1,0,0,0,0,13.478714,51.1702
25,21,6,18,21,6,2,8,1,2,0,1,0,0,0,0,0,13.834972,51.189298
12,21,8,15,12,1,3,0,1,0,0,1,0,0,0,0,0,13.837432,51.034417
13,21,9,21,12,3,3,5,3,0,0,1,1,0,0,0,0,12.369298,51.376103
26,21,7,10,19,7,3,0,1,0,0,1,0,0,0,0,0,14.619788,51.507531
26,21,9,11,13,7,2,0,1,0,0,1,0,0,0,0,0,14.720736,51.545799
13,21,9,3,14,6,3,3,6,0,0,1,0,0,0,0,0,12.405522,51.320045
12,21,8,19,16,5,3,1,3,0,0,1,1,0,0,0,0,13.773526,51.014112
23,21,6,17,23,5,3,4,6,2,0,1,1,0,0,0,0,12.184868,50.44815
26,21,9,10,16,6,2,0,1,0,0,1,0,0,0,0,0,14.612938,51.508139
12,21,9,2,13,5,2,5,3,0,0,1,1,0,0,0,0,13.738334,51.060601
12,21,10,4,19,2,3,0,1,2,0,1,0,0,0,0,0,13.724599,51.055949
25,21,9,23,9,5,3,4,2,0,0,1,1,0,0,0,0,14.02396,51.147891
12,21,7,13,20,3,3,0,1,2,1,1,0,0,0,0,0,13.738691,51.029094
11,21,6,17,7,5,3,5,3,0,0,1,1,0,0,0,0,12.906272,50.83958
27,21,8,25,15,4,3,5,3,0,0,1,1,0,0,0,0,13.490198,51.162861
24,21,9,28,5,3,3,5,2,2,0,1,1,0,0,0,0,12.480195,50.736756
13,21,10,2,11,7,3,5,2,0,0,1,1,0,0,0,0,12.277784,51.318995
13,21,7,21,15,4,2,5,3,0,0,1,1,0,0,0,0,12.392595,51.333888
26,21,7,11,15,1,2,0,3,0,0,1,1,0,0,0,0,14.842845,51.289815
12,21,7,15,6,5,3,0,1,0,0,1,0,0,0,0,0,13.721041,51.041462
26,21,9,13,15,2,2,0,7,0,0,1,0,0,0,0,0,14.908359,51.14844
21,21,6,25,14,6,3,4,2,0,0,1,1,0,0,0,0,13.070856,50.746259
30,21,7,23,15,6,3,5,2,0,0,1,1,0,0,0,0,13.006235,51.556422
12,21,9,9,13,5,3,5,2,0,0,1,1,0,0,0,0,13.872896,51.012629
12,21,7,31,17,7,2,0,1,0,0,1,0,0,0,0,0,13.737562,51.087295
12,21,9,20,7,2,2,5,3,0,0,1,1,0,0,0,0,13.7381,51.043906
28,21,9,11,17,7,3,2,7,0,1,1,0,0,0,0,0,13.934675,50.969864
13,21,8,18,12,4,3,5,3,0,0,1,1,0,0,0,0,12.392622,51.334131
27,21,10,1,6,6,3,2,6,2,0,1,1,0,0,0,0,13.55522,51.146512
25,21,9,14,16,3,2,2,2,0,0,1,0,0,1,0,0,13.81567,51.182183
28,21,8,3,20,3,3,0,1,1,1,1,0,0,0,0,0,14.161853,50.924658
12,21,7,23,21,6,3,0,1,1,0,1,0,0,0,0,0,13.753091,51.062918
12,21,7,13,7,3,3,5,3,0,0,1,1,0,0,0,0,13.707027,51.041393
26,21,9,7,15,3,3,3,2,0,0,1,1,0,0,0,0,14.896676,51.299847
12,21,8,27,22,6,3,7,1,2,1,1,0,0,0,0,0,13.732996,51.076638
27,21,9,8,15,4,3,4,6,0,0,1,0,0,0,0,0,13.29277,51.3112
29,21,9,10,20,6,3,0,1,2,0,1,0,0,0,0,0,12.597566,51.310515
26,21,8,17,6,3,3,5,3,0,0,1,1,0,0,0,0,14.742781,51.016608
12,21,8,2,11,2,3,0,1,0,1,1,0,0,0,0,0,13.712865,51.061591
12,21,6,17,7,5,3,5,2,0,0,1,1,0,0,0,0,13.854942,51.061848
13,21,7,16,14,6,3,5,3,0,0,1,1,0,0,0,0,12.3269,51.298144
13,21,9,14,5,3,3,5,3,2,0,1,1,0,0,0,0,12.439139,51.294836
13,21,8,15,13,1,3,3,6,0,0,1,0,0,0,0,0,12.376732,51.314832
12,21,7,15,14,5,3,5,3,0,0,1,1,0,0,0,0,13.799173,51.143344
29,21,9,13,17,2,3,4,6,0,0,1,1,0,0,0,0,12.686957,51.144311
24,21,6,15,14,3,3,5,3,0,0,1,1,0,0,0,0,12.529471,50.81326
26,21,9,27,23,2,3,0,1,2,1,1,0,0,0,0,0,14.984741,51.157894
28,21,9,21,9,3,3,0,6,0,0,1,1,0,0,0,0,13.907034,50.995488
25,21,6,28,9,2,3,5,3,0,0,1,1,0,0,0,0,14.271883,51.42934
21,21,9,12,2,1,2,0,1,2,0,1,0,0,0,0,0,12.695777,50.731814
12,21,7,22,16,5,3,7,7,0,0,1,0,0,0,0,0,13.745082,51.06418
13,21,7,12,11,2,3,5,3,0,0,1,1,0,0,0,0,12.260839,51.306614
12,21,6,18,6,6,3,5,3,0,0,1,1,0,0,0,0,13.694013,51.012694
12,21,7,16,18,6,3,6,7,0,0,1,0,1,0,0,0,13.699357,51.059505
25,21,8,30,15,2,2,5,3,0,0,1,1,0,0,0,0,14.068876,51.374615
22,21,8,14,7,7,3,5,3,0,0,1,1,0,0,0,0,13.102422,51.123919
27,21,7,6,14,3,3,0,7,0,0,1,0,0,0,0,0,13.685432,51.100757
28,21,6,15,16,3,3,5,3,0,0,1,1,0,0,0,0,13.949579,50.981323
29,21,6,30,18,4,2,5,1,0,0,1,1,0,0,0,0,12.506014,51.262945
11,21,6,20,16,1,3,9,3,0,0,1,1,0,0,0,0,12.959701,50.8124
12,21,8,28,13,7,3,0,7,0,0,1,0,0,0,0,0,13.730986,51.068595
13,21,8,7,3,7,3,0,1,2,0,1,0,0,0,0,0,12.392625,51.348465
29,21,7,30,12,6,3,8,7,0,0,1,0,0,0,0,0,12.789582,51.200377
27,21,7,9,14,6,2,5,3,0,0,1,0,0,0,0,0,13.283179,51.317505
27,21,8,19,17,5,2,5,3,0,0,1,1,0,0,0,0,13.679595,51.165109
26,21,10,5,7,3,3,3,2,0,0,1,0,0,0,0,1,14.974089,51.161445
21,21,9,13,13,2,3,4,6,0,0,1,0,0,0,0,0,12.746296,50.737258
23,21,8,30,15,2,3,8,6,0,0,1,1,0,0,0,0,12.466213,50.376181
28,21,8,8,18,1,3,5,2,0,0,1,1,0,0,0,0,13.934463,50.967405
25,21,7,9,16,6,3,3,2,0,0,1,1,0,0,0,0,14.417491,51.179417
26,21,7,5,14,2,3,4,6,0,0,1,0,0,0,0,0,14.994651,51.164126
25,21,9,11,11,7,2,4,2,0,0,1,1,0,0,0,0,14.256844,51.445713
26,21,9,2,8,5,3,5,3,0,0,1,1,0,0,0,0,14.69394,51.119793
23,21,8,11,14,4,3,0,3,0,0,1,1,0,0,0,0,12.360028,50.579503
27,21,8,29,19,1,3,3,6,0,0,1,0,0,0,0,0,13.509502,51.168789
22,21,7,4,1,1,2,0,1,2,0,1,0,0,0,0,0,12.696275,50.974022
25,21,6,22,15,3,3,1,7,0,1,1,1,0,0,0,0,14.441064,51.180526
28,21,8,9,19,2,3,0,1,0,0,1,0,0,0,0,0,13.68506,50.830299
12,21,8,18,13,4,3,0,1,0,1,1,0,0,0,0,0,13.775144,51.110326
13,21,9,14,17,3,3,3,6,0,0,1,1,0,0,0,0,12.3951,51.338985
21,21,6,26,19,7,3,8,1,0,0,1,0,0,0,0,0,12.711007,50.724755
26,21,9,6,11,2,3,0,1,0,0,1,0,0,0,0,0,14.97844,51.141581
30,21,7,1,14,5,3,5,3,0,0,1,1,0,0,0,0,13.000945,51.554963
12,21,8,7,19,7,3,6,6,0,0,1,0,1,0,0,0,13.703806,51.0437
12,21,8,16,19,2,3,3,1,0,0,1,1,0,0,0,0,13.722825,51.054603
22,21,8,2,16,2,3,5,3,0,0,1,1,0,0,0,0,12.745496,50.9607
22,21,7,6,17,3,3,5,3,0,1,1,0,0,0,0,0,13.299916,50.924354
12,21,6,25,8,6,3,0,1,0,1,1,0,0,0,0,0,13.707462,51.02062
25,21,7,26,21,2,1,2,6,2,0,1,1,0,0,0,0,14.041113,51.080038
25,21,8,20,21,6,2,3,6,2,0,1,1,0,0,0,0,13.837154,51.204609
24,21,9,20,6,2,3,1,5,1,1,1,1,0,0,0,0,12.682544,50.6655
28,21,6,29,5,3,3,5,3,1,0,1,0,0,0,0,0,13.934602,50.968117
11,21,7,15,20,5,2,0,7,0,0,1,0,0,0,0,0,12.916109,50.772614
25,21,7,4,13,1,3,5,3,0,0,1,1,0,0,0,0,14.480387,51.167089
12,21,6,24,15,5,3,2,6,0,0,1,1,0,0,0,0,13.722575,51.054413
22,21,9,19,12,1,2,3,6,0,0,1,1,0,0,0,0,12.725379,51.029307
12,21,7,30,7,6,2,7,7,0,0,1,0,0,0,0,0,13.759178,51.024003
12,21,10,1,16,6,3,5,2,0,0,1,1,0,0,0,0,13.689566,51.06809
26,21,9,16,14,5,3,8,6,0,1,1,1,0,0,0,0,14.783596,50.899996
29,21,8,10,12,3,3,5,3,0,0,1,1,0,0,0,0,12.217034,51.30478
12,21,8,16,14,2,3,3,2,0,0,1,1,0,0,0,0,13.731196,51.024817
23,21,9,17,10,6,3,5,2,0,0,1,1,0,0,0,0,12.332854,50.610795
28,21,9,24,16,6,3,5,3,0,0,1,1,0,0,0,0,13.931121,50.957712
30,21,7,6,6,3,3,5,3,0,0,1,1,0,0,0,0,12.627562,51.458095
13,21,7,29,11,5,3,6,4,0,0,1,0,1,0,0,0,12.402921,51.322694
24,21,7,2,20,6,3,5,3,1,0,1,0,0,0,0,1,12.460671,50.718794
27,21,9,2,4,5,3,8,6,2,0,1,0,0,0,0,1,13.297786,51.214852
26,21,7,23,19,6,3,2,6,0,0,1,0,0,0,0,0,14.977265,51.115335
25,21,8,26,16,5,3,5,3,0,1,1,1,0,0,0,0,14.40066,51.054448
24,21,7,7,8,4,3,3,6,0,1,1,1,0,0,0,0,12.369465,50.689276
27,21,6,26,13,7,3,0,7,0,0,1,0,0,0,0,0,13.697176,51.120796
30,21,9,6,11,2,3,5,3,0,0,1,1,0,0,0,0,13.108734,51.299979
29,21,7,27,6,3,3,5,3,0,0,1,1,0,0,0,0,12.364424,51.18068
12,21,8,2,15,2,3,5,3,0,0,1,1,0,0,0,0,13.64136,51.086344
12,21,9,13,15,2,2,0,1,0,0,1,0,0,0,0,0,13.789886,51.119002
12,21,6,15,19,3,3,0,7,0,0,1,0,0,0,0,0,13.800268,50.998257
13,21,8,13,12,6,2,5,3,0,0,1,1,0,0,0,0,12.439144,51.294833
12,21,9,27,5,2,3,0,1,1,1,1,0,0,0,0,0,13.708838,51.084351
23,21,6,29,14,3,3,0,7,0,0,1,0,0,0,0,0,12.124829,50.490806
13,21,6,19,21,7,3,5,3,1,0,1,1,0,0,0,0,12.291468,51.343643
25,21,8,29,15,1,3,5,3,0,0,1,1,0,0,0,0,14.398062,51.098094
13,21,7,31,19,7,3,0,1,0,0,1,0,0,0,0,0,12.333182,51.298751
13,21,10,1,10,6,3,5,3,0,0,1,1,0,0,0,0,12.392082,51.346474
22,21,7,20,12,3,3,5,3,0,0,1,1,0,0,0,0,13.345924,50.904681
25,21,7,10,1,7,3,0,1,2,1,1,0,0,0,0,0,14.040325,51.142195
27,21,9,19,3,1,3,0,7,2,0,1,0,0,0,0,0,13.549013,51.255394
26,21,7,13,15,3,3,5,3,0,0,1,1,0,0,0,0,14.982399,51.146593
12,21,9,3,17,6,3,4,6,0,0,1,0,0,0,0,1,13.738251,51.063902
22,21,8,19,17,5,2,5,3,0,0,1,1,0,0,0,0,13.332391,50.912862
11,21,8,18,16,4,2,0,1,0,0,1,0,0,0,0,0,12.891081,50.819283
27,21,10,5,8,3,3,5,3,0,1,1,1,0,0,0,0,13.580962,51.12978
24,21,6,26,18,7,3,5,2,0,0,1,1,0,0,0,0,12.607844,50.792499
13,21,9,6,5,2,3,5,3,2,0,1,1,0,0,0,0,12.4018,51.351379
25,21,9,29,4,4,3,0,1,2,1,1,0,0,0,0,0,14.430082,51.180976
12,21,9,22,11,4,3,0,1,0,0,1,0,0,0,0,0,13.695992,51.04328
25,21,7,11,9,1,3,0,1,0,0,1,0,0,0,0,0,14.558444,51.259318
21,21,6,19,18,7,2,0,7,0,0,1,0,0,0,0,0,12.797007,50.503846
27,21,7,1,9,5,3,0,3,0,0,1,0,0,0,0,1,13.30657,51.301847
28,21,6,20,14,1,3,0,1,0,0,1,0,0,0,0,0,13.677262,50.879761
23,21,10,2,12,7,3,5,2,0,0,1,1,0,0,0,0,12.18486,50.401317
22,21,7,22,16,5,2,0,7,0,0,1,0,0,0,0,0,13.117269,50.829154
26,21,9,22,10,4,3,4,2,0,0,1,1,0,0,0,0,14.929184,51.021539
26,21,7,6,12,3,3,0,3,0,0,1,1,0,0,0,0,14.786495,51.293159
26,21,6,15,20,3,2,0,1,0,0,1,0,0,0,0,0,14.981326,51.137487
12,21,6,19,17,7,3,0,1,0,0,1,0,0,0,0,0,13.701227,51.05009
13,21,9,20,6,2,2,5,3,2,0,1,1,0,0,0,0,12.389913,51.346562
28,21,6,29,15,3,3,3,6,0,0,1,1,0,0,0,0,13.677331,50.87918
12,21,8,4,18,4,3,0,1,0,0,1,0,0,0,0,0,13.823424,51.057653
26,21,6,17,17,5,3,3,1,0,0,1,1,0,0,0,0,14.831039,51.29203
27,21,9,30,6,5,2,5,3,1,0,1,1,0,0,0,0,13.546705,51.146047
25,21,8,16,8,2,3,5,3,0,0,1,1,0,0,0,0,14.230393,51.446101
12,21,7,12,19,2,3,5,3,0,0,1,1,0,0,0,1,13.725731,51.056806
13,21,6,16,17,4,3,2,2,0,0,1,1,0,0,0,0,12.363321,51.342814
13,21,8,14,16,7,3,5,3,0,0,1,0,0,0,0,0,12.342486,51.338432
12,21,6,17,14,5,3,5,3,0,0,1,1,0,0,0,0,13.728081,51.058518
12,21,7,26,6,2,3,4,1,0,0,1,1,0,0,0,0,13.704931,51.085588
24,21,9,28,22,3,2,0,1,2,0,1,0,0,0,0,0,12.764823,50.789188
26,21,9,9,15,5,3,0,7,0,0,1,0,0,0,0,0,14.614722,51.507986
27,21,7,15,14,5,3,5,3,0,0,1,1,0,0,0,0,13.500831,51.288625
13,21,6,25,20,6,3,4,2,0,0,1,1,0,0,0,0,12.373238,51.314915
12,21,6,15,16,3,3,0,1,0,0,1,0,0,0,0,0,13.709837,51.083998
27,21,8,18,17,4,2,0,7,0,0,1,0,0,0,0,0,13.484058,51.164145
23,21,6,18,5,6,2,7,7,1,0,1,0,0,0,0,0,11.99863,50.432439
27,21,8,29,17,1,3,0,1,0,0,1,0,0,0,0,0,13.263099,51.314715
22,21,8,15,16,1,2,0,1,0,0,1,0,0,0,0,0,12.868908,50.930469
27,21,7,18,13,1,3,0,1,0,0,1,0,0,0,0,0,13.404449,51.201462
12,21,9,20,10,2,3,2,3,0,0,1,1,0,0,0,0,13.746108,51.057109
23,21,8,17,21,3,3,4,6,2,0,1,0,0,0,0,0,12.127075,50.49955
13,21,9,23,14,5,3,3,2,0,0,1,1,0,0,0,0,12.363733,51.376054
12,21,7,13,8,3,3,5,3,0,0,1,1,0,0,0,0,13.74202,51.064675
26,21,8,27,12,6,2,5,3,0,1,1,1,0,0,0,0,14.892174,51.292905
26,21,9,6,13,2,2,2,6,0,0,1,0,0,0,1,0,14.663027,51.485817
25,21,7,28,17,4,3,2,6,0,1,1,0,0,0,0,0,14.331045,51.347602
12,21,10,2,17,7,3,4,2,0,0,1,1,0,0,0,0,13.738337,51.063942
12,21,9,20,17,2,3,5,2,0,0,1,1,0,0,0,0,13.738278,51.063919
26,21,9,12,22,1,3,0,1,2,0,1,0,0,0,0,0,14.682626,51.34972
28,21,7,13,15,3,3,5,2,0,0,1,1,0,0,0,0,13.934463,50.967405
12,21,6,18,16,6,3,3,6,0,0,1,1,0,0,0,0,13.745087,51.049504
12,21,10,1,16,6,3,0,7,0,0,1,0,0,0,0,0,13.699881,51.025856
30,21,9,1,15,4,3,8,1,0,0,1,0,0,0,0,0,12.990693,51.32915
27,21,6,17,9,5,3,0,7,0,0,1,0,0,0,0,0,13.51529,51.15685
27,21,8,25,11,4,3,0,1,0,0,1,0,0,0,0,0,13.364892,51.317155
11,21,7,6,10,3,3,0,2,0,0,1,0,0,0,1,0,12.891214,50.86019
27,21,6,15,7,3,3,0,1,0,0,1,0,0,0,0,0,13.455582,51.164243
22,21,9,28,6,3,3,5,2,2,0,1,1,0,0,0,0,13.185574,50.855879
30,21,7,31,11,7,2,5,3,0,0,1,1,0,0,0,0,12.938981,51.284729
12,21,7,19,6,2,3,5,3,0,0,1,1,0,0,0,0,13.761453,51.022604
27,21,8,6,16,6,3,0,3,0,0,1,1,0,0,0,0,13.580874,51.129592
13,21,10,5,15,3,3,5,3,0,1,1,0,0,0,1,0,12.379459,51.344522
23,21,8,28,17,7,3,4,1,0,0,1,1,0,0,0,0,12.1778,50.528918
28,21,7,3,11,7,3,5,3,0,0,1,1,0,0,0,0,13.65011,50.999506
12,21,6,22,14,3,3,3,6,0,0,1,0,0,0,0,0,13.737098,51.063196
12,21,9,1,14,4,3,5,3,0,0,1,1,0,0,0,0,13.734733,51.074006
24,21,10,4,11,2,3,0,1,0,1,1,0,0,0,0,0,12.740182,50.790446
23,21,7,22,17,5,3,3,2,0,0,1,1,0,0,0,0,12.185863,50.553034
13,21,9,24,7,6,2,6,7,0,0,1,0,1,0,0,0,12.380464,51.34411
30,21,6,17,12,5,3,5,3,0,0,1,1,0,0,0,0,12.998128,51.565425
13,21,7,27,8,3,3,5,2,0,0,1,1,0,0,0,0,12.311299,51.377049
12,21,9,14,21,3,3,0,5,2,0,1,1,0,0,0,0,13.769781,51.116503
25,21,6,26,22,7,2,0,1,2,0,1,0,0,0,0,0,14.4044,51.119026
27,21,6,30,10,4,3,3,6,0,0,1,1,0,0,0,0,13.570418,51.126863
29,21,9,9,20,5,2,0,1,2,0,1,0,0,0,0,0,12.432983,51.272937
13,21,8,7,13,7,3,5,3,0,0,1,1,0,0,0,0,12.339134,51.394003
27,21,8,1,20,1,3,0,7,1,0,1,0,0,0,0,0,13.476019,51.383531
22,21,7,6,18,3,2,0,3,0,1,1,1,0,0,0,0,13.022085,51.073644
24,21,6,15,14,3,2,0,1,0,0,1,0,0,0,0,0,12.316159,50.793349
27,21,9,28,11,3,3,5,3,0,1,1,1,0,0,0,0,13.249186,51.309208
21,21,8,22,13,1,2,0,1,0,1,1,0,0,0,0,0,13.103199,50.517264
27,21,7,30,13,6,3,2,6,0,0,1,1,0,0,0,0,13.596611,51.163014
30,21,7,18,11,1,2,1,5,0,0,1,1,0,0,0,0,12.691765,51.450024
22,21,6,30,15,4,3,5,3,0,0,1,1,0,0,0,0,13.119685,51.11863
12,21,7,1,17,5,3,5,2,0,0,1,1,0,0,0,0,13.771123,51.016287
28,21,6,20,18,1,3,5,3,0,0,1,1,0,0,0,0,14.232518,51.024942
24,21,8,7,11,7,3,4,2,0,0,1,1,0,0,0,0,12.790692,50.851003
29,21,8,15,12,1,2,0,7,0,0,1,0,0,0,0,0,12.672332,51.187863
12,21,7,21,10,4,3,0,7,0,0,1,0,0,0,0,0,13.660079,51.079158
29,21,6,16,15,4,3,5,2,0,0,1,1,0,0,0,0,12.489152,51.122288
28,21,9,4,16,7,2,8,1,0,0,1,0,0,0,0,0,13.745279,50.798438
26,21,10,1,7,6,3,3,2,0,0,1,1,0,0,0,0,14.646421,51.509019
11,21,7,19,7,2,3,5,3,0,0,1,1,0,0,0,0,12.911739,50.803756
25,21,7,13,18,3,2,2,6,0,0,1,1,0,0,0,0,14.454875,51.262904
11,21,9,19,17,1,3,5,3,0,0,1,1,0,0,0,0,12.908843,50.826847
12,21,8,6,15,6,3,0,1,0,1,1,0,0,0,0,0,13.783397,51.113979
12,21,7,29,16,5,2,0,1,0,0,1,0,0,0,0,0,13.639811,51.030386
25,21,6,21,10,2,3,5,3,0,0,1,1,0,0,0,0,13.911329,51.11441
22,21,9,24,6,6,3,5,3,0,0,1,1,0,0,0,0,13.399091,50.874299
29,21,6,16,23,4,3,5,3,2,0,1,1,0,0,0,0,12.891763,51.261102
24,21,7,27,10,3,3,5,7,0,0,1,1,0,0,0,0,12.727169,50.804845
29,21,7,1,12,5,3,5,3,0,0,1,1,0,0,0,0,12.217602,51.304023
28,21,8,7,13,7,3,4,6,0,0,1,0,0,0,0,0,14.174638,50.912828
13,21,9,13,19,2,3,0,1,1,0,1,0,0,0,0,0,12.480857,51.332122
22,21,7,31,12,7,2,0,7,0,0,1,0,0,0,0,0,13.087045,50.823799
24,21,7,19,6,2,3,8,1,0,0,1,0,0,0,0,0,12.701145,50.795027
25,21,6,29,7,3,3,0,2,0,1,1,0,0,0,0,1,14.112273,51.288562
23,21,7,5,16,2,2,5,3,0,0,1,1,0,0,0,0,12.309635,50.537869
28,21,7,14,6,4,2,5,2,0,0,1,0,0,0,0,1,13.923846,50.937797
12,21,7,3,11,7,2,4,1,0,0,1,1,0,0,0,0,13.736533,51.071828
22,21,9,11,4,7,3,8,7,2,0,1,0,0,0,0,0,13.345191,50.894421
24,21,8,20,14,6,3,3,2,0,1,1,1,0,0,0,0,12.482426,50.731051
13,21,10,5,14,3,3,5,2,0,1,1,1,0,0,0,0,12.371354,51.344453
24,21,9,25,13,7,3,5,2,0,0,1,1,0,0,0,0,12.487976,50.720206
28,21,9,1,7,4,3,5,2,0,0,1,1,0,0,0,0,14.009224,50.935545
12,21,8,9,15,2,3,5,2,0,0,1,1,0,0,0,0,13.737133,51.063216
12,21,9,17,8,6,3,5,2,0,0,1,1,0,0,0,0,13.774102,51.013847
13,21,9,23,8,5,3,5,3,0,0,1,1,0,0,0,0,12.39262,51.334129
23,21,7,12,9,2,3,2,6,0,0,1,1,0,0,0,1,11.998956,50.626072
27,21,9,15,14,4,3,5,3,0,0,1,1,0,0,0,0,13.265792,51.315226
13,21,7,26,16,2,3,5,3,0,0,1,1,0,0,0,0,12.254684,51.346883
12,21,7,1,17,5,3,0,1,0,0,1,0,0,0,0,0,13.701563,51.091099
21,21,7,11,9,1,3,3,6,0,0,1,1,0,0,0,0,12.763048,50.582176
27,21,7,15,14,5,3,7,7,0,0,1,0,0,0,0,0,13.311507,51.318294
13,21,6,15,19,3,3,6,6,0,0,1,0,1,0,0,0,12.380968,51.343902
30,21,9,27,14,2,3,5,3,0,0,1,1,0,0,0,0,12.587665,51.593413
28,21,9,9,17,5,2,5,2,0,0,1,0,0,1,0,0,13.869293,50.790695
11,21,7,20,16,3,2,3,6,0,0,1,0,0,0,0,0,12.914113,50.816622
12,21,7,22,16,5,2,0,1,0,0,1,0,0,0,0,0,13.645453,51.078728
13,21,7,12,11,2,3,4,6,0,0,1,0,0,0,0,0,12.398339,51.352895
28,21,6,18,11,6,3,1,7,0,0,1,1,0,0,0,0,14.271117,50.982841
29,21,7,28,16,4,3,4,6,0,0,1,0,0,0,0,0,12.743452,51.36566
12,21,9,27,6,2,3,5,2,2,1,1,1,0,0,0,0,13.608557,51.033811
27,21,6,30,9,4,2,5,3,0,1,1,1,0,0,0,1,13.483076,51.160541
22,21,10,3,17,1,2,0,1,0,0,1,0,0,0,0,0,12.697111,50.936588
30,21,9,22,7,4,3,5,3,0,0,1,1,0,0,0,0,12.482782,51.375294
11,21,8,24,22,3,3,5,3,2,0,1,1,0,0,0,0,12.906601,50.837164
27,21,10,5,9,3,3,5,3,0,0,1,1,0,0,0,0,13.490298,51.163339
12,21,9,6,17,2,3,1,5,0,0,1,1,0,0,0,0,13.666867,51.070404
12,21,7,2,8,6,3,2,2,0,1,1,1,0,0,0,0,13.702304,51.043738
25,21,10,3,14,1,2,5,3,0,0,1,1,0,0,0,0,14.397647,51.102288
12,21,9,13,8,2,3,5,3,0,0,1,1,0,0,0,0,13.718774,51.039506
24,21,9,4,17,7,3,5,3,0,0,1,1,0,0,0,0,12.739737,50.790303
21,21,7,24,23,7,3,0,1,2,0,1,0,0,0,0,0,12.940252,50.667831
21,21,9,27,7,2,2,5,3,0,1,1,1,0,0,0,0,12.5344,50.541093
29,21,9,8,14,4,3,8,1,0,0,1,0,0,0,0,0,12.727175,51.224308
28,21,6,19,8,7,3,0,7,0,0,1,0,0,0,0,0,13.931844,50.95728
27,21,10,2,13,7,3,0,1,0,0,1,0,0,0,0,0,13.464053,51.156352
26,21,9,21,19,3,3,7,7,1,0,1,0,0,0,0,0,14.887251,51.273426
25,21,9,15,10,4,3,5,3,0,0,1,1,0,0,0,0,14.441206,51.180508
26,21,7,4,8,1,2,4,6,0,0,1,1,0,0,0,0,14.658228,50.899189
25,21,8,11,15,4,3,5,3,0,0,1,1,0,0,0,0,13.826782,51.180939
12,21,8,18,17,4,3,0,1,0,0,1,0,0,0,0,0,13.811924,51.064235
27,21,7,22,14,5,3,5,3,0,0,1,1,0,0,0,0,13.490298,51.163339
24,21,9,25,20,7,3,0,6,2,0,1,0,0,0,0,1,12.299051,50.747648
26,21,9,30,7,5,3,5,3,0,0,1,1,0,0,0,0,14.97595,51.15522
23,21,8,15,10,1,3,5,3,0,0,1,1,0,0,0,0,12.467977,50.355166
26,21,9,17,16,6,2,4,2,0,1,1,1,0,0,0,0,14.499479,51.056627
27,21,6,16,16,4,3,5,3,0,0,1,1,0,0,0,0,13.694643,51.096051
29,21,9,27,15,2,3,5,3,0,0,1,1,0,0,0,0,12.720498,51.232794
22,21,6,20,13,1,3,0,7,0,0,1,0,0,0,0,0,13.399953,50.873695
11,21,7,19,17,2,3,1,5,0,0,1,1,0,0,0,0,12.895748,50.856398
12,21,8,23,5,2,2,0,1,1,1,1,0,0,0,0,0,13.696585,51.043342
25,21,9,19,19,1,2,8,1,1,0,1,0,0,0,0,0,13.989197,51.264519
26,21,7,24,23,7,2,5,3,2,0,1,1,0,0,0,0,14.806938,51.249932
13,21,6,19,17,7,3,5,3,0,0,1,1,0,0,0,0,12.275745,51.318566