CSV=`UKREIS,UJAHR,UMONAT,UTAG,USTUNDE,UWOCHENTAG,UKATEGORIE,UART,UTYP,LICHT,USTRZUSTAND,IstRad,IstPKW,IstFuss,IstKrad,IstGkfz,IstSonstig,@lon,@lat
23,21,7,29,11,5,2,8,1,0,0,1,0,0,0,0,0,12.185199,50.499748
28,21,9,30,9,5,2,5,3,0,0,1,1,0,0,0,0,14.217123,51.028044
13,21,9,10,16,6,3,0,1,0,0,1,0,0,0,0,0,12.398151,51.358412
24,21,8,17,5,3,3,0,7,1,1,1,0,0,0,0,0,12.458468,50.718096
27,21,8,4,15,4,3,3,2,0,0,1,1,0,0,0,0,13.558865,51.149687
25,21,7,12,19,2,3,5,3,0,0,1,1,0,0,0,0,14.016421,51.184115
12,21,7,29,16,5,3,3,3,0,0,1,1,0,0,0,0,13.720134,51.093544
28,21,10,2,0,7,3,8,1,2,0,1,0,0,0,0,0,13.572305,50.876879
28,21,8,16,15,2,2,0,1,0,0,1,0,0,0,0,0,13.94281,50.946299
12,21,9,17,21,6,3,0,1,2,0,1,0,0,0,0,0,13.755524,51.063001
25,21,8,4,11,4,3,2,2,0,0,1,0,0,0,0,0,13.980098,51.244999
13,21,10,4,9,2,3,5,2,0,0,1,1,0,0,0,0,12.382666,51.314946
22,21,8,16,16,2,3,5,2,0,0,1,1,0,0,0,0,13.112342,51.120511
25,21,8,2,20,2,2,4,1,1,0,1,1,0,0,0,0,13.996723,51.217832
21,21,7,25,12,1,3,0,7,0,0,1,0,0,0,0,0,13.123356,50.76568
12,21,6,30,18,4,3,6,4,0,0,1,0,1,0,0,0,13.854321,51.062101
26,21,9,8,7,4,3,5,3,0,0,1,1,0,0,0,0,14.636836,51.503645
12,21,8,28,11,7,3,0,1,0,1,1,0,0,0,0,0,13.703947,51.043159
12,21,9,20,8,2,3,0,7,0,0,1,0,0,0,0,0,13.861492,51.060358
12,21,9,3,14,6,3,0,7,0,0,1,0,1,0,0,0,13.690198,51.073858
21,21,7,24,18,7,2,5,3,0,0,1,1,0,0,0,0,12.817115,50.514925
26,21,6,18,23,6,2,3,2,2,0,1,1,0,0,0,0,14.972644,51.143365
22,21,6,28,11,2,1,4,6,0,0,1,1,0,0,0,0,12.84341,50.920716
12,21,8,21,13,7,3,5,2,0,0,1,1,0,0,0,0,13.745821,51.028401
30,21,8,17,11,3,3,5,3,0,0,1,1,0,0,0,0,12.232214,51.392819
22,21,10,4,8,2,3,8,7,0,0,1,0,0,0,0,0,12.806323,50.905525
12,21,7,23,22,6,2,4,6,2,0,1,0,0,0,0,0,13.678312,51.01985
12,21,7,7,12,4,3,5,1,0,0,1,0,0,0,0,1,13.713812,51.080448
27,21,9,14,13,3,2,4,2,0,0,1,0,0,0,0,1,13.461966,51.154527
24,21,9,6,20,2,2,0,7,2,0,1,0,0,0,0,0,12.474289,50.76825
28,21,10,3,11,1,3,0,7,0,0,1,0,0,0,0,0,14.181029,50.925176
27,21,7,20,12,3,3,0,7,0,0,1,0,1,0,0,0,13.298703,51.297101
29,21,7,6,8,3,3,5,3,0,0,1,1,0,0,0,0,12.74722,51.36546
23,21,9,5,14,1,3,0,5,0,0,1,1,0,0,0,0,12.262224,50.619987
24,21,8,12,9,5,3,5,2,0,0,1,1,0,0,0,0,12.48744,50.721283
11,21,6,17,7,5,3,5,3,0,0,1,1,0,0,0,0,12.919102,50.864909
28,21,8,25,16,4,2,8,1,0,0,1,0,0,0,0,0,13.555146,50.94684
12,21,7,28,15,4,3,5,2,0,0,1,1,0,0,0,0,13.763699,51.087127
12,21,9,29,15,4,3,6,6,0,0,1,0,1,0,0,0,13.780007,51.112487
21,21,7,16,1,6,2,1,5,2,0,1,0,0,0,1,0,12.733094,50.726511
12,21,7,28,15,4,3,5,2,0,0,1,1,0,0,0,0,13.725996,51.056996
26,21,9,9,13,5,2,0,1,0,0,1,0,0,0,0,0,14.981943,51.146604
13,21,6,15,7,3,3,5,3,0,0,1,1,0,0,0,0,12.409509,51.316702
12,21,9,27,5,2,3,4,6,2,1,1,0,0,0,0,0,13.695591,51.022464
26,21,6,18,22,6,3,0,1,1,0,1,0,0,0,0,0,14.811183,50.877658
22,21,8,15,10,1,2,3,2,0,0,1,1,0,0,0,0,12.908143,51.078704
26,21,7,10,14,7,3,5,3,0,0,1,0,0,0,0,0,14.626548,51.506751
12,21,9,18,9,7,3,5,3,0,0,1,1,0,0,0,0,13.715171,51.078656
27,21,7,14,6,4,3,5,3,0,0,1,1,0,0,0,0,13.580962,51.12978
25,21,6,23,10,4,3,5,3,0,0,1,1,0,0,0,0,14.435705,51.17193
25,21,9,3,18,6,2,0,1,0,0,1,0,0,0,0,0,14.418694,51.179499
28,21,9,19,17,1,2,0,7,0,0,1,0,0,0,0,0,14.227193,50.941807
25,21,10,1,19,6,3,9,1,1,0,1,0,0,0,0,0,14.104193,51.461664
29,21,7,8,15,5,3,1,2,0,1,1,1,0,0,0,0,12.766265,51.365816
28,21,9,8,17,4,2,8,1,0,0,1,0,0,0,0,0,14.035355,50.858943
25,21,9,10,22,6,2,0,1,2,0,1,0,0,0,0,0,14.130216,51.234086
27,21,9,1,8,4,3,3,6,0,0,1,1,0,0,0,0,13.593495,51.162986
12,21,8,5,13,5,3,5,2,0,1,1,1,0,0,0,0,13.746801,51.063759
29,21,7,12,10,2,1,5,3,0,0,1,1,0,0,0,0,12.257394,51.165864
12,21,8,14,10,7,3,5,3,0,0,1,1,0,0,0,0,13.649935,51.083426
25,21,6,27,16,1,2,2,2,0,0,1,0,0,1,0,0,14.426639,51.055358
12,21,6,30,8,4,3,0,1,0,1,1,0,0,0,0,0,13.724428,51.088283
13,21,10,2,8,7,3,5,3,0,0,1,1,0,0,0,0,12.405932,51.313915
22,21,7,21,13,4,3,0,7,0,0,1,0,0,0,0,0,12.952514,50.966504
29,21,8,24,7,3,3,5,3,0,0,1,1,0,0,0,0,12.592412,51.329523
29,21,8,13,16,6,3,4,2,0,0,1,1,0,0,0,0,12.21686,51.299265
30,21,7,23,7,6,2,5,3,0,0,1,1,0,0,0,0,12.313269,51.537874
12,21,9,9,17,5,3,0,6,0,0,1,0,1,0,0,0,13.739287,51.074851
26,21,8,28,10,7,3,5,3,0,0,1,1,0,0,0,0,14.616464,51.508556
12,21,6,29,20,3,3,5,3,0,0,1,1,0,0,0,0,13.794311,51.073825
12,21,8,20,13,6,3,0,1,0,0,1,0,0,0,0,0,13.733588,51.039498
12,21,9,8,15,4,3,0,7,0,0,1,0,0,0,0,0,13.743713,51.057411
12,21,6,18,7,6,3,0,1,0,0,1,0,0,0,0,0,13.82201,51.056484
12,21,9,9,19,5,3,0,1,1,0,1,0,0,0,0,0,13.69086,51.078365
12,21,8,15,20,1,3,5,3,0,0,1,1,0,0,0,0,13.718035,51.035897
22,21,10,2,20,7,3,0,7,2,0,1,0,0,0,0,0,12.97378,50.977412
28,21,7,10,16,7,3,4,2,0,0,1,1,0,0,0,0,13.712373,50.968826
25,21,7,13,15,3,2,0,7,0,0,1,0,0,0,0,0,14.485627,51.098909
23,21,8,19,19,5,2,5,3,0,0,1,0,0,0,1,0,12.274781,50.471231
12,21,7,23,15,6,3,5,3,0,0,1,1,0,0,0,0,13.72374,51.045391
28,21,9,8,15,4,3,3,6,0,0,1,1,0,0,0,0,13.935074,50.950948
27,21,9,1,16,4,2,6,4,0,0,1,0,1,0,0,0,13.702889,51.128471
12,21,8,11,22,4,3,0,1,2,0,1,0,0,0,0,0,13.701573,51.091092
12,21,6,16,17,4,3,0,1,0,0,1,0,0,0,0,0,13.703575,51.029824
12,21,7,16,17,6,2,5,2,0,0,1,1,0,0,0,0,13.788038,51.069822
27,21,6,27,18,1,3,0,1,0,0,1,0,0,0,0,0,13.502809,51.17784
25,21,7,25,15,1,3,5,3,0,0,1,1,0,0,0,0,14.427297,51.256574
11,21,9,10,8,6,3,5,3,0,0,1,1,0,0,0,0,12.962982,50.82869
28,21,8,8,9,1,3,8,1,0,0,1,0,0,0,0,0,14.139375,50.919592
26,21,6,15,19,3,3,3,6,0,0,1,1,0,0,0,0,14.971105,51.152908
27,21,9,21,15,3,2,0,7,0,0,1,0,0,0,0,0,13.567964,51.150273
12,21,9,16,7,5,3,5,3,0,1,1,1,0,0,0,0,13.727872,51.084579
13,21,6,26,19,7,3,5,2,0,0,1,1,0,0,0,0,12.261661,51.316169
22,21,7,28,6,4,3,5,3,0,0,1,1,0,0,0,0,12.702545,50.990459
12,21,8,10,12,3,3,5,3,0,0,1,1,0,0,0,0,13.687956,51.061975
27,21,8,1,5,1,3,0,1,1,0,1,0,0,0,0,0,13.504549,51.386147
21,21,7,6,16,3,3,0,7,0,0,1,0,0,0,0,0,13.018461,50.673194
12,21,6,15,18,3,3,1,3,0,0,1,1,0,0,0,0,13.67206,51.01714
12,21,11,15,19,2,3,5,3,2,0,1,1,0,0,0,0,13.719568,51.035215
12,21,11,8,7,2,2,4,2,0,0,1,1,0,0,0,0,13.767172,51.095027
27,21,11,1,17,2,2,2,6,2,1,1,0,0,0,0,1,13.565862,51.12702
12,21,12,17,6,6,3,5,2,2,0,1,1,0,0,0,0,13.738405,51.069134
22,21,12,17,17,6,3,2,6,2,0,1,1,0,0,0,0,13.374214,50.913345
22,21,10,30,12,7,2,2,6,0,0,1,0,0,0,0,0,13.33833,51.020135
28,21,10,31,18,1,3,0,1,2,0,1,0,0,0,0,0,13.936216,50.953787
13,21,10,16,7,7,3,5,3,2,1,1,1,0,0,0,0,12.427285,51.295024
12,21,11,25,7,5,3,5,3,0,0,1,1,0,0,0,0,13.690103,51.072733
27,21,11,30,11,3,3,0,7,0,1,1,0,0,0,0,0,13.296389,51.302308
21,21,10,20,13,4,2,0,1,0,0,1,0,0,0,0,0,12.709133,50.710066
12,21,10,8,6,6,3,5,3,0,0,1,1,0,0,0,0,13.681188,51.048594
25,21,10,14,14,5,3,0,1,0,1,1,0,0,0,0,0,14.032285,51.143906
24,21,11,3,17,4,3,3,6,2,0,1,1,0,0,0,0,12.468654,50.850929
12,21,11,23,5,3,3,5,3,2,0,1,1,0,0,0,0,13.728947,51.059335
27,21,10,24,18,1,3,5,3,2,0,1,1,0,0,0,0,13.549564,51.24132
11,21,10,12,5,3,3,5,3,2,1,1,1,0,0,0,0,12.833223,50.825207
13,21,11,30,16,3,2,1,5,1,1,1,1,0,0,0,0,12.322808,51.375554
24,21,10,15,19,6,3,0,1,2,1,1,0,0,0,0,0,12.453532,50.719074
27,21,11,25,6,5,3,5,3,2,0,1,1,0,0,0,0,13.280584,51.318518
13,21,12,5,15,1,3,5,3,0,0,1,1,0,0,0,0,12.344893,51.339195
24,21,10,22,5,6,2,5,3,2,0,1,1,0,0,0,0,12.355953,50.703487
30,21,12,8,6,4,3,5,3,2,1,1,1,0,0,0,0,12.626421,51.457745
12,21,10,21,5,5,3,5,3,2,1,1,1,0,0,0,0,13.737108,51.071113
12,21,12,7,13,3,2,0,7,0,0,1,0,0,0,0,0,13.801797,50.994457
24,21,10,7,16,5,2,5,2,0,0,1,1,0,0,0,0,12.775955,50.860549
13,21,10,6,15,4,3,3,2,0,0,1,1,0,0,0,0,12.357985,51.341861
24,21,11,12,20,6,3,4,2,2,0,1,1,0,0,0,0,12.444126,50.745306
12,21,11,3,7,4,3,1,1,0,0,1,1,0,0,0,0,13.724611,51.08808
13,21,12,4,8,7,2,5,2,0,0,1,0,0,0,1,0,12.395363,51.339237
23,21,11,9,14,3,3,5,3,0,0,1,1,0,0,0,0,12.12758,50.509129
29,21,11,1,13,2,3,5,2,0,1,1,1,0,0,0,0,12.494675,51.125476
29,21,10,25,6,2,2,2,6,2,0,1,1,0,0,0,0,12.737014,51.322269
21,21,12,2,14,5,3,6,6,0,0,1,0,1,0,0,0,13.020363,50.585436
22,21,11,10,16,4,3,2,6,0,0,1,1,0,0,0,0,13.177246,50.902922
25,21,10,20,14,4,3,5,3,0,0,1,1,0,0,0,0,14.426126,51.167852
12,21,11,2,18,3,2,3,1,2,0,1,1,0,0,0,0,13.7292,51.03094
22,21,10,6,15,4,3,5,3,0,0,1,1,0,0,0,0,12.962,50.985356
12,21,12,24,14,6,3,1,1,0,0,1,1,0,0,0,0,13.788162,51.005726
30,21,11,20,10,7,3,5,3,0,0,1,1,0,0,0,0,13.113127,51.297835
25,21,10,12,23,3,3,0,1,2,0,1,0,0,0,0,0,14.270914,51.359985
21,21,12,1,14,4,3,0,7,0,0,1,0,0,0,0,0,12.745722,50.722368
13,21,12,14,15,3,3,5,3,0,0,1,1,0,0,0,0,12.393037,51.334494
22,21,10,16,17,7,3,2,2,0,0,1,1,0,0,0,0,13.337266,50.914059
13,21,10,28,12,5,3,5,3,0,0,1,1,0,0,0,0,12.409534,51.316679
25,21,12,3,15,6,3,5,3,0,0,1,1,0,0,0,0,14.025244,51.153145
12,21,12,25,18,7,3,5,3,2,0,1,1,0,0,0,0,13.777817,51.012903
13,21,11,28,15,1,2,2,6,0,0,1,1,0,0,0,0,12.401575,51.324366
13,21,11,8,11,2,3,5,2,0,0,1,1,0,0,0,0,12.395198,51.332174
27,21,10,7,11,5,3,5,3,0,0,1,1,0,0,0,0,13.593962,51.140476
25,21,11,25,16,5,2,0,7,1,1,1,0,0,0,0,0,14.0597,51.148659
13,21,12,8,15,4,2,5,3,0,1,1,0,0,0,0,1,12.395328,51.332088
12,21,10,31,17,1,3,0,1,2,0,1,0,0,0,0,0,13.827635,51.062198
29,21,11,19,12,6,3,4,2,0,0,1,1,0,0,0,0,12.250019,51.17117
30,21,12,7,5,3,3,7,7,2,0,1,0,0,0,0,0,12.770554,51.490832
28,21,11,28,16,1,3,5,3,2,0,1,1,0,0,0,0,13.933532,50.966752
29,21,11,11,6,5,3,4,2,2,0,1,1,0,0,0,0,12.744931,51.368495
12,21,10,14,16,5,3,5,3,0,1,1,1,0,0,0,0,13.730315,51.069394
27,21,11,3,10,4,3,5,3,0,0,1,0,0,0,0,1,13.320156,51.295296
21,21,10,27,6,4,3,5,3,0,1,1,1,0,0,0,0,12.917867,50.738077
13,21,11,14,11,1,2,4,6,0,0,1,0,0,0,0,0,12.407231,51.318427
22,21,11,9,11,3,3,6,6,0,0,1,0,1,0,0,0,12.856642,51.0521
12,21,11,22,16,2,3,4,2,1,0,1,1,0,0,0,0,13.715796,51.036889
29,21,11,13,14,7,1,0,7,0,0,1,0,0,0,0,0,12.620485,51.24912
26,21,10,30,15,7,3,0,7,0,0,1,0,0,0,0,0,14.979547,51.155828
27,21,12,8,7,4,3,1,5,0,0,1,1,0,0,0,0,13.56634,51.152953
13,21,11,18,7,5,3,5,2,0,1,1,1,0,0,0,0,12.446157,51.361229
26,21,10,21,23,5,2,3,6,2,1,1,1,0,0,0,0,14.716807,51.549663
25,21,12,1,7,4,3,5,3,0,1,1,1,0,0,0,0,14.091608,51.27157
30,21,12,3,12,6,3,1,3,0,0,1,1,0,0,0,0,12.336611,51.556922
12,21,12,10,0,6,3,0,1,2,1,1,0,0,0,0,0,13.733769,51.066026
25,21,10,25,12,2,3,5,3,0,0,1,1,0,0,0,0,14.322611,51.091835
22,21,10,18,6,2,3,0,6,2,0,1,1,0,0,0,0,13.124821,51.123707
29,21,11,16,9,3,3,5,3,0,0,1,1,0,0,0,0,12.650605,51.138555
26,21,10,20,11,4,3,4,2,0,0,1,0,0,0,0,1,14.712469,51.54882
27,21,10,23,17,7,3,0,7,0,0,1,0,0,0,0,0,13.587407,51.123119
30,21,10,11,11,2,3,5,3,0,0,1,1,0,0,0,0,12.48276,51.375286
27,21,10,29,8,6,3,5,3,0,0,1,0,0,0,0,1,13.411068,51.08458
30,21,11,26,6,6,3,5,3,1,0,1,1,0,0,0,0,12.253939,51.386765
25,21,12,9,16,5,3,5,3,1,1,1,1,0,0,0,0,14.431366,51.077316
25,21,10,31,16,1,3,5,3,1,0,1,1,0,0,0,0,14.413993,51.149119
12,21,10,21,7,5,3,4,1,0,1,1,0,0,0,0,0,13.736378,51.063861
22,21,10,9,17,7,3,2,6,0,0,1,1,0,0,0,0,13.065702,50.820354
26,21,12,21,11,3,3,2,1,0,2,1,0,0,0,0,0,14.601543,50.952232
27,21,10,6,9,4,3,2,2,0,0,1,1,0,0,0,0,13.584705,51.136015
30,21,10,31,10,1,3,1,7,0,0,1,1,0,0,0,0,12.955483,51.599963
12,21,10,24,17,1,3,3,6,0,0,1,1,0,0,0,0,13.614313,51.059413
28,21,12,15,17,4,2,2,6,2,1,1,1,0,0,0,0,13.689841,50.985503
28,21,11,26,21,6,3,0,1,2,0,1,0,0,0,0,0,13.936211,50.953792
12,21,12,6,14,2,2,5,3,0,1,1,1,0,0,0,0,13.776455,51.067295
28,21,12,9,9,5,3,0,3,0,1,1,1,0,0,0,0,13.629895,50.980444
24,21,11,18,5,5,3,5,3,2,0,1,1,0,0,0,0,12.514275,50.718271
22,21,10,24,3,1,3,0,7,2,0,1,0,0,0,0,0,13.350148,50.917912
25,21,11,13,14,7,3,3,2,0,0,1,0,0,0,0,1,13.834355,51.19416
13,21,10,19,18,3,3,5,3,2,0,1,1,0,0,0,0,12.405943,51.313997
29,21,10,13,13,4,2,0,7,0,0,1,1,0,0,0,0,12.626662,51.236557
30,21,10,17,18,1,2,4,2,2,0,1,1,0,0,0,0,12.221646,51.393563
12,21,10,7,8,5,3,5,3,0,0,1,1,0,0,0,0,13.726044,51.058737
27,21,10,12,7,3,3,5,3,0,0,1,1,0,0,0,0,13.461942,51.154507
30,21,12,14,8,3,3,5,3,1,1,1,1,0,0,0,0,12.237144,51.391431
24,21,10,15,6,6,3,5,3,2,0,1,1,0,0,0,0,12.479177,50.781275
23,21,11,12,14,6,3,5,3,0,0,1,1,0,0,0,0,12.213005,50.454414
28,21,12,18,14,7,3,4,1,0,0,1,1,0,0,0,0,13.936246,50.875514
25,21,10,25,18,2,3,2,6,1,0,1,1,0,0,0,1,13.797689,51.182177
25,21,11,29,7,2,3,2,6,2,1,1,1,0,0,0,0,13.917472,51.13077
27,21,12,5,11,1,3,5,3,0,0,1,1,0,0,0,0,13.571852,51.126506
13,21,11,8,13,2,3,5,2,0,0,1,1,0,0,0,0,12.406446,51.31931
13,21,10,19,14,3,3,5,2,0,0,1,1,0,0,0,0,12.373235,51.314914
11,21,10,9,14,7,2,5,3,0,0,1,1,0,0,0,0,12.950239,50.81633
27,21,12,16,10,5,2,0,1,0,1,1,0,0,0,0,0,13.308335,51.318279
24,21,12,8,13,4,3,5,2,0,0,1,1,0,0,0,0,12.478656,50.736585
12,21,10,12,19,3,3,0,1,1,1,1,0,0,0,0,0,13.745214,51.064151
27,21,11,4,8,5,3,5,2,0,1,1,1,0,0,0,0,13.486539,51.165336
26,21,11,6,0,7,3,3,6,2,1,1,1,0,0,0,0,14.796544,50.860823
30,21,10,23,15,7,3,5,3,0,0,1,1,0,0,0,0,12.593204,51.597458
26,21,12,22,10,4,3,5,3,0,0,1,1,0,0,0,0,14.825406,51.314418
25,21,11,11,16,5,3,5,3,2,0,1,1,0,0,0,0,14.435754,51.17197
11,21,10,9,17,7,2,0,5,0,0,1,1,0,0,0,0,12.929402,50.854731
12,21,11,1,10,2,3,8,1,0,1,1,1,0,0,0,0,13.709421,51.084227
12,21,10,24,9,1,2,5,2,0,0,1,1,0,0,0,0,13.73644,51.063805
27,21,10,18,16,2,3,0,1,0,0,1,0,0,0,0,0,13.540671,51.067977
28,21,11,20,12,7,2,0,1,0,1,1,0,0,0,0,0,13.693517,50.949689
13,21,10,9,14,7,2,5,3,0,0,1,1,0,0,0,0,12.337972,51.335384
12,21,12,1,17,4,3,5,3,2,1,1,1,0,0,0,0,13.728902,51.083599
27,21,11,2,6,3,3,5,3,1,1,1,1,0,0,0,0,13.56011,51.17884
25,21,10,24,16,1,2,9,1,0,0,1,0,0,0,0,0,14.491426,51.125253
12,21,11,26,5,6,3,4,2,2,0,1,1,0,0,0,0,13.731887,51.126363
22,21,10,29,9,6,3,5,2,0,0,1,1,0,0,0,0,13.323544,50.91119
24,21,11,2,13,3,3,5,2,0,0,1,1,0,0,0,0,12.482444,50.731027
12,21,11,30,17,3,3,5,3,2,1,1,1,0,0,0,0,13.730685,51.030412
12,21,10,8,23,6,3,8,7,2,0,1,0,0,0,0,0,13.794433,51.163305
13,21,12,10,5,6,3,5,3,2,0,1,1,0,0,0,0,12.302406,51.34261
12,21,11,25,15,5,3,5,3,0,0,1,1,0,0,0,0,13.736581,51.063679
12,21,11,10,14,4,3,5,3,0,0,1,1,0,0,0,0,13.689678,51.069434
13,21,10,12,14,3,2,5,3,0,0,1,1,0,0,0,0,12.392572,51.34843
28,21,11,23,12,3,3,5,3,0,0,1,1,0,0,0,0,14.004141,51.027159
12,21,11,29,13,2,3,5,2,0,0,1,0,0,0,0,1,13.742076,51.06467
13,21,10,15,13,6,3,5,3,0,0,1,1,0,0,0,0,12.285842,51.330948
12,21,11,26,9,6,2,0,7,0,1,1,0,0,0,0,0,13.704184,51.035405
12,21,10,22,8,6,3,8,1,0,0,1,0,0,0,0,0,13.851383,51.025605
29,21,11,3,10,4,3,0,1,0,0,1,0,0,0,0,0,12.864421,51.17412
12,21,11,10,9,4,2,5,3,0,0,1,1,0,0,0,0,13.732671,51.029567
25,21,11,6,11,7,3,5,3,0,0,1,1,0,0,0,0,14.394539,51.179649
13,21,11,28,16,1,3,5,2,2,0,1,1,0,0,0,0,12.403769,51.321642
22,21,12,16,22,5,2,0,1,2,0,1,0,0,0,0,0,12.954009,50.966868
27,21,11,28,5,1,3,0,7,2,2,1,0,0,0,0,0,13.302044,51.300161
29,21,11,9,12,3,1,6,6,0,0,1,0,1,0,0,1,12.492975,51.124826
29,21,10,29,14,6,3,0,1,0,0,1,0,0,0,0,0,12.547204,51.347474
27,21,10,6,13,4,3,8,7,0,0,1,0,0,0,0,0,13.405743,51.197324
29,21,12,8,17,4,3,5,3,2,1,1,1,0,0,0,0,12.416528,51.198979
23,21,10,22,17,6,2,8,1,2,0,1,0,0,0,0,0,12.107717,50.497598
21,21,12,21,23,3,2,4,2,2,0,1,1,0,0,0,0,12.793083,50.541957
30,21,11,12,17,6,3,0,1,2,0,1,0,0,0,0,0,12.652723,51.523982
25,21,11,2,5,3,3,3,2,2,1,1,1,0,0,0,0,14.09077,51.29394
11,21,12,20,13,2,3,5,2,0,0,1,1,0,0,0,0,12.953143,50.863005
12,21,11,11,14,5,3,6,4,0,0,1,0,1,0,0,0,13.717437,51.077218
25,21,10,8,19,6,3,3,6,2,0,1,0,0,0,0,1,14.157026,51.235381
25,21,11,25,22,5,3,5,3,2,0,1,1,0,0,0,0,14.350461,51.098431
27,21,10,31,10,1,3,0,1,0,0,1,0,0,0,0,0,13.305467,51.193889
28,21,10,11,18,2,2,0,7,0,0,1,0,0,0,0,0,13.636286,51.01916
13,21,11,13,14,7,2,5,2,0,0,1,1,0,0,0,0,12.395092,51.332089
25,21,12,14,6,3,3,3,2,1,1,1,0,0,0,0,1,14.422947,51.168344
12,21,11,4,14,5,3,5,3,0,1,1,1,0,0,0,0,13.761321,51.083408
27,21,11,18,9,5,3,5,3,0,0,1,1,0,0,0,0,13.580499,51.128162
27,21,10,25,9,2,3,5,3,0,0,1,1,0,0,0,0,13.534754,51.29174
22,21,11,4,18,5,3,5,2,2,1,1,1,0,0,0,0,13.350009,50.917162
21,21,12,21,16,3,2,9,1,2,1,1,0,0,0,0,0,12.7849,50.552913
13,21,11,16,6,3,3,5,3,2,1,1,1,0,0,0,0,12.42733,51.294886
13,21,10,24,8,1,3,5,3,0,1,1,1,0,0,0,0,12.45499,51.350293
12,21,10,18,9,2,3,5,3,0,0,1,0,0,0,0,1,13.695125,51.04319
28,21,11,26,20,6,3,0,1,2,0,1,0,0,0,0,0,13.939305,50.954726
26,21,12,8,10,4,3,5,3,0,0,1,1,0,0,0,0,14.964808,51.32919
13,21,10,28,11,5,1,5,3,0,0,1,1,0,0,0,0,12.344842,51.339183
28,21,10,16,0,7,3,1,1,2,1,1,1,0,0,0,0,13.528328,50.987473
12,21,11,24,7,4,3,5,3,1,1,1,1,0,0,0,0,13.743037,51.028692
12,21,12,10,8,6,3,0,1,0,1,1,0,0,0,0,0,13.739074,51.064231
12,21,10,6,17,4,3,6,6,0,0,1,0,1,0,0,0,13.740405,51.064721
13,21,10,6,8,4,3,3,2,0,0,1,1,0,0,0,0,12.392051,51.346319
21,21,10,11,14,2,3,5,3,0,1,1,1,0,0,0,0,12.698345,50.587612
26,21,10,28,15,5,2,3,6,0,0,1,1,0,0,0,0,14.714419,51.549931
12,21,11,4,18,5,3,5,3,2,1,1,1,0,0,0,0,13.759921,51.081393
25,21,11,18,16,5,3,0,7,1,0,1,0,0,0,0,0,14.419727,51.169308
27,21,12,11,10,7,3,5,3,0,1,1,1,0,0,0,0,13.360344,51.328514
21,21,10,28,6,5,2,4,2,2,0,1,1,0,0,0,0,12.669792,50.746797
11,21,12,10,17,6,3,5,3,2,0,1,1,0,0,0,0,12.955119,50.814279
12,21,11,23,10,3,3,4,2,0,0,1,1,0,0,0,0,13.863294,51.014165
28,21,12,9,8,5,3,8,6,0,0,1,1,0,0,0,0,13.649901,51.006749
28,21,12,1,13,4,3,0,3,0,0,1,1,0,0,0,0,13.945637,50.937301
25,21,12,15,15,4,3,0,1,1,1,1,0,0,0,0,0,14.440898,51.126106
25,21,10,15,17,6,2,0,1,1,1,1,0,0,0,0,0,14.15536,51.094036
11,21,10,10,11,1,3,5,3,0,0,1,1,0,0,0,0,12.949583,50.816602
25,21,11,29,12,2,3,5,3,0,1,1,0,0,0,0,1,14.062808,51.366873
25,21,10,22,8,6,2,4,2,0,0,1,0,0,0,0,1,13.826214,51.175913
13,21,12,30,15,5,3,5,2,0,1,1,1,0,0,0,0,12.39937,51.363416
30,21,11,9,17,3,3,4,2,2,0,1,1,0,0,0,0,13.110677,51.300369
25,21,10,30,17,7,3,3,6,2,0,1,1,0,0,0,0,14.316086,51.093776
25,21,11,20,0,7,3,0,1,2,0,1,0,0,0,0,0,14.112084,51.28815
24,21,10,24,15,1,3,4,6,0,0,1,1,0,0,0,0,12.276452,50.734107
12,21,11,4,7,5,3,0,1,0,1,1,0,0,0,0,0,13.707462,51.02062
26,21,10,8,15,6,2,5,3,0,0,1,1,0,0,0,0,14.777788,50.878241
12,21,10,11,15,2,3,0,1,0,1,1,0,0,0,0,0,13.719763,51.094144
12,21,12,16,17,5,3,6,4,2,0,1,0,1,0,0,0,13.720906,51.041355
13,21,10,18,9,2,3,5,2,0,0,1,1,0,0,0,0,12.422389,51.351708
22,21,11,9,21,3,3,4,6,2,0,1,0,0,0,0,1,13.333492,50.895697
24,21,10,29,14,6,3,5,3,0,0,1,1,0,0,0,0,12.496918,50.696337
12,21,10,18,23,2,3,0,7,2,0,1,0,0,0,0,0,13.732396,51.077614
28,21,12,22,15,4,3,5,3,0,0,1,1,0,0,0,0,13.530661,51.058237
26,21,11,19,9,6,2,5,3,0,1,1,1,0,0,0,0,14.682549,51.349898
27,21,11,11,15,5,3,5,3,0,0,1,1,0,0,0,0,13.296856,51.302132
29,21,10,23,10,7,3,2,6,0,0,1,1,0,0,0,0,12.396665,51.275993
12,21,10,17,16,1,2,2,6,0,0,1,1,0,0,0,0,13.738387,51.063962
13,21,12,10,13,6,3,5,3,0,0,1,1,0,0,0,0,12.344896,51.339195