CSV=`UKREIS,UJAHR,UMONAT,UTAG,USTUNDE,UWOCHENTAG,UKATEGORIE,UART,UTYP,LICHT,USTRZUSTAND,IstRad,IstPKW,IstFuss,IstKrad,IstGkfz,IstSonstig,@lon,@lat
11,21,10,15,13,6,3,5,3,0,0,1,1,0,0,0,0,12.955935,50.831747
29,21,11,3,7,4,1,3,6,0,0,1,0,0,0,0,1,12.673402,51.182702
13,21,11,23,17,3,3,2,6,2,1,1,1,0,0,0,0,12.358756,51.342056
27,21,11,6,10,7,3,5,3,0,0,1,1,0,0,0,0,13.492186,51.159714
26,21,10,7,16,5,3,3,2,0,0,1,1,0,0,0,0,14.941458,51.147731
29,21,12,22,17,4,2,5,3,2,0,1,1,0,0,0,0,12.567996,51.360466
12,21,12,8,9,4,3,5,3,0,0,1,1,0,0,0,0,13.701585,51.030589
11,21,10,10,13,1,3,5,3,0,0,1,1,0,0,0,0,12.908561,50.826783
27,21,10,14,17,5,3,5,3,0,0,1,1,0,0,0,0,13.551005,51.144444
25,21,11,3,15,4,3,9,1,0,0,1,0,0,0,0,0,14.334947,51.229398
13,21,12,20,17,2,3,4,6,2,0,1,0,0,0,0,0,12.394315,51.336505
12,21,12,7,7,3,3,3,2,2,0,1,1,0,0,0,0,13.681219,51.061861
13,21,11,10,9,4,3,5,2,0,0,1,1,0,0,0,0,12.40391,51.321715
12,21,10,19,17,3,3,0,7,0,0,1,0,0,0,0,0,13.846951,51.060451
27,21,10,14,23,5,3,3,6,2,0,1,1,0,0,0,0,13.67084,51.103773
26,21,11,8,14,2,3,5,3,0,1,1,1,0,0,0,0,14.97717,51.143887
11,21,10,30,19,7,3,5,2,2,0,1,1,0,0,0,0,12.82683,50.828185
30,21,12,27,13,2,2,5,3,0,1,1,1,0,0,0,0,12.594338,51.598086
12,21,11,1,18,2,3,0,6,2,1,1,1,0,0,0,0,13.750675,51.071359
25,21,10,24,16,1,2,3,6,0,0,1,0,0,0,0,0,14.014895,51.142336
13,21,10,11,8,2,3,5,2,0,0,1,1,0,0,0,0,12.397179,51.33084
12,21,12,2,15,5,3,3,6,0,0,1,1,0,0,0,0,13.773069,51.113964
28,21,12,15,18,4,3,0,1,2,1,1,0,0,0,0,0,13.592067,50.983564
13,21,10,15,0,6,3,5,2,2,0,1,1,0,0,0,0,12.362094,51.342532
25,21,11,15,12,2,3,3,2,0,0,1,1,0,0,0,0,14.307553,51.096721
12,21,12,11,9,7,3,5,2,0,0,1,1,0,0,0,0,13.727815,51.084631
11,21,12,10,14,6,2,5,2,0,0,1,1,0,0,0,0,12.920247,50.825407
11,21,12,3,12,6,3,5,2,0,0,1,1,0,0,0,0,12.84123,50.81405
11,21,10,6,15,4,3,3,2,0,0,1,1,0,0,0,0,12.940722,50.820299
27,21,12,8,8,4,3,5,3,1,1,1,1,0,0,0,0,13.320157,51.295289
27,21,10,31,17,1,2,5,7,2,0,1,1,0,0,0,0,13.590055,51.138647
12,21,11,29,16,2,3,5,3,2,1,1,1,0,0,0,0,13.761321,51.083407
24,21,11,13,8,7,3,3,2,0,0,1,1,0,0,0,0,12.431594,50.679667
12,21,11,4,18,5,3,5,3,2,1,1,1,0,0,0,0,13.793638,51.129244
12,21,11,12,16,6,3,5,3,0,0,1,0,0,0,0,1,13.702336,51.043738
27,21,10,28,16,5,3,5,3,0,0,1,1,0,0,0,0,13.387164,51.15551
30,21,12,9,7,5,2,3,2,2,1,1,1,0,0,0,0,13.119131,51.482654
13,21,10,12,7,3,3,3,2,1,0,1,1,0,0,0,0,12.370882,51.344101
22,21,10,13,13,4,3,5,3,0,0,1,1,0,0,0,0,13.332136,50.867895
13,21,12,2,12,5,3,1,3,0,0,1,1,0,0,0,0,12.33298,51.336049
21,21,10,7,15,5,2,5,3,0,0,1,1,0,0,0,0,12.688026,50.609999
25,21,12,22,12,4,3,2,1,0,0,1,1,0,0,0,0,14.106615,51.273226
12,21,10,11,16,2,3,0,7,0,0,1,0,0,0,0,0,13.814403,51.064049
25,21,11,13,0,7,3,9,7,2,0,1,0,0,0,0,0,14.427071,51.257972
13,21,11,26,6,6,3,5,3,2,0,1,1,0,0,0,0,12.405927,51.313915
11,21,11,17,13,4,2,0,6,0,0,1,0,0,0,0,1,12.903094,50.825586
12,21,12,15,15,4,3,3,6,0,0,1,1,0,0,0,0,13.712702,51.061569
26,21,12,21,10,3,3,4,2,0,1,1,1,0,0,0,0,14.829377,51.29189
24,21,11,2,19,3,3,5,3,2,0,1,1,0,0,0,0,12.482285,50.714781
12,21,11,24,8,4,3,5,3,0,1,1,1,0,0,0,0,13.70702,51.041396
13,21,11,9,9,3,3,5,3,0,1,1,1,0,0,0,0,12.443962,51.291454
30,21,10,19,11,3,3,5,3,0,0,1,1,0,0,0,0,12.649197,51.464226
11,21,11,7,17,1,3,0,1,2,1,1,1,0,0,0,0,12.96081,50.81189
25,21,11,1,9,2,3,5,3,0,0,1,0,0,0,0,0,14.391792,51.054131
13,21,12,17,9,6,3,5,2,0,0,1,1,0,0,0,0,12.261651,51.316168
13,21,10,29,19,6,3,5,2,1,0,1,1,0,0,0,0,12.331869,51.335905
28,21,11,20,1,7,2,0,1,2,1,1,0,0,0,0,0,13.768918,50.950581
26,21,12,14,16,3,2,2,2,2,1,1,1,0,0,0,0,14.502364,51.055486
12,21,11,17,18,4,3,0,7,2,0,1,0,0,0,0,0,13.700488,51.029142
13,21,11,21,21,1,2,5,3,2,1,1,1,0,0,0,0,12.382661,51.314946
24,21,10,18,11,2,2,5,3,0,0,1,1,0,0,0,0,12.636665,50.744502
12,21,12,16,14,5,3,5,3,0,1,1,1,0,0,0,0,13.774514,51.111755
30,21,1,5,7,3,3,0,7,2,1,1,0,0,0,0,0,12.357425,51.433272
13,21,1,24,10,1,3,5,3,0,2,1,1,0,0,0,0,12.434388,51.317254
13,21,1,18,16,2,3,5,2,1,1,1,1,0,0,0,0,12.384941,51.338379
11,21,1,2,15,7,3,0,7,0,1,1,0,0,0,0,0,12.899539,50.839576
25,21,1,26,16,3,2,6,4,0,1,1,0,1,0,0,0,14.270888,51.435394
13,21,1,4,7,2,3,5,2,0,1,1,1,0,0,0,0,12.365662,51.321031
26,21,1,20,8,4,2,0,1,0,2,1,0,0,0,0,0,14.628987,51.508913
13,21,1,13,13,4,3,5,3,0,1,1,1,0,0,0,0,12.39323,51.336944
30,21,1,8,11,6,3,5,3,0,1,1,1,0,0,0,0,12.992563,51.549978
12,21,1,21,8,5,3,5,3,0,0,1,0,0,0,1,0,13.729161,51.055896
12,21,1,5,7,3,2,0,1,1,1,1,0,0,0,0,0,13.787566,51.043315
12,21,1,25,15,2,2,0,7,0,0,1,0,0,0,0,0,13.771742,51.057544
13,21,1,8,15,6,3,3,6,0,1,1,0,0,0,0,1,12.374529,51.343058
25,21,1,22,10,6,3,0,1,0,0,1,0,0,0,0,0,14.443975,51.182224
28,21,1,14,17,5,2,5,3,2,1,1,1,0,0,0,0,13.908721,50.959013
13,21,1,25,14,2,3,5,3,0,0,1,1,0,0,0,0,12.378453,51.319609
29,21,1,20,16,4,2,1,6,0,1,1,0,0,0,0,0,12.643433,51.354446
11,21,1,5,15,3,3,5,3,0,1,1,1,0,0,0,0,12.894434,50.821967
12,21,1,15,7,6,3,0,3,1,1,1,1,0,0,0,0,13.800765,51.042882
29,21,1,8,5,6,3,5,3,2,1,1,1,0,0,0,0,12.743568,51.372758
25,21,1,21,10,5,2,3,2,0,0,1,1,0,0,0,0,14.239656,51.435527
12,21,1,12,7,3,3,0,1,0,2,1,0,0,0,0,0,13.768246,51.047967
12,21,1,13,11,4,3,5,3,0,1,1,1,0,0,0,0,13.713143,51.031421
27,21,1,11,13,2,3,0,1,0,0,1,0,0,0,0,0,13.57694,51.122025
13,21,1,19,21,3,3,0,1,2,1,1,0,0,0,0,0,12.37674,51.340486
30,21,1,21,14,5,3,5,3,0,2,1,1,0,0,0,0,12.313449,51.513545
13,21,1,4,6,2,3,5,3,2,1,1,1,0,0,0,0,12.373711,51.305636
30,21,1,15,15,6,3,5,2,0,1,1,1,0,0,0,0,12.529419,51.581968
12,21,1,24,14,1,3,5,3,0,1,1,1,0,0,0,0,13.773575,51.048732
13,21,1,6,22,4,3,1,1,2,1,1,1,0,0,0,0,12.39887,51.33686
25,21,1,18,6,2,3,4,6,2,2,1,0,0,0,0,0,14.423676,51.174151
13,21,1,25,17,2,3,6,4,2,1,1,0,1,0,0,0,12.419231,51.343889
13,21,1,5,14,3,3,0,7,0,1,1,0,0,0,0,0,12.370293,51.343396
30,21,1,5,18,3,3,4,2,2,1,1,1,0,0,0,0,12.339445,51.526788
13,21,1,1,2,6,3,0,1,2,1,1,0,0,0,0,0,12.371722,51.361123
11,21,1,17,15,1,3,0,1,0,1,1,0,0,0,0,0,12.975623,50.82189
12,21,1,12,7,3,2,0,1,0,2,1,0,0,0,0,0,13.816243,51.035802
22,21,1,22,18,6,3,5,3,2,1,1,1,0,0,0,0,12.996975,51.080712
13,21,1,2,18,7,3,5,3,2,0,1,1,0,0,0,0,12.401031,51.34121
24,21,1,7,7,5,2,5,3,0,1,1,1,0,0,0,0,12.371222,50.754133
13,21,1,26,14,3,3,5,3,0,0,1,1,0,0,0,0,12.380344,51.360751
12,21,1,12,17,3,3,5,3,2,1,1,1,0,0,0,0,13.837301,51.025269
13,21,1,14,16,5,3,0,1,2,1,1,0,0,0,0,0,12.339967,51.326438
13,21,1,21,17,5,3,6,4,2,0,1,1,1,0,0,0,12.373712,51.331305
12,21,1,5,7,3,3,0,1,0,1,1,0,0,0,0,0,13.742033,51.06532
23,21,1,19,5,3,3,7,1,2,1,1,0,0,0,0,0,12.175525,50.411077
13,21,1,20,16,4,2,8,7,0,0,1,0,0,0,0,0,12.424092,51.31997
28,21,3,6,11,7,3,5,2,0,0,1,1,0,0,0,0,13.657212,51.032636
30,21,5,9,10,1,3,5,3,0,0,1,1,0,0,0,0,12.961764,51.33792
26,21,2,19,16,6,3,0,1,0,0,1,0,0,0,0,0,14.885143,50.949886
13,21,5,14,15,6,3,3,6,0,0,1,0,0,0,0,0,12.37783,51.333894
13,21,3,31,6,4,3,5,3,1,0,1,1,0,0,0,0,12.430177,51.370663
13,21,3,21,11,1,3,5,3,0,0,1,1,0,0,0,0,12.388589,51.298123
25,21,1,27,16,4,3,3,6,0,0,1,0,0,0,0,0,14.265487,51.446406
24,21,4,21,15,4,3,0,1,0,0,1,0,0,0,0,0,12.371233,50.75408
13,21,4,28,7,4,3,0,1,0,0,1,0,0,0,0,0,12.411875,51.331879
13,21,4,27,16,3,3,5,2,0,0,1,1,0,0,0,0,12.355776,51.335472
28,21,5,20,12,5,3,2,6,0,0,1,1,0,0,0,0,13.870356,50.979855
21,21,5,3,20,2,3,5,3,0,0,1,1,0,0,0,0,12.780973,50.70815
13,21,3,29,18,2,2,5,3,0,0,1,0,0,0,0,1,12.420898,51.358395
13,21,4,14,11,4,3,4,6,0,0,1,1,0,0,0,0,12.388141,51.338756
12,21,5,11,14,3,3,1,1,0,0,1,1,0,0,0,0,13.817017,51.062249
12,21,2,24,10,4,3,5,3,0,0,1,1,0,0,0,0,13.713733,51.052114
13,21,5,18,17,3,3,5,3,0,0,1,1,0,0,0,0,12.38065,51.306544
25,21,3,24,7,4,2,4,6,0,0,1,0,0,0,0,0,14.246297,51.435163
29,21,4,30,14,6,2,5,3,0,0,1,1,0,0,0,0,12.683448,51.354466
29,21,2,28,13,1,3,0,7,0,0,1,0,0,0,0,0,12.491055,51.124687
25,21,5,7,15,6,2,0,1,0,0,1,0,0,0,0,0,14.094227,51.276265
13,21,2,20,11,7,3,6,6,0,0,1,0,1,0,0,0,12.477258,51.339613
13,21,5,21,10,6,3,5,3,0,0,1,1,0,0,0,0,12.474846,51.3381
29,21,1,27,6,4,3,5,3,2,0,1,1,0,0,0,0,12.712665,51.237393
24,21,4,27,11,3,3,5,3,0,0,1,1,0,0,0,0,12.448844,50.836363
13,21,3,16,22,3,3,3,6,1,0,1,0,0,0,0,0,12.414294,51.359444
25,21,5,10,15,2,1,3,6,0,0,1,1,0,0,0,0,14.114608,51.443196
13,21,4,26,15,2,3,3,6,0,0,1,1,0,0,0,0,12.369334,51.356491
13,21,3,4,17,5,3,1,5,2,1,1,1,0,0,0,0,12.382466,51.333262
13,21,4,13,15,3,3,0,1,0,0,1,1,0,0,0,0,12.306439,51.35133
30,21,5,13,22,5,3,1,5,2,0,1,1,0,0,0,0,12.342662,51.524502
12,21,5,10,13,2,3,5,2,0,0,1,1,0,0,0,0,13.767784,51.02608
13,21,5,19,15,4,2,5,3,0,0,1,1,0,0,0,0,12.373326,51.353059
21,21,3,27,18,7,2,0,7,1,1,1,0,0,0,0,1,12.642779,50.594651
12,21,4,26,17,2,3,0,1,0,0,1,0,0,0,0,0,13.721493,51.077399
12,21,4,4,18,1,2,0,1,0,0,1,0,0,0,0,0,13.715723,51.106565
13,21,3,3,14,4,3,5,3,0,0,1,1,0,0,0,0,12.459735,51.352274
24,21,4,13,17,3,3,5,3,0,0,1,1,0,0,0,0,12.718392,50.849087
13,21,5,17,9,2,2,3,2,0,0,1,1,0,0,0,0,12.392166,51.322488
13,21,3,23,14,3,3,5,3,0,0,1,0,0,0,0,0,12.423231,51.34198
26,21,2,2,7,3,2,0,7,0,2,1,0,0,0,0,0,14.580376,51.404175
13,21,4,21,19,4,3,1,7,0,0,1,1,0,0,0,0,12.376655,51.316835
12,21,4,9,13,6,3,0,7,0,0,1,1,0,0,0,0,13.709782,51.09869
29,21,5,6,14,5,3,4,6,0,0,1,1,0,0,0,0,12.507097,51.132881
26,21,3,3,14,4,3,8,1,0,0,1,0,0,0,0,0,14.958091,51.133152
13,21,1,29,22,6,3,5,3,2,1,1,1,0,0,0,0,12.331276,51.332293
13,21,4,19,8,2,3,1,5,0,0,1,0,0,0,0,1,12.404043,51.345632
22,21,4,27,17,3,3,7,7,0,0,1,0,0,0,0,0,13.139732,51.094819
25,21,3,12,12,6,3,5,3,0,0,1,1,0,0,0,0,14.09598,51.456872
12,21,3,15,15,2,3,5,3,0,0,1,1,0,0,0,0,13.694497,51.081917
24,21,5,10,10,2,3,2,5,0,0,1,1,0,0,0,0,12.764609,50.858171
27,21,3,10,15,4,3,8,1,0,0,1,0,0,0,0,0,13.611867,51.108886
11,21,3,29,10,2,3,0,7,0,0,1,0,0,0,0,0,12.863619,50.867434
12,21,2,5,21,6,3,5,3,2,1,1,1,0,0,0,0,13.746169,51.059598
24,21,4,24,18,7,2,1,5,0,0,1,1,0,0,0,0,12.463681,50.849794
13,21,3,3,11,4,2,3,6,0,0,1,1,0,0,0,0,12.445116,51.342619
13,21,4,12,15,2,3,1,5,0,0,1,1,0,0,0,0,12.312277,51.342746
12,21,3,26,14,6,2,5,2,0,0,1,1,0,0,0,0,13.775752,51.050858
12,21,4,30,8,6,2,5,2,0,0,1,1,0,0,0,0,13.80477,51.039864
29,21,4,10,18,7,3,4,6,1,1,1,0,0,0,0,0,12.504714,51.25966
13,21,5,20,15,5,3,5,2,0,0,1,0,0,0,0,1,12.396239,51.303616
12,21,2,3,11,4,2,0,4,0,0,1,0,1,0,0,0,13.823634,51.011676
12,21,4,22,15,5,3,1,5,0,0,1,1,0,0,0,0,13.726442,51.081593
12,21,5,5,19,4,2,5,3,0,0,1,1,0,0,0,0,13.71269,51.0809
23,21,2,20,16,7,2,5,3,0,0,1,1,0,0,0,0,12.199076,50.439367
13,21,5,11,18,3,3,5,2,0,1,1,1,0,0,0,0,12.411633,51.342607
13,21,5,18,16,3,3,5,3,0,0,1,1,0,0,0,0,12.38941,51.289819
12,21,3,30,11,3,3,5,3,0,0,1,0,0,0,0,0,13.841682,51.019772
13,21,4,24,22,7,2,0,1,2,0,1,0,0,0,0,0,12.339174,51.333271
25,21,4,12,6,2,2,5,3,2,1,1,1,0,0,0,0,13.835062,51.180428
12,21,5,10,5,2,3,5,3,0,0,1,1,0,0,0,0,13.789533,51.018319
11,21,2,22,13,2,2,4,7,0,0,1,1,0,0,0,0,12.919949,50.825303
28,21,3,25,7,5,2,5,3,0,0,1,0,0,0,0,0,13.941967,50.960803
13,21,4,30,14,6,3,5,3,0,0,1,1,0,0,0,0,12.380891,51.342059
13,21,3,16,7,3,3,3,6,0,0,1,0,0,0,0,1,12.368497,51.289024
26,21,4,9,14,6,3,1,5,0,0,1,1,0,0,0,0,14.809376,50.905327
13,21,5,5,14,4,3,1,7,0,0,1,1,0,0,0,0,12.385813,51.363111
29,21,5,11,16,3,3,5,3,0,0,1,1,0,0,0,0,12.290378,51.172474
13,21,3,22,18,2,3,5,2,0,0,1,1,0,0,0,0,12.36575,51.363437
12,21,4,27,13,3,2,0,1,0,0,1,0,0,0,0,0,13.834714,51.027691
11,21,5,20,18,5,3,5,3,0,0,1,0,0,0,0,0,12.945883,50.831595
25,21,5,4,15,3,3,5,3,0,0,1,0,0,0,0,0,14.255555,51.438746
24,21,3,26,11,6,2,0,1,0,0,1,0,0,0,0,0,12.490845,50.728237
12,21,4,26,16,2,2,0,1,0,0,1,0,0,0,0,0,13.764727,51.03972
27,21,4,19,7,2,3,5,3,0,0,1,1,0,0,0,0,13.628384,51.105098
12,21,5,4,12,3,3,0,1,0,1,1,0,0,0,0,0,13.728024,51.052343
27,21,4,8,9,5,3,8,1,0,0,1,0,0,0,0,0,13.28712,51.303469
12,21,4,18,14,1,3,0,1,0,1,1,0,0,0,0,0,13.741808,51.023611
13,21,3,25,15,5,3,2,6,0,0,1,1,0,0,0,0,12.390855,51.339185
13,21,4,25,14,1,3,5,2,0,0,1,1,0,0,0,0,12.405978,51.34301
24,21,4,5,23,2,3,0,1,2,2,1,0,0,0,0,0,12.458694,50.721236
12,21,3,6,14,7,2,6,4,0,0,1,0,1,0,0,0,13.786068,51.043358
12,21,4,12,6,2,3,5,2,1,1,1,1,0,0,0,0,13.841822,51.002265
24,21,3,1,19,2,3,4,2,2,0,1,1,0,0,0,0,12.591214,50.880734
13,21,5,14,19,6,3,3,6,0,1,1,0,0,0,0,1,12.366424,51.321
25,21,5,21,17,6,3,3,2,0,0,1,1,0,0,0,0,14.256408,51.099667
12,21,3,21,15,1,3,0,5,0,0,1,1,0,0,0,0,13.747996,51.072825
13,21,3,17,5,4,3,2,6,1,1,1,1,0,0,0,0,12.32971,51.320336
12,21,5,20,13,5,2,5,3,0,0,1,0,0,0,0,0,13.749461,51.064745
13,21,5,3,13,2,3,1,5,0,0,1,1,0,0,0,0,12.373661,51.323447
12,21,3,28,14,1,2,5,3,0,0,1,1,0,0,0,0,13.861089,51.019323
27,21,4,25,15,1,3,0,1,0,0,1,0,0,0,0,0,13.569797,51.163587
12,21,3,7,14,1,3,5,3,0,0,1,1,0,0,0,0,13.803002,51.040429
25,21,4,13,16,3,3,1,5,0,0,1,1,0,0,0,0,14.414932,51.178741
30,21,5,9,12,1,2,5,3,0,0,1,1,0,0,0,0,12.57882,51.599382
13,21,2,23,10,3,2,0,7,0,0,1,0,0,0,0,0,12.39234,51.288044
12,21,4,1,17,5,3,0,7,0,0,1,0,0,0,0,0,13.777849,51.054134
21,21,4,24,15,7,3,5,3,0,0,1,1,0,0,0,0,12.994566,50.516068
13,21,4,28,13,4,3,1,1,0,0,1,1,0,0,0,0,12.433004,51.29444
24,21,3,2,7,3,3,5,3,1,0,1,1,0,0,0,0,12.536866,50.773068
11,21,5,15,18,7,3,1,6,0,0,1,1,0,0,0,0,12.928411,50.846963
13,21,3,31,13,4,3,0,7,0,0,1,0,0,0,0,0,12.405729,51.351263
30,21,3,21,16,1,3,5,3,0,0,1,0,0,0,0,0,12.338526,51.528454
13,21,1,29,14,6,2,5,3,0,1,1,1,0,0,0,0,12.395788,51.363293
13,21,4,27,18,3,3,3,5,0,0,1,1,0,0,0,0,12.324631,51.340099
12,21,3,24,15,4,3,0,7,0,0,1,0,0,0,0,0,13.735772,51.055333
13,21,4,21,14,4,3,3,6,0,0,1,0,0,0,1,0,12.378278,51.375743
22,21,4,30,15,6,3,4,2,0,0,1,1,0,0,0,0,13.345887,50.904675
12,21,3,2,8,3,3,6,4,0,0,1,0,1,0,0,0,13.733577,51.035267
28,21,4,14,9,4,3,0,7,0,0,1,0,0,0,0,0,13.940165,50.96185
13,21,3,3,13,4,3,3,2,0,0,1,1,0,0,0,0,12.410828,51.337914
11,21,5,15,15,7,3,5,3,0,0,1,1,0,0,0,0,12.991371,50.834352
29,21,5,20,16,5,3,5,3,0,0,1,1,0,0,0,0,12.755407,51.411575
12,21,3,31,16,4,2,6,6,0,0,1,0,1,0,0,0,13.754557,51.041151
12,21,4,21,15,4,3,0,7,0,0,1,0,0,0,0,1,13.741047,51.035352
12,21,4,27,14,3,2,4,2,0,0,1,0,0,0,0,0,13.643768,51.092938
27,21,3,13,15,7,2,0,1,0,1,1,0,0,0,0,0,13.280413,51.305731
29,21,4,11,17,1,3,7,7,0,0,1,0,0,0,0,0,12.772753,51.247285
24,21,2,18,14,5,3,5,3,0,0,1,1,0,0,0,0,12.373544,50.755556
12,21,2,28,10,1,2,2,2,0,0,1,0,0,0,0,0,13.795379,51.045076
13,21,5,13,14,5,3,5,3,0,1,1,1,0,0,0,0,12.399795,51.311283
28,21,3,9,11,3,3,3,6,0,0,1,1,0,0,0,0,14.027548,51.044026
27,21,4,15,12,5,2,5,3,0,0,1,1,0,0,0,0,13.688461,51.103617
13,21,4,24,13,7,3,5,3,0,0,1,1,0,0,0,0,12.372979,51.301377
12,21,4,6,16,3,3,5,3,0,1,1,1,0,0,0,0,13.790207,51.022678
13,21,4,13,14,3,3,3,6,0,0,1,1,0,0,0,0,12.380423,51.350812
12,21,2,24,16,4,3,0,4,0,0,1,0,1,0,0,0,13.73839,51.047039
13,21,4,29,14,5,3,2,6,0,0,1,1,0,0,0,0,12.39062,51.291119
13,21,4,11,16,1,3,6,4,0,0,1,0,1,0,0,0,12.373647,51.32314
13,21,5,6,19,5,3,1,5,0,0,1,1,0,0,0,0,12.386629,51.343518
12,21,3,1,7,2,3,0,1,0,1,1,0,0,0,0,0,13.764254,51.053131
12,21,5,12,15,4,3,5,3,0,1,1,1,0,0,0,0,13.742393,51.042091
25,21,3,20,21,7,3,1,1,2,1,1,1,0,0,0,0,14.438044,51.170544
29,21,4,19,14,2,3,5,3,0,0,1,1,0,0,0,0,12.493952,51.120008
27,21,5,3,13,2,3,0,1,0,0,1,0,0,0,0,0,13.57365,51.11906
25,21,3,13,12,7,3,5,3,0,0,1,1,0,0,0,0,14.430253,51.179705
12,21,2,25,11,5,3,5,2,0,0,1,1,0,0,0,0,13.699878,51.022756
13,21,5,11,9,3,3,5,3,0,0,1,1,0,0,0,0,12.479076,51.272262
26,21,5,3,16,2,3,5,3,0,0,1,1,0,0,0,0,14.975318,51.168307
13,21,4,8,20,5,2,3,6,2,0,1,1,0,0,0,0,12.365282,51.369804
13,21,5,12,7,4,3,5,2,0,1,1,1,0,0,0,0,12.362659,51.321028
23,21,3,30,16,3,3,4,2,0,0,1,1,0,0,0,0,12.140885,50.484588
13,21,3,19,9,6,3,5,3,0,1,1,1,0,0,0,0,12.40835,51.337551
25,21,3,10,7,4,3,5,3,0,0,1,0,0,0,0,1,14.274416,51.447641
11,21,5,18,16,3,3,5,3,0,0,1,0,0,0,0,1,12.935306,50.831134
13,21,4,24,18,7,3,5,2,0,0,1,1,0,0,0,0,12.335814,51.327637
13,21,4,5,18,2,3,5,3,0,0,1,1,0,0,0,0,12.310238,51.317717
12,21,5,9,21,1,2,5,3,2,0,1,1,0,0,0,0,13.789532,51.018319
27,21,5,21,11,6,3,0,1,0,0,1,0,0,0,0,0,13.257492,51.302789
21,21,3,26,10,6,3,0,1,0,0,1,0,0,0,0,0,12.848314,50.7063
13,21,2,2,15,3,3,0,1,0,1,1,0,0,0,0,0,12.368396,51.357792
12,21,5,6,8,5,2,0,5,0,0,1,1,0,0,0,0,13.798276,51.045562
12,21,2,19,15,6,3,5,3,0,0,1,1,0,0,0,0,13.773393,51.127517
13,21,5,13,20,5,2,0,1,1,1,1,0,0,0,0,0,12.433308,51.344023
12,21,3,23,8,3,3,1,1,0,1,1,1,0,0,0,0,13.761556,51.046641
12,21,4,20,10,3,3,0,1,0,0,1,0,0,0,0,0,13.755888,51.055935
27,21,4,27,15,3,3,6,6,0,0,1,0,1,0,0,0,13.474798,51.160881
12,21,3,16,9,3,3,5,3,0,1,1,1,0,0,0,0,13.761722,51.031735
13,21,4,7,14,4,3,1,5,0,0,1,1,0,0,0,0,12.416695,51.380904
26,21,5,10,15,2,3,0,1,0,0,1,0,0,0,0,0,14.95257,51.136989
13,21,2,24,15,4,3,3,6,0,0,1,1,0,0,0,0,12.329063,51.319415
12,21,5,18,10,3,3,2,6,0,0,1,1,0,0,0,0,13.682816,51.042415
26,21,2,2,12,3,2,0,1,0,2,1,0,0,0,0,0,14.713041,51.552733
13,21,4,26,14,2,3,5,3,0,0,1,1,0,0,0,0,12.407632,51.339305
11,21,5,10,14,2,2,0,2,0,0,1,1,0,0,0,0,12.90591,50.832757
27,21,2,19,12,6,2,5,3,0,0,1,0,0,0,0,1,13.637153,51.104559
11,21,3,2,5,3,3,5,3,2,0,1,1,0,0,0,0,12.961654,50.822096
29,21,5,15,17,7,3,0,1,0,0,1,0,0,0,0,0,12.427575,51.257792
21,21,4,24,11,7,3,0,1,0,0,1,0,0,0,0,0,12.974632,50.418696
12,21,5,1,17,7,3,5,6,0,0,1,0,0,0,0,0,13.856602,51.010897
13,21,4,25,12,1,3,5,3,0,0,1,0,0,0,0,1,12.377048,51.371107
11,21,4,6,14,3,3,2,6,0,1,1,1,0,0,0,0,12.939142,50.817995
12,21,3,6,13,7,3,5,2,0,0,1,1,0,0,0,0,13.800378,51.027255
11,21,2,19,15,6,3,0,1,0,0,1,0,0,0,0,0,12.962157,50.824139
30,21,5,14,15,6,2,0,1,0,0,1,0,0,0,0,0,12.483303,51.381542
12,21,3,24,18,4,3,5,3,0,0,1,1,0,0,0,0,13.747235,51.071923
29,21,4,21,19,4,3,0,3,0,0,1,1,0,0,0,0,12.587474,51.281233
13,21,4,29,9,5,3,1,5,0,0,1,1,0,0,0,0,12.398008,51.323878
12,21,5,13,17,5,3,1,7,0,1,1,1,0,0,0,0,13.729259,51.093127
12,21,1,27,17,4,3,5,3,2,0,1,1,0,0,0,0,13.777196,51.060093
12,21,4,28,8,4,3,5,3,0,0,1,1,0,0,0,0,13.77812,51.049723
30,21,4,1,17,5,3,5,3,0,0,1,1,0,0,0,0,12.635456,51.455014
12,21,5,3,17,2,3,0,1,0,0,1,0,0,0,0,0,13.794554,51.002963
13,21,4,7,12,4,2,5,3,0,0,1,1,0,0,0,0,12.384346,51.300517
29,21,3,10,15,4,2,5,3,0,0,1,0,0,0,1,0,12.572504,51.354536
12,21,4,17,6,7,3,0,1,0,1,1,0,0,0,0,0,13.763653,51.025846
13,21,5,17,17,2,3,5,3,0,0,1,1,0,0,0,0,12.378359,51.332199
13,21,3,25,10,5,3,5,3,0,0,1,1,0,0,0,0,12.263604,51.347111
13,21,2,4,12,5,3,5,2,0,1,1,0,0,0,0,1,12.318547,51.331427
12,21,4,22,15,5,3,0,7,0,0,1,1,0,0,0,0,13.781269,51.054393
12,21,5,9,21,1,2,5,3,2,0,1,1,0,0,0,0,13.789531,51.01832
28,21,2,20,0,7,3,0,1,2,0,1,0,0,0,0,0,14.22702,51.022467