CSV=`UKREIS,UJAHR,UMONAT,UTAG,USTUNDE,UWOCHENTAG,UKATEGORIE,UART,UTYP,LICHT,USTRZUSTAND,IstRad,IstPKW,IstFuss,IstKrad,IstGkfz,IstSonstig,@lon,@lat
28,21,2,28,17,1,3,5,3,0,0,1,1,0,0,0,0,13.914865,51.00015
11,21,5,17,13,2,3,0,7,0,1,1,0,0,0,0,0,12.935828,50.827679
12,21,5,21,8,6,3,3,6,0,0,1,1,0,0,0,0,13.737467,51.087235
12,21,1,31,13,1,3,5,3,0,0,1,1,0,0,0,0,13.756555,51.055089
12,21,2,25,16,5,3,0,1,0,0,1,0,0,0,0,0,13.788918,51.126051
29,21,3,9,15,3,3,5,3,0,0,1,1,0,0,0,0,12.223617,51.299172
25,21,5,10,17,2,3,4,1,0,1,1,1,0,0,0,0,14.424747,51.2724
12,21,5,20,16,5,3,5,2,0,0,1,1,0,0,0,0,13.80619,51.038245
23,21,4,11,16,1,3,5,3,0,0,1,0,0,0,0,1,12.130719,50.504515
12,21,5,7,21,6,3,5,3,1,0,1,1,0,0,0,0,13.686369,51.084007
12,21,2,26,14,6,3,5,3,0,1,1,1,0,0,0,0,13.883371,51.057847
12,21,5,14,10,6,2,0,1,0,1,1,0,0,0,0,0,13.733248,51.046457
12,21,3,11,21,5,3,0,1,2,1,1,0,0,0,0,0,13.749394,51.035983
29,21,5,19,11,4,3,0,7,0,1,1,0,0,0,0,0,12.327124,51.22684
28,21,5,4,12,3,3,5,2,0,0,1,1,0,0,0,0,13.847274,50.986073
12,21,3,29,17,2,3,2,6,0,0,1,1,0,0,0,0,13.719571,51.07734
13,21,4,26,16,2,3,5,3,0,0,1,1,0,0,0,0,12.39759,51.332202
30,21,4,16,9,6,2,5,3,0,1,1,0,0,1,0,0,12.353181,51.524498
25,21,5,11,13,3,3,4,6,0,0,1,0,0,0,0,0,13.902984,51.158399
27,21,2,24,9,4,2,1,5,0,0,1,1,0,0,0,0,13.260699,51.321697
13,21,5,18,15,3,3,6,4,0,0,1,0,1,0,0,0,12.372851,51.34318
28,21,4,24,15,7,2,0,7,0,0,1,0,0,0,0,0,13.639273,51.016439
13,21,5,9,8,1,3,5,3,0,0,1,1,0,0,0,0,12.350732,51.384119
12,21,2,21,7,1,2,0,1,0,2,1,0,0,0,0,0,13.888073,51.056615
13,21,5,21,19,6,3,5,3,0,0,1,1,0,0,0,0,12.335399,51.32698
12,21,3,22,6,2,3,5,3,0,0,1,1,0,0,0,0,13.755197,51.055538
13,21,1,27,13,4,3,5,2,0,0,1,1,0,0,0,0,12.322388,51.320394
12,21,4,28,8,4,3,0,1,0,0,1,0,0,0,0,0,13.752841,51.058113
12,21,5,4,17,3,3,5,2,0,0,1,1,0,0,0,0,13.705389,51.03428
13,21,2,25,8,5,3,5,3,0,0,1,1,0,0,0,0,12.42181,51.421969
13,21,5,13,11,5,3,0,5,0,1,1,1,0,0,0,0,12.373166,51.30876
13,21,3,8,6,2,3,1,3,0,0,1,1,0,0,0,0,12.407568,51.351298
13,21,4,16,15,6,3,5,3,0,0,1,1,0,0,0,0,12.330948,51.330723
13,21,5,10,13,2,3,5,3,0,0,1,0,0,0,0,0,12.278511,51.344316
12,21,2,5,17,6,3,5,3,2,1,1,1,0,0,0,0,13.785324,51.035949
13,21,4,24,15,7,3,5,3,0,0,1,0,0,0,0,1,12.426359,51.318635
13,21,4,6,16,3,3,5,3,0,0,1,0,0,0,0,1,12.316198,51.330747
13,21,3,3,15,4,3,3,2,0,0,1,1,0,0,0,0,12.377871,51.366575
13,21,4,13,16,3,3,5,3,0,0,1,0,0,0,0,1,12.267789,51.321499
27,21,5,8,16,7,3,0,1,0,0,1,0,0,0,0,0,13.6416,51.261739
12,21,2,24,12,4,3,0,1,0,0,1,0,0,0,0,0,13.752343,51.042038
12,21,4,1,18,5,3,0,1,0,1,1,0,0,0,0,0,13.808642,51.038019
27,21,3,26,15,6,3,1,5,0,0,1,1,0,0,0,0,13.683829,51.094572
13,21,4,21,12,4,2,0,7,0,0,1,0,0,0,0,0,12.389268,51.353745
28,21,4,30,18,6,2,0,7,0,0,1,0,0,0,0,0,13.94292,50.948772
13,21,4,10,11,7,3,0,1,0,1,1,0,0,0,0,0,12.374123,51.303365
12,21,5,5,9,4,3,5,3,0,0,1,1,0,0,0,0,13.756556,51.055089
13,21,3,5,9,6,3,5,2,0,0,1,0,0,0,0,1,12.332072,51.322399
28,21,5,10,18,2,2,5,3,0,0,1,1,0,0,0,0,13.765764,50.942793
11,21,3,24,11,4,3,2,6,0,0,1,1,0,0,0,0,12.904262,50.827234
12,21,2,3,17,4,3,5,7,2,1,1,1,0,0,0,0,13.722914,51.081562
28,21,2,22,9,2,2,0,1,0,2,1,0,0,0,0,0,13.645842,50.990377
13,21,5,16,15,1,3,3,5,0,0,1,1,0,0,0,0,12.365836,51.332051
13,21,3,23,10,3,3,6,4,0,0,1,0,1,0,0,0,12.341022,51.337885
12,21,4,27,7,3,3,0,1,0,0,1,0,0,0,0,0,13.72235,51.026097
25,21,4,7,8,4,3,0,1,0,1,1,0,0,0,0,0,14.428221,51.17867
13,21,3,15,23,2,3,1,1,2,1,1,1,0,0,0,0,12.403113,51.365409
12,21,4,16,12,6,3,5,3,0,0,1,1,0,0,0,0,13.694435,51.084731
11,21,5,18,7,3,3,6,7,0,0,1,0,1,0,0,0,12.935766,50.82783
26,21,3,30,18,3,3,8,1,0,0,1,0,0,0,0,0,14.997251,51.148062
25,21,2,8,5,2,3,0,1,2,2,1,0,0,0,0,0,14.067059,51.359686
26,21,5,8,18,7,3,4,3,0,0,1,1,0,0,0,0,14.593553,50.937166
22,21,5,15,13,7,3,0,7,0,0,1,0,0,0,0,0,13.334428,50.90218
12,21,4,1,11,5,3,5,3,0,0,1,1,0,0,0,0,13.695941,51.087503
12,21,3,26,17,6,2,5,2,0,0,1,1,0,0,0,0,13.770275,51.028929
12,21,2,2,16,3,3,5,2,1,1,1,1,0,0,0,0,13.780359,51.030822
29,21,4,22,7,5,3,3,6,0,0,1,0,0,0,0,1,12.739706,51.364874
12,21,5,2,2,1,2,0,1,2,1,1,0,0,0,0,0,13.853656,50.990637
12,21,3,17,13,4,3,0,1,0,1,1,0,0,0,0,0,13.724659,51.077087
12,21,5,5,17,4,3,2,1,0,0,1,1,0,0,0,0,13.76968,51.044715
13,21,2,26,11,6,2,5,3,0,1,1,1,0,0,0,0,12.425985,51.35518
25,21,3,31,18,4,3,0,7,0,0,1,0,0,0,0,0,13.907008,51.108757
11,21,5,12,16,4,2,4,2,0,1,1,1,0,0,0,0,12.886076,50.831725
25,21,4,20,17,3,2,0,1,0,1,1,0,0,0,0,0,14.445903,51.181748
13,21,4,27,9,3,3,5,2,0,0,1,1,0,0,0,0,12.374916,51.345959
12,21,3,15,6,2,2,5,3,0,0,1,0,0,0,1,0,13.789531,51.01832
12,21,5,3,6,2,2,5,3,0,0,1,1,0,0,0,0,13.808974,51.047388
13,21,2,26,13,6,3,5,2,0,1,1,1,0,0,0,0,12.406808,51.36192
25,21,5,11,7,3,2,5,3,0,0,1,1,0,0,0,0,14.433717,51.18353
13,21,5,18,9,3,3,5,3,0,0,1,1,0,0,0,0,12.384971,51.298892
13,21,3,28,19,1,3,5,2,2,0,1,1,0,0,0,0,12.409975,51.341302
12,21,2,5,9,6,2,5,3,0,1,1,1,0,0,0,0,13.813864,51.020127
12,21,4,25,15,1,3,5,2,0,0,1,1,0,0,0,0,13.785856,51.06032
22,21,3,8,15,2,3,2,2,0,0,1,1,0,0,0,0,13.017185,51.073425
12,21,5,8,13,7,3,5,3,0,0,1,1,0,0,0,0,13.854369,50.997336
12,21,2,22,15,2,3,1,5,0,0,1,1,0,0,0,0,13.707218,51.080556
24,21,5,15,14,7,3,3,7,0,1,1,0,0,0,0,0,12.501605,50.798493
22,21,3,24,17,4,3,5,3,0,0,1,1,0,0,0,0,13.07305,50.855855
13,21,2,4,16,5,3,5,3,1,1,1,1,0,0,0,0,12.39321,51.336946
12,21,5,5,17,4,3,5,3,0,1,1,0,0,0,0,0,13.726224,51.081659
27,21,1,31,14,1,2,3,6,0,2,1,1,0,0,0,0,13.657717,51.142324
28,21,4,27,15,3,3,5,3,0,0,1,1,0,0,0,0,13.667044,50.863779
12,21,3,29,18,2,3,0,1,0,0,1,0,0,0,0,0,13.791843,51.029313
13,21,4,26,18,2,2,8,2,0,0,1,1,0,0,0,0,12.369353,51.344191
13,21,4,6,12,3,3,5,2,0,1,1,0,0,0,0,1,12.413713,51.320029
13,21,3,19,15,6,3,1,1,0,1,1,1,0,0,0,0,12.446798,51.388949
12,21,5,10,2,2,3,0,1,2,0,1,0,0,0,0,0,13.710146,51.079111
12,21,5,19,18,4,3,0,1,0,0,1,0,0,0,0,0,13.785412,51.035935
11,21,5,10,17,2,3,2,6,0,0,1,1,0,0,0,0,12.972041,50.824492
13,21,2,21,15,1,2,5,3,0,0,1,1,0,0,0,0,12.372979,51.301377
27,21,3,2,13,3,2,0,7,0,0,1,0,0,0,0,0,13.723735,51.215234
12,21,2,24,12,4,3,0,1,0,0,1,0,0,0,0,0,13.808289,51.052693
13,21,5,21,7,6,3,3,5,0,0,1,1,0,0,0,0,12.401125,51.301402
22,21,3,20,9,7,3,0,1,0,2,1,0,0,0,0,0,12.811942,50.919147
13,21,4,23,11,6,3,5,3,0,0,1,1,0,0,0,0,12.389669,51.321564
13,21,4,30,16,6,2,5,3,0,0,1,1,0,0,0,0,12.356908,51.320473
27,21,4,11,14,1,3,8,1,0,0,1,0,0,0,0,0,13.519492,51.075161
28,21,2,25,12,5,3,8,1,0,0,1,0,0,0,0,0,13.927815,50.95116
12,21,5,12,20,4,3,0,1,1,1,1,0,0,0,0,0,13.786449,51.028586
13,21,3,9,5,3,3,0,1,1,1,1,0,0,0,0,0,12.37177,51.334064
28,21,4,20,11,3,2,0,1,0,0,1,0,0,0,0,0,14.021139,50.953773
12,21,5,20,22,5,3,0,7,2,0,1,0,0,0,0,0,13.770359,51.052333
21,21,4,26,18,2,2,0,1,0,0,1,0,0,0,0,0,13.015486,50.579499
24,21,3,4,22,5,3,1,5,2,1,1,1,0,0,0,0,12.750683,50.860836
13,21,4,1,18,5,3,5,2,0,0,1,1,0,0,0,0,12.405939,51.34553
23,21,5,9,17,1,2,8,7,0,0,1,0,0,0,0,0,12.228832,50.462859
12,21,2,24,13,4,3,6,4,0,0,1,0,1,0,0,0,13.719992,51.054801
28,21,5,18,18,3,3,0,6,0,0,1,1,0,0,0,0,14.005708,50.94415
13,21,2,2,15,3,3,1,5,0,1,1,1,0,0,0,0,12.388233,51.357727
25,21,3,2,16,3,3,5,3,0,0,1,0,0,0,0,0,14.231088,51.43038
27,21,5,7,21,6,2,0,1,2,0,1,0,0,0,0,0,13.654588,51.121413
29,21,5,14,18,6,3,1,5,0,0,1,1,0,0,0,0,12.509788,51.126605
27,21,4,27,17,3,3,4,2,0,0,1,1,0,0,0,0,13.627037,51.104172
30,21,4,8,15,5,2,5,3,0,0,1,1,0,0,0,0,12.33462,51.525448
11,21,5,3,18,2,2,5,3,0,0,1,1,0,0,0,0,12.94164,50.812648
13,21,4,1,12,5,3,6,4,0,0,1,0,1,0,0,0,12.27051,51.34464
30,21,4,17,10,7,2,3,2,0,0,1,1,0,0,0,0,12.349271,51.486719
27,21,4,28,16,4,3,1,2,0,0,1,1,0,0,0,0,13.627224,51.104181
30,21,5,4,8,3,3,0,7,0,0,1,0,0,0,0,0,12.998893,51.552387
13,21,2,24,14,4,3,3,2,0,0,1,1,0,0,0,0,12.370111,51.325469
26,21,5,13,21,5,3,0,1,1,1,1,0,0,0,0,0,14.944448,51.145192
13,21,4,16,12,6,3,5,3,0,0,1,0,0,0,0,0,12.380911,51.342056
12,21,5,20,18,5,3,5,3,0,0,1,1,0,0,0,0,13.721314,51.088264
26,21,3,26,13,6,2,5,3,0,0,1,1,0,0,0,0,14.803103,50.941222
11,21,2,2,14,3,2,6,4,0,1,1,0,1,0,0,0,12.922804,50.830203
29,21,4,21,7,4,3,8,1,0,0,1,0,0,0,0,0,12.729468,51.242169
13,21,4,9,7,6,3,1,5,0,0,1,1,0,0,0,0,12.4111,51.315527
30,21,5,4,11,3,3,1,5,0,1,1,1,0,0,0,0,13.108313,51.295914
12,21,2,19,8,6,3,5,2,0,0,1,1,0,0,0,0,13.829733,51.000644
12,21,4,20,12,3,3,5,3,0,0,1,1,0,0,0,0,13.883373,51.057848
13,21,3,15,19,2,3,5,3,2,1,1,1,0,0,0,0,12.376758,51.320724
23,21,4,6,9,3,3,5,3,0,2,1,1,0,0,0,0,12.130589,50.512622
12,21,2,26,13,6,3,5,3,0,1,1,1,0,0,0,0,13.713492,51.082484
13,21,5,10,14,2,3,6,6,0,0,1,0,1,0,0,0,12.368083,51.341486
13,21,4,1,14,5,3,0,1,0,0,1,0,0,0,0,0,12.414864,51.359406
12,21,3,10,16,4,3,5,3,0,0,1,1,0,0,0,0,13.828104,50.997362
28,21,5,10,12,2,3,0,1,0,0,1,0,0,0,0,0,13.862556,50.990287
30,21,4,1,17,5,3,0,7,0,0,1,0,0,0,0,0,12.324577,51.533186
25,21,2,22,6,2,2,0,1,0,1,1,0,0,0,0,0,13.918868,51.116339
27,21,5,17,4,2,3,5,3,1,1,1,1,0,0,0,0,13.655475,51.109302
25,21,3,19,6,6,3,5,3,0,1,1,1,0,0,0,0,14.255011,51.43879
27,21,5,10,11,2,3,5,3,0,0,1,0,0,0,0,1,13.535686,51.294067
13,21,5,21,12,6,3,0,1,0,0,1,0,0,0,0,0,12.372274,51.371372
12,21,3,26,18,6,3,5,3,1,0,1,1,0,0,0,0,13.747962,51.066468
13,21,5,17,16,2,3,3,5,0,0,1,1,0,0,0,0,12.368744,51.361701
24,21,3,29,10,2,3,5,2,0,0,1,1,0,0,0,0,12.499735,50.730394
12,21,4,24,18,7,3,0,1,0,0,1,0,0,0,0,0,13.770315,51.046407
12,21,4,9,17,6,3,0,1,0,0,1,0,0,0,0,0,13.789335,51.031546
12,21,3,1,16,2,3,0,7,0,0,1,0,0,0,0,0,13.830818,50.999998
12,21,3,31,18,4,2,0,1,0,0,1,0,0,0,0,0,13.698009,51.06966
12,21,4,28,20,4,2,0,7,2,0,1,0,0,0,0,0,13.763121,51.070627
25,21,5,3,16,2,3,5,3,0,0,1,1,0,0,0,0,14.27889,51.444656
13,21,4,8,17,5,3,5,3,0,0,1,1,0,0,0,0,12.274141,51.31889
13,21,4,16,22,6,3,3,2,2,0,1,1,0,0,0,0,12.373482,51.323208
12,21,5,18,16,3,3,5,3,0,0,1,1,0,0,0,0,13.844977,51.01749
12,21,3,30,5,3,2,2,6,0,0,1,1,0,0,0,0,13.780636,51.070767
13,21,2,5,8,6,2,5,3,0,0,1,1,0,0,0,0,12.393576,51.322786
13,21,4,24,9,7,2,5,3,0,0,1,1,0,0,0,0,12.443009,51.381419
13,21,3,6,8,7,2,5,3,0,0,1,1,0,0,0,0,12.445647,51.347309
12,21,4,14,13,4,3,0,1,0,0,1,0,0,0,0,0,13.823912,51.033854
11,21,5,10,16,2,3,4,2,0,0,1,0,0,1,0,0,12.898779,50.780203
12,21,5,21,14,6,3,6,6,0,0,1,0,1,0,0,0,13.82035,51.0063
12,21,3,26,15,6,3,0,7,0,0,1,0,0,0,0,0,13.79026,51.047991
29,21,4,21,15,4,2,5,3,0,0,1,0,0,0,0,0,12.383299,51.25133
13,21,5,1,19,7,3,1,1,0,0,1,1,0,0,0,0,12.308115,51.276939
27,21,3,18,11,5,3,5,3,0,1,1,1,0,0,0,0,13.57625,51.115051
30,21,4,9,18,6,3,5,3,0,0,1,1,0,0,0,0,13.004293,51.560778
26,21,5,5,16,4,3,5,3,0,1,1,1,0,0,0,0,14.78839,50.890446
12,21,3,9,20,3,2,6,6,2,0,1,0,1,0,0,0,13.721492,51.058822
11,21,4,21,19,4,3,1,5,0,0,1,1,0,0,0,0,12.901144,50.832059
12,21,5,6,12,5,3,0,1,0,0,1,0,0,0,0,0,13.727046,51.052631
27,21,5,13,19,5,3,0,1,0,1,1,0,0,0,0,0,13.241489,51.356891
13,21,3,21,11,1,3,0,1,0,1,1,0,0,0,0,0,12.411619,51.359638
12,21,4,20,9,3,3,5,3,0,0,1,1,0,0,0,0,13.790872,51.017659
13,21,5,3,16,2,3,1,5,0,0,1,1,0,0,0,0,12.370479,51.37138
11,21,3,30,17,3,3,1,5,0,0,1,1,0,0,0,0,12.826834,50.816632
13,21,3,11,16,5,3,2,6,0,1,1,1,0,0,0,0,12.338115,51.32693
30,21,4,14,11,4,3,5,3,0,0,1,1,0,0,0,0,12.661034,51.469456
11,21,5,11,15,3,3,1,5,0,0,1,1,0,0,0,0,12.960434,50.863862
12,21,5,18,15,3,3,5,3,0,0,1,1,0,0,0,0,13.778759,51.031454
12,21,3,6,10,7,2,3,6,0,0,1,0,0,0,0,0,13.800351,51.041384
13,21,2,28,16,1,3,3,6,0,0,1,1,0,0,0,0,12.350618,51.366828
12,21,1,27,0,4,3,1,1,2,1,1,1,0,0,0,0,13.780444,51.058984
12,21,4,20,21,3,3,2,6,2,0,1,0,0,0,0,0,13.690078,51.014792
27,21,4,28,14,4,3,5,2,0,0,1,0,0,0,0,0,13.289869,51.317564
27,21,5,9,23,1,2,9,1,2,0,1,0,0,0,0,0,13.30085,51.052946
25,21,5,17,17,2,3,0,7,0,0,1,0,0,0,0,0,14.073991,51.257419
12,21,3,24,8,4,3,5,3,0,0,1,1,0,0,0,0,13.785325,51.035948
29,21,2,2,20,3,3,3,1,2,1,1,1,0,0,0,0,12.65508,51.1493
13,21,4,26,21,2,2,5,3,2,0,1,1,0,0,0,0,12.318607,51.3315
12,21,3,4,10,5,3,0,1,0,0,1,0,0,0,0,0,13.7658,51.073158
28,21,5,10,12,2,3,1,5,0,0,1,1,0,0,0,0,13.953916,50.95574
26,21,4,23,10,6,3,0,1,0,0,1,0,0,0,0,0,14.958183,51.133111
12,21,3,1,15,2,3,0,1,0,0,1,0,0,0,0,0,13.781775,51.038327
11,21,2,22,7,2,3,5,2,0,0,1,1,0,0,0,0,12.904023,50.841849
12,21,3,1,16,2,3,5,3,0,0,1,1,0,0,0,0,13.757965,51.052259
12,21,4,21,5,4,3,5,3,0,0,1,1,0,0,0,0,13.757516,51.063289
13,21,4,11,13,1,3,5,3,0,0,1,1,0,0,0,0,12.330048,51.30061
13,21,5,7,7,6,3,1,5,0,1,1,1,0,0,0,0,12.3344,51.340888
13,21,2,15,18,2,3,0,1,2,2,1,0,0,0,0,0,12.425557,51.346651
13,21,5,13,21,5,3,5,3,2,0,1,1,0,0,0,0,12.372983,51.301385
12,21,3,9,13,3,2,3,2,0,0,1,1,0,0,0,0,13.781832,51.030238
30,21,5,10,18,2,3,5,2,0,1,1,1,0,0,0,0,12.329845,51.531154
12,21,2,6,12,7,3,5,2,0,1,1,1,0,0,0,0,13.798743,51.012464
22,21,4,25,14,1,2,0,5,0,0,1,1,0,0,0,0,12.657393,50.966682
13,21,4,12,7,2,2,5,2,0,0,1,1,0,0,0,0,12.35069,51.384146
11,21,5,10,11,2,3,7,7,0,0,1,0,0,0,0,0,12.865918,50.820776
12,21,2,24,12,4,2,0,6,0,0,1,0,0,0,0,0,13.777837,51.030454
28,21,5,15,12,7,3,4,1,0,1,1,1,0,0,0,0,13.841629,50.978601
12,21,4,1,11,5,3,0,6,0,0,1,1,0,0,0,0,13.793578,51.0081
12,21,3,24,8,4,3,1,5,0,0,1,1,0,0,0,0,13.796752,51.050029
30,21,2,1,15,2,3,3,6,0,2,1,1,0,0,0,0,12.980581,51.56253
27,21,5,1,10,7,2,9,1,0,0,1,0,0,0,0,0,13.31844,51.089858
11,21,4,11,16,1,3,0,5,0,0,1,1,0,0,0,0,12.905491,50.835873
13,21,5,6,19,5,3,0,1,1,0,1,0,0,0,0,0,12.305269,51.326683
26,21,3,1,9,2,3,9,1,0,0,1,0,0,0,0,0,14.981168,51.145543
25,21,4,28,13,4,3,0,7,0,0,1,0,0,0,0,0,14.297783,51.097746
12,21,5,7,14,6,3,1,6,0,0,1,1,0,0,0,0,13.701183,51.042
13,21,3,31,18,4,3,5,3,0,0,1,1,0,0,0,0,12.307031,51.346453
26,21,4,27,17,3,2,0,1,0,0,1,0,0,0,0,0,14.810304,50.891382
22,21,5,4,15,3,2,0,1,0,0,1,0,0,0,0,0,13.318339,50.864092
30,21,2,18,16,5,2,5,3,0,1,1,1,0,0,0,0,12.999016,51.551597
13,21,5,12,21,4,3,1,5,2,1,1,1,0,0,0,0,12.404572,51.30306
24,21,3,11,6,5,2,5,3,0,0,1,1,0,0,0,0,12.373747,50.754245
13,21,4,16,14,6,3,3,6,0,0,1,0,0,0,0,0,12.409653,51.339287
12,21,5,11,5,3,3,5,3,0,0,1,1,0,0,0,0,13.788283,51.035985
13,21,3,29,18,2,3,5,3,1,0,1,1,0,0,0,0,12.358,51.344131
12,21,4,26,19,2,3,5,3,0,0,1,1,0,0,0,0,13.777196,51.060094
27,21,3,26,9,6,3,5,3,0,0,1,1,0,0,0,0,13.731056,51.214287
29,21,4,21,9,4,3,2,2,0,0,1,1,0,0,0,1,12.737937,51.367392
12,21,4,9,16,6,3,5,2,0,0,1,1,0,0,0,0,13.668373,51.046859
12,21,2,22,10,2,3,5,3,0,0,1,0,0,0,0,1,13.715833,51.090492
24,21,3,22,18,2,3,0,7,0,1,1,0,0,0,0,0,12.796055,50.854698
27,21,4,28,16,4,3,5,3,0,0,1,1,0,0,0,0,13.579675,51.135478
12,21,3,12,6,6,3,5,3,0,0,1,1,0,0,0,0,13.779916,51.044329
29,21,3,16,13,3,3,5,3,0,0,1,1,0,0,0,0,12.353965,51.271001
23,21,3,30,11,3,3,5,3,0,0,1,1,0,0,0,0,12.090822,50.475838
13,21,3,10,14,4,3,0,7,0,0,1,0,0,0,0,0,12.341145,51.332385
29,21,4,15,13,5,3,5,3,0,0,1,1,0,0,0,0,12.495956,51.122758
13,21,5,10,8,2,3,5,3,0,0,1,1,0,0,0,0,12.368503,51.316924
27,21,2,24,9,4,3,1,5,0,0,1,1,0,0,0,0,13.459758,51.152426
12,21,5,17,19,2,3,5,3,0,0,1,1,0,0,0,0,13.672714,51.05288
24,21,4,26,18,2,3,0,1,0,0,1,0,0,0,0,0,12.373593,50.723457
12,21,4,4,16,1,3,8,1,0,0,1,0,0,0,0,0,13.752989,51.058998
12,21,2,25,20,5,3,3,6,2,0,1,1,0,0,0,0,13.727066,51.052625
28,21,4,7,7,4,2,5,2,0,1,1,1,0,0,0,0,14.210552,51.026364
12,21,3,9,8,3,3,5,3,0,0,1,1,0,0,0,0,13.77357,51.048733
13,21,4,15,18,5,2,2,2,0,0,1,1,0,0,0,0,12.390857,51.338673
12,21,5,11,17,3,3,0,3,0,0,1,1,0,0,0,0,13.790844,51.026724
11,21,5,19,17,4,3,0,1,0,0,1,0,0,0,0,0,12.837401,50.81492
13,21,3,26,14,6,3,6,4,0,0,1,0,1,0,0,0,12.423687,51.350483
28,21,4,4,14,1,2,3,6,0,0,1,0,0,0,0,0,13.887324,50.965567
13,21,3,5,6,6,3,1,5,0,0,1,1,0,0,0,0,12.272573,51.342776
12,21,4,13,20,3,2,0,1,2,0,1,0,0,0,0,0,13.714364,51.061115
12,21,5,9,19,1,2,0,1,0,0,1,0,0,0,0,0,13.798379,51.017977
12,21,2,22,17,2,3,0,3,1,0,1,1,0,0,0,0,13.746609,51.02962
13,21,3,24,16,4,2,5,3,0,0,1,0,0,0,0,1,12.37355,51.319677
13,21,4,21,17,4,3,3,6,0,0,1,1,0,0,0,0,12.368922,51.311574
24,21,4,28,18,4,3,0,7,0,0,1,1,0,0,0,0,12.733328,50.798916
12,21,4,10,16,7,3,6,6,0,0,1,1,1,0,0,0,13.829305,51.021173
28,21,5,6,18,5,3,4,3,0,0,1,1,0,0,0,0,14.171776,51.059788
11,21,2,16,13,3,3,5,3,0,0,1,0,0,0,0,1,12.923605,50.819937
13,21,5,11,11,3,3,4,2,0,0,1,1,0,0,0,0,12.360406,51.337988
12,21,3,23,7,3,3,5,3,0,1,1,1,0,0,0,0,13.712696,51.046295
11,21,4,28,16,4,3,5,3,0,0,1,1,0,0,0,0,12.946211,50.854591
11,21,4,27,11,3,2,5,3,0,0,1,1,0,0,0,0,12.928055,50.841046
12,21,3,11,8,5,3,1,7,0,1,1,1,0,0,0,0,13.791874,51.017125
12,21,2,24,7,4,2,0,1,1,1,1,0,0,0,0,0,13.648368,51.056419
13,21,3,24,15,4,3,5,3,0,0,1,1,0,0,0,0,12.459168,51.401918
13,21,2,4,21,5,3,5,1,2,1,1,1,0,0,0,0,12.443521,51.419777
28,21,5,1,14,7,3,0,2,0,0,1,0,0,0,0,1,13.860945,50.980573
25,21,3,2,15,3,3,5,3,0,0,1,1,0,0,0,0,14.237786,51.437897
28,21,5,9,14,1,2,0,1,0,0,1,0,0,0,0,0,13.941761,50.963406
22,21,2,22,10,2,2,0,1,0,2,1,0,0,0,0,0,12.943496,50.892926
25,21,4,21,12,4,3,5,3,0,0,1,1,0,0,0,0,14.277745,51.430983
12,21,4,27,12,3,3,0,6,0,0,1,0,0,0,1,0,13.773818,51.070565
13,21,3,15,15,2,3,5,3,0,1,1,1,0,0,0,0,12.494535,51.338425
29,21,2,24,13,4,3,0,1,0,0,1,0,0,0,0,0,12.236083,51.308331
24,21,5,23,10,1,2,5,3,0,0,1,1,0,0,0,0,12.488563,50.817683
29,21,7,6,15,3,3,5,3,0,1,1,1,0,0,0,0,12.740167,51.324165
12,21,7,5,9,2,3,4,2,0,0,1,1,0,0,0,0,13.804977,51.050212
11,21,6,23,18,4,3,5,3,0,0,1,1,0,0,0,0,12.830858,50.830208
13,21,7,12,10,2,3,5,3,0,0,1,1,0,0,0,0,12.365023,51.341373
28,21,6,28,1,2,3,0,7,2,0,1,0,0,0,0,0,13.871996,50.977534
12,21,6,8,14,3,2,5,3,0,0,1,1,0,0,0,0,13.773569,51.048733
26,21,7,16,12,6,3,0,1,0,0,1,0,0,0,0,0,14.607668,50.936828
13,21,6,15,19,3,3,6,4,0,0,1,0,1,0,0,0,12.385347,51.340234
29,21,7,2,8,6,3,5,3,0,0,1,1,0,0,0,0,12.497437,51.122356
12,21,7,10,23,7,2,4,1,2,0,1,0,0,0,0,0,13.750125,51.065416
12,21,7,14,11,4,3,3,5,0,0,1,1,0,0,0,0,13.798764,51.034784
12,21,6,15,12,3,3,0,1,0,0,1,0,0,0,0,0,13.742493,51.023542
13,21,7,1,15,5,3,5,3,0,0,1,1,0,0,0,0,12.367489,51.388462
13,21,5,26,17,4,3,5,3,0,1,1,1,0,0,0,0,12.371428,51.331547
13,21,7,5,10,2,2,5,3,0,0,1,1,0,0,0,0,12.361623,51.33271
30,21,6,4,10,6,3,6,4,0,0,1,0,1,0,0,0,12.499501,51.380528
28,21,7,5,15,2,3,0,1,0,0,1,0,0,0,0,0,13.921724,50.969398
24,21,6,22,23,3,3,0,7,2,0,1,0,0,0,0,0,12.462374,50.720363
25,21,6,5,18,7,2,0,1,0,0,1,0,0,0,0,0,14.437553,51.190684
24,21,7,12,20,2,3,5,3,0,0,1,1,0,0,0,0,12.498551,50.704695
29,21,5,22,10,7,3,6,6,0,0,1,0,1,0,0,0,12.490205,51.120419
12,21,6,9,18,4,2,0,1,0,0,1,0,0,0,0,0,13.887061,51.006666
12,21,7,7,14,4,3,1,1,0,0,1,0,0,0,0,1,13.745297,51.067914
30,21,7,2,18,6,3,5,3,0,0,1,1,0,0,0,0,12.483618,51.368107