CSV=`UKREIS,UJAHR,UMONAT,UTAG,USTUNDE,UWOCHENTAG,UKATEGORIE,UART,UTYP,LICHT,USTRZUSTAND,IstRad,IstPKW,IstFuss,IstKrad,IstGkfz,IstSonstig,@lon,@lat
26,21,6,20,8,1,3,0,1,0,0,1,0,0,0,0,0,14.978279,51.146101
12,21,6,4,8,6,3,5,3,0,0,1,1,0,0,0,0,13.785325,51.035947
12,21,7,12,22,2,2,0,1,2,0,1,0,0,0,0,0,13.808925,51.011881
12,21,6,28,13,2,3,5,3,0,0,1,1,0,0,0,0,13.718801,51.087843
25,21,6,8,18,3,3,5,3,0,0,1,1,0,0,0,0,13.919797,51.105202
13,21,6,25,15,6,3,1,5,0,0,1,1,0,0,0,0,12.382233,51.399622
22,21,6,17,12,5,2,4,7,0,0,1,0,0,0,0,0,13.330633,50.892894
12,21,7,15,11,5,3,5,3,0,0,1,0,0,1,0,0,13.785059,51.035678
27,21,6,30,8,4,3,0,1,0,1,1,0,0,0,0,0,13.679189,51.097246
11,21,5,28,15,6,2,6,2,0,0,1,0,1,0,0,0,12.922761,50.846899
28,21,7,6,17,3,3,8,1,0,1,1,0,0,0,0,0,13.637137,50.953866
26,21,6,6,15,1,3,4,1,0,0,1,0,0,1,0,0,14.500268,51.047228
13,21,7,12,19,2,2,5,2,0,0,1,1,0,0,0,0,12.327169,51.329636
25,21,6,8,15,3,3,5,3,0,0,1,1,0,0,0,0,14.430868,51.182231
13,21,7,15,3,5,3,2,6,2,0,1,1,0,0,0,0,12.341197,51.332311
13,21,6,16,11,4,3,3,6,0,0,1,1,0,0,0,0,12.373589,51.33037
26,21,7,3,14,7,3,0,1,0,0,1,0,0,0,0,0,14.982555,51.158553
12,21,7,11,19,1,3,0,1,0,0,1,0,0,0,0,0,13.758839,51.044533
25,21,6,6,21,1,2,0,1,1,0,1,0,0,0,0,0,14.379022,51.097886
12,21,6,2,17,4,3,5,3,0,0,1,1,0,0,0,0,13.784084,51.121281
13,21,6,23,13,4,2,4,6,0,0,1,0,0,0,0,0,12.308366,51.313127
27,21,7,14,18,4,3,7,7,0,0,1,0,0,0,0,0,13.501003,51.315389
12,21,6,15,10,3,3,5,3,0,0,1,1,0,0,0,0,13.788226,51.035947
12,21,7,1,7,5,3,5,2,0,0,1,1,0,0,0,0,13.760674,51.049194
21,21,7,6,13,3,1,7,7,0,0,1,0,0,0,0,0,12.606562,50.597191
27,21,7,8,16,5,3,6,1,0,0,1,0,1,0,0,0,13.678574,51.097543
29,21,7,13,15,3,3,1,7,0,0,1,1,0,0,0,0,12.255032,51.169324
25,21,5,24,15,2,3,5,3,0,0,1,1,0,0,0,0,13.919797,51.105202
13,21,6,9,10,4,3,5,2,0,0,1,1,0,0,0,0,12.373551,51.329681
13,21,7,15,14,5,3,5,2,0,0,1,1,0,0,0,0,12.349752,51.375643
29,21,6,9,18,4,3,5,3,0,0,1,1,0,0,0,0,12.280446,51.15304
28,21,6,4,8,6,3,0,3,0,0,1,1,0,0,0,0,13.932603,50.962633
29,21,7,10,13,7,3,4,7,0,0,1,1,0,0,0,0,12.491786,51.133182
25,21,6,8,0,3,3,7,7,2,0,1,0,0,0,0,0,14.369294,51.199528
13,21,6,25,21,6,3,5,6,1,0,1,1,0,0,0,0,12.415536,51.294149
24,21,6,16,11,4,3,1,7,0,0,1,1,0,0,0,0,12.46566,50.694001
28,21,6,30,17,4,3,6,7,0,0,1,0,1,0,0,0,13.861263,50.973335
12,21,7,6,7,3,3,5,3,0,0,1,1,0,0,0,0,13.798196,51.035406
26,21,7,9,10,6,2,0,7,0,0,1,0,0,0,0,0,14.803298,50.895474
12,21,6,1,15,3,3,0,7,0,0,1,0,0,0,0,0,13.765035,51.053762
13,21,7,13,9,3,3,4,6,0,0,1,0,0,0,0,0,12.352046,51.333464
12,21,5,25,7,3,3,0,1,0,1,1,0,0,0,0,0,13.6889,51.057967
22,21,7,7,19,4,3,7,7,0,0,1,0,0,0,0,0,13.096151,50.901505
26,21,5,31,16,2,3,5,3,0,0,1,1,0,0,0,0,14.639318,51.500014
29,21,6,21,7,2,2,5,2,0,0,1,0,0,0,1,0,12.570829,51.330488
22,21,6,4,10,6,3,0,7,0,0,1,0,0,0,0,0,13.348045,50.911232
13,21,6,11,8,6,3,5,3,0,0,1,1,0,0,0,0,12.372979,51.301377
28,21,6,23,5,4,2,8,1,0,1,1,0,0,0,0,0,14.045914,50.877419
26,21,6,17,13,5,3,4,3,0,0,1,1,0,0,0,0,14.804306,50.889558
13,21,6,14,16,2,3,2,2,0,0,1,1,0,0,0,0,12.338388,51.327104
13,21,6,29,15,3,3,5,2,0,1,1,1,0,0,0,0,12.478103,51.336502
28,21,5,26,11,4,2,5,3,0,0,1,1,0,0,0,0,13.652113,51.02767
23,21,7,4,8,1,2,5,2,0,0,1,0,0,1,0,0,12.471269,50.372254
12,21,6,22,7,3,3,3,5,0,1,1,1,0,0,0,0,13.711844,51.050397
12,21,7,12,18,2,3,1,6,0,0,1,1,0,0,0,0,13.808695,51.052851
21,21,6,12,13,7,2,3,7,0,0,1,1,0,0,0,0,12.650908,50.490307
27,21,6,27,11,1,2,0,7,0,0,1,0,0,0,0,0,13.573296,51.118666
13,21,5,22,11,7,3,5,2,0,0,1,1,0,0,0,0,12.373367,51.353063
27,21,6,9,17,4,3,2,6,0,0,1,0,0,0,0,0,13.647801,51.313942
29,21,7,6,14,3,3,5,3,0,0,1,1,0,0,0,0,12.500603,51.123985
13,21,7,15,17,5,3,1,5,0,0,1,1,0,0,0,0,12.322601,51.374528
12,21,6,10,23,5,3,0,1,2,0,1,0,0,0,0,0,13.844976,51.01749
11,21,6,21,6,2,3,5,2,0,1,1,1,0,0,0,0,12.940684,50.817054
25,21,6,4,19,6,2,0,7,0,0,1,0,0,0,0,0,14.217387,51.427614
12,21,6,25,14,6,2,5,2,0,0,1,0,0,0,1,0,13.720332,51.054707
13,21,6,7,15,2,3,0,5,0,0,1,1,0,0,0,0,12.401455,51.339278
12,21,6,2,7,4,3,5,2,0,0,1,1,0,0,0,0,13.777366,51.058713
13,21,6,25,8,6,3,5,3,0,0,1,1,0,0,0,0,12.479392,51.350604
12,21,6,16,7,4,3,0,1,0,0,1,0,0,0,0,0,13.684568,51.053953
13,21,5,26,16,4,3,3,7,0,1,1,1,0,0,0,0,12.37436,51.349632
24,21,7,8,16,5,3,0,1,0,0,1,0,0,0,0,0,12.502793,50.731687
12,21,6,6,16,1,2,0,1,0,0,1,0,0,0,0,0,13.715872,51.107001
25,21,6,23,17,4,3,6,6,0,0,1,0,1,0,0,0,14.262892,51.438995
24,21,6,14,9,2,3,5,3,0,0,1,1,0,0,0,0,12.772117,50.85973
30,21,5,24,15,2,2,0,1,0,0,1,0,0,0,0,0,12.896282,51.471099
13,21,7,7,9,4,3,3,6,0,1,1,0,0,0,0,1,12.331129,51.342686
12,21,7,4,18,1,2,5,2,0,0,1,1,0,0,0,0,13.760663,51.049163
24,21,6,3,6,5,2,5,3,0,0,1,0,0,0,0,1,12.499508,50.706848
13,21,7,15,16,5,3,5,2,0,0,1,1,0,0,0,0,12.36747,51.341183
25,21,7,2,6,6,2,3,6,0,0,1,1,0,0,0,0,14.428686,51.184214
12,21,5,28,17,6,3,5,2,0,1,1,0,0,0,0,0,13.73764,51.054534
11,21,7,10,19,7,3,1,5,0,0,1,1,0,0,0,0,12.847958,50.834664
27,21,6,6,12,1,3,0,1,0,0,1,0,0,0,0,0,13.287275,51.309025
12,21,6,2,18,4,3,0,1,0,0,1,0,0,0,0,0,13.68298,51.059761
30,21,6,24,19,5,3,5,3,0,0,1,1,0,0,0,0,12.632403,51.460774
27,21,5,24,18,2,3,0,1,0,0,1,0,0,0,0,0,13.720107,51.167933
12,21,6,16,15,4,3,0,7,0,0,1,0,0,0,0,0,13.793514,51.013052
12,21,6,17,7,5,3,5,2,0,0,1,1,0,0,0,0,13.77714,51.035718
13,21,6,2,14,4,2,5,3,0,0,1,1,0,0,0,0,12.41116,51.388747
12,21,7,15,21,5,2,0,7,1,0,1,0,0,0,0,0,13.78274,51.016719
29,21,6,14,7,2,2,3,3,0,0,1,0,0,0,0,1,12.47738,51.122585
30,21,7,1,8,5,2,5,3,0,1,1,1,0,0,0,0,12.985588,51.55655
12,21,5,26,5,4,3,3,6,0,0,1,0,0,0,0,1,13.747073,51.079076
12,21,7,6,12,3,3,5,3,0,0,1,1,0,0,0,0,13.753334,51.050332
26,21,7,8,14,5,3,2,7,0,0,1,0,0,0,0,0,14.983172,51.154653
24,21,6,1,11,3,3,0,1,0,0,1,0,0,0,0,0,12.632941,50.75703
12,21,6,23,18,4,3,4,3,0,0,1,0,0,0,0,0,13.748772,51.064052
26,21,6,17,23,5,3,0,1,2,0,1,0,0,0,0,0,14.974723,51.138309
13,21,7,13,10,3,3,5,3,0,0,1,1,0,0,0,0,12.340242,51.393053
27,21,6,12,10,7,3,3,2,0,0,1,0,0,0,0,0,13.315066,51.299892
13,21,6,10,17,5,3,5,2,0,0,1,1,0,0,0,0,12.378512,51.321995
13,21,7,3,10,7,3,3,2,0,0,1,1,0,0,0,0,12.384751,51.365341
13,21,6,22,13,3,3,5,2,0,0,1,0,0,0,0,1,12.370204,51.325996
27,21,6,27,17,1,3,9,1,0,0,1,0,0,0,0,0,13.25122,51.315645
12,21,7,16,16,6,3,1,5,0,0,1,1,0,0,0,0,13.79589,51.049695
11,21,6,16,15,4,3,0,4,0,0,1,0,1,0,0,0,12.904229,50.801977
12,21,7,3,10,7,3,0,1,0,0,1,0,0,0,0,0,13.749066,51.052
22,21,7,10,21,7,3,8,1,1,0,1,0,0,0,0,0,12.984025,51.047481
12,21,6,6,20,1,2,0,1,0,0,1,0,0,0,0,0,13.673082,51.052869
12,21,6,2,13,4,3,0,1,0,0,1,0,0,0,0,0,13.829959,51.017279
11,21,7,15,15,5,3,2,6,0,0,1,1,0,0,0,0,12.930472,50.822722
12,21,6,15,8,3,3,5,3,0,0,1,1,0,0,0,0,13.75235,51.061491
29,21,5,24,11,2,2,6,4,0,0,1,0,1,0,0,0,12.336244,51.232374
12,21,7,18,19,1,3,5,3,0,0,1,1,0,0,0,1,13.743132,51.071761
29,21,5,31,20,2,3,1,6,0,0,1,0,0,0,0,0,12.48211,51.209488
28,21,6,17,15,5,3,0,1,0,0,1,0,0,0,0,0,13.989278,50.948031
13,21,6,28,23,2,3,6,4,2,0,1,0,1,0,0,0,12.406072,51.335928
12,21,5,24,15,2,2,0,1,0,0,1,0,0,0,0,0,13.824861,51.047397
13,21,7,14,10,4,2,5,2,0,0,1,1,0,0,0,0,12.411639,51.342632
25,21,6,14,16,2,2,4,2,0,0,1,1,0,0,0,0,14.429182,51.176903
12,21,7,6,11,3,2,5,3,0,0,1,1,0,0,0,0,13.787714,51.035917
13,21,7,8,12,5,3,5,3,0,1,1,1,0,0,0,0,12.378209,51.358424
13,21,6,24,16,5,3,1,5,0,1,1,1,0,0,0,0,12.391901,51.319211
13,21,6,5,23,7,3,1,5,2,1,1,1,0,0,0,0,12.371347,51.357484
12,21,6,17,17,5,3,5,3,0,0,1,0,0,0,0,0,13.702032,51.074525
13,21,6,28,10,2,3,5,2,0,0,1,1,0,0,0,0,12.391339,51.334922
24,21,5,22,18,7,3,1,1,1,0,1,1,0,0,0,0,12.552111,50.814792
25,21,7,7,7,4,3,4,2,0,1,1,1,0,0,0,0,14.265152,51.442095
12,21,7,5,7,2,3,5,2,1,1,1,1,0,0,0,0,13.828634,51.010872
12,21,7,17,8,7,3,5,3,0,1,1,1,0,0,0,0,13.848687,51.00427
25,21,6,16,15,4,3,0,7,0,0,1,0,0,0,0,0,14.26456,51.437421
12,21,7,3,1,7,3,8,1,2,0,1,0,0,0,0,0,13.710947,51.032693
13,21,6,7,19,2,3,5,3,0,0,1,1,0,0,0,0,12.285449,51.360366
12,21,6,23,13,4,3,0,1,0,1,1,0,0,0,0,0,13.690081,51.014791
13,21,7,13,14,3,3,5,3,0,0,1,1,0,0,0,0,12.361596,51.33273
25,21,6,15,15,3,3,8,6,0,0,1,0,0,0,0,1,14.240966,51.384438
12,21,6,29,9,3,3,2,6,0,0,1,1,0,0,0,0,13.821518,51.031903
29,21,7,8,9,5,2,5,3,0,1,1,1,0,0,0,0,12.450887,51.133952
21,21,7,5,21,2,3,0,7,0,0,1,0,0,0,0,0,13.202219,50.67352
13,21,6,21,5,2,3,5,3,1,0,1,1,0,0,0,0,12.418557,51.357304
12,21,7,12,13,2,3,0,7,0,0,1,0,0,0,0,0,13.718072,51.048813
29,21,6,11,18,6,3,0,7,0,0,1,0,0,0,0,0,12.587627,51.278958
12,21,7,7,11,4,2,3,5,0,1,1,1,0,0,0,0,13.754114,51.073516
12,21,6,9,9,4,3,0,1,0,0,1,0,0,0,0,0,13.728423,51.056632
29,21,7,2,14,6,3,5,3,0,0,1,1,0,0,0,0,12.429275,51.275657
13,21,5,31,11,2,2,0,7,0,0,1,0,0,0,0,0,12.421164,51.380018
25,21,6,19,12,7,3,1,5,0,0,1,1,0,0,0,0,14.072167,51.375671
21,21,7,10,20,7,3,6,7,0,0,1,0,1,0,0,0,12.814054,50.632003
13,21,6,25,12,6,3,6,4,0,0,1,0,1,0,0,0,12.315521,51.332463
12,21,6,8,12,3,2,0,1,0,0,1,0,0,0,0,0,13.77996,51.051744
13,21,6,25,22,6,3,5,2,2,1,1,1,0,0,0,0,12.409077,51.340738
12,21,6,9,20,4,3,4,6,0,0,1,0,0,0,0,1,13.699207,51.074377
12,21,7,7,16,4,3,1,5,0,0,1,1,0,0,0,0,13.822015,51.031725
12,21,7,16,16,6,3,1,5,0,0,1,1,0,0,0,0,13.704699,51.038368
12,21,7,2,7,6,3,0,1,0,1,1,0,0,0,0,0,13.752206,51.061575
27,21,6,3,7,5,2,6,4,0,0,1,0,1,0,0,0,13.260618,51.302566
25,21,7,12,23,2,3,1,1,2,0,1,1,0,0,0,0,14.267831,51.449567
13,21,6,11,20,6,3,6,6,0,0,1,0,1,0,0,0,12.3773,51.333097
12,21,6,8,14,3,3,1,1,0,0,1,1,0,0,0,0,13.773396,51.044445
12,21,7,14,8,4,3,5,2,0,0,1,1,0,0,0,0,13.774676,51.0333
12,21,7,1,13,5,3,5,3,0,0,1,0,0,0,0,0,13.768233,51.035707
12,21,5,27,7,5,3,5,3,0,0,1,1,0,0,0,0,13.715147,51.051521
12,21,7,6,9,3,3,5,2,0,0,1,1,0,0,0,0,13.826705,51.025644
22,21,6,7,18,2,1,4,6,0,0,1,0,0,0,0,1,12.971863,51.028236
13,21,6,17,18,5,3,4,2,0,0,1,1,0,0,0,0,12.431797,51.356947
26,21,7,13,3,3,3,0,1,2,0,1,0,0,0,0,0,14.997836,51.150079
25,21,6,14,12,2,3,0,3,0,0,1,1,0,0,0,0,13.918032,51.115897
25,21,7,8,14,5,2,4,2,0,0,1,1,0,0,0,0,14.265005,51.437176
29,21,6,5,12,7,3,5,3,0,0,1,1,0,0,0,0,12.361285,51.270983
13,21,6,9,14,4,2,5,3,0,0,1,1,0,0,0,0,12.33302,51.371342
12,21,6,10,13,5,3,0,1,0,1,1,0,0,0,0,0,13.777774,51.052886
12,21,7,3,13,7,3,5,2,0,0,1,1,0,0,0,0,13.658226,51.051946
13,21,5,31,13,2,2,3,2,0,0,1,0,0,0,1,0,12.381786,51.320655
12,21,6,19,0,7,3,0,1,2,0,1,0,0,0,0,0,13.742043,51.059267
13,21,6,25,8,6,3,5,2,0,0,1,0,0,0,0,1,12.357002,51.336125
21,21,6,8,14,3,3,5,3,0,0,1,0,0,1,0,0,12.636179,50.588054
12,21,6,3,17,5,2,0,1,0,0,1,0,0,0,0,0,13.806177,51.052137
12,21,6,25,19,6,3,0,1,0,0,1,0,0,0,0,0,13.807061,51.024476
11,21,6,17,9,5,3,5,3,0,0,1,1,0,0,0,0,12.921881,50.818545
12,21,6,16,16,4,3,5,3,0,0,1,0,0,0,0,0,13.7281,51.040496
12,21,7,9,13,6,3,0,1,0,0,1,0,0,0,0,0,13.729898,51.032707
13,21,5,31,15,2,3,6,4,0,0,1,0,1,0,0,0,12.380955,51.330635
12,21,7,13,16,3,3,1,1,0,0,1,1,0,0,0,0,13.777133,51.120324
13,21,6,11,15,6,3,5,2,0,0,1,0,0,0,0,1,12.380642,51.330831
13,21,6,29,6,3,3,5,3,0,0,1,1,0,0,0,0,12.397559,51.347441
22,21,5,24,17,2,2,5,3,0,0,1,1,0,0,0,0,13.332929,50.917856
12,21,6,11,13,6,3,5,3,0,0,1,1,0,0,0,0,13.777432,51.049158
12,21,7,8,19,5,3,0,1,0,1,1,0,0,0,0,0,13.811755,51.020526
29,21,5,27,20,5,2,0,7,2,0,1,0,0,0,0,1,12.861223,51.42079
13,21,6,1,9,3,3,0,1,0,0,1,0,0,0,0,0,12.323556,51.328724
12,21,6,24,18,5,3,0,7,0,0,1,1,0,0,0,0,13.761661,51.054269
13,21,7,13,12,3,3,5,3,0,0,1,1,0,0,0,0,12.376729,51.319616
12,21,6,15,15,3,3,0,3,0,0,1,1,0,0,0,0,13.799267,51.04176
12,21,6,29,17,3,3,7,7,0,0,1,0,0,0,0,0,13.848363,51.016062
13,21,6,10,10,5,3,1,1,0,0,1,1,0,0,0,0,12.351402,51.335389
12,21,7,8,15,5,3,0,7,0,0,1,1,0,0,0,0,13.743622,51.019324
13,21,7,11,22,1,3,1,5,2,1,1,1,0,0,0,0,12.408972,51.325581
29,21,6,26,11,7,3,1,7,0,0,1,1,0,0,0,0,12.8603,51.187895
13,21,7,17,6,7,3,0,1,0,1,1,0,0,0,0,0,12.354444,51.319881
22,21,6,19,15,7,3,4,1,0,0,1,0,0,0,0,0,13.332755,50.857554
22,21,6,3,22,5,3,0,7,2,0,1,0,0,0,0,0,13.118323,50.97402
13,21,5,24,18,2,3,5,2,0,0,1,1,0,0,0,0,12.371765,51.339645
13,21,7,6,13,3,3,5,3,0,0,1,1,0,0,0,0,12.293194,51.31502
26,21,6,7,11,2,3,0,1,0,0,1,0,0,0,0,0,14.646864,51.504426
13,21,6,24,18,5,3,3,6,0,1,1,1,0,0,0,0,12.345824,51.327787
27,21,6,5,17,7,3,9,1,0,0,1,0,0,0,0,0,13.535876,51.292868
13,21,6,12,6,7,3,2,6,0,0,1,1,0,0,0,0,12.501672,51.317206
22,21,5,23,11,1,3,0,2,0,0,1,1,0,0,0,0,12.887554,51.076418
22,21,7,5,15,2,2,5,3,0,0,1,1,0,0,0,0,13.32955,50.90288
13,21,7,12,17,2,3,1,5,0,0,1,1,0,0,0,0,12.379412,51.306054
30,21,6,8,14,3,3,6,4,0,0,1,0,1,0,0,0,12.279227,51.422747
30,21,7,15,16,5,3,5,3,0,0,1,1,0,0,0,0,12.322818,51.533905
13,21,5,28,15,6,3,5,3,0,0,1,1,0,0,0,0,12.385363,51.341181
12,21,6,21,17,2,3,0,1,0,0,1,0,0,0,0,0,13.812298,51.019854
12,21,7,5,7,2,3,5,3,0,1,1,1,0,0,0,0,13.762551,51.057203
26,21,6,21,18,2,3,4,2,0,0,1,1,0,0,0,0,14.98579,51.149077
12,21,6,4,15,6,2,3,6,0,0,1,0,0,0,0,1,13.75552,51.056279
11,21,7,12,8,2,3,6,7,0,0,1,0,1,0,0,0,12.92597,50.844528
27,21,6,8,17,3,3,5,3,0,0,1,0,0,0,0,0,13.476139,51.161269
28,21,7,17,11,7,3,5,2,0,1,1,1,0,0,0,0,13.932181,50.969458
13,21,6,15,18,3,3,0,1,0,0,1,0,0,0,0,0,12.406018,51.341859
12,21,7,2,7,6,3,2,1,0,1,1,1,0,0,0,0,13.761993,51.067974
12,21,6,21,16,2,3,2,2,0,0,1,1,0,0,0,0,13.738117,51.047042
12,21,6,6,15,1,3,0,1,0,0,1,0,0,0,0,0,13.869606,51.01428
12,21,7,14,16,4,3,2,6,0,0,1,1,0,0,0,0,13.741862,51.032308
25,21,6,14,6,2,3,5,3,0,0,1,1,0,0,0,0,14.442403,51.186289
30,21,5,24,11,2,2,5,2,0,0,1,0,0,0,0,0,12.642849,51.497427
27,21,6,5,11,7,2,8,1,0,0,1,0,0,0,0,0,13.715787,51.161111
25,21,7,5,15,2,3,5,3,0,0,1,1,0,0,0,0,14.254967,51.433508
22,21,6,2,11,4,2,8,7,0,0,1,0,0,0,0,0,13.327985,50.942192
13,21,6,24,16,5,3,1,5,0,0,1,1,0,0,0,0,12.313578,51.376184
12,21,7,13,19,3,3,6,6,0,0,1,0,1,0,0,0,13.773298,51.033707
26,21,7,2,18,6,2,9,1,0,1,1,0,0,0,0,0,14.927356,51.000306
12,21,5,29,12,7,3,5,3,0,0,1,1,0,0,0,0,13.770137,51.120702
28,21,6,21,21,2,2,0,7,1,0,1,0,0,0,0,0,13.808911,50.800694
26,21,6,4,7,6,3,5,3,0,0,1,1,0,0,0,0,14.642872,51.498752
12,21,6,17,5,5,2,5,3,0,0,1,1,0,0,0,0,13.87602,50.991728
13,21,7,12,18,2,3,5,3,0,0,1,1,0,0,0,0,12.454156,51.345485
12,21,6,26,13,7,3,0,1,0,1,1,0,0,0,0,0,13.678093,51.088623
26,21,6,8,11,3,3,5,3,0,0,1,1,0,0,0,0,14.684272,51.10574
12,21,7,15,17,5,3,0,1,0,0,1,0,0,0,0,0,13.842464,51.135208
28,21,6,30,7,4,3,0,7,0,1,1,0,0,0,0,0,13.941882,50.964102
24,21,7,5,11,2,3,2,5,0,0,1,1,0,0,0,0,12.477157,50.740261
12,21,7,11,16,1,2,5,2,0,0,1,1,0,0,0,0,13.735607,51.11798
25,21,6,7,10,2,2,5,3,0,0,1,1,0,0,0,0,14.240557,51.432425
12,21,6,3,10,5,2,5,3,0,0,1,0,0,0,1,0,13.780968,51.045852
11,21,6,15,23,3,2,5,3,2,0,1,0,0,0,0,1,12.862513,50.819424
12,21,6,2,16,4,2,0,1,0,0,1,0,0,0,0,0,13.757106,51.049758
13,21,6,17,20,5,2,5,3,0,0,1,1,0,0,0,0,12.318913,51.385876
13,21,7,14,7,4,3,5,3,0,0,1,1,0,0,0,0,12.364545,51.326784
30,21,5,24,12,2,2,5,1,0,0,1,0,0,0,0,0,12.221853,51.388618
26,21,7,6,11,3,3,5,3,0,0,1,1,0,0,0,0,14.632274,51.50226
12,21,7,9,7,6,3,0,1,0,1,1,0,0,0,0,0,13.753029,51.059035
22,21,7,18,16,1,3,4,2,0,0,1,1,0,0,0,0,13.101189,50.817449
24,21,6,21,7,2,3,1,5,0,0,1,0,0,0,1,0,12.48124,50.708568
13,21,7,13,18,3,3,5,3,0,0,1,1,0,0,0,0,12.385371,51.34359
27,21,5,24,11,2,3,2,6,0,0,1,0,0,0,0,0,13.569226,51.113038
29,21,6,9,7,4,3,5,3,0,0,1,1,0,0,0,0,12.740588,51.368445
12,21,6,9,20,4,3,5,2,0,0,1,1,0,0,0,0,13.725978,51.052946
12,21,5,30,13,1,3,7,7,0,0,1,0,0,0,0,0,13.857559,51.010359
26,21,6,3,18,5,2,0,7,0,0,1,0,0,0,0,0,14.956715,51.132986
12,21,6,28,19,2,3,0,1,0,0,1,0,0,0,0,0,13.734033,51.050865
27,21,6,16,7,4,2,5,3,0,0,1,0,0,0,0,1,13.586726,51.126314
26,21,7,9,10,6,3,2,6,0,0,1,0,0,0,0,1,14.658144,50.899145
12,21,6,7,6,2,3,5,3,0,0,1,1,0,0,0,0,13.69635,51.088826
12,21,6,2,22,4,3,0,1,2,0,1,0,0,0,0,0,13.755152,51.068345
13,21,6,23,18,4,3,5,3,0,0,1,1,0,0,0,0,12.260281,51.312981
13,21,7,13,8,3,3,3,6,0,0,1,0,0,0,0,0,12.377642,51.333921
12,21,6,15,17,3,2,5,3,0,0,1,1,0,0,0,0,13.813483,51.045333
30,21,6,28,13,2,3,4,6,0,0,1,0,0,0,0,0,12.286211,51.422759
29,21,5,25,19,3,3,0,7,0,1,1,0,0,0,0,0,12.500255,51.123294
24,21,7,7,10,4,3,0,7,0,1,1,0,0,0,0,0,12.479092,50.717121
12,21,6,22,15,3,2,6,4,0,0,1,0,1,0,0,0,13.753169,51.069157
27,21,6,17,12,5,3,3,2,0,0,1,1,0,0,0,0,13.565462,51.135148
13,21,6,11,16,6,3,5,3,0,0,1,1,0,0,0,0,12.378351,51.334555
27,21,6,27,15,1,3,3,6,0,0,1,1,0,0,0,0,13.631021,51.105746
28,21,5,24,13,2,3,5,3,0,0,1,0,0,0,0,0,13.987472,50.995133
12,21,6,16,11,4,3,5,2,0,0,1,1,0,0,0,0,13.748837,51.037464
25,21,5,28,21,6,3,8,1,2,0,1,0,0,0,0,0,14.307367,51.099669
12,21,6,22,14,3,3,0,1,0,0,1,0,0,0,0,0,13.759381,51.028698
28,21,7,12,13,2,3,0,1,0,0,1,0,0,0,0,0,13.936579,50.964007
22,21,6,13,13,1,2,0,7,0,0,1,0,0,0,0,0,13.337637,50.872786
24,21,5,22,17,7,3,0,7,0,0,1,1,0,0,0,0,12.730618,50.859541
12,21,6,9,20,4,3,5,3,0,0,1,1,0,0,0,0,13.798504,51.011642
13,21,7,7,16,4,3,1,5,0,0,1,1,0,0,0,0,12.41225,51.332932
24,21,7,16,13,6,3,3,1,0,0,1,0,0,1,0,0,12.565918,50.758073
12,21,5,31,16,2,3,5,3,0,0,1,1,0,0,0,0,13.783589,51.034316
12,21,6,21,10,2,3,3,3,0,0,1,0,0,0,0,1,13.715454,51.036647
11,21,6,4,20,6,2,5,3,2,0,1,0,0,0,0,1,12.944251,50.815135
24,21,7,9,12,6,3,0,1,0,1,1,0,0,0,0,0,12.485936,50.717347
24,21,6,7,13,2,2,0,5,0,0,1,1,0,0,0,0,12.518456,50.797594
12,21,6,3,15,5,2,5,3,0,0,1,1,0,0,0,0,13.761586,51.031716
13,21,6,25,9,6,3,1,5,0,0,1,1,0,0,0,0,12.365647,51.317813
11,21,7,15,10,5,3,0,1,0,0,1,0,0,0,0,0,12.901742,50.772819
13,21,6,15,8,3,3,5,3,0,0,1,1,0,0,0,0,12.407331,51.345468
12,21,7,1,7,5,3,5,3,0,0,1,1,0,0,0,0,13.787396,51.027308
27,21,6,6,11,1,3,8,6,0,0,1,0,0,0,0,0,13.581088,51.103446
13,21,6,1,10,3,3,5,3,0,0,1,1,0,0,0,0,12.384857,51.378873
12,21,6,24,6,5,2,5,3,0,1,1,0,0,0,0,0,13.859822,51.009276
12,21,6,15,7,3,3,0,7,0,0,1,1,0,0,0,0,13.762299,51.024445
13,21,5,25,10,3,3,6,4,0,0,1,0,1,0,0,0,12.376525,51.342997
13,21,6,10,16,5,3,3,2,0,0,1,1,0,0,0,0,12.345488,51.351102
12,21,7,8,15,5,3,1,2,0,0,1,1,0,0,0,0,13.771281,51.029869
12,21,6,23,9,4,2,5,3,0,0,1,1,0,0,0,0,13.745383,51.063194
12,21,6,28,8,2,2,0,1,0,0,1,0,0,0,0,0,13.804949,51.03244
13,21,5,22,17,7,3,1,5,0,0,1,1,0,0,0,0,12.341156,51.321475
26,21,7,16,19,6,3,5,3,0,0,1,0,0,0,0,0,14.801276,50.896078
13,21,5,28,13,6,3,5,3,0,0,1,1,0,0,0,0,12.39477,51.309753
29,21,6,19,14,7,2,5,2,0,0,1,1,0,0,0,0,12.508065,51.222642
12,21,6,17,16,5,3,1,5,0,0,1,1,0,0,0,0,13.784904,51.049638
24,21,7,9,19,6,2,3,6,0,1,1,1,0,0,0,0,12.740889,50.797844
13,21,6,11,7,6,2,5,2,0,0,1,1,0,0,0,0,12.392716,51.330636
11,21,6,26,15,7,3,0,1,0,0,1,0,0,0,0,0,12.975236,50.877961