CSV=`UKREIS,UJAHR,UMONAT,UTAG,USTUNDE,UWOCHENTAG,UKATEGORIE,UART,UTYP,LICHT,USTRZUSTAND,IstRad,IstPKW,IstFuss,IstKrad,IstGkfz,IstSonstig,@lon,@lat
30,21,7,14,10,4,2,5,3,0,0,1,1,0,0,0,0,13.095534,51.298681
26,21,7,6,7,3,2,0,1,0,1,1,0,0,0,0,0,14.965574,51.073963
30,21,7,8,19,5,2,5,3,0,0,1,1,0,0,0,0,12.634778,51.452021
25,21,6,5,20,7,3,0,6,1,0,1,1,0,0,0,0,14.087855,51.444502
12,21,6,1,15,3,3,3,2,0,0,1,1,0,0,0,0,13.708898,51.047232
13,21,6,5,20,7,3,0,1,1,0,1,0,0,0,0,0,12.301692,51.34355
13,21,6,8,9,3,3,3,6,0,0,1,1,0,0,0,0,12.404359,51.326755
12,21,6,2,9,4,2,0,1,0,0,1,0,0,0,0,0,13.776818,51.127867
25,21,6,25,8,6,3,8,1,0,0,1,1,0,0,0,0,13.894916,51.261878
13,21,7,8,15,5,3,5,3,0,1,1,1,0,0,0,0,12.394749,51.318559
13,21,6,7,11,2,3,1,7,0,0,1,1,0,0,0,0,12.342749,51.321496
13,21,6,4,13,6,3,5,3,0,0,1,1,0,0,0,0,12.402426,51.284755
12,21,7,13,21,3,3,0,1,2,1,1,0,0,0,0,0,13.81179,51.020386
11,21,5,22,17,7,3,0,7,0,0,1,0,0,0,0,0,12.886644,50.791425
12,21,7,8,14,5,3,5,3,0,0,1,1,0,0,0,0,13.772417,51.127021
13,21,6,3,16,5,3,2,6,0,0,1,0,0,0,0,0,12.373592,51.320642
27,21,7,11,16,1,3,0,1,2,1,1,0,0,0,0,0,13.574319,51.120451
29,21,6,8,9,3,3,5,3,0,0,1,1,0,0,0,0,12.372735,51.268349
12,21,7,16,6,6,3,5,2,0,0,1,0,0,0,1,0,13.712929,51.050125
13,21,6,15,18,3,3,5,3,0,0,1,0,0,0,0,1,12.410698,51.341741
12,21,6,19,11,7,3,5,3,0,0,1,0,0,0,0,0,13.798693,51.043272
28,21,6,18,19,6,3,0,1,0,0,1,0,0,0,0,0,13.674941,50.835666
25,21,6,24,20,5,3,0,1,0,0,1,0,0,0,0,0,14.275818,51.442367
22,21,6,15,23,3,3,0,7,2,0,1,0,0,0,0,0,12.898242,51.073469
22,21,5,25,19,3,3,0,1,2,0,1,0,0,0,0,0,13.341787,50.913643
22,21,7,6,7,3,2,0,1,0,0,1,0,0,0,0,0,12.896093,51.079438
29,21,7,8,15,5,3,1,1,0,1,1,0,0,0,0,1,12.351216,51.264803
27,21,6,5,20,7,3,0,1,1,1,1,0,0,0,0,0,13.519024,51.286737
12,21,7,18,12,1,2,0,7,0,0,1,0,0,0,0,0,13.848525,51.037025
28,21,7,4,11,1,3,4,6,0,0,1,0,0,0,0,0,13.996671,50.947364
24,21,6,1,17,3,2,5,3,0,0,1,1,0,0,0,0,12.723231,50.783993
25,21,6,5,19,7,3,4,1,0,0,1,1,0,0,0,0,14.477681,51.098255
13,21,7,13,14,3,3,5,3,0,0,1,1,0,0,0,0,12.389198,51.366779
13,21,6,13,16,1,3,0,1,0,0,1,0,0,0,0,0,12.379671,51.304372
12,21,6,29,13,3,3,0,1,0,0,1,0,0,0,0,0,13.75284,51.058114
29,21,5,21,16,6,3,6,4,0,0,1,0,1,0,0,0,12.612731,51.333401
24,21,7,6,11,3,2,0,1,0,0,1,0,0,0,0,0,12.371232,50.754472
27,21,7,2,13,6,3,1,3,0,0,1,1,0,0,0,0,13.518429,51.295997
13,21,5,31,18,2,3,3,2,0,0,1,1,0,0,0,0,12.385959,51.295934
11,21,7,12,15,2,3,1,5,0,0,1,1,0,0,0,0,12.957719,50.834056
25,21,6,8,14,3,3,0,6,0,0,1,1,0,0,0,0,14.237794,51.383545
25,21,7,7,19,4,3,0,1,0,0,1,0,0,0,0,0,13.987855,51.095789
27,21,7,5,17,2,3,0,7,0,0,1,0,0,0,0,0,13.378484,51.321143
29,21,6,3,10,5,3,5,3,0,0,1,1,0,0,0,0,12.500492,51.125352
28,21,6,27,19,1,3,5,3,0,0,1,1,0,0,0,0,13.656065,50.994056
24,21,6,7,17,2,3,1,7,0,0,1,1,0,0,0,0,12.414737,50.698982
12,21,6,11,12,6,3,5,3,0,0,1,1,0,0,0,0,13.765401,51.072198
12,21,7,3,17,7,3,0,7,0,0,1,0,0,0,0,0,13.707685,51.046383
30,21,6,20,15,1,3,1,5,0,0,1,1,0,0,0,0,12.377826,51.430464
12,21,6,18,18,6,3,2,2,0,0,1,1,0,0,0,0,13.705737,51.090517
12,21,6,2,19,4,2,4,1,0,0,1,0,0,0,0,0,13.760381,51.075013
27,21,6,23,12,4,3,0,1,0,1,1,0,0,0,0,0,13.302149,51.305441
27,21,7,15,14,5,3,0,1,0,0,1,0,0,0,0,0,13.724545,51.191321
26,21,6,14,15,2,3,4,2,0,0,1,1,0,0,0,0,14.984533,51.153914
27,21,7,6,20,3,3,3,2,1,0,1,1,0,0,0,0,13.667357,51.102557
22,21,7,4,17,1,2,5,2,0,0,1,0,0,0,0,0,13.32166,50.902462
24,21,6,21,14,2,2,4,1,0,0,1,1,0,0,0,0,12.570758,50.747617
29,21,6,5,9,7,3,5,3,0,0,1,1,0,0,0,0,12.360042,51.284354
11,21,6,28,16,2,3,0,6,0,0,1,1,0,0,0,0,12.905663,50.782624
28,21,5,24,15,2,3,0,1,0,0,1,0,0,0,0,0,13.932367,50.956795
12,21,7,7,15,4,3,1,5,0,0,1,1,0,0,0,0,13.698362,51.037048
24,21,7,15,19,5,2,0,1,0,0,1,0,0,0,0,0,12.496912,50.818905
12,21,7,3,16,7,3,2,7,0,0,1,1,0,0,0,0,13.790975,51.026866
12,21,5,29,17,7,3,5,3,0,0,1,1,0,0,0,0,13.808178,51.047977
28,21,6,20,11,1,2,0,1,0,0,1,0,0,0,0,0,13.964115,50.963528
13,21,7,10,13,7,3,3,6,0,0,1,0,0,0,0,0,12.329968,51.301931
26,21,6,18,8,6,3,0,1,0,0,1,0,0,0,0,0,14.843814,51.291815
30,21,6,25,1,6,3,4,6,2,0,1,1,0,0,0,0,12.65347,51.465837
13,21,6,18,6,6,3,5,3,0,0,1,0,0,1,0,0,12.374085,51.304056
26,21,6,25,11,6,3,2,2,0,0,1,0,0,0,0,0,14.944495,51.145261
13,21,6,15,14,3,3,2,6,0,0,1,1,0,0,0,0,12.373242,51.310124
12,21,6,30,10,4,3,0,1,0,0,1,0,0,0,0,0,13.694833,51.048983
13,21,6,11,16,6,2,0,1,0,0,1,0,0,0,0,0,12.420081,51.344813
22,21,6,7,21,2,3,5,3,1,0,1,1,0,0,0,0,13.345405,50.910025
11,21,6,18,10,6,3,0,5,0,0,1,1,0,0,0,0,12.924396,50.828068
13,21,7,13,15,3,3,5,3,0,0,1,1,0,0,0,0,12.323919,51.32039
27,21,6,16,19,4,3,3,6,0,0,1,1,0,0,0,0,13.465741,51.157247
12,21,7,6,17,3,3,4,2,0,0,1,1,0,0,0,0,13.830983,51.009921
12,21,6,7,17,2,3,0,7,0,0,1,0,0,0,0,0,13.784495,51.013829
13,21,6,23,12,4,3,0,7,0,0,1,1,0,0,0,0,12.378078,51.329104
11,21,5,26,17,4,3,0,6,0,0,1,1,0,0,0,0,12.858358,50.794996
26,21,7,4,0,1,2,0,1,2,0,1,0,0,0,0,0,14.684272,50.976274
27,21,6,21,18,2,3,4,6,0,0,1,1,0,0,0,0,13.679374,51.097252
13,21,6,26,2,7,2,6,6,2,0,1,0,1,0,0,0,12.354659,51.330416
13,21,6,9,16,4,3,4,6,0,0,1,1,0,0,0,0,12.335156,51.369886
12,21,7,8,7,5,3,6,4,0,0,1,0,1,0,0,0,13.789786,51.047349
30,21,7,17,16,7,3,1,1,0,0,1,1,0,0,0,0,12.228133,51.401813
27,21,6,10,12,5,3,0,1,0,0,1,0,0,0,0,0,13.567197,51.134063
25,21,5,31,16,2,3,5,3,0,0,1,1,0,0,0,0,13.814496,51.18395
28,21,7,10,16,7,2,4,6,0,0,1,0,0,1,0,0,13.578095,51.013276
21,21,6,8,14,3,2,1,5,0,0,1,0,0,0,1,0,12.826199,50.52637
13,21,6,18,14,6,3,5,2,0,0,1,0,0,0,0,1,12.357974,51.379471
13,21,6,25,13,6,3,1,5,0,0,1,1,0,0,0,0,12.364557,51.370999
13,21,7,1,19,5,3,5,3,0,0,1,1,0,0,0,0,12.269776,51.31017
13,21,7,5,6,2,3,5,3,0,1,1,1,0,0,0,0,12.381271,51.305548
13,21,6,7,15,2,3,5,3,0,0,1,1,0,0,0,0,12.371857,51.312713
29,21,5,31,5,2,3,3,6,1,0,1,0,0,0,0,1,12.737125,51.364725
12,21,7,13,16,3,3,1,5,0,0,1,1,0,0,0,0,13.721269,51.038692
27,21,6,14,11,2,2,4,2,0,0,1,1,0,0,0,0,13.528148,51.293383
12,21,5,24,9,2,2,0,1,0,0,1,0,0,0,0,0,13.839758,51.025818
11,21,6,11,6,6,3,0,7,0,0,1,1,0,0,0,0,12.943496,50.800782
13,21,7,7,14,4,3,5,2,0,0,1,1,0,0,0,0,12.331961,51.335916
13,21,7,3,10,7,3,4,6,0,0,1,0,0,0,0,0,12.479198,51.345666
12,21,6,28,10,2,3,2,6,0,0,1,1,0,0,0,0,13.72392,51.058014
13,21,6,8,17,3,3,0,1,0,0,1,0,0,0,0,0,12.404326,51.326763
22,21,6,30,13,4,1,8,1,0,0,1,0,0,0,0,0,12.758681,50.923396
12,21,5,26,8,4,3,5,3,0,0,1,1,0,0,0,0,13.773686,51.04877
13,21,6,10,15,5,3,3,2,0,0,1,1,0,0,0,0,12.391129,51.334843
12,21,7,8,15,5,3,1,5,0,1,1,0,0,0,0,1,13.779002,51.015724
26,21,7,4,19,1,3,4,2,0,0,1,1,0,0,0,0,14.981403,51.154101
13,21,6,21,19,2,3,6,4,0,0,1,0,1,0,0,0,12.379682,51.335302
13,21,6,3,16,5,3,5,2,0,0,1,1,0,0,0,0,12.412832,51.335481
26,21,7,12,9,2,3,5,3,0,0,1,1,0,0,0,0,14.794863,50.891845
12,21,5,24,17,2,3,3,5,0,0,1,1,0,0,0,0,13.745443,51.068186
13,21,7,17,17,7,3,0,1,0,0,1,0,0,0,0,0,12.325855,51.31116
12,21,6,16,14,4,3,2,7,0,0,1,0,0,0,0,1,13.833821,51.064987
13,21,5,27,7,5,3,5,4,0,0,1,0,1,0,0,0,12.417909,51.321926
26,21,6,8,10,3,3,0,1,0,0,1,0,0,0,0,0,14.979927,51.151593
12,21,6,18,14,6,2,0,1,0,0,1,0,0,0,0,0,13.886763,51.006734
28,21,5,26,10,4,2,5,3,0,0,1,1,0,0,0,0,13.932263,50.969445
13,21,7,6,15,3,2,0,7,0,1,1,0,0,0,0,0,12.292652,51.30582
12,21,7,9,15,6,3,5,2,0,0,1,1,0,0,0,0,13.788617,51.043254
13,21,6,1,9,3,3,3,2,0,0,1,0,0,0,0,1,12.373639,51.333129
28,21,5,22,15,7,3,0,1,0,0,1,0,0,0,0,0,13.945089,50.958165
11,21,6,11,19,6,3,4,1,0,0,1,1,0,0,0,0,12.922617,50.83943
28,21,7,8,16,5,2,0,1,0,0,1,0,0,0,0,0,13.892884,50.96239
24,21,7,4,10,1,2,5,7,0,0,1,1,0,0,0,0,12.551715,50.690689
23,21,5,30,16,1,3,5,3,0,0,1,1,0,0,0,0,12.304276,50.540356
24,21,6,3,16,5,3,4,6,0,0,1,1,0,0,0,0,12.564133,50.655255
12,21,6,28,16,2,3,5,2,0,0,1,1,0,0,0,0,13.707241,51.029245
13,21,6,8,17,3,2,5,2,0,0,1,1,0,0,0,0,12.336688,51.368292
12,21,7,17,18,7,3,3,6,0,0,1,1,0,0,0,0,13.81654,51.015922
13,21,6,16,20,4,3,5,2,0,0,1,1,0,0,0,0,12.373897,51.334134
12,21,7,3,11,7,3,5,2,0,0,1,1,0,0,0,0,13.698625,51.087662
13,21,5,26,15,4,3,4,1,0,1,1,1,0,0,0,0,12.374971,51.342456
12,21,6,21,16,2,3,0,6,0,0,1,1,0,0,0,0,13.716054,51.028132
24,21,7,13,16,3,3,5,2,0,0,1,0,0,0,0,1,12.373424,50.736855
11,21,6,15,7,3,3,3,6,0,0,1,1,0,0,0,0,12.879063,50.833562
25,21,7,1,16,5,3,0,1,0,0,1,0,0,0,0,0,14.408197,51.132442
13,21,5,24,11,2,3,5,3,0,0,1,1,0,0,0,0,12.408496,51.375664
25,21,7,5,15,2,3,0,3,0,0,1,1,0,0,0,0,13.872929,51.134532
13,21,6,18,11,6,3,5,2,0,0,1,1,0,0,0,0,12.38489,51.338117
12,21,6,6,14,1,3,0,1,0,0,1,0,0,0,0,0,13.777708,51.052879
13,21,6,2,18,4,3,5,3,0,0,1,1,0,0,0,0,12.374126,51.303381
21,21,7,15,15,5,3,5,1,0,1,1,0,0,0,0,1,13.199008,50.71956
12,21,5,25,15,3,3,5,3,0,0,1,1,0,0,0,0,13.723926,51.034671
12,21,7,9,9,6,3,5,3,0,0,1,1,0,0,0,0,13.761378,51.051922
13,21,6,5,0,7,3,0,6,2,0,1,1,0,0,0,0,12.406182,51.347644
22,21,6,2,8,4,3,0,1,0,0,1,0,0,0,0,0,12.797202,51.047762
13,21,7,13,17,3,3,5,3,0,0,1,1,0,0,0,0,12.336945,51.32479
30,21,6,12,15,7,3,1,1,0,0,1,1,0,0,0,0,12.593956,51.535246
12,21,5,22,21,7,2,0,1,2,0,1,0,0,0,0,0,13.750596,51.075878
27,21,6,9,10,4,3,5,3,0,0,1,1,0,0,0,0,13.484439,51.161327
12,21,7,7,17,4,3,1,6,0,0,1,1,0,0,0,0,13.792424,51.012158
13,21,5,31,14,2,3,2,6,0,0,1,1,0,0,0,0,12.421971,51.313846
28,21,6,21,22,2,3,0,1,2,0,1,0,0,0,0,0,13.934138,50.971029
13,21,7,12,16,2,3,5,2,0,0,1,0,0,0,0,0,12.352068,51.333476
30,21,6,18,9,6,2,0,7,0,0,1,0,0,0,1,0,12.336243,51.523942
12,21,6,18,8,6,2,5,3,0,0,1,1,0,0,0,0,13.778364,51.017196
27,21,7,15,15,5,3,5,2,0,0,1,1,0,0,0,0,13.53913,51.294848
26,21,6,16,17,4,3,5,3,0,0,1,1,0,0,0,0,14.967911,51.125951
13,21,7,5,18,2,2,5,3,0,0,1,1,0,0,0,0,12.410386,51.402505
30,21,7,10,2,7,3,6,7,2,0,1,0,1,0,0,0,13.066008,51.234318
12,21,6,7,7,2,3,5,2,0,0,1,1,0,0,0,0,13.726636,51.031494
25,21,6,2,9,4,2,5,3,0,0,1,1,0,0,0,0,14.287624,51.433562
29,21,6,23,18,4,3,5,3,0,0,1,1,0,0,0,0,12.719535,51.235696
26,21,6,17,12,5,3,5,3,0,0,1,0,0,0,0,0,14.642043,51.503333
13,21,7,13,8,3,3,5,3,0,0,1,1,0,0,0,0,12.373326,51.353059
12,21,6,15,14,3,3,0,7,0,0,1,0,0,0,0,0,13.819767,51.030748
21,21,6,30,17,4,2,1,5,0,0,1,0,0,0,0,1,12.953594,50.668629
11,21,7,5,19,2,3,6,6,0,0,1,0,1,0,0,0,12.939818,50.847229
13,21,6,21,7,2,3,1,7,0,0,1,1,0,0,0,0,12.370496,51.361201
24,21,6,4,21,6,2,3,2,1,0,1,0,0,1,0,0,12.550015,50.814044
12,21,7,12,16,2,3,0,7,0,0,1,1,0,0,0,0,13.752037,51.06352
11,21,5,23,20,1,2,4,2,0,0,1,1,0,0,0,0,12.822323,50.830204
12,21,7,7,5,4,3,0,1,1,1,1,0,0,0,0,0,13.718189,51.077527
12,21,6,9,8,4,3,0,1,0,1,1,0,0,0,0,0,13.798891,51.05564
11,21,7,18,16,1,3,3,2,0,0,1,1,0,0,0,0,12.986916,50.8143
12,21,7,5,15,2,2,8,1,0,0,1,0,0,0,0,0,13.808925,51.011881
13,21,6,21,15,2,3,5,3,0,0,1,1,0,0,0,0,12.421416,51.32283
13,21,6,5,1,7,3,0,1,2,0,1,0,0,0,0,0,12.37299,51.309929
28,21,6,17,21,5,3,5,2,1,0,1,1,0,0,0,0,13.690162,50.995051
13,21,7,13,8,3,3,3,2,0,0,1,1,0,0,0,0,12.405853,51.331777
13,21,5,22,14,7,3,5,2,0,0,1,1,0,0,0,0,12.303066,51.31442
11,21,7,8,13,5,3,1,5,0,1,1,1,0,0,0,0,12.922852,50.847136
27,21,6,9,18,4,3,0,1,0,0,1,0,0,0,0,0,13.720772,51.167167
13,21,5,31,16,2,3,0,7,0,0,1,0,0,0,0,0,12.379712,51.360091
11,21,6,21,15,2,3,0,7,0,0,1,0,0,0,0,0,12.890379,50.818943
13,21,6,11,8,6,3,4,1,0,0,1,1,0,0,0,0,12.319003,51.38426
12,21,6,11,12,6,3,5,3,0,0,1,0,0,0,0,0,13.800477,51.02737
27,21,6,25,18,6,3,0,7,0,0,1,0,0,0,0,0,13.383762,51.320535
29,21,7,13,9,3,3,1,5,0,0,1,1,0,0,0,0,12.245582,51.168204
13,21,6,15,20,3,3,3,2,1,0,1,1,0,0,0,0,12.389679,51.321553
26,21,5,27,17,5,3,0,1,0,0,1,0,0,0,0,0,14.979326,51.145741
11,21,7,11,1,1,3,0,1,2,0,1,0,0,0,0,0,12.963755,50.826507
13,21,6,2,18,4,2,5,3,0,0,1,1,0,0,0,0,12.370966,51.344089
12,21,6,23,12,4,3,5,3,0,1,1,1,0,0,0,0,13.742391,51.042097
23,21,6,14,21,2,2,0,1,1,0,1,1,0,0,0,0,12.042575,50.50038
29,21,5,24,14,2,3,4,3,0,0,1,0,0,0,0,0,12.386334,51.231453
27,21,7,8,15,5,3,5,3,0,0,1,1,0,0,0,0,13.383392,51.308457
12,21,7,4,12,1,3,5,2,0,0,1,0,0,0,0,0,13.698616,51.074358
24,21,6,1,9,3,3,5,3,0,0,1,1,0,0,0,0,12.542768,50.693517
12,21,6,22,17,3,3,0,5,0,0,1,1,0,0,0,0,13.75452,51.066186
27,21,7,11,13,1,3,2,6,0,0,1,1,0,0,0,0,13.51833,51.142842
28,21,6,12,12,7,3,2,7,0,0,1,0,0,0,0,0,13.961957,50.961957
12,21,6,11,12,6,3,3,6,0,0,1,0,0,0,0,1,13.680166,51.042521
13,21,7,15,16,5,3,1,5,0,0,1,1,0,0,0,0,12.477799,51.336259
25,21,7,3,14,7,2,5,3,0,0,1,1,0,0,0,0,14.305373,51.097057
11,21,5,29,22,7,3,0,1,2,0,1,0,0,0,0,0,12.896728,50.837569
13,21,6,18,10,6,3,4,3,0,0,1,1,0,0,0,0,12.315144,51.354727
12,21,6,17,16,5,3,4,2,0,0,1,1,0,0,0,0,13.768248,51.047971
30,21,7,9,8,6,3,0,1,0,1,1,0,0,0,0,0,12.22119,51.400808
23,21,6,7,14,2,3,0,7,0,0,1,0,0,0,0,0,12.401065,50.50642
21,21,6,3,19,5,2,0,1,0,0,1,0,0,0,0,0,12.798988,50.635945
13,21,6,16,8,4,3,5,3,0,0,1,1,0,0,0,0,12.414216,51.314894
12,21,7,14,7,4,2,0,1,0,1,1,0,0,0,0,0,13.762264,51.024469
24,21,7,1,16,5,2,5,3,0,0,1,1,0,0,0,0,12.622889,50.75805
11,21,5,26,9,4,3,5,3,0,0,1,1,0,0,0,0,12.899151,50.80775
29,21,7,5,7,2,3,3,6,0,0,1,1,0,0,0,0,12.332708,51.220341
13,21,7,8,9,5,3,1,7,0,0,1,0,0,0,0,1,12.37324,51.322081
28,21,7,2,17,6,3,0,5,0,0,1,1,0,0,0,0,13.941977,50.958599
12,21,5,31,18,2,3,5,2,0,0,1,1,0,0,0,0,13.781097,51.042933
11,21,6,19,18,7,3,5,3,0,0,1,1,0,0,0,0,12.911865,50.824217
13,21,7,10,23,7,3,0,1,2,1,1,0,0,0,0,0,12.353339,51.330077
13,21,6,11,13,6,2,5,3,0,0,1,0,0,0,0,1,12.36568,51.32103
13,21,6,16,17,4,3,1,5,0,0,1,1,0,0,0,0,12.359006,51.320875
12,21,5,27,7,5,3,5,3,0,0,1,1,0,0,0,0,13.749614,51.033806
24,21,7,5,15,2,3,0,1,0,0,1,0,0,0,0,0,12.628814,50.753376
12,21,6,7,19,2,3,1,5,0,0,1,1,0,0,0,0,13.750308,51.073552
12,21,6,15,15,3,2,0,1,0,0,1,0,0,0,0,0,13.750512,51.047385
13,21,5,25,18,3,3,3,2,0,0,1,1,0,0,0,0,12.37112,51.347399
13,21,6,10,18,5,3,0,7,0,0,1,0,0,0,0,0,12.378433,51.346994
13,21,7,7,11,4,3,0,7,0,0,1,0,0,0,0,0,12.448631,51.325882
26,21,6,11,11,6,2,5,3,0,0,1,1,0,0,0,0,14.813373,50.899437
13,21,7,3,20,7,3,6,6,0,0,1,0,1,0,0,0,12.37428,51.34086
13,21,6,3,6,5,3,5,2,0,0,1,1,0,0,0,0,12.41282,51.33548
12,21,7,12,16,2,3,5,3,0,0,1,1,0,0,0,0,13.778646,51.046427
12,21,6,26,9,7,2,0,7,0,0,1,0,0,0,0,0,13.756852,51.074577
12,21,6,8,17,3,2,5,3,0,0,1,0,0,0,0,0,13.746498,51.034652
28,21,6,14,15,2,3,8,1,0,0,1,0,0,0,0,0,13.670972,51.013767
13,21,7,1,23,5,3,1,6,2,1,1,1,0,0,0,0,12.374751,51.360125
13,21,5,25,15,3,3,0,7,0,0,1,0,0,0,0,0,12.413306,51.344406
13,21,7,6,15,3,3,5,2,0,1,1,1,0,0,0,0,12.319707,51.350101
13,21,6,1,9,3,3,3,2,0,0,1,1,0,0,0,0,12.370748,51.320812
27,21,6,5,9,7,3,0,7,0,0,1,0,0,0,0,0,13.722478,51.21452
29,21,5,22,11,7,2,6,4,0,0,1,0,1,0,0,0,12.612826,51.333385
13,21,7,3,13,7,3,5,3,0,0,1,1,0,0,0,0,12.395749,51.363256
13,21,6,22,19,3,3,5,2,0,0,1,1,0,0,0,0,12.445302,51.346174
12,21,9,19,16,1,3,4,1,0,0,1,0,0,1,0,0,13.742066,51.053507
13,21,9,24,6,6,3,5,3,0,0,1,1,0,0,0,0,12.401031,51.376245
28,21,7,26,6,2,2,4,2,0,0,1,1,0,0,0,0,13.945338,50.958854
12,21,8,11,7,4,2,5,3,0,0,1,1,0,0,0,0,13.782025,51.036858
26,21,8,7,1,7,3,0,1,2,0,1,0,0,0,0,0,14.967456,51.144357
13,21,9,16,16,5,3,5,3,0,0,1,1,0,0,0,0,12.394444,51.316744
12,21,7,20,15,3,3,5,2,0,0,1,1,0,0,0,0,13.774531,51.033115
29,21,7,28,10,4,3,5,3,0,0,1,1,0,0,0,0,12.436137,51.088186
13,21,8,24,16,3,3,5,2,0,0,1,1,0,0,0,0,12.395939,51.373346
13,21,9,9,9,5,3,5,2,0,0,1,1,0,0,0,0,12.320951,51.30273
11,21,8,31,8,3,3,0,1,0,1,1,0,0,0,0,0,12.931508,50.823157
28,21,8,13,14,6,3,4,1,0,0,1,1,0,0,0,0,13.755337,50.89292
30,21,8,20,18,6,2,9,1,0,0,1,0,0,1,0,0,12.992782,51.55302
12,21,9,8,16,4,3,5,3,0,0,1,1,0,0,0,0,13.769636,51.051133
12,21,8,29,13,1,3,0,7,0,0,1,0,0,0,0,0,13.827585,51.053214
13,21,8,11,14,4,3,5,3,0,0,1,1,0,0,0,0,12.47812,51.336539
29,21,7,21,16,4,3,2,6,0,0,1,1,0,0,0,0,12.74025,51.368407
13,21,9,10,5,6,3,5,2,2,0,1,1,0,0,0,0,12.382859,51.32064
21,21,8,20,15,6,2,1,1,0,0,1,1,0,0,0,0,13.200803,50.714039
25,21,7,18,21,1,3,0,1,2,0,1,0,0,0,0,0,14.180748,51.124949
30,21,7,24,12,7,3,2,2,0,0,1,1,0,0,0,0,12.336322,51.528205
23,21,7,30,18,6,3,4,6,0,0,1,1,0,0,0,0,12.322234,50.313298
28,21,8,24,17,3,3,0,7,0,0,1,0,0,0,0,0,14.2075,51.026172
27,21,9,23,7,5,2,5,2,0,0,1,0,0,0,0,0,13.605292,51.113393
25,21,9,9,18,5,3,5,7,0,0,1,1,0,0,0,0,14.020941,51.143473
12,21,9,2,21,5,3,0,1,2,0,1,0,0,0,0,0,13.7211,51.055377
25,21,7,22,7,5,3,5,3,0,0,1,1,0,0,0,0,14.244496,51.434127
13,21,7,29,10,5,3,5,3,0,0,1,1,0,0,0,0,12.399824,51.322056
23,21,9,4,18,7,3,6,7,0,0,1,0,1,0,0,0,12.376041,50.475496
25,21,9,20,20,2,2,9,1,2,0,1,0,0,0,0,0,13.913367,51.102059
12,21,7,28,7,4,3,0,1,0,0,1,0,0,0,0,0,13.761702,51.031711
28,21,8,30,16,2,3,9,7,0,0,1,0,0,0,0,0,13.654917,51.027634
25,21,9,25,14,7,3,4,2,0,0,1,1,0,0,0,0,14.432868,51.178866
30,21,8,15,0,1,3,0,7,2,0,1,0,0,0,0,0,13.062469,51.237077
12,21,9,7,16,3,2,5,3,0,0,1,1,0,0,0,0,13.741111,51.019247
27,21,9,26,9,1,3,0,1,0,0,1,0,0,0,0,0,13.317515,51.321845
12,21,9,14,20,3,3,0,1,2,0,1,0,0,0,0,0,13.799909,51.04708
13,21,8,4,16,4,3,5,2,0,0,1,1,0,0,0,0,12.373975,51.334183
12,21,7,23,14,6,3,3,1,0,0,1,0,0,0,0,0,13.787364,51.015424
26,21,9,5,19,1,2,0,7,1,0,1,0,0,0,0,0,14.812959,50.860049
13,21,8,22,15,1,3,1,5,0,0,1,1,0,0,0,0,12.376742,51.325125
12,21,9,17,7,6,3,0,1,0,0,1,0,0,0,0,0,13.794576,51.042935
11,21,7,26,18,2,3,4,6,0,0,1,0,0,0,0,0,12.922719,50.859563
12,21,8,27,11,6,3,5,2,0,1,1,1,0,0,0,0,13.79238,51.053808
13,21,7,20,7,3,3,5,3,0,0,1,1,0,0,0,0,12.382766,51.34048
13,21,9,10,14,6,3,4,2,0,0,1,1,0,0,0,0,12.342601,51.32161
13,21,8,20,10,6,2,5,3,0,0,1,1,0,0,0,0,12.259164,51.303554
12,21,7,19,17,2,3,5,2,0,0,1,1,0,0,0,0,13.806616,51.03741
13,21,7,24,22,7,3,5,3,2,0,1,1,0,0,0,0,12.280635,51.319225
30,21,8,10,10,3,3,1,7,0,0,1,0,0,0,0,1,12.635969,51.461686
25,21,8,23,16,2,3,5,3,0,1,1,1,0,0,0,0,14.430191,51.189006
13,21,9,22,14,4,3,5,2,0,0,1,1,0,0,0,0,12.342439,51.325007
12,21,9,9,19,5,3,5,3,0,0,1,1,0,0,0,0,13.777895,51.036972
12,21,9,2,17,5,3,5,2,0,0,1,1,0,0,0,0,13.775829,51.050806
13,21,9,13,13,2,3,5,3,0,0,1,1,0,0,0,0,12.366728,51.340537
12,21,8,21,19,7,2,5,2,0,0,1,1,0,0,0,0,13.771805,51.046861
13,21,9,7,10,3,3,0,1,0,0,1,0,0,0,0,0,12.378418,51.347032
12,21,7,27,15,3,3,5,3,0,0,1,1,0,0,0,0,13.808823,51.032171
12,21,8,16,11,2,3,0,1,0,0,1,0,0,0,0,0,13.736735,51.046916
13,21,8,15,8,1,3,5,3,0,0,1,1,0,0,0,0,12.372979,51.301377
29,21,9,12,12,1,3,4,2,0,0,1,1,0,0,0,0,12.398791,51.271386
12,21,8,2,17,2,3,5,3,0,0,1,1,0,0,0,0,13.825132,51.003418
13,21,7,20,20,3,2,1,6,0,0,1,1,0,0,0,0,12.385698,51.366087
13,21,9,4,23,7,2,5,3,2,0,1,1,0,0,0,0,12.305347,51.333575
26,21,8,19,9,5,3,0,1,0,0,1,0,0,0,0,0,14.984103,51.151134