CSV=`UKREIS,UJAHR,UMONAT,UTAG,USTUNDE,UWOCHENTAG,UKATEGORIE,UART,UTYP,LICHT,USTRZUSTAND,IstRad,IstPKW,IstFuss,IstKrad,IstGkfz,IstSonstig,@lon,@lat
29,21,8,12,13,5,3,5,3,0,0,1,1,0,0,0,0,12.802495,51.126355
12,21,7,31,16,7,3,0,7,0,0,1,0,0,0,0,0,13.73704,51.049585
12,21,8,26,14,5,2,1,5,0,1,1,1,0,0,0,0,13.840463,51.008311
13,21,8,8,20,1,3,0,1,1,0,1,0,0,0,0,0,12.371347,51.29275
12,21,9,10,12,6,2,5,3,0,0,1,1,0,0,0,0,13.801233,51.028334
12,21,9,16,5,5,3,5,3,1,1,1,1,0,0,0,0,13.712756,51.046259
25,21,7,20,20,3,3,4,2,0,0,1,1,0,0,0,0,14.267111,51.451156
13,21,8,10,13,3,3,5,2,0,0,1,1,0,0,0,0,12.408267,51.340023
30,21,7,25,15,1,3,0,7,0,0,1,0,0,0,0,0,12.211113,51.466533
13,21,8,27,18,6,2,4,6,0,1,1,1,0,0,0,0,12.34985,51.329137
12,21,8,17,14,3,2,0,2,0,0,1,0,0,0,0,1,13.789665,51.006353
13,21,8,11,11,4,3,5,2,0,0,1,1,0,0,0,0,12.376744,51.353274
29,21,7,30,16,6,3,5,3,0,0,1,0,0,0,0,0,12.507164,51.128195
27,21,9,10,15,6,3,2,7,0,0,1,0,0,0,0,1,13.521728,51.27776
12,21,9,2,18,5,3,5,7,0,0,1,1,0,0,0,0,13.855895,51.02373
11,21,7,20,15,3,3,0,7,0,0,1,0,0,0,0,0,12.839485,50.81617
23,21,7,23,17,6,2,6,1,0,0,1,0,1,0,0,0,12.135931,50.496874
13,21,8,10,12,3,3,5,3,0,1,1,1,0,0,0,0,12.368648,51.312994
11,21,7,29,15,5,3,5,3,0,0,1,1,0,0,0,0,12.934978,50.838976
12,21,9,22,7,4,2,0,1,1,1,1,0,0,0,0,0,13.758152,51.052556
11,21,8,31,17,3,3,0,1,0,1,1,0,0,0,0,0,12.909031,50.84004
11,21,8,7,14,7,3,5,3,0,0,1,1,0,0,0,0,12.899795,50.833918
13,21,8,5,11,5,3,5,3,0,0,1,1,0,0,0,0,12.341656,51.399165
13,21,9,5,16,1,3,5,3,0,0,1,1,0,0,0,0,12.377228,51.390295
26,21,9,8,17,4,3,0,1,0,0,1,0,0,0,0,0,14.98121,51.145619
12,21,7,28,15,4,3,3,1,0,0,1,0,0,0,0,0,13.77694,51.06282
27,21,9,27,15,2,3,3,6,0,0,1,1,0,0,0,0,13.569256,51.155178
25,21,8,15,15,1,3,3,6,0,0,1,0,0,0,0,0,13.978706,51.134462
25,21,7,21,7,4,3,5,3,0,0,1,0,0,1,0,0,14.450624,51.176031
21,21,9,12,13,1,3,5,3,0,0,1,1,0,0,0,0,13.350095,50.654077
13,21,8,18,9,4,2,3,6,0,0,1,1,0,0,0,0,12.376667,51.357145
25,21,7,26,14,2,3,1,5,0,0,1,1,0,0,0,0,13.834277,51.173706
12,21,8,17,0,3,2,0,1,2,1,1,0,0,0,0,0,13.788522,51.043282
30,21,8,12,22,5,2,9,1,2,0,1,0,0,0,0,0,12.499761,51.373665
12,21,8,8,8,1,2,0,7,0,0,1,0,0,0,0,0,13.796279,51.045959
12,21,9,10,17,6,2,5,2,0,1,1,1,0,0,0,1,13.669215,51.040023
13,21,9,2,18,5,3,5,2,0,0,1,1,0,0,0,0,12.386442,51.343477
24,21,9,15,15,4,2,4,2,0,0,1,1,0,0,0,0,12.499183,50.707342
24,21,7,29,17,5,3,1,1,0,0,1,1,0,0,0,0,12.519382,50.797106
24,21,9,6,3,2,3,0,1,2,1,1,0,0,0,0,0,12.460932,50.847891
12,21,8,31,8,3,3,5,3,0,1,1,1,0,0,0,0,13.745477,51.068315
26,21,9,25,12,7,1,0,7,0,0,1,0,0,0,0,0,14.806828,51.086246
13,21,9,13,12,2,2,5,3,0,0,1,1,0,0,0,0,12.370879,51.336343
13,21,8,3,8,3,3,0,7,0,0,1,0,0,0,0,0,12.360107,51.333816
22,21,7,22,13,5,3,3,2,0,0,1,1,0,0,0,0,12.805007,50.87831
12,21,9,5,21,1,3,0,1,2,0,1,0,0,0,0,0,13.737568,51.054009
28,21,8,21,16,7,2,0,1,0,0,1,0,0,0,0,0,13.534748,50.907207
13,21,7,27,6,3,3,5,3,0,0,1,1,0,0,0,0,12.407851,51.337872
12,21,7,29,19,5,3,0,1,0,0,1,0,0,0,0,0,13.783836,51.071589
24,21,8,23,19,2,2,0,7,0,1,1,0,0,0,0,0,12.373687,50.734303
13,21,9,9,14,5,3,9,1,0,0,1,0,0,0,0,0,12.368756,51.289365
23,21,8,31,15,3,2,5,3,0,0,1,1,0,0,0,0,12.13238,50.504089
28,21,8,16,14,2,3,0,1,0,0,1,0,0,0,0,0,13.664833,50.886673
22,21,9,6,15,2,1,0,7,0,0,1,0,0,0,0,0,12.908071,51.079062
27,21,8,21,1,7,2,0,1,2,0,1,0,0,0,0,0,13.561876,51.125493
13,21,7,27,10,3,3,3,2,0,0,1,1,0,0,0,0,12.365826,51.36891
12,21,9,27,17,2,2,5,3,0,0,1,1,0,0,0,0,13.766547,51.041468
13,21,8,11,14,4,2,5,3,0,0,1,1,0,0,0,0,12.398321,51.339217
22,21,8,3,20,3,3,9,1,1,1,1,0,0,0,0,0,12.906201,51.076568
12,21,9,13,16,2,3,5,3,0,0,1,1,0,0,0,0,13.676792,51.091389
12,21,9,4,20,7,3,0,1,1,0,1,0,0,0,0,0,13.754046,51.066778
13,21,9,18,15,7,3,6,7,0,1,1,0,1,0,0,0,12.298758,51.323484
12,21,9,25,15,7,2,8,1,0,0,1,0,0,0,0,0,13.679134,51.089093
12,21,8,17,16,3,3,5,2,0,0,1,1,0,0,0,0,13.773816,51.046064
13,21,7,30,9,6,2,5,2,0,0,1,1,0,0,0,0,12.386107,51.367772
11,21,9,10,17,6,2,0,1,0,0,1,0,0,0,0,0,12.820761,50.866283
26,21,9,2,14,5,3,0,1,0,0,1,0,0,0,0,0,14.830067,51.297445
25,21,8,16,20,2,2,5,3,0,0,1,1,0,0,0,0,14.418837,51.188627
12,21,7,29,8,5,3,5,3,0,0,1,1,0,0,0,0,13.756571,51.055095
13,21,9,6,10,2,3,5,2,0,0,1,1,0,0,0,0,12.387214,51.343703
22,21,8,24,17,3,2,0,7,0,0,1,0,0,0,0,0,13.118233,51.120892
12,21,9,8,9,4,2,0,7,0,0,1,0,0,0,0,0,13.756781,51.049013
11,21,8,30,14,2,3,5,3,0,0,1,1,0,0,0,0,12.89335,50.846684
12,21,8,15,20,1,2,8,7,1,0,1,0,0,0,0,0,13.788646,50.993476
12,21,7,22,9,5,3,5,3,0,0,1,0,0,0,0,0,13.707198,51.041693
13,21,9,6,9,2,3,5,3,0,0,1,1,0,0,0,0,12.308379,51.312759
22,21,8,22,13,1,2,0,1,0,1,1,0,0,0,0,0,13.185045,51.065957
12,21,9,25,19,7,2,5,3,1,0,1,1,0,0,0,0,13.883369,51.057847
29,21,8,17,16,3,3,5,3,0,0,1,1,0,0,0,0,12.499902,51.124656
28,21,8,2,15,2,3,5,2,0,0,1,1,0,0,0,0,13.6467,50.998662
12,21,9,10,8,6,3,1,7,0,0,1,1,0,0,0,0,13.707391,51.023566
12,21,9,3,9,6,2,0,1,0,0,1,0,0,0,0,0,13.864519,51.014918
30,21,8,18,9,4,3,0,1,0,1,1,0,0,0,0,0,13.06709,51.294476
24,21,7,24,15,7,2,8,1,0,0,1,0,0,0,0,0,12.625671,50.628423
13,21,8,16,18,2,3,5,3,0,0,1,1,0,0,0,0,12.263141,51.344628
13,21,8,27,16,6,2,5,3,0,1,1,1,0,0,0,0,12.350706,51.384135
12,21,8,12,15,5,2,0,1,0,0,1,0,0,0,0,0,13.853543,51.057186
23,21,8,2,23,2,3,4,6,2,0,1,0,0,0,0,0,12.138402,50.486439
12,21,9,11,4,7,3,5,3,2,0,1,1,0,0,0,0,13.751546,51.077008
25,21,8,20,13,6,3,5,3,0,0,1,1,0,0,0,0,14.46122,51.200286
13,21,9,17,9,6,3,3,6,0,0,1,1,0,0,0,0,12.360542,51.338036
30,21,8,16,16,2,3,5,3,0,0,1,1,0,0,0,0,12.337273,51.553402
29,21,8,26,7,5,2,0,3,0,1,1,1,0,0,0,0,12.729269,51.24214
26,21,8,6,11,6,3,0,7,0,0,1,0,0,0,0,0,14.977075,51.170755
23,21,9,22,7,4,2,0,7,0,0,1,0,0,0,0,0,12.149709,50.493205
13,21,9,8,8,4,3,5,3,0,0,1,1,0,0,0,0,12.360816,51.344726
30,21,9,2,15,5,3,5,3,0,0,1,1,0,0,0,0,12.350503,51.523874
13,21,9,16,14,5,3,5,3,0,0,1,1,0,0,0,0,12.385772,51.372647
11,21,7,25,16,1,3,5,3,0,1,1,1,0,0,0,0,12.920748,50.845132
12,21,7,30,14,6,3,5,2,0,0,1,1,0,0,0,0,13.801932,51.055501
12,21,9,7,7,3,3,5,3,0,0,1,1,0,0,0,0,13.752604,51.060449
25,21,8,24,9,3,3,5,3,0,0,1,1,0,0,0,0,14.267719,51.434253
13,21,9,21,11,3,3,5,3,0,0,1,1,0,0,0,0,12.392445,51.401695
13,21,8,30,9,2,3,3,5,0,0,1,0,0,0,0,1,12.375934,51.316642
24,21,9,25,17,7,3,4,7,0,0,1,1,0,0,0,0,12.485058,50.71822
11,21,7,23,20,6,3,5,3,0,0,1,1,0,0,0,0,12.947704,50.837693
13,21,9,6,15,2,3,3,3,0,0,1,1,0,0,0,0,12.398637,51.358387
26,21,8,22,11,1,3,6,7,0,0,1,0,1,0,0,0,14.841671,51.29405
21,21,9,25,20,7,2,0,1,2,0,1,0,0,0,0,0,12.786893,50.715805
13,21,7,26,8,2,3,5,3,0,0,1,1,0,0,0,0,12.307694,51.311973
13,21,8,17,16,3,3,1,5,0,0,1,1,0,0,0,0,12.400567,51.318796
26,21,8,12,10,5,2,5,3,0,0,1,1,0,0,0,0,14.979621,51.16955
11,21,7,31,8,7,2,5,3,0,0,1,1,0,0,0,0,12.882314,50.782371
12,21,9,1,14,4,3,7,7,0,0,1,0,0,0,0,0,13.826514,51.033133
13,21,9,15,13,4,3,5,3,0,1,1,1,0,0,0,0,12.371764,51.33964
28,21,7,24,3,7,3,8,1,2,0,1,0,0,0,0,0,13.713816,50.984034
12,21,7,29,18,5,2,0,1,0,0,1,0,0,0,0,0,13.731633,51.090492
13,21,8,6,11,6,3,5,3,0,0,1,1,0,0,0,0,12.381989,51.383041
13,21,9,22,19,4,3,1,5,1,0,1,1,0,0,0,0,12.42158,51.343834
12,21,9,9,15,5,3,5,3,0,0,1,1,0,0,0,0,13.686368,51.084008
25,21,7,28,17,4,3,8,1,0,1,1,0,0,0,0,0,14.447208,51.190513
22,21,9,5,16,1,2,8,7,0,0,1,0,0,0,0,0,13.295737,50.999917
12,21,8,21,17,7,3,0,1,0,0,1,0,0,0,0,0,13.725273,51.076968
12,21,9,20,10,2,3,1,5,0,0,1,1,0,0,0,0,13.757907,51.067129
12,21,9,8,7,4,3,6,4,0,0,1,0,1,0,0,0,13.793011,51.04309
29,21,7,28,18,4,3,5,3,0,0,1,0,0,0,0,1,12.33775,51.216715
13,21,8,27,17,6,3,5,3,0,1,1,1,0,0,0,0,12.387448,51.357046
13,21,9,26,18,1,3,0,7,0,0,1,0,0,0,0,0,12.359353,51.300778
12,21,8,6,18,6,3,0,2,0,1,1,1,0,0,0,0,13.741798,51.074783
12,21,9,9,13,5,3,5,2,0,0,1,1,0,0,0,0,13.769754,51.044791
13,21,9,14,13,3,2,1,5,0,0,1,1,0,0,0,0,12.373606,51.321216
13,21,9,4,19,7,2,7,1,1,0,1,0,0,0,0,0,12.356926,51.320476
12,21,9,8,15,4,2,3,3,0,0,1,1,0,0,0,0,13.783936,51.017604
13,21,7,27,16,3,3,5,3,0,0,1,1,0,0,0,0,12.374694,51.348028
26,21,8,13,18,6,3,5,3,0,0,1,1,0,0,0,0,14.822651,51.291521
30,21,9,11,11,7,2,5,3,0,0,1,1,0,0,0,0,12.341137,51.52434
12,21,8,2,21,2,3,0,7,2,0,1,0,0,0,0,0,13.750275,51.071465
29,21,9,17,9,6,2,0,7,0,1,1,0,0,0,0,0,12.364244,51.283039
13,21,8,27,15,6,3,5,3,0,0,1,0,0,0,0,0,12.373899,51.334844
12,21,8,11,7,4,3,0,6,0,0,1,0,0,0,0,1,13.733871,51.050723
27,21,7,18,19,1,2,1,7,0,0,1,1,0,0,0,0,13.281448,51.320832
28,21,8,10,16,3,3,2,2,0,0,1,1,0,0,0,0,13.864419,50.978793
12,21,7,29,12,5,2,0,7,0,0,1,0,0,0,0,0,13.670389,51.040108
29,21,8,6,9,6,2,5,3,0,0,1,1,0,0,0,0,12.498801,51.134136
27,21,9,27,6,2,3,5,3,2,0,1,1,0,0,0,0,13.305164,51.299051
23,21,8,6,15,6,3,5,2,0,0,1,1,0,0,0,0,12.16774,50.609608
13,21,8,5,14,5,3,5,2,0,1,1,1,0,0,0,0,12.376658,51.35716
28,21,7,28,17,4,3,0,1,0,0,1,0,0,0,0,0,13.660432,51.009503
24,21,9,5,18,1,3,5,3,0,0,1,1,0,0,0,0,12.373063,50.726101
24,21,8,17,12,3,3,2,6,0,0,1,1,0,0,0,0,12.771161,50.857715
21,21,8,21,19,7,3,0,7,0,0,1,0,0,0,0,0,12.785733,50.716039
13,21,7,28,9,4,3,5,3,0,0,1,1,0,0,0,0,12.416434,51.35674
12,21,9,27,9,2,3,2,6,0,0,1,1,0,0,0,0,13.848429,51.007863
27,21,8,14,16,7,3,5,2,0,0,1,1,0,0,0,0,13.620872,51.106365
13,21,9,13,18,2,3,3,6,0,0,1,1,0,0,0,0,12.409671,51.3598
25,21,9,4,23,7,2,0,1,2,0,1,0,0,0,0,0,14.447536,51.184084
25,21,9,24,12,6,3,5,3,0,0,1,1,0,0,0,0,14.238744,51.434832
13,21,7,25,16,1,3,0,7,0,0,1,0,0,0,0,0,12.451522,51.345492
11,21,8,26,15,5,3,5,3,0,0,1,1,0,0,0,0,12.945929,50.827687
12,21,8,10,16,3,3,0,1,0,0,1,0,0,0,0,0,13.806407,51.052135
13,21,8,25,12,4,3,0,1,0,0,1,0,0,0,0,0,12.353,51.319537
23,21,8,7,21,7,2,5,3,2,1,1,1,0,0,0,0,12.136979,50.496771
23,21,9,11,12,7,2,9,1,0,0,1,1,0,0,0,0,12.170212,50.501875
12,21,9,4,22,7,3,8,1,2,0,1,0,0,0,0,0,13.730178,51.074062
11,21,7,27,19,3,3,5,3,0,0,1,1,0,0,0,0,12.809079,50.815893
12,21,7,30,22,6,2,0,1,2,0,1,0,0,0,0,0,13.687457,51.057444
12,21,8,26,15,5,3,1,5,0,0,1,1,0,0,0,0,13.800929,51.0454
26,21,8,8,18,1,3,0,7,0,0,1,0,0,0,0,0,14.984675,51.157993
13,21,9,2,20,5,3,1,7,2,0,1,1,0,0,0,0,12.370483,51.325998
27,21,9,15,16,4,3,0,6,0,1,1,0,0,0,0,0,13.496817,51.171139
11,21,7,30,20,6,3,0,7,1,0,1,0,0,0,0,0,12.896823,50.833443
25,21,8,18,14,4,3,5,3,0,0,1,1,0,0,0,0,14.237796,51.437896
11,21,9,23,16,5,3,5,3,0,0,1,1,0,0,0,0,12.935716,50.827953
12,21,9,9,22,5,2,0,1,2,0,1,0,0,0,0,0,13.789637,51.030125
22,21,9,28,7,3,3,0,7,0,0,1,0,0,0,0,0,12.800831,50.908198
12,21,8,5,10,5,3,5,3,0,0,1,1,0,0,0,0,13.684495,51.035006
13,21,9,26,12,1,3,5,3,0,0,1,1,0,0,0,0,12.289309,51.354046
25,21,8,11,10,4,3,5,3,0,0,1,1,0,0,0,0,14.013457,51.182748
12,21,8,2,9,2,3,0,1,0,1,1,0,0,0,0,0,13.830436,50.999435
21,21,9,4,17,7,3,1,5,0,0,1,1,0,0,0,0,13.007545,50.574472
13,21,9,18,13,7,3,5,3,0,1,1,1,0,0,0,0,12.445346,51.34647
12,21,7,26,16,2,3,5,2,0,1,1,1,0,0,0,0,13.794788,51.025177
27,21,8,10,14,3,3,0,1,0,0,1,0,0,0,0,0,13.303526,51.296691
13,21,8,7,22,7,2,0,1,2,1,1,0,0,0,0,0,12.406128,51.348307
28,21,9,9,19,5,3,5,2,1,0,1,1,0,0,0,0,13.653678,51.022915
23,21,7,18,16,1,3,3,6,0,0,1,0,0,0,0,0,12.381339,50.316401
21,21,7,24,17,7,2,5,2,0,0,1,1,0,0,0,0,12.588273,50.554352
12,21,8,23,11,2,3,5,3,0,1,1,1,0,0,0,0,13.769698,51.044788
23,21,9,21,17,3,2,6,2,0,0,1,0,1,0,0,0,12.367702,50.474474
21,21,9,8,12,4,3,5,3,0,0,1,1,0,0,0,0,12.944066,50.533822
26,21,8,30,14,2,3,2,2,0,0,1,1,0,0,0,0,14.624896,51.499234
12,21,9,26,19,1,3,0,7,2,1,1,1,0,0,0,0,13.822528,51.048888
13,21,8,14,16,7,3,6,4,0,0,1,0,1,0,0,0,12.404939,51.345583
12,21,9,14,12,3,3,5,2,0,0,1,1,0,0,0,0,13.812894,51.046004
13,21,7,23,7,6,3,5,3,0,0,1,1,0,0,0,0,12.393211,51.336946
12,21,7,29,7,5,3,5,3,0,0,1,1,0,0,0,0,13.773685,51.048769
12,21,9,7,17,3,3,0,1,0,0,1,0,0,0,0,0,13.705999,51.076651
12,21,9,27,15,2,3,0,7,0,0,1,0,1,0,0,0,13.709418,51.08159
13,21,9,14,8,3,3,5,2,0,0,1,1,0,0,0,0,12.419132,51.315623
25,21,7,23,9,6,3,5,3,0,0,1,1,0,0,0,0,14.521681,51.239193
13,21,9,6,21,2,2,6,7,2,0,1,0,1,0,0,0,12.405867,51.331617
28,21,9,20,19,2,3,0,1,2,0,1,0,0,0,0,0,13.673638,50.905929
13,21,7,28,18,4,3,2,6,0,0,1,1,0,0,0,0,12.364644,51.362614
25,21,8,29,18,1,3,5,3,0,0,1,1,0,0,0,0,14.188165,51.122001
13,21,8,11,18,4,3,5,3,0,0,1,1,0,0,0,0,12.383736,51.352064
11,21,8,1,20,1,3,9,1,0,0,1,0,0,0,0,0,12.911057,50.871594
13,21,7,21,5,4,3,0,1,1,1,1,0,0,0,0,0,12.373944,51.334088
11,21,8,10,15,3,2,5,2,0,0,1,1,0,0,0,0,12.899339,50.821267
12,21,7,30,16,6,3,5,3,0,0,1,1,0,0,0,0,13.740799,51.047233
27,21,9,23,13,5,3,5,7,0,0,1,1,0,0,0,0,13.301799,51.305628
21,21,8,22,17,1,2,8,1,0,0,1,0,0,0,0,0,13.090961,50.661345
25,21,9,25,16,7,3,0,1,0,0,1,0,0,0,0,0,13.93161,51.083249
29,21,8,13,11,6,3,0,7,0,0,1,0,0,0,0,0,12.72529,51.228498
12,21,7,21,12,4,3,0,7,0,0,1,0,0,0,0,0,13.715842,51.106772
12,21,9,12,16,1,3,6,6,0,0,1,0,1,0,0,0,13.849229,51.008
12,21,8,20,9,6,3,1,1,0,0,1,1,0,0,0,0,13.721045,51.03238
13,21,9,17,22,6,3,6,4,2,0,1,0,1,0,0,0,12.405979,51.346272
13,21,9,10,12,6,2,5,3,0,0,1,1,0,0,0,0,12.326073,51.30727
11,21,9,25,16,7,3,4,1,0,0,1,1,0,0,0,0,12.956563,50.856076
22,21,7,26,5,2,3,0,7,0,0,1,0,0,0,0,0,13.334178,50.901624
11,21,8,29,15,1,3,0,5,0,0,1,1,0,0,0,0,12.8478,50.825039
13,21,8,17,14,3,3,3,6,0,0,1,0,0,0,0,0,12.383814,51.338296
12,21,8,2,20,2,3,5,3,2,0,1,1,0,0,0,0,13.776417,51.112239
12,21,9,3,23,6,3,0,1,2,0,1,0,0,0,0,0,13.750367,51.065659
29,21,9,15,15,4,2,5,3,0,0,1,1,0,0,0,0,12.584049,51.355839
13,21,7,19,17,2,3,5,3,0,0,1,0,0,0,0,0,12.403845,51.340021
12,21,8,11,16,4,2,5,3,0,0,1,0,0,0,0,1,13.743297,51.047655
12,21,7,30,20,6,3,0,1,1,0,1,0,0,0,0,0,13.74286,51.072905
12,21,8,24,14,3,3,5,2,0,0,1,1,0,0,0,0,13.749048,51.033743
13,21,9,8,19,4,3,5,3,1,0,1,0,0,0,0,0,12.382877,51.319557
28,21,9,14,10,3,3,0,7,0,0,1,0,0,0,0,0,13.940692,50.964192
12,21,7,22,14,5,3,5,2,0,0,1,1,0,0,0,0,13.742493,51.013065
27,21,9,6,20,2,3,5,3,2,0,1,1,0,0,0,0,13.628387,51.105102
13,21,9,20,20,2,3,5,7,2,0,1,1,0,0,0,0,12.354428,51.365031
13,21,7,27,11,3,3,5,2,0,0,1,1,0,0,0,0,12.376267,51.349759
12,21,8,30,17,2,3,1,5,0,0,1,1,0,0,0,0,13.834896,51.021499
13,21,9,25,17,7,3,4,3,0,0,1,0,0,0,0,1,12.34538,51.318936
13,21,9,12,16,1,2,4,6,0,0,1,1,0,0,0,0,12.265558,51.302104
13,21,8,2,20,2,3,5,3,0,0,1,1,0,0,0,0,12.274161,51.318807
13,21,9,4,14,7,3,1,6,0,0,1,1,0,0,0,0,12.386076,51.369725
12,21,9,19,16,1,2,0,1,0,0,1,0,0,0,0,0,13.74364,51.023513
29,21,8,12,11,5,3,1,6,0,0,1,1,0,0,0,0,12.710374,51.234224
12,21,7,30,12,6,3,5,3,0,0,1,1,0,0,0,0,13.725404,51.057368
24,21,9,9,14,5,3,4,2,0,0,1,1,0,0,0,0,12.462085,50.702856
13,21,9,1,14,4,3,0,7,0,1,1,1,0,0,0,0,12.361718,51.332122
13,21,7,18,15,1,3,1,5,0,0,1,1,0,0,0,0,12.254043,51.304509
12,21,7,24,13,7,2,5,3,0,0,1,1,0,0,0,0,13.805779,51.040914
23,21,8,10,11,3,3,6,4,0,0,1,0,1,0,0,0,12.129092,50.494891
12,21,7,29,11,5,2,3,1,0,0,1,1,0,0,0,0,13.799743,51.027539
29,21,9,23,8,5,2,0,7,0,0,1,0,0,0,0,0,12.80487,51.128159
26,21,8,30,13,2,2,0,1,0,0,1,0,0,0,0,0,14.993697,51.14787
11,21,9,15,16,4,3,4,2,0,1,1,0,0,0,0,1,12.911629,50.836278
13,21,8,5,15,5,3,5,2,0,1,1,1,0,0,0,0,12.394736,51.37643
27,21,9,15,19,4,3,0,7,2,1,1,0,0,0,0,0,13.267099,51.303711
24,21,7,23,15,6,3,1,5,0,0,1,1,0,0,0,0,12.384715,50.795027
11,21,8,11,16,4,3,3,7,0,0,1,1,0,0,0,0,12.914543,50.833252
13,21,7,29,7,5,3,3,2,0,0,1,1,0,0,0,0,12.412774,51.317266
13,21,8,6,21,6,3,0,1,2,1,1,0,0,0,0,0,12.378633,51.346506
13,21,9,22,18,4,3,5,3,0,0,1,1,0,0,0,0,12.420872,51.358383
12,21,9,9,13,5,3,5,3,0,0,1,0,0,1,0,0,13.733704,51.035534
21,21,8,7,14,7,3,0,7,0,0,1,0,0,0,0,0,12.969381,50.473366
13,21,8,4,15,4,3,3,5,0,0,1,1,0,0,0,0,12.33492,51.331712
12,21,7,28,15,4,3,1,7,0,0,1,1,0,0,0,0,13.70104,51.030149
12,21,8,21,9,7,3,5,3,0,0,1,1,0,0,0,0,13.7084,51.04687
11,21,9,21,13,3,1,5,2,0,0,1,1,0,0,0,0,12.898559,50.802676
13,21,8,27,8,6,3,0,1,0,1,1,0,0,0,0,0,12.39443,51.315227
13,21,9,25,16,7,3,5,2,0,0,1,1,0,0,0,0,12.348688,51.332147
13,21,8,3,15,3,3,5,2,0,0,1,0,0,0,0,1,12.411522,51.342139
13,21,7,21,12,4,3,5,3,0,0,1,0,0,0,0,1,12.399478,51.319372
25,21,9,13,13,2,3,6,6,0,0,1,0,1,0,0,0,14.42262,51.173492
13,21,9,17,10,6,3,0,1,0,1,1,0,0,0,0,0,12.335226,51.326703
22,21,9,25,17,7,3,4,2,0,1,1,1,0,0,0,0,13.327898,50.901731
13,21,7,26,17,2,3,5,2,0,1,1,1,0,0,0,0,12.383873,51.331695
13,21,8,11,15,4,3,1,1,0,0,1,1,0,0,0,0,12.337176,51.368872
13,21,8,25,11,4,3,5,3,0,0,1,1,0,0,0,0,12.384863,51.378858
12,21,8,8,12,1,2,0,1,0,0,1,0,0,0,0,0,13.776592,51.066555
13,21,9,10,5,6,3,5,3,2,0,1,1,0,0,0,0,12.36506,51.376179
13,21,9,2,16,5,2,1,5,0,0,1,1,0,0,0,0,12.369812,51.356866
12,21,7,29,14,5,3,5,3,0,0,1,1,0,0,0,0,13.774615,51.055982
28,21,9,23,7,5,3,5,3,0,0,1,1,0,0,0,0,13.861362,50.976304
12,21,8,4,7,4,3,0,1,0,1,1,0,0,0,0,0,13.752264,51.04207
12,21,7,22,9,5,3,3,5,0,0,1,0,0,0,0,1,13.750071,51.07491
13,21,8,16,18,2,3,0,1,0,1,1,0,0,0,0,0,12.378431,51.346999
13,21,8,9,15,2,3,5,2,0,0,1,1,0,0,0,0,12.406143,51.348152
28,21,8,21,19,7,2,0,1,0,0,1,0,0,0,0,0,13.599813,50.901732
12,21,9,22,7,4,3,0,1,0,1,1,0,0,0,0,0,13.772714,51.046497
25,21,8,28,18,7,3,5,3,0,0,1,1,0,0,0,0,13.922039,51.105877
25,21,8,2,16,2,2,5,3,0,0,1,1,0,0,0,0,14.228616,51.4396
12,21,9,11,13,7,3,7,1,0,0,1,0,0,0,0,0,13.775162,51.080644
21,21,9,3,19,6,3,4,2,0,0,1,1,0,0,0,0,12.706884,50.586156
27,21,8,20,7,6,2,5,3,0,0,1,1,0,0,0,0,13.288653,51.303285
26,21,9,24,15,6,2,0,1,0,0,1,0,0,0,0,0,14.792528,50.898123
12,21,7,26,18,2,3,0,7,0,1,1,0,0,0,0,0,13.789913,51.045438
13,21,8,21,22,7,3,7,7,2,0,1,0,0,0,0,0,12.322341,51.321414
13,21,9,21,10,3,2,5,3,0,0,1,1,0,0,0,0,12.377012,51.390182
23,21,7,27,10,3,3,1,5,0,0,1,1,0,0,0,0,12.12826,50.51291
12,21,9,27,11,2,3,5,3,0,0,1,1,0,0,0,0,13.776987,51.060009
12,21,8,12,14,5,3,5,2,0,0,1,1,0,0,0,0,13.767785,51.02608
11,21,9,13,18,2,2,0,1,0,0,1,0,0,0,0,0,12.830509,50.813333
12,21,9,4,22,7,3,0,1,2,0,1,0,0,0,0,0,13.736445,51.041286
13,21,9,18,1,7,3,7,1,2,1,1,0,0,0,0,0,12.32078,51.332225
28,21,9,25,12,7,2,0,1,0,0,1,0,0,0,0,0,13.722374,50.972323
12,21,9,10,13,6,2,5,3,0,0,1,1,0,0,0,0,13.756574,51.055097
29,21,9,1,17,4,3,5,3,0,0,1,1,0,0,0,0,12.504655,51.125341
26,21,9,16,6,5,3,0,1,0,1,1,0,0,0,0,0,14.983842,51.158463
13,21,7,24,11,7,3,1,5,0,0,1,1,0,0,0,0,12.322956,51.333025
11,21,7,30,20,6,3,0,7,1,0,1,0,0,0,0,0,12.854912,50.824416
13,21,8,24,19,3,3,0,7,0,0,1,0,0,0,0,0,12.290272,51.324001
13,21,8,14,13,7,3,3,2,0,0,1,1,0,0,0,0,12.327228,51.329652
28,21,9,14,19,3,3,3,6,1,0,1,0,0,0,0,0,14.048185,50.921431
30,21,8,3,9,3,3,5,2,0,0,1,1,0,0,0,0,12.333102,51.529886
12,21,7,23,14,6,3,5,2,0,0,1,1,0,0,0,0,13.686325,51.084015