CSV=`UKREIS,UJAHR,UMONAT,UTAG,USTUNDE,UWOCHENTAG,UKATEGORIE,UART,UTYP,LICHT,USTRZUSTAND,IstRad,IstPKW,IstFuss,IstKrad,IstGkfz,IstSonstig,@lon,@lat
12,21,9,6,14,2,3,4,2,0,0,1,1,0,0,0,0,13.775806,51.050803
11,21,8,18,15,4,2,5,3,0,0,1,1,0,0,0,0,12.924231,50.804645
12,21,8,12,5,5,3,5,3,0,0,1,1,0,0,0,0,13.780939,51.045859
29,21,7,21,11,4,3,5,3,0,0,1,1,0,0,0,0,12.329556,51.222089
12,21,8,19,7,5,3,5,2,0,0,1,1,0,0,0,0,13.750759,51.047275
26,21,9,15,15,4,3,5,3,0,0,1,1,0,0,0,0,14.968856,51.169618
12,21,7,20,18,3,3,5,3,0,0,1,1,0,0,0,0,13.799924,51.015565
11,21,7,25,20,1,2,0,1,1,0,1,0,0,0,0,0,12.912711,50.824887
29,21,7,30,22,6,3,7,7,2,0,1,0,1,0,0,0,12.405256,51.154145
13,21,9,8,7,4,3,5,3,0,0,1,0,0,0,0,0,12.467942,51.278343
12,21,9,2,11,5,3,2,2,0,0,1,1,0,0,0,0,13.842028,51.002056
13,21,9,14,16,3,2,5,2,0,0,1,1,0,0,0,0,12.329504,51.339871
27,21,7,22,19,5,2,0,1,0,0,1,0,0,0,0,0,13.737076,51.218192
22,21,8,18,10,4,3,0,1,0,0,1,0,0,0,0,0,13.110122,51.122792
30,21,9,4,12,7,3,5,3,0,0,1,1,0,0,0,0,12.343171,51.521745
13,21,8,20,10,6,2,5,3,0,0,1,1,0,0,0,0,12.408581,51.341017
12,21,8,10,9,3,3,5,3,0,0,1,1,0,0,0,0,13.729318,51.016484
13,21,8,6,19,6,3,5,3,0,0,1,1,0,0,0,0,12.416195,51.356735
28,21,9,9,17,5,3,6,6,0,0,1,0,1,0,0,0,13.948995,50.964065
13,21,9,1,16,4,3,5,3,0,0,1,1,0,0,0,0,12.34812,51.328759
30,21,9,15,9,4,3,1,5,0,0,1,1,0,0,0,0,12.488668,51.379011
12,21,7,19,18,2,3,6,6,0,0,1,0,1,0,0,0,13.755996,51.04058
13,21,7,29,23,5,2,0,1,2,0,1,0,0,0,0,0,12.396667,51.343039
28,21,9,7,17,3,3,0,1,0,0,1,0,0,0,0,0,14.280899,50.975723
21,21,8,9,9,2,3,5,3,0,0,1,1,0,0,0,0,12.764472,50.712615
12,21,8,14,14,7,3,5,2,0,0,1,1,0,0,0,0,13.749094,51.033693
12,21,7,23,3,6,3,0,1,2,0,1,0,0,0,0,0,13.79995,51.005738
11,21,9,6,18,2,3,5,3,0,0,1,1,0,0,0,0,12.910683,50.814642
27,21,9,24,13,6,3,6,4,0,0,1,0,1,0,0,0,13.280438,51.320703
13,21,8,12,7,5,3,5,2,0,0,1,1,0,0,0,0,12.458378,51.393934
24,21,8,2,17,2,2,0,1,0,0,1,0,0,0,0,0,12.543397,50.82205
12,21,9,10,10,6,3,0,3,0,0,1,0,0,0,0,1,13.762673,51.032739
21,21,9,3,19,6,3,0,1,0,0,1,0,0,0,0,0,13.184941,50.633372
12,21,8,20,7,6,3,4,6,0,0,1,0,0,0,0,0,13.822971,51.013066
12,21,9,16,4,5,3,5,3,2,1,1,1,0,0,0,0,13.777196,51.060094
12,21,9,23,8,5,3,0,7,0,0,1,1,0,0,0,0,13.773213,51.111261
13,21,9,8,15,4,3,5,2,0,0,1,1,0,0,0,0,12.386057,51.367831
13,21,8,30,18,2,3,5,3,0,1,1,1,0,0,0,0,12.368656,51.329008
12,21,8,5,16,5,2,5,3,0,1,1,1,0,0,0,0,13.698505,51.074236
26,21,7,22,18,5,3,5,3,0,0,1,1,0,0,0,0,14.711528,50.968063
26,21,7,28,11,4,2,0,3,0,0,1,0,0,0,0,0,14.981173,51.156807
12,21,8,18,16,4,3,5,3,0,0,1,1,0,0,0,0,13.789524,51.018323
28,21,9,21,20,3,3,0,7,2,0,1,0,0,0,0,1,13.84218,50.987627
12,21,7,27,12,3,3,0,1,0,0,1,0,0,0,0,0,13.777677,51.052839
25,21,9,26,12,1,2,7,7,0,0,1,0,0,0,0,0,14.170002,51.356696
12,21,8,13,20,6,3,0,1,0,0,1,0,0,0,0,0,13.741169,51.044414
27,21,8,9,10,2,3,5,3,0,0,1,0,0,0,0,0,13.403104,51.105559
13,21,9,12,11,1,3,5,3,0,0,1,1,0,0,0,0,12.338337,51.327286
12,21,9,3,19,6,3,0,1,1,0,1,0,0,0,0,0,13.783756,51.070768
12,21,8,19,19,5,3,5,3,0,0,1,1,0,0,0,0,13.755773,51.047247
12,21,9,24,17,6,3,1,2,1,0,1,1,0,0,0,0,13.771173,51.046127
13,21,8,26,12,5,3,3,6,0,0,1,1,0,0,0,0,12.374387,51.347684
12,21,8,17,17,3,3,0,1,0,0,1,0,0,0,0,0,13.83745,51.024884
13,21,8,11,15,4,3,5,2,0,0,1,1,0,0,0,0,12.376898,51.325117
13,21,9,21,13,3,3,3,5,0,0,1,1,0,0,0,0,12.334114,51.337016
28,21,9,8,18,4,2,9,7,0,0,1,0,0,0,0,0,13.656907,50.990881
13,21,7,27,17,3,3,4,6,0,0,1,0,0,0,0,0,12.401521,51.355157
24,21,9,25,19,7,3,8,6,1,0,1,1,0,0,0,0,12.3885,50.812262
12,21,8,14,13,7,3,0,1,0,0,1,0,0,0,0,0,13.833678,51.022182
11,21,9,13,19,2,3,5,2,2,0,1,1,0,0,0,0,12.939756,50.83575
12,21,8,3,17,3,3,5,3,0,0,1,1,0,0,0,0,13.692649,51.085694
13,21,7,20,17,3,3,6,4,0,0,1,0,1,0,0,0,12.397537,51.334061
30,21,9,13,11,2,3,5,3,0,0,1,1,0,0,0,0,12.313156,51.54015
29,21,9,19,11,1,3,5,2,0,0,1,1,0,0,0,0,12.449575,51.225925
13,21,7,25,18,1,3,5,2,0,1,1,1,0,0,0,0,12.374084,51.304065
13,21,8,11,9,4,3,1,7,0,0,1,1,0,0,0,0,12.342984,51.326799
13,21,9,10,8,6,3,2,6,0,0,1,1,0,0,0,0,12.449986,51.345573
30,21,9,15,7,4,3,7,7,0,0,1,0,0,0,0,0,12.246178,51.398062
13,21,7,24,12,7,3,5,2,0,0,1,1,0,0,0,0,12.354073,51.340251
13,21,8,16,15,2,3,0,1,0,0,1,0,0,0,0,0,12.376055,51.358165
25,21,8,25,10,4,3,1,5,0,0,1,1,0,0,0,0,14.460787,51.173241
27,21,8,7,21,7,2,0,1,2,1,1,0,0,0,0,0,13.693219,51.155773
12,21,9,9,15,5,3,3,3,0,0,1,1,0,0,0,0,13.78311,51.043463
13,21,8,31,18,3,3,5,3,0,0,1,1,0,0,0,0,12.417588,51.358669
13,21,9,27,8,2,3,5,2,0,1,1,1,0,0,0,0,12.373765,51.331156
13,21,8,6,18,6,3,2,6,0,0,1,1,0,0,0,0,12.37683,51.343367
12,21,8,4,8,4,2,5,3,0,0,1,0,0,0,0,1,13.787027,51.015761
12,21,9,6,15,2,3,0,5,0,0,1,1,0,0,0,0,13.776058,51.069057
24,21,8,20,16,6,3,3,3,0,0,1,1,0,0,0,0,12.461167,50.849683
22,21,9,8,11,4,3,1,5,0,0,1,0,0,0,1,0,13.018773,51.051814
30,21,8,27,22,6,1,9,7,2,1,1,0,0,0,0,0,13.187661,51.240611
26,21,8,15,4,1,3,9,1,1,0,1,0,0,0,0,0,14.789162,51.191388
21,21,9,12,15,1,2,9,1,0,0,1,0,0,0,0,0,12.779231,50.488544
22,21,9,3,11,6,3,0,7,0,0,1,0,0,0,0,0,13.320361,50.905203
30,21,8,18,7,4,3,5,3,0,0,1,1,0,0,0,0,12.99394,51.554171
28,21,9,24,8,6,3,5,3,0,0,1,1,0,0,0,0,13.654452,51.009161
13,21,7,25,16,1,2,5,3,0,0,1,0,0,0,0,0,12.449638,51.35659
13,21,8,12,10,5,3,5,3,0,0,1,1,0,0,0,0,12.373531,51.330006
12,21,8,26,7,5,3,0,1,0,1,1,0,0,0,0,0,13.709802,51.044907
21,21,8,8,3,1,3,0,1,2,0,1,0,0,0,0,0,12.939015,50.606359
12,21,9,10,12,6,3,0,1,0,0,1,0,0,0,0,0,13.821944,51.006399
12,21,9,28,15,3,2,0,1,0,0,1,0,0,0,0,0,13.81182,51.020261
12,21,9,15,13,4,2,5,2,0,0,1,1,0,0,0,0,13.777871,51.053944
13,21,7,19,11,2,2,3,5,0,0,1,1,0,0,0,0,12.369776,51.371425
24,21,7,23,6,6,3,5,3,0,0,1,1,0,0,0,0,12.373248,50.724144
25,21,9,7,20,3,3,9,1,1,0,1,0,0,0,0,0,14.475451,51.04427
11,21,9,23,14,5,1,5,3,0,0,1,0,0,0,0,1,12.899465,50.824391
13,21,7,30,10,6,3,5,3,0,0,1,1,0,0,0,0,12.436573,51.380092
12,21,8,27,9,6,3,5,3,0,1,1,0,0,0,0,1,13.69611,51.08193
23,21,9,2,18,5,3,0,1,0,0,1,0,0,0,0,0,12.172606,50.536113
12,21,9,16,11,5,3,5,3,0,0,1,0,0,0,0,1,13.738431,51.047347
26,21,7,20,14,3,3,2,2,0,0,1,1,0,0,0,0,14.983595,51.154348
12,21,8,11,14,4,3,5,2,0,0,1,1,0,0,0,0,13.790805,51.026754
12,21,8,25,8,4,3,0,1,0,0,1,0,0,0,0,0,13.744403,51.037223
13,21,9,9,10,5,3,3,6,0,0,1,0,0,0,0,1,12.393761,51.33136
13,21,8,31,15,3,3,5,3,0,0,1,1,0,0,0,0,12.307891,51.327659
12,21,9,28,17,3,3,4,7,0,0,1,0,0,0,0,0,13.763326,51.03831
21,21,8,14,1,7,3,9,1,2,0,1,0,0,0,0,0,12.799232,50.613604
13,21,8,3,12,3,3,5,3,0,0,1,0,0,0,1,0,12.376789,51.320689
12,21,7,23,15,6,3,5,3,0,0,1,1,0,0,0,0,13.787281,51.02946
27,21,9,5,21,1,3,0,1,2,0,1,0,0,0,0,0,13.470156,51.164001
12,21,9,21,7,3,3,5,3,0,0,1,0,0,0,0,1,13.714916,51.051568
13,21,7,28,16,4,2,5,3,0,0,1,1,0,0,0,0,12.32154,51.34328
26,21,8,28,12,7,3,4,2,0,0,1,1,0,0,0,0,14.972124,51.167575
30,21,9,16,16,5,3,4,2,0,0,1,1,0,0,0,0,12.998996,51.550603
12,21,9,25,16,7,3,8,6,0,0,1,1,0,0,0,0,13.799396,51.057715
13,21,7,26,10,2,3,3,6,0,0,1,1,0,1,0,0,12.286253,51.30298
12,21,8,26,14,5,3,3,6,0,1,1,1,0,0,0,0,13.802628,51.01213
12,21,8,8,15,1,2,3,6,0,0,1,0,0,0,0,0,13.692295,51.06318
26,21,9,22,14,4,2,3,6,0,0,1,1,0,0,0,0,14.817113,50.899479
13,21,9,9,13,5,2,5,3,0,0,1,1,0,0,0,0,12.392581,51.30125
25,21,9,2,11,5,3,0,1,0,0,1,0,0,0,0,0,14.311263,51.09608
12,21,9,16,18,5,3,5,3,0,1,1,1,0,0,0,0,13.822276,50.997788
25,21,7,18,18,1,2,5,3,0,0,1,0,0,1,0,0,13.823379,51.192301
12,21,7,29,17,5,3,0,5,2,0,1,1,0,0,0,0,13.723453,51.04943
11,21,9,21,10,3,3,3,2,0,0,1,1,0,0,0,0,12.926061,50.821762
24,21,9,7,7,3,2,0,1,0,0,1,0,0,0,0,0,12.544667,50.817467
13,21,8,31,16,3,3,5,3,0,0,1,1,0,0,0,0,12.395928,51.310858
13,21,9,13,11,2,3,3,2,0,0,1,0,0,1,0,0,12.326535,51.308223
13,21,8,4,19,4,3,3,2,0,0,1,0,0,0,0,1,12.393431,51.344848
12,21,7,22,11,5,2,0,7,0,0,1,0,0,0,0,0,13.890852,51.057352
26,21,9,5,16,1,3,0,1,0,0,1,0,0,0,0,0,14.626896,51.512597
24,21,8,11,8,4,2,0,7,0,0,1,0,0,0,0,0,12.542894,50.82056
12,21,8,2,11,2,3,0,7,0,1,1,0,0,0,0,0,13.780457,51.05316
13,21,7,21,14,4,3,0,5,0,0,1,1,0,0,0,0,12.369118,51.323142
13,21,8,30,21,2,3,0,1,2,1,1,0,0,0,0,0,12.300849,51.35227
28,21,9,27,16,2,3,5,3,0,0,1,1,0,0,0,0,13.626016,50.978433
11,21,9,14,22,3,3,3,2,2,0,1,1,0,0,0,0,12.898016,50.841495
25,21,7,23,9,6,3,0,3,0,0,1,0,0,0,0,0,14.240994,51.385568
13,21,9,6,18,2,3,1,5,0,0,1,1,0,0,0,0,12.398673,51.347278
26,21,8,21,16,7,3,0,1,0,0,1,0,0,0,0,0,14.9952,51.155134
30,21,9,21,22,3,3,0,7,2,0,1,0,0,0,0,0,12.181884,51.402656
29,21,8,29,23,1,3,0,1,2,1,1,0,0,0,0,0,12.359458,51.289472
12,21,8,11,7,4,3,4,2,0,0,1,1,0,0,0,0,13.713368,51.024797
24,21,9,9,6,5,3,5,3,0,0,1,1,0,0,0,0,12.537446,50.820419
23,21,9,23,15,5,3,5,3,0,0,1,0,0,0,0,1,12.113312,50.512536
27,21,8,10,18,3,3,2,6,0,0,1,0,0,0,0,0,13.358043,51.307757
22,21,7,31,23,7,2,0,7,2,0,1,0,0,0,0,0,12.94882,51.072969
28,21,8,6,12,6,2,0,1,0,0,1,0,0,0,0,0,13.869161,50.976021
13,21,9,22,6,4,3,5,3,0,0,1,1,0,0,0,0,12.458003,51.351939
26,21,9,9,7,5,3,5,3,0,0,1,1,0,0,0,0,14.98121,51.145619
27,21,9,2,13,5,2,0,7,0,0,1,0,0,0,0,0,13.559705,51.176572
26,21,7,25,14,1,3,8,1,0,0,1,0,0,0,0,0,14.508176,51.369156
24,21,7,29,18,5,3,0,1,0,0,1,0,0,0,0,0,12.558068,50.799073
26,21,9,7,16,3,3,3,2,0,0,1,0,0,1,0,0,14.78243,51.136536
25,21,9,8,16,4,3,8,1,0,0,1,0,0,0,0,0,14.261317,51.456222
12,21,8,30,15,2,3,3,5,0,0,1,1,0,0,0,0,13.777413,51.058099
29,21,9,11,19,7,3,0,7,1,0,1,0,0,0,0,0,12.380305,51.278667
12,21,7,21,23,4,3,5,2,2,0,1,1,0,0,0,0,13.806563,51.037353
12,21,9,12,19,1,3,5,3,1,0,1,1,0,0,0,0,13.69613,51.045939
25,21,9,4,17,7,3,4,1,0,0,1,1,0,0,0,0,14.321321,51.090079
12,21,8,19,21,5,2,0,7,2,0,1,0,0,0,0,0,13.716935,51.048497
12,21,9,19,16,1,3,0,1,0,0,1,0,0,0,0,0,13.74364,51.023513
13,21,7,26,13,2,2,5,2,0,0,1,1,0,1,0,0,12.27959,51.314802
12,21,8,12,14,5,3,0,6,0,0,1,0,0,0,0,1,13.780854,51.058122
12,21,7,30,21,6,3,0,1,2,0,1,0,0,0,0,0,13.876091,50.992222
12,21,9,2,23,5,3,5,2,2,0,1,1,0,0,0,0,13.707835,51.046487
13,21,9,15,15,4,3,5,3,0,1,1,1,0,0,0,0,12.471937,51.360154
12,21,7,24,16,7,3,5,3,0,0,1,1,0,0,0,0,13.688945,51.05796
13,21,7,29,8,5,3,5,3,0,0,1,1,0,0,0,0,12.446649,51.351093
12,21,8,6,10,6,3,0,1,0,0,1,0,0,0,0,0,13.778411,51.049971
12,21,9,23,10,5,2,0,7,0,0,1,1,0,0,0,0,13.801928,51.055543
13,21,9,8,8,4,3,1,7,0,0,1,1,0,0,0,1,12.370637,51.345431
24,21,9,27,21,2,3,1,1,2,0,1,0,0,0,0,0,12.520155,50.823952
12,21,9,10,15,6,3,5,3,0,0,1,1,0,0,0,0,13.782904,51.043511
12,21,9,16,15,5,3,5,2,0,0,1,1,0,0,0,0,13.755444,51.050009
13,21,7,19,15,2,3,5,3,0,0,1,1,0,0,0,0,12.426672,51.343468
12,21,7,24,16,7,3,5,3,0,0,1,1,0,0,0,0,13.844481,51.008106
25,21,7,30,13,6,3,0,1,0,0,1,0,0,0,0,0,14.262039,51.437774
12,21,8,23,11,2,3,2,3,0,0,1,1,0,0,0,0,13.74599,51.063435
24,21,9,8,10,4,3,5,3,0,0,1,1,0,0,0,0,12.542697,50.83952
12,21,8,6,16,6,3,5,2,0,1,1,1,0,0,0,0,13.702275,51.045863
13,21,9,14,16,3,3,5,2,0,0,1,1,0,0,0,0,12.345689,51.330032
13,21,8,4,20,4,3,5,3,0,0,1,1,0,0,0,0,12.311918,51.273943
23,21,7,29,8,5,3,0,1,0,0,1,0,0,0,0,0,12.169698,50.499114
27,21,9,6,14,2,3,5,3,0,0,1,1,0,0,0,0,13.712539,51.12904
11,21,9,21,13,3,3,0,1,0,0,1,0,0,0,0,0,12.904777,50.843792
13,21,7,27,19,3,3,5,3,0,0,1,1,0,0,0,0,12.406567,51.338104
13,21,9,12,17,1,3,6,6,0,0,1,0,1,0,0,0,12.314538,51.286598
12,21,9,13,10,2,2,5,2,0,0,1,1,0,0,0,0,13.809223,51.047382
21,21,9,3,19,6,3,0,7,1,0,1,0,0,0,0,0,12.644949,50.527428
13,21,8,7,14,7,3,3,6,0,0,1,1,0,0,0,0,12.419219,51.317939
13,21,9,1,12,4,3,6,6,0,0,1,0,1,0,0,0,12.386965,51.338205
12,21,9,15,7,4,3,0,1,0,0,1,0,0,0,0,0,13.716865,51.027028
11,21,7,20,23,3,3,4,6,2,0,1,0,0,0,0,0,12.919595,50.825438
12,21,7,24,17,7,3,8,1,0,0,1,0,0,0,0,0,13.807081,51.011326
27,21,8,10,11,3,2,0,7,0,0,1,0,0,0,0,0,13.362211,51.306178
11,21,7,29,10,5,3,5,3,0,0,1,1,0,0,0,0,12.894727,50.786758
24,21,8,24,15,3,2,5,3,0,0,1,1,0,0,0,0,12.479469,50.7181
27,21,8,6,20,6,3,8,6,1,1,1,1,0,0,0,0,13.303536,51.304923
27,21,9,23,15,5,3,0,1,0,0,1,0,0,0,0,0,13.526646,51.288287
13,21,9,14,8,3,3,1,5,0,0,1,1,0,0,0,0,12.390387,51.334285
12,21,7,22,23,5,3,0,1,2,1,1,0,0,0,0,0,13.730729,51.076838
26,21,9,6,18,2,3,5,3,0,0,1,1,0,0,0,0,14.986769,51.152036
22,21,9,20,13,2,3,0,7,0,0,1,0,0,0,0,0,12.824123,50.927673
24,21,7,27,17,3,3,0,7,0,0,1,0,0,0,0,0,12.757538,50.830996
12,21,9,27,11,2,3,0,1,0,1,1,0,0,0,0,0,13.813953,51.062771
28,21,8,12,13,5,3,0,1,0,0,1,0,0,0,0,0,13.931113,50.978571
12,21,8,3,13,3,3,2,6,0,0,1,1,0,0,0,0,13.747292,51.073615
11,21,9,15,6,4,3,5,2,0,0,1,1,0,0,0,0,12.925672,50.823332
12,21,7,27,14,3,3,0,1,0,0,1,0,0,0,0,0,13.836974,51.025791
27,21,9,27,13,2,2,0,7,0,0,1,0,0,0,0,0,13.587501,51.127504
12,21,8,2,11,2,3,0,1,0,0,1,0,0,0,0,0,13.666315,51.061824
29,21,7,21,15,4,3,5,3,0,0,1,1,0,0,0,0,12.70819,51.35426
13,21,9,12,11,1,3,1,5,0,0,1,1,0,0,0,0,12.421576,51.344353
11,21,9,24,11,6,2,3,6,0,0,1,0,0,0,0,1,12.894329,50.795964
11,21,7,27,13,3,3,0,2,0,0,1,0,0,0,0,1,12.895886,50.784608
26,21,8,26,22,5,3,0,6,2,1,1,1,0,0,0,0,14.982989,51.158517
13,21,8,12,12,5,3,5,2,0,0,1,1,0,0,0,0,12.354051,51.340274
29,21,7,31,11,7,2,5,2,0,0,1,1,0,0,0,0,12.738505,51.372005
13,21,8,25,17,4,3,1,7,0,0,1,1,0,0,0,0,12.365948,51.332042
12,21,8,8,14,1,3,0,1,0,0,1,0,0,0,0,0,13.662431,51.042303
12,21,8,9,17,2,3,5,2,0,0,1,1,0,0,0,0,13.801906,51.055476
12,21,9,2,9,5,3,5,3,0,0,1,0,0,0,0,0,13.764756,51.067875
27,21,9,15,16,4,3,0,1,0,1,1,0,0,0,0,0,13.526154,51.293855
12,21,7,24,15,7,3,0,7,0,0,1,0,0,0,0,0,13.84724,51.01677
28,21,8,10,11,3,3,8,1,0,0,1,0,0,0,0,0,13.701694,50.774895
11,21,7,30,20,6,3,2,6,1,0,1,0,0,0,0,0,12.925837,50.823059
11,21,9,7,19,3,2,2,2,0,0,1,0,0,0,0,0,12.8772,50.824825
28,21,8,24,15,3,3,8,7,0,0,1,0,0,0,0,0,13.673342,51.013198
13,21,9,9,9,5,3,5,3,0,0,1,1,0,0,0,0,12.370859,51.335023
12,21,8,30,16,2,3,5,2,0,0,1,1,0,0,0,0,13.827865,51.063538
25,21,9,27,7,2,3,5,3,0,0,1,0,0,0,1,0,14.432618,51.172018
12,21,8,14,13,7,3,5,2,0,0,1,1,0,0,0,0,13.772719,51.047773
13,21,9,14,9,3,3,3,6,0,0,1,0,0,0,0,0,12.374914,51.337497
13,21,7,22,10,5,3,5,3,0,0,1,1,0,0,0,0,12.387289,51.309254
13,21,9,20,12,2,3,6,4,0,0,1,0,1,0,0,0,12.363555,51.338155
11,21,9,8,17,4,3,4,2,0,0,1,1,0,0,0,0,12.891653,50.83064
12,21,8,11,13,4,3,0,1,0,0,1,0,0,0,0,0,13.706114,51.043664
12,21,8,2,7,2,3,0,1,0,1,1,0,0,0,0,0,13.744939,51.072326
12,21,9,10,17,6,3,5,3,0,1,1,1,0,0,0,0,13.774523,51.033118
27,21,7,31,13,7,2,2,6,0,0,1,0,0,0,0,1,13.572549,51.17157
13,21,9,1,5,4,3,0,7,1,1,1,0,0,0,0,0,12.385151,51.338088
12,21,9,15,8,4,3,5,3,0,0,1,1,0,0,0,0,13.758716,51.049518
11,21,7,20,18,3,2,3,6,0,0,1,0,0,0,0,0,12.80052,50.802211
12,21,11,7,18,1,3,5,3,2,0,1,1,0,0,0,0,13.737051,51.037779
25,21,10,11,13,2,2,6,4,0,0,1,0,1,0,0,0,14.42869,51.17692
28,21,10,19,15,3,3,5,3,0,0,1,1,0,0,0,0,13.906664,50.958912
12,21,10,29,7,6,3,5,3,0,0,1,0,0,0,0,0,13.736978,51.050332
12,21,9,30,9,5,3,5,3,0,0,1,0,0,0,0,1,13.741999,51.049689
12,21,11,30,10,3,3,5,3,0,0,1,1,0,0,0,0,13.779935,51.044355
21,21,10,10,14,1,2,0,3,0,0,1,1,0,0,0,0,12.639529,50.606264
25,21,12,23,19,5,3,0,1,2,2,1,0,0,0,0,0,14.261396,51.098488
12,21,10,14,17,5,3,1,1,2,1,1,1,0,0,0,0,13.744899,51.026081
25,21,12,16,14,5,3,5,3,0,1,1,1,0,0,0,0,13.987465,51.09203
13,21,11,9,8,3,3,5,2,0,0,1,1,0,0,0,0,12.366698,51.340551
30,21,11,13,10,7,3,5,3,0,0,1,1,0,0,0,0,12.997896,51.558921
11,21,10,2,22,7,2,7,7,2,0,1,0,0,0,0,0,12.91589,50.845706
27,21,12,20,9,2,3,0,7,0,0,1,0,0,0,0,1,13.667754,51.106942
12,21,11,6,17,7,3,0,1,2,0,1,0,0,0,0,0,13.73756,51.039537
13,21,11,13,21,7,3,1,5,2,0,1,1,0,0,0,0,12.412067,51.3541
26,21,10,12,10,3,2,5,3,0,0,1,1,0,0,0,0,14.625966,51.503909
13,21,10,21,14,5,3,5,3,0,0,1,1,0,0,0,0,12.449861,51.366748
13,21,11,1,15,2,3,5,5,0,0,1,1,0,0,0,0,12.394882,51.363759
26,21,10,1,15,6,3,2,6,0,0,1,1,0,0,0,0,14.983974,51.158449
13,21,10,5,10,3,3,5,3,0,1,1,1,0,0,0,0,12.453273,51.352486
30,21,11,29,7,2,3,0,7,0,1,1,0,0,0,0,0,12.343002,51.526907
24,21,10,4,17,2,3,5,3,0,1,1,1,0,0,0,0,12.486674,50.719327
13,21,11,18,16,5,3,3,6,2,0,1,1,0,0,0,0,12.396388,51.301282
12,21,9,30,16,5,3,0,1,0,0,1,0,0,0,0,0,13.804373,51.05129
13,21,10,15,7,6,3,3,6,2,0,1,0,0,0,0,0,12.399101,51.337665
13,21,11,2,16,3,3,5,3,0,0,1,1,0,0,0,0,12.407564,51.351298
29,21,10,1,18,6,3,5,3,1,0,1,1,0,0,0,0,12.592559,51.274717
28,21,12,7,7,3,3,5,3,1,0,1,0,0,0,0,1,13.935129,50.984876
13,21,10,13,16,4,3,5,3,0,0,1,1,0,0,0,0,12.387448,51.357099
13,21,12,14,15,3,3,5,3,1,1,1,1,0,0,0,0,12.325996,51.304854
13,21,11,23,7,3,3,4,6,0,0,1,0,0,0,0,0,12.361325,51.332132
26,21,11,10,17,4,2,0,1,2,0,1,0,0,0,0,0,14.818216,50.897056
12,21,10,12,14,3,2,5,3,0,1,1,1,0,0,0,0,13.813962,51.014975
29,21,10,26,16,3,3,4,1,0,0,1,1,0,0,0,0,12.285511,51.191828
22,21,10,6,15,4,3,5,3,0,0,1,1,0,0,0,0,13.351061,50.905905
12,21,11,21,8,1,2,0,1,0,1,1,0,0,0,0,0,13.703681,51.101613
12,21,12,15,6,4,3,5,3,2,1,1,1,0,0,0,0,13.684314,51.058824
13,21,11,22,12,2,3,6,4,0,0,1,0,1,0,0,1,12.351696,51.365636
13,21,11,9,8,3,3,3,2,0,1,1,0,0,0,0,1,12.376625,51.355853
27,21,11,15,0,2,3,5,3,2,0,1,0,0,0,0,0,13.487151,51.162824
25,21,10,25,12,2,2,5,3,0,0,1,1,0,0,0,0,14.430233,51.179251
26,21,11,1,8,2,3,5,3,0,0,1,1,0,0,0,0,14.665168,50.893126
12,21,10,8,14,6,3,5,3,0,0,1,0,0,0,0,1,13.844802,51.017495
12,21,11,13,18,7,3,0,7,2,0,1,1,1,0,0,0,13.770782,51.1105
12,21,10,22,14,6,3,0,1,0,0,1,0,0,0,0,0,13.769507,51.04029
12,21,10,1,16,6,3,2,6,0,0,1,0,0,0,0,0,13.725639,51.053046
12,21,12,2,17,5,3,3,6,1,0,1,0,0,0,0,1,13.75232,51.063928
13,21,10,4,8,2,3,5,3,0,0,1,1,0,0,0,0,12.397567,51.336491
25,21,10,9,21,7,3,0,6,2,0,1,0,1,0,0,0,14.423587,51.178923
24,21,12,10,21,6,3,5,3,2,0,1,1,0,0,0,0,12.488375,50.725157
13,21,10,20,18,4,3,4,7,1,0,1,1,0,0,0,0,12.392332,51.330366
25,21,11,18,14,5,3,2,6,0,0,1,1,0,0,0,0,14.264218,51.453088
12,21,9,30,13,5,3,7,7,0,0,1,0,0,0,0,0,13.822092,51.013281
12,21,10,17,11,1,3,0,1,0,0,1,0,0,0,0,0,13.737639,51.037552
23,21,10,15,9,6,2,8,1,0,0,1,0,0,0,0,0,12.14355,50.497289
12,21,11,3,20,4,3,4,2,2,0,1,1,0,0,0,0,13.758758,51.054246
13,21,10,7,8,5,3,3,5,0,0,1,1,0,0,0,0,12.399989,51.319102
12,21,12,8,8,4,3,5,3,0,0,1,1,0,0,0,0,13.785329,51.035942
13,21,12,20,7,2,2,5,2,2,1,1,1,0,0,0,0,12.365709,51.363461
13,21,11,9,16,3,3,5,3,1,0,1,1,0,0,0,0,12.33881,51.332412
12,21,11,14,18,1,3,0,1,2,0,1,0,0,0,0,0,13.749629,51.043111
24,21,10,12,16,3,3,5,3,0,1,1,1,0,0,0,0,12.391342,50.809375
13,21,9,30,12,5,3,5,2,0,0,1,1,0,0,0,0,12.342615,51.321605
11,21,10,6,17,4,3,0,1,1,0,1,0,0,0,0,0,12.904894,50.841167
11,21,12,3,9,6,3,5,3,0,0,1,1,0,0,0,0,12.923188,50.832686
12,21,11,22,16,2,3,5,3,2,0,1,1,0,0,0,0,13.679147,51.088155