CSV=`UKREIS,UJAHR,UMONAT,UTAG,USTUNDE,UWOCHENTAG,UKATEGORIE,UART,UTYP,LICHT,USTRZUSTAND,IstRad,IstPKW,IstFuss,IstKrad,IstGkfz,IstSonstig,@lon,@lat
13,21,11,8,16,2,3,3,5,1,1,1,1,0,0,0,0,12.331495,51.321785
12,21,10,12,16,3,2,0,1,0,1,1,0,0,0,0,0,13.766551,51.01267
13,21,12,13,7,2,3,6,4,1,1,1,1,1,0,0,0,12.38262,51.365849
11,21,10,22,11,6,2,5,2,0,0,1,0,0,1,0,0,12.931912,50.821892
12,21,9,30,10,5,3,6,6,0,0,1,0,1,0,0,0,13.826702,50.998391
25,21,12,1,9,4,3,0,7,0,1,1,0,0,0,0,0,14.091647,51.291855
13,21,12,10,10,6,3,5,3,0,0,1,1,0,0,0,0,12.461539,51.281888
13,21,10,19,19,3,3,5,3,2,0,1,1,0,0,0,0,12.393101,51.376359
13,21,11,5,14,6,3,5,3,0,1,1,1,0,0,0,0,12.373708,51.305655
12,21,12,31,11,6,3,2,6,0,0,1,1,0,0,0,0,13.783816,51.014556
13,21,10,21,7,5,3,5,3,2,1,1,1,0,0,0,0,12.373312,51.353093
13,21,10,4,17,2,3,0,1,0,0,1,0,0,0,0,0,12.328757,51.336785
30,21,10,9,23,7,3,7,7,2,0,1,0,0,0,0,0,12.618423,51.463481
13,21,12,22,10,4,3,5,3,0,0,1,1,0,0,0,0,12.406647,51.357215
25,21,10,20,14,4,3,1,5,0,0,1,1,0,0,0,0,14.086712,51.446369
25,21,11,11,6,5,3,4,2,2,0,1,0,0,0,0,1,13.915816,51.093709
12,21,11,2,7,3,3,1,5,0,0,1,1,0,0,0,0,13.665134,51.043673
13,21,10,1,17,6,3,2,6,0,0,1,1,0,0,0,0,12.376149,51.348295
28,21,10,7,17,5,3,5,3,0,0,1,0,0,0,0,0,13.628106,51.022591
13,21,12,7,13,3,3,5,3,0,0,1,1,0,0,0,0,12.393172,51.336932
27,21,10,13,11,4,3,0,1,0,1,1,0,0,0,0,0,13.675941,51.110055
12,21,11,24,6,4,2,5,2,2,1,1,1,0,0,0,0,13.68525,51.042465
12,21,10,5,20,3,3,5,3,2,1,1,0,0,0,0,0,13.74646,51.057683
12,21,12,20,7,2,3,5,3,0,2,1,1,0,0,0,0,13.811659,51.028281
12,21,11,12,10,6,3,0,1,0,0,1,0,0,0,0,0,13.792157,51.056973
25,21,10,11,13,2,3,0,1,0,1,1,0,0,0,0,0,13.972937,51.32744
13,21,12,10,6,6,3,2,2,2,1,1,1,0,0,0,0,12.390272,51.337713
24,21,10,27,17,4,3,6,4,1,0,1,0,1,0,0,0,12.497059,50.713838
13,21,10,30,0,7,3,5,3,2,0,1,0,0,0,0,1,12.323521,51.341841
13,21,10,3,17,1,3,5,3,0,0,1,1,0,0,0,0,12.461636,51.345803
13,21,10,10,9,1,3,5,3,0,0,1,1,0,0,0,0,12.371545,51.354587
12,21,10,20,19,4,3,5,3,2,0,1,1,0,0,0,0,13.788283,51.035978
26,21,10,14,14,5,3,0,1,0,1,1,0,0,0,0,0,14.82228,51.29368
13,21,12,16,15,5,3,1,7,0,0,1,1,0,0,0,0,12.405642,51.344653
12,21,11,10,7,4,3,5,2,0,0,1,1,0,0,0,0,13.788834,51.042335
11,21,10,25,21,2,2,0,1,2,0,1,0,0,0,0,0,12.902155,50.790366
13,21,10,1,6,6,2,3,6,0,0,1,1,0,0,0,0,12.336215,51.328287
24,21,12,3,9,6,2,8,1,0,0,1,0,0,0,0,0,12.539314,50.825033
11,21,11,6,11,7,2,5,3,0,0,1,1,0,0,0,0,12.956775,50.833738
12,21,11,12,11,6,3,5,3,0,0,1,1,0,0,0,0,13.718801,51.087843
13,21,10,13,16,4,3,2,6,0,0,1,0,0,0,0,1,12.35535,51.335243
12,21,11,11,8,5,3,3,5,0,0,1,1,0,0,0,0,13.700727,51.044141
13,21,10,25,17,2,3,5,2,1,0,1,1,0,0,0,0,12.373648,51.33303
25,21,12,7,15,3,2,5,3,0,1,1,1,0,0,0,0,14.435248,51.174076
13,21,12,18,20,7,3,0,1,2,0,1,0,0,0,0,0,12.412039,51.332226
12,21,11,9,5,3,3,5,3,2,1,1,1,0,0,0,0,13.761492,51.055096
24,21,12,12,19,1,2,9,1,2,1,1,0,0,0,0,0,12.504768,50.737886
13,21,10,23,12,7,3,5,2,0,0,1,0,0,0,0,1,12.322382,51.332808
12,21,11,1,19,2,2,5,3,2,1,1,1,0,0,0,0,13.784981,51.048034
27,21,10,6,18,4,2,5,3,1,0,1,1,0,0,0,0,13.615383,51.289307
11,21,12,5,12,1,3,1,1,0,1,1,1,0,0,0,0,12.876154,50.781266
13,21,11,12,16,6,3,5,3,1,0,1,0,0,0,0,1,12.388323,51.353828
11,21,10,28,19,5,3,0,1,2,0,1,0,0,0,0,0,12.930515,50.83433
29,21,9,29,7,4,3,9,1,0,0,1,1,0,0,0,0,12.556797,51.163692
25,21,12,1,15,4,3,0,1,0,1,1,0,0,0,0,0,14.417654,51.167125
12,21,10,3,1,1,3,5,3,2,0,1,1,0,0,0,0,13.761363,51.051924
25,21,12,28,7,3,3,0,1,2,2,1,0,0,0,0,0,14.269433,51.433774
13,21,12,20,10,2,3,2,6,0,0,1,1,0,0,0,0,12.42071,51.348761
11,21,11,16,18,3,3,1,5,2,0,1,1,0,0,0,0,12.890048,50.835621
13,21,10,1,9,6,3,3,2,0,0,1,1,0,0,0,0,12.38208,51.332575
13,21,9,30,7,5,3,5,2,0,0,1,1,0,0,0,0,12.37371,51.33119
13,21,10,5,10,3,3,0,1,0,1,1,0,0,0,0,0,12.419676,51.348175
13,21,11,30,15,3,3,5,2,0,1,1,1,0,0,0,0,12.388112,51.33817
12,21,10,5,15,3,3,0,1,0,1,1,0,0,0,0,0,13.746635,51.052886
12,21,12,9,11,5,3,0,5,0,0,1,1,0,0,0,0,13.75574,51.065871
29,21,11,25,12,5,3,2,1,0,0,1,1,0,0,0,0,12.587705,51.283421
23,21,10,6,16,4,2,0,1,0,0,1,0,0,0,0,0,12.290012,50.615246
27,21,10,11,12,2,3,0,1,0,0,1,0,0,0,0,0,13.477358,51.165104
28,21,10,29,19,6,3,8,1,2,0,1,0,0,0,0,0,13.657349,51.000193
11,21,9,30,14,5,3,4,2,0,0,1,1,0,0,0,0,12.939614,50.834906
12,21,10,5,5,3,3,0,1,2,0,1,0,0,0,0,0,13.750181,51.050918
12,21,10,9,18,7,3,0,1,1,0,1,0,0,0,0,0,13.874245,51.051191
13,21,12,8,15,4,3,0,1,0,1,1,0,0,0,0,0,12.376257,51.368437
12,21,10,14,11,5,3,0,1,0,1,1,0,0,0,0,0,13.728423,51.056632
12,21,12,15,20,4,3,0,7,2,0,1,0,0,0,0,0,13.751733,51.042269
22,21,11,23,19,3,3,2,2,1,0,1,1,0,0,0,0,12.801885,50.90852
24,21,11,16,12,3,3,0,1,0,0,1,0,0,0,0,0,12.470537,50.692396
12,21,11,1,13,2,3,0,1,0,1,1,0,0,0,0,0,13.73927,51.047329
23,21,10,2,16,7,2,0,7,0,0,1,0,0,0,0,0,12.16033,50.504005
11,21,10,7,18,5,2,0,1,0,0,1,0,0,0,0,0,12.883058,50.831615
23,21,11,20,17,7,2,3,6,2,0,1,0,0,0,0,0,12.262339,50.317474
30,21,11,11,16,5,3,0,1,1,0,1,0,0,0,0,0,13.119396,51.297819
12,21,10,11,13,2,3,5,2,0,0,1,0,0,0,0,0,13.746784,51.03846
25,21,10,28,8,5,3,1,5,0,0,1,1,0,0,0,0,14.43164,51.175903
12,21,9,30,10,5,3,5,3,0,0,1,1,0,0,0,0,13.787881,51.048243
13,21,11,30,17,3,3,5,3,2,0,1,1,0,0,0,0,12.387448,51.357046
12,21,10,9,13,7,3,6,4,0,0,1,1,1,0,0,0,13.750598,51.052586
28,21,12,27,5,2,3,0,3,2,1,1,1,0,0,0,0,13.943891,50.960299
11,21,10,14,7,5,2,5,2,2,1,1,0,0,0,0,1,12.897359,50.847839
22,21,11,27,19,7,2,1,5,2,0,1,1,0,0,0,0,12.804197,50.87845
24,21,11,10,7,4,3,5,3,1,0,1,1,0,0,0,0,12.49388,50.725789
27,21,10,15,11,6,2,1,5,0,0,1,1,0,0,0,0,13.66024,51.105076
12,21,11,3,7,4,3,5,2,0,0,1,1,0,0,0,0,13.712726,51.080731
12,21,10,2,14,7,3,5,3,0,0,1,0,0,0,0,1,13.711289,51.117303
12,21,12,8,23,4,2,5,3,2,0,1,1,0,0,0,0,13.7342,51.08843
12,21,10,12,10,3,3,5,3,1,1,1,1,0,0,0,0,13.785329,51.035943
26,21,11,23,14,3,2,5,3,0,1,1,1,0,0,0,0,14.987152,51.148764
11,21,11,9,16,3,3,5,2,2,0,1,1,0,0,0,0,12.89788,50.814219
11,21,10,13,16,4,3,2,6,0,0,1,1,0,0,0,0,12.941145,50.801308
27,21,12,8,8,4,3,0,1,1,1,1,0,0,0,0,0,13.297306,51.296624
27,21,10,27,9,4,3,5,3,0,0,1,1,0,0,0,0,13.610665,51.109235
29,21,10,18,14,2,3,0,1,0,0,1,1,0,0,0,0,12.587488,51.352916
13,21,10,13,14,4,3,0,1,0,0,1,1,0,0,0,0,12.436542,51.345503
13,21,12,21,7,3,3,2,2,1,0,1,1,0,0,0,0,12.375215,51.364637
12,21,11,10,22,4,3,0,1,2,0,1,0,0,0,0,0,13.752374,51.060997
27,21,10,13,19,4,3,0,7,2,0,1,0,0,0,0,0,13.270582,51.200048
30,21,12,14,14,3,2,0,1,0,1,1,0,0,0,0,0,12.354801,51.51257
12,21,10,25,5,2,3,5,3,2,0,1,1,0,0,0,0,13.776982,51.060012
12,21,11,1,17,2,3,0,1,1,1,1,0,0,0,0,0,13.748279,51.03221
25,21,9,30,15,5,3,5,3,0,0,1,1,0,0,0,0,14.268156,51.442691
13,21,10,6,12,4,3,1,6,0,0,1,0,0,0,0,1,12.380965,51.384296
13,21,11,11,13,5,3,5,3,0,0,1,1,0,0,0,0,12.371764,51.339639
12,21,12,14,17,3,3,0,1,2,1,1,0,0,0,0,0,13.757238,51.049734
13,21,10,29,12,6,2,0,7,0,0,1,0,0,0,0,0,12.413967,51.346736
13,21,9,28,9,3,3,1,7,0,1,1,0,0,0,0,0,12.322933,51.327943
13,21,10,8,9,6,3,5,3,0,0,1,1,0,0,0,0,12.409965,51.375389
23,21,12,10,16,6,2,0,1,0,2,1,0,0,0,0,0,12.135652,50.496366
28,21,10,20,15,4,3,0,1,0,0,1,0,0,0,0,0,14.049834,50.958574
13,21,11,18,19,5,3,5,2,2,0,1,1,0,0,0,0,12.376526,51.353249
12,21,10,16,11,7,3,5,3,0,0,1,1,0,0,0,0,13.80916,51.016394
28,21,11,19,18,6,3,0,1,2,1,1,0,0,0,0,0,14.259661,50.966882
29,21,10,7,12,5,3,0,7,0,0,1,1,0,0,0,0,12.427539,51.25614
26,21,12,7,11,3,3,0,1,0,0,1,0,0,0,0,0,14.802872,50.888257
12,21,10,13,10,4,3,0,1,0,0,1,0,0,0,0,0,13.788769,51.042572
12,21,12,16,13,5,3,0,1,0,1,1,0,0,0,0,0,13.81332,51.045515
12,21,11,24,8,4,2,0,1,0,1,1,0,0,0,0,0,13.743654,51.023501
26,21,10,28,18,5,3,8,1,2,0,1,0,0,0,0,0,14.584846,51.006396
12,21,12,19,1,1,3,0,1,2,0,1,0,0,0,0,0,13.740368,51.038628
12,21,11,1,14,2,3,0,3,0,0,1,1,0,0,0,0,13.71169,51.050462
11,21,10,1,18,6,2,1,5,0,0,1,1,0,0,0,0,12.833584,50.831115
24,21,10,6,9,4,3,0,1,0,0,1,0,0,0,0,0,12.507425,50.738541
22,21,12,6,13,2,3,5,3,0,1,1,1,0,0,0,0,12.808579,50.916173
21,21,11,20,15,7,2,8,1,0,1,1,0,0,0,0,0,12.87202,50.529187
29,21,11,6,11,7,3,3,2,0,0,1,1,0,0,0,0,12.721658,51.220594
12,21,10,11,14,2,3,0,1,0,1,1,0,0,0,0,0,13.734039,51.04134
21,21,10,20,16,4,3,5,3,0,0,1,1,0,0,0,0,13.341382,50.658758
13,21,10,17,16,1,3,0,1,0,0,1,0,0,0,0,0,12.426397,51.343482
11,21,11,1,4,2,3,0,1,2,0,1,0,0,0,0,0,12.916069,50.830874
13,21,9,30,14,5,3,5,3,0,0,1,1,0,0,0,0,12.427628,51.348793
13,21,10,5,7,3,3,6,7,0,0,1,0,1,0,0,0,12.375877,51.367067
12,21,11,22,22,2,2,1,1,2,0,1,1,0,0,0,0,13.785954,51.035984
13,21,11,8,14,2,3,5,2,0,1,1,1,0,0,0,0,12.373369,51.320597
29,21,11,11,9,5,3,4,2,0,0,1,1,0,0,0,0,12.494063,51.119045
24,21,10,28,16,5,3,0,1,0,0,1,0,0,0,0,0,12.479162,50.717139
29,21,9,28,17,3,3,5,3,0,0,1,1,0,0,0,0,12.492364,51.11155
12,21,10,18,18,2,2,0,1,2,0,1,0,0,0,0,0,13.696991,51.049086
12,21,11,4,6,5,3,6,6,1,1,1,0,1,0,0,0,13.819921,51.01383
13,21,10,10,14,1,3,6,4,0,0,1,0,1,0,0,0,12.342617,51.316061
12,21,11,18,10,5,3,5,3,0,0,1,1,0,0,0,0,13.789529,51.018321
12,21,10,15,18,6,3,5,2,2,0,1,1,0,0,0,0,13.732545,51.043526
26,21,11,26,6,6,2,4,2,2,0,1,1,0,0,0,0,14.657108,51.490359
13,21,10,26,12,3,3,5,3,0,0,1,1,0,0,0,0,12.284713,51.312185
12,21,11,3,23,4,3,0,1,2,0,1,0,0,0,0,0,13.777794,51.052888
12,21,10,7,6,5,3,5,3,1,0,1,1,0,0,0,0,13.75597,51.055861
13,21,12,8,19,4,3,5,3,2,1,1,1,0,0,0,0,12.402149,51.321641
13,21,10,31,20,1,3,0,7,2,0,1,1,0,0,0,0,12.358977,51.344341
27,21,9,30,17,5,3,0,1,0,0,1,0,0,0,0,0,13.439997,51.409218
12,21,11,5,7,6,3,0,1,0,1,1,0,0,0,0,0,13.830079,50.999353
12,21,10,19,22,3,2,0,1,2,0,1,0,0,0,0,0,13.719921,51.054609
13,21,10,29,16,6,3,6,4,0,0,1,0,1,0,0,0,12.38107,51.361366
23,21,10,3,14,1,2,7,7,0,0,1,0,1,0,0,0,12.480151,50.471801
13,21,12,20,11,2,3,5,3,0,0,1,0,0,0,0,1,12.373349,51.31857
12,21,12,15,12,4,3,2,6,0,0,1,1,0,0,0,0,13.77184,51.046897
30,21,11,22,6,2,3,4,6,1,1,1,0,0,0,0,0,13.009196,51.557237
12,21,12,22,5,4,3,5,3,2,0,1,1,0,0,0,0,13.776982,51.060012
26,21,11,9,13,3,3,0,7,0,0,1,0,0,0,0,0,14.981631,51.155594
13,21,11,15,7,2,3,6,4,1,1,1,0,1,0,0,0,12.353685,51.365192
13,21,10,1,21,6,3,3,6,2,0,1,0,0,0,0,0,12.314513,51.286552
12,21,10,5,7,3,2,5,3,0,1,1,1,0,0,0,0,13.788603,51.039163
13,21,10,8,11,6,3,3,2,0,0,1,1,0,0,0,0,12.385677,51.366759
13,21,12,16,14,5,3,5,3,0,0,1,1,0,0,0,0,12.375111,51.359732
13,21,11,26,10,6,3,5,3,0,0,1,1,0,0,0,0,12.421425,51.379235
13,21,11,14,8,1,2,1,1,0,0,1,0,0,0,0,1,12.29845,51.321517
13,21,10,26,16,3,3,6,4,0,0,1,0,1,0,0,0,12.407494,51.351254
12,21,10,7,7,5,3,5,3,0,0,1,1,0,0,0,0,13.753501,51.052924
12,21,11,23,14,3,3,5,3,0,0,1,1,0,0,0,0,13.721498,51.054275
13,21,11,5,7,6,3,5,2,0,1,1,1,0,0,0,0,12.365683,51.32103
13,21,10,12,17,3,3,5,3,0,1,1,0,0,0,0,0,12.376963,51.343913
13,21,10,31,15,1,3,0,6,0,0,1,0,0,0,0,0,12.368206,51.288624
12,21,9,30,8,5,2,5,3,0,0,1,1,0,0,0,0,13.697884,51.048778
29,21,10,6,16,4,3,5,3,0,0,1,1,0,0,0,0,12.741602,51.370265
24,21,11,30,16,3,3,2,2,1,1,1,1,0,0,0,0,12.393722,50.825697
12,21,10,5,17,3,3,1,5,0,1,1,1,0,0,0,0,13.745049,51.067454
22,21,10,20,18,4,3,1,5,1,0,1,1,0,0,0,0,13.345661,50.91111
13,21,10,15,17,6,3,0,1,1,1,1,0,0,0,0,0,12.396153,51.339047
25,21,11,2,18,3,3,5,3,2,1,1,1,0,0,0,0,13.900451,51.110255
30,21,10,2,20,7,2,6,4,2,0,1,0,1,0,0,0,13.001066,51.557189
13,21,10,7,10,5,3,5,2,0,0,1,1,0,0,0,0,12.427934,51.358673
30,21,12,20,16,2,2,0,7,1,0,1,0,0,0,0,0,12.211113,51.402388
29,21,10,13,16,4,3,1,5,0,0,1,1,0,0,0,0,12.22565,51.304152
13,21,11,23,17,3,3,5,2,1,1,1,1,0,0,0,0,12.38545,51.340477
11,21,12,22,17,4,2,0,7,0,0,1,0,0,0,0,0,12.954878,50.8343
13,21,11,10,18,4,3,5,2,2,0,1,1,0,0,0,0,12.373752,51.331162
29,21,10,25,16,2,3,5,3,0,0,1,1,0,0,0,0,12.231374,51.308484
13,21,10,30,20,7,3,5,3,2,0,1,1,0,0,0,0,12.36557,51.339605
12,21,10,1,16,6,3,5,2,0,0,1,1,0,0,0,0,13.841771,51.002248
12,21,10,6,18,4,3,5,2,1,0,1,1,0,0,0,0,13.761516,51.055124
12,21,12,14,10,3,3,3,6,0,1,1,1,0,0,0,0,13.681045,51.041012
12,21,10,28,16,5,3,5,3,0,0,1,1,0,0,0,0,13.777197,51.060091
13,21,10,22,19,6,3,3,2,2,1,1,1,0,0,0,0,12.363893,51.371862
12,21,11,12,15,6,3,0,1,0,0,1,0,0,0,0,0,13.754024,51.069289
12,21,10,11,8,2,3,5,3,0,0,1,1,0,0,0,0,13.793183,51.050471
24,21,10,27,13,4,3,5,7,0,0,1,1,0,0,0,0,12.495734,50.727998
13,21,9,30,8,5,3,1,5,0,0,1,1,0,0,0,0,12.396465,51.306063
13,21,12,2,10,5,3,5,3,0,0,1,1,0,0,0,0,12.338799,51.370373
24,21,10,4,15,2,3,5,3,0,1,1,1,0,0,0,0,12.488622,50.718892
13,21,12,11,14,7,3,1,5,0,0,1,1,0,0,0,0,12.37862,51.32432
13,21,12,28,18,3,3,5,3,2,1,1,1,0,0,0,0,12.342644,51.332278
30,21,11,26,20,6,3,1,7,1,0,1,1,0,0,0,0,13.000873,51.557101
12,21,11,11,15,5,3,1,5,0,0,1,1,0,0,0,0,13.743979,51.065394
25,21,10,1,9,6,2,5,3,0,0,1,1,0,0,0,0,13.983014,51.094214
13,21,12,14,19,3,2,5,3,2,1,1,1,0,0,0,0,12.344564,51.339707
29,21,11,9,19,3,3,7,7,2,0,1,0,0,0,0,1,12.239975,51.151537
13,21,12,14,20,3,3,0,1,2,1,1,0,0,0,0,0,12.293064,51.359311
12,21,10,27,16,4,3,5,3,0,0,1,1,0,0,0,0,13.717889,51.053158
22,21,11,1,18,2,3,4,6,2,1,1,1,0,0,0,0,13.341601,50.9191
12,21,10,6,3,4,3,0,1,2,1,1,0,0,0,0,0,13.759594,51.027697
27,21,11,8,13,2,3,6,4,0,0,1,0,1,0,0,0,13.300336,51.306107
24,21,11,12,10,6,3,5,3,0,0,1,0,0,0,0,1,12.462235,50.696715
25,21,10,11,5,2,2,0,7,2,0,1,0,0,0,0,0,14.385276,51.098567
12,21,12,14,20,3,3,0,1,2,1,1,0,0,0,0,0,13.718485,51.077491
11,21,10,28,11,5,3,5,2,0,0,1,1,0,0,0,0,12.946248,50.840722
12,21,12,2,12,5,3,5,3,0,0,1,1,0,0,0,0,13.822267,50.99778
12,21,10,18,8,2,2,5,2,0,0,1,1,0,0,0,0,13.788778,51.042335
13,21,10,4,10,2,3,3,2,0,1,1,1,0,0,0,0,12.385962,51.363663
24,21,10,10,11,1,2,0,6,0,0,1,0,0,0,0,0,12.498605,50.69887
29,21,10,27,16,4,3,1,5,0,0,1,1,0,0,0,0,12.353792,51.278656
12,21,10,19,12,3,3,5,3,0,0,1,1,0,0,0,0,13.689963,51.078703
12,21,11,19,18,6,2,5,2,2,1,1,1,0,0,0,0,13.774669,51.033239
12,21,11,11,10,5,3,3,3,0,0,1,0,0,0,0,1,13.698593,51.074353
25,21,11,19,7,6,2,0,1,0,1,1,0,0,0,0,0,14.240532,51.438858
11,21,10,26,16,3,3,1,5,0,0,1,1,0,0,0,0,12.839948,50.879824
13,21,10,2,14,7,3,6,4,0,0,1,0,1,0,0,0,12.405572,51.331101
25,21,12,7,7,3,3,0,2,0,2,1,1,0,0,0,0,14.062513,51.372766
13,21,11,4,8,5,3,6,4,0,1,1,0,1,0,0,0,12.3737,51.324306
13,21,10,4,14,2,3,5,3,0,0,1,1,0,0,0,0,12.406406,51.368741
11,21,10,11,18,2,3,0,7,2,1,1,0,1,0,0,0,12.895065,50.78587
25,21,10,19,7,3,2,0,1,1,0,1,0,0,0,0,0,14.423756,51.172684
30,21,11,19,14,6,3,0,1,0,0,1,0,0,0,0,0,12.486853,51.379394
13,21,10,14,14,5,3,5,2,0,1,1,1,0,0,0,0,12.323892,51.320391
28,21,10,16,10,7,3,0,1,0,0,1,0,0,0,0,0,13.654298,51.009743
13,21,11,11,11,5,3,3,6,0,0,1,1,0,0,0,0,12.452816,51.379499
12,21,10,16,3,7,3,1,5,2,0,1,1,0,0,0,0,13.710339,51.02848
12,21,11,3,7,4,2,5,2,0,1,1,0,0,0,0,0,13.725659,51.081266
13,21,10,1,11,6,3,5,5,0,0,1,1,0,0,0,0,12.378019,51.348008
11,21,10,25,17,2,3,4,1,0,0,1,0,0,0,0,0,12.955237,50.807469
13,21,11,1,20,2,3,5,6,2,0,1,1,0,0,0,0,12.340266,51.33036
13,21,9,30,11,5,3,5,3,0,0,1,1,0,0,0,0,12.377007,51.390181
12,21,12,3,6,6,3,5,3,1,0,1,1,0,0,0,0,13.803238,51.021737
28,21,12,20,7,2,3,0,1,2,2,1,0,0,0,0,0,13.933271,50.975559
28,21,11,8,15,2,2,5,3,0,0,1,1,0,0,0,0,13.859914,50.982452
25,21,10,11,10,2,2,0,1,0,0,1,0,0,0,0,0,13.902466,51.115856
13,21,10,22,6,6,3,5,3,2,0,1,1,0,0,0,0,12.445121,51.342603
29,21,12,1,13,4,3,5,3,0,1,1,1,0,0,0,0,12.608517,51.333949
12,21,10,18,6,2,3,5,2,2,0,1,1,0,0,0,0,13.744326,51.049606
12,21,11,4,13,5,3,0,1,0,1,1,0,0,0,0,0,13.742906,51.049723
21,21,10,3,10,1,3,5,3,0,0,1,1,0,0,0,0,12.964008,50.643773
13,21,12,24,1,6,3,5,3,2,1,1,1,0,0,0,0,12.341165,51.332356
12,21,11,10,7,4,3,0,7,0,1,1,1,0,0,0,0,13.749029,51.027475
12,21,10,26,10,3,3,3,7,0,0,1,1,0,0,0,0,13.702204,51.045921
27,21,11,2,4,3,3,0,1,2,1,1,0,1,0,0,0,13.268049,51.310109
12,21,10,2,17,7,3,5,3,0,0,1,1,0,0,0,0,13.725763,51.047755
21,21,12,4,12,7,2,5,3,0,1,1,1,0,0,0,0,12.741566,50.726029
13,21,10,18,15,2,3,5,3,0,0,1,1,0,0,0,0,12.285896,51.330948
13,21,11,23,9,3,3,0,1,0,1,1,0,0,0,0,0,12.404919,51.326615
25,21,12,17,7,6,2,0,2,1,1,1,1,0,0,0,0,14.333811,51.30879
11,21,11,12,16,6,3,2,2,1,0,1,1,0,0,0,0,12.904389,50.866475
13,21,10,12,22,3,3,5,3,2,0,1,1,0,0,0,0,12.373793,51.324215
12,21,12,30,19,5,2,0,1,2,1,1,0,0,0,0,0,13.800885,51.040052
27,21,10,31,10,1,3,0,6,0,0,1,0,0,0,0,0,13.265154,51.3113
29,21,10,5,10,3,3,5,3,0,1,1,1,0,0,0,0,12.737542,51.369298
24,21,11,30,18,3,2,5,3,2,1,1,1,0,0,0,0,12.599019,50.875888
25,21,11,22,8,2,3,1,5,0,1,1,1,0,0,0,0,14.014231,51.188004
12,21,10,11,16,2,3,0,1,0,1,1,0,0,0,0,0,13.82801,51.008819
13,21,12,10,10,6,3,0,1,0,1,1,0,0,0,0,0,12.342268,51.338581
12,21,11,24,6,4,3,5,3,2,1,1,1,0,0,0,0,13.745182,51.062835
13,21,11,14,13,1,3,5,3,0,0,1,1,0,0,0,0,12.33125,51.349649
29,21,10,23,17,7,3,5,3,1,0,1,0,0,0,0,1,12.611402,51.332101
13,21,11,1,12,2,2,0,1,0,1,1,0,0,0,0,0,12.342225,51.338484
12,21,9,30,15,5,3,5,2,0,0,1,1,0,0,0,0,13.729454,51.076344
27,21,10,5,13,3,3,4,2,0,1,1,1,0,0,0,0,13.264256,51.311744
12,21,12,5,0,1,3,0,1,2,1,1,0,0,0,0,0,13.726734,51.031466
27,21,11,22,13,2,2,0,1,0,0,1,0,0,0,0,0,13.477211,51.164894
30,21,11,12,15,6,2,4,2,0,0,1,1,0,0,0,0,12.342952,51.524529
13,21,10,11,15,2,3,5,3,0,0,1,1,0,0,0,0,12.333596,51.324716
13,21,12,9,14,5,3,2,6,0,1,1,1,0,0,0,0,12.377571,51.301901
22,21,10,20,13,4,3,5,3,0,0,1,1,0,0,0,0,13.344177,50.920975
12,21,10,30,14,7,3,2,2,0,0,1,1,0,0,0,0,13.80716,51.051941
26,21,12,1,12,4,3,5,3,0,0,1,1,0,0,0,0,14.981188,51.145614
27,21,10,17,11,1,3,5,3,0,0,1,1,0,0,0,0,13.802862,51.256318
13,21,10,4,11,2,3,5,3,0,0,1,1,0,0,0,0,12.399471,51.376401
30,21,12,8,17,4,3,8,7,2,1,1,0,0,0,0,0,12.341765,51.531409
13,21,12,22,7,4,3,3,6,2,0,1,1,0,0,0,0,12.354847,51.364923
12,21,11,26,10,6,2,0,1,0,0,1,0,0,0,0,0,13.832209,51.01944
12,21,10,26,11,3,3,2,7,0,0,1,1,0,0,0,0,13.708993,51.047211
13,21,10,1,13,6,3,5,3,0,0,1,1,0,0,0,0,12.37371,51.331209
11,21,10,7,19,5,3,1,5,2,0,1,1,0,0,0,0,12.95105,50.839678
22,21,11,22,7,2,3,1,5,2,1,1,1,0,0,0,0,12.906297,51.07632
12,21,12,20,6,2,3,0,1,2,2,1,0,0,0,0,0,13.782012,51.036807
13,21,12,14,12,3,3,1,5,0,0,1,1,0,0,0,0,12.403528,51.2847
11,21,10,29,5,6,3,5,7,2,0,1,1,0,0,0,0,12.910365,50.802702
13,21,10,6,13,4,3,2,6,0,0,1,1,0,0,0,0,12.37695,51.343827
11,21,11,5,17,6,2,0,1,2,1,1,0,0,0,0,0,12.935146,50.830937
12,21,10,4,7,2,3,0,1,0,0,1,0,0,0,0,0,13.790337,51.125707
11,21,10,20,14,4,3,5,3,0,0,1,1,0,0,0,0,12.882502,50.797366
12,21,11,18,17,5,2,7,1,2,0,1,0,0,0,0,0,13.808754,51.052875
12,21,11,2,12,3,2,5,3,0,0,1,1,0,0,0,0,13.77275,51.047783
13,21,10,13,19,4,3,3,2,2,1,1,1,0,0,0,0,12.405716,51.351553