CSV=`UKREIS,UJAHR,UMONAT,UTAG,USTUNDE,UWOCHENTAG,UKATEGORIE,UART,UTYP,LICHT,USTRZUSTAND,IstRad,IstPKW,IstFuss,IstKrad,IstGkfz,IstSonstig,@lon,@lat
12,21,12,15,19,4,2,6,4,2,0,1,0,1,0,0,0,13.781779,51.043807
13,21,10,29,10,6,3,5,3,0,0,1,0,0,0,0,1,12.420012,51.379172
12,21,11,25,16,5,3,5,3,2,0,1,1,0,0,0,0,13.785329,51.035943
24,21,10,16,19,7,3,0,7,2,1,1,0,0,0,0,0,12.68379,50.776265
26,21,11,3,14,4,3,6,4,0,0,1,0,1,0,0,0,14.962738,51.175538
12,21,10,5,12,3,3,5,2,0,0,1,1,0,0,0,0,13.807191,51.038846
13,21,12,8,15,4,3,5,3,0,1,1,1,0,0,0,0,12.291683,51.321272
13,21,10,18,14,2,3,5,3,0,0,1,1,0,0,0,0,12.331924,51.3403
13,21,10,25,17,2,3,8,7,1,0,1,0,0,0,0,0,12.376678,51.355798
12,21,11,1,8,2,3,5,3,0,1,1,1,0,0,0,0,13.776981,51.060012
12,21,11,20,13,7,2,1,5,0,0,1,1,0,0,0,0,13.748576,51.074957
13,21,10,28,12,5,3,3,6,0,0,1,1,0,0,0,0,12.373621,51.327511
29,21,11,6,1,7,3,1,1,2,1,1,1,0,0,0,0,12.739489,51.368065
12,21,11,12,15,6,3,5,3,0,0,1,1,0,0,0,0,13.769582,51.051075
11,21,12,2,16,5,2,5,3,2,0,1,1,0,0,0,0,12.946348,50.8407
12,21,10,9,10,7,3,0,1,0,0,1,0,0,0,0,0,13.724907,51.057701
13,21,10,20,9,4,3,1,5,0,0,1,1,0,0,0,0,12.379872,51.394325
30,21,10,14,10,5,3,5,3,0,1,1,1,0,0,0,0,12.359691,51.479543
12,21,10,17,11,1,3,4,6,0,0,1,1,0,0,0,0,13.72268,51.029663
27,21,11,11,14,5,3,5,2,0,0,1,0,0,1,0,0,13.698881,51.155634
13,21,11,3,15,4,3,5,3,0,0,1,1,0,0,0,0,12.37633,51.336883
13,21,10,1,12,6,3,3,2,0,0,1,1,0,0,0,0,12.313338,51.347887
25,21,10,12,13,3,3,5,2,0,1,1,1,0,0,0,0,14.266671,51.453715
13,21,10,28,15,5,3,5,3,0,0,1,1,0,0,0,0,12.37836,51.334553
13,21,11,15,17,2,3,2,2,2,0,1,0,0,0,0,1,12.387265,51.309256
11,21,10,13,16,4,3,2,7,0,0,1,1,0,0,0,0,12.922691,50.846943
12,21,11,1,18,2,3,4,1,2,1,1,1,0,0,0,0,13.813328,51.054461
13,21,9,30,10,5,3,6,6,0,0,1,0,1,0,0,0,12.371236,51.329436
12,21,10,5,23,3,3,0,1,2,1,1,0,0,0,0,0,13.83749,51.0248
12,21,12,6,16,2,3,1,7,2,1,1,1,0,0,0,0,13.802627,51.047009
26,21,11,21,16,1,2,1,7,1,0,1,1,0,0,0,0,14.788153,50.897864
12,21,11,16,20,3,3,0,7,2,0,1,0,0,0,0,0,13.800192,51.002088
12,21,10,12,13,3,3,6,4,0,1,1,0,1,0,0,0,13.814494,51.017794
12,21,11,1,18,2,3,0,1,2,1,1,0,0,0,0,0,13.775552,51.032892
25,21,12,20,9,2,3,0,1,0,1,1,0,0,0,0,0,14.268135,51.434471
12,21,10,30,15,7,3,6,4,0,0,1,0,1,0,0,0,13.742257,51.049652
13,21,11,30,18,3,3,3,6,2,1,1,0,0,0,0,0,12.327371,51.329691
12,21,12,11,13,7,3,5,2,0,0,1,1,0,0,0,0,13.771334,51.060329
12,21,10,14,18,5,2,0,1,2,1,1,0,0,0,0,0,13.721191,51.058919
12,21,12,16,20,5,3,3,2,2,1,1,1,0,0,0,0,13.833013,51.029178
13,21,11,27,12,7,3,5,3,0,0,1,1,0,0,0,0,12.396251,51.306165
27,21,10,15,14,6,3,0,5,0,0,1,1,0,0,0,0,13.469854,51.159203
12,21,11,11,14,5,3,0,7,0,0,1,0,0,0,0,0,13.669136,51.04002
13,21,11,19,15,6,3,4,6,0,0,1,0,0,0,0,0,12.380235,51.329674
29,21,11,1,15,2,3,0,1,0,1,1,0,0,0,0,0,12.753097,51.292343
13,21,10,1,16,6,3,5,3,0,0,1,1,0,0,0,0,12.400519,51.346575
11,21,10,7,17,5,3,5,3,0,0,1,0,0,0,0,0,12.8426,50.816389
13,21,12,7,13,3,3,0,7,0,0,1,0,0,0,0,0,12.318809,51.329723
26,21,10,12,8,3,2,0,1,0,0,1,0,0,0,0,0,14.983441,51.150695
29,21,10,28,10,5,3,5,3,0,0,1,1,0,0,0,0,12.506304,51.136822
25,21,11,10,10,4,3,0,7,0,0,1,0,0,0,0,0,14.423814,51.174665
13,21,10,12,11,3,3,5,2,0,1,1,1,0,0,0,0,12.315127,51.330298
13,21,12,13,17,2,3,5,3,2,0,1,1,0,0,0,0,12.45914,51.401918
13,21,10,5,6,3,3,6,4,2,1,1,0,1,0,0,0,12.406349,51.355463
13,21,11,20,12,7,3,5,3,0,0,1,1,0,0,0,0,12.393236,51.336943
12,21,11,12,17,6,2,5,2,2,0,1,1,0,0,0,0,13.803223,51.021695
30,21,10,11,7,2,3,2,2,0,0,1,0,0,0,0,0,12.221202,51.401184
13,21,9,28,7,3,3,5,3,1,1,1,1,0,0,0,0,12.443229,51.29113
24,21,11,29,7,2,3,0,1,2,1,1,0,0,0,0,0,12.488639,50.736126
12,21,10,18,14,2,3,4,2,0,0,1,1,0,0,0,0,13.796355,51.049911
12,21,10,10,4,1,3,7,1,2,0,1,0,0,0,0,0,13.820872,51.005988
12,21,10,14,18,5,3,0,7,2,1,1,0,0,0,0,0,13.749808,51.112975
13,21,11,15,15,2,3,5,3,0,0,1,1,0,0,0,0,12.408661,51.359996
25,21,10,29,9,6,3,5,3,0,0,1,1,0,0,0,0,14.246677,51.440841
12,21,9,30,22,5,3,0,1,2,1,1,0,0,0,0,0,13.751352,51.042425
12,21,10,18,16,2,3,0,3,0,0,1,0,0,1,0,0,13.775375,51.069742
13,21,11,4,12,5,3,6,6,0,1,1,0,1,0,0,0,12.396062,51.306153
13,21,10,10,9,1,3,1,7,0,0,1,1,0,0,0,0,12.370657,51.33819
30,21,11,18,7,5,3,0,7,0,0,1,0,0,0,0,0,13.002413,51.558831
12,21,10,15,18,6,3,0,1,2,1,1,0,0,0,0,0,13.761497,51.025383
12,21,11,11,15,5,3,5,2,0,0,1,1,0,0,0,0,13.706172,51.016593
13,21,11,17,11,4,3,3,3,0,0,1,1,0,0,0,0,12.367381,51.287609
13,21,10,24,12,1,3,5,2,0,0,1,1,0,0,0,0,12.407593,51.351295
12,21,11,24,12,4,3,5,3,0,0,1,1,0,0,0,0,13.69066,51.090758
12,21,11,10,22,4,3,7,7,2,0,1,0,0,0,0,0,13.736955,51.049206
13,21,11,13,12,7,3,0,1,0,1,1,0,0,0,0,0,12.315411,51.355915
12,21,10,12,16,3,3,0,1,0,0,1,0,0,0,0,0,13.798971,50.993598
27,21,9,30,15,5,3,5,3,0,0,1,1,0,0,0,0,13.264687,51.31847
13,21,10,5,11,3,3,5,3,0,1,1,1,0,0,0,0,12.386633,51.335847
13,21,12,5,18,1,3,5,2,2,0,1,1,0,0,0,0,12.406011,51.335935
13,21,11,12,10,6,3,5,7,0,0,1,1,0,0,0,0,12.363526,51.36299
12,21,12,30,5,5,3,5,3,2,0,1,1,0,0,0,0,13.767597,51.042568
13,21,11,3,9,4,3,5,2,0,0,1,1,0,0,0,0,12.334036,51.319345
22,21,10,10,17,1,3,5,3,0,0,1,1,0,0,0,0,13.327831,50.918303
29,21,10,13,22,4,3,0,7,2,1,1,0,0,0,0,0,12.68849,51.432966
23,21,11,22,8,2,3,5,3,0,1,1,1,0,0,0,0,12.126066,50.512676
13,21,11,15,9,2,3,5,2,0,0,1,1,0,0,0,0,12.40735,51.340538
12,21,11,1,12,2,3,0,1,0,0,1,0,0,0,0,0,13.72324,51.049907
11,21,12,5,17,1,3,5,2,2,0,1,1,0,0,0,0,12.937622,50.828292
13,21,12,17,3,6,3,0,1,2,0,1,0,0,0,0,0,12.333882,51.319443
13,21,11,12,8,6,2,0,1,0,1,1,0,0,0,0,0,12.324371,51.320385
13,21,10,11,9,2,3,3,6,0,0,1,1,0,0,0,0,12.373416,51.320843
12,21,12,14,11,3,3,5,3,0,1,1,1,0,0,0,0,13.840946,51.004042
26,21,12,30,12,5,3,0,1,0,1,1,0,0,0,0,0,14.99036,51.159733
11,21,10,29,7,6,3,5,3,0,0,1,1,0,0,0,0,12.913403,50.828161
27,21,10,1,14,6,3,4,1,0,0,1,1,0,0,0,0,13.223558,51.251952
13,21,10,6,15,4,2,5,2,0,0,1,0,0,0,0,1,12.362807,51.367748
13,21,10,25,18,2,2,5,3,1,0,1,1,0,0,0,0,12.395072,51.323953
27,21,12,4,22,7,3,0,1,2,1,1,0,0,0,0,0,13.621868,51.114032
25,21,10,12,15,3,3,5,3,0,1,1,1,0,0,0,0,14.261899,51.441028
27,21,10,21,12,5,3,5,2,0,1,1,1,0,0,0,0,13.298638,51.30682
13,21,9,30,6,5,3,5,2,1,0,1,1,0,0,0,0,12.366848,51.333358
12,21,10,6,17,4,2,5,3,0,0,1,1,0,0,0,0,13.777711,51.044834
12,21,12,1,17,4,3,0,1,2,0,1,0,0,0,0,0,13.730622,51.05435
27,21,10,11,5,2,3,5,3,2,0,1,1,0,0,0,0,13.468002,51.156607
27,21,9,29,11,4,3,0,1,0,1,1,0,0,0,0,0,13.291631,51.302924
26,21,11,26,9,6,3,0,7,0,0,1,0,0,0,0,0,14.822288,51.295045
30,21,10,3,13,1,3,2,6,0,0,1,1,0,0,0,0,12.343351,51.524566
13,21,10,28,14,5,3,5,3,0,0,1,0,0,0,1,0,12.308338,51.274018
22,21,12,15,7,4,3,5,3,1,1,1,1,0,0,0,0,13.335531,50.910287
13,21,10,28,13,5,3,5,2,0,0,1,1,0,0,0,0,12.371242,51.389432
12,21,11,9,19,3,2,6,7,2,0,1,0,1,0,0,0,13.745637,51.060749
27,21,10,1,9,6,2,3,2,0,0,1,1,0,0,0,0,13.261376,51.318808
13,21,10,5,6,3,3,4,6,1,1,1,0,0,0,0,0,12.390279,51.344706
28,21,12,3,11,6,3,5,2,0,0,1,1,0,0,0,0,13.870706,50.968957
12,21,11,20,1,7,3,1,1,2,0,1,1,0,0,0,0,13.673231,51.082184
27,21,10,11,13,2,3,0,7,0,1,1,0,0,0,0,0,13.581225,51.123079
27,21,10,28,5,5,3,5,3,2,0,1,1,0,0,0,0,13.687884,51.091194
25,21,10,22,12,6,3,5,3,0,0,1,1,0,0,0,0,14.06594,51.373746
13,21,12,11,22,7,3,0,1,2,1,1,0,0,0,0,0,12.408244,51.340078
22,21,11,18,13,5,3,0,6,0,0,1,1,0,0,0,0,12.804139,50.921736
13,21,11,11,13,5,3,5,3,0,0,1,1,0,0,0,0,12.327287,51.315389
11,21,11,5,6,6,3,5,3,1,1,1,1,0,0,0,0,12.917126,50.82612
12,21,12,9,17,5,3,1,5,2,1,1,1,0,0,0,0,13.778266,51.042133
13,21,12,22,16,4,3,5,2,2,0,1,1,0,0,0,0,12.373688,51.332839
12,21,11,17,8,4,2,0,1,0,1,1,0,0,0,0,0,13.725368,51.046436
13,21,9,28,7,3,3,3,6,0,1,1,0,0,0,0,0,12.415325,51.345611
12,21,12,8,9,4,3,5,3,0,0,1,1,0,0,0,0,13.773569,51.048733
12,21,10,15,15,6,2,5,3,0,0,1,1,0,0,0,0,13.789961,51.036702
12,21,12,15,12,4,3,1,5,0,1,1,1,0,0,0,0,13.777858,51.054054
13,21,10,18,16,2,3,5,3,0,0,1,1,0,0,0,0,12.479399,51.350604
22,21,11,15,10,2,3,0,7,0,0,1,0,0,0,0,0,13.065767,50.860446
25,21,12,15,16,4,3,0,1,2,1,1,0,0,0,0,0,14.240719,51.432282
12,21,10,25,14,2,3,5,3,0,0,1,1,0,0,0,0,13.801212,51.022668
27,21,9,30,16,5,3,5,3,0,0,1,1,0,0,0,0,13.2697,51.319675
25,21,12,20,13,2,3,0,1,0,0,1,0,0,0,0,0,14.448923,51.176594
13,21,11,11,14,5,3,0,7,0,0,1,0,0,0,0,0,12.355535,51.338051
12,21,10,12,18,3,2,5,3,1,1,1,1,0,0,0,0,13.750181,51.046179
25,21,10,24,14,1,3,0,1,0,0,1,0,0,0,0,0,14.269761,51.442951
13,21,10,29,18,6,3,3,6,2,0,1,1,0,0,0,0,12.403188,51.345679
29,21,10,3,16,1,3,5,3,0,0,1,1,0,0,0,0,12.372731,51.268348
13,21,10,8,13,6,3,0,7,0,0,1,0,0,0,0,0,12.40696,51.338106
30,21,12,10,17,6,3,5,3,2,1,1,1,0,0,0,0,13.072621,51.237539
28,21,10,20,14,4,3,0,7,0,0,1,0,0,0,0,0,13.990949,50.950262
12,21,10,16,22,7,3,0,1,2,0,1,0,0,0,0,0,13.81964,51.011043
13,21,10,18,11,2,3,5,3,0,0,1,1,0,0,0,0,12.373157,51.324233
12,21,11,11,12,5,3,0,2,0,0,1,1,0,0,0,0,13.756589,51.055136
26,21,10,27,6,4,2,5,3,2,1,1,1,0,0,0,0,14.648003,51.075109
27,21,11,24,12,4,3,0,1,0,1,1,0,0,0,0,0,13.680017,51.10104
13,21,12,18,14,7,3,0,2,0,1,1,1,0,0,0,0,12.366442,51.366125
12,21,12,13,16,2,3,5,2,2,1,1,1,0,0,0,0,13.729413,51.076284
12,21,10,27,17,4,3,1,5,0,0,1,1,0,0,0,0,13.77174,51.057544
25,21,10,21,8,5,3,4,2,0,0,1,1,0,0,0,0,14.239804,51.435466
12,21,10,6,7,4,3,0,1,0,0,1,0,0,0,0,0,13.709551,51.03295
25,21,10,8,22,6,3,1,5,2,0,1,1,0,0,0,0,14.102648,51.44475
13,21,12,7,13,3,3,5,3,0,0,1,1,0,0,0,0,12.366352,51.336309
13,21,12,14,6,3,3,5,3,2,1,1,1,0,0,0,0,12.378992,51.359224
13,21,12,22,12,4,3,5,3,0,0,1,1,0,0,0,0,12.382061,51.332607
13,21,10,12,17,3,3,1,5,0,0,1,1,0,0,0,0,12.413479,51.345133
12,21,11,1,14,2,3,1,1,0,0,1,0,0,0,0,1,13.747469,51.070348
12,21,10,5,15,3,3,4,2,0,0,1,1,0,0,0,0,13.830983,51.009921
13,21,12,6,16,2,3,5,2,2,1,1,1,0,0,0,0,12.394688,51.376437
12,21,12,19,14,1,3,0,1,0,1,1,0,0,0,0,0,13.757294,51.049724
24,21,10,11,5,2,3,5,2,2,0,1,1,0,0,0,0,12.455362,50.83873
13,21,12,30,16,5,3,5,3,1,1,1,0,0,0,0,1,12.340488,51.337615
12,21,10,24,14,1,3,5,3,0,0,1,1,0,0,0,0,13.7252,51.050222
26,21,11,30,7,3,3,6,6,1,1,1,0,1,0,0,0,14.983394,51.163089
11,21,10,18,5,2,2,5,3,2,0,1,1,0,0,0,0,12.933054,50.827985
12,21,10,4,13,2,2,5,3,0,0,1,1,0,0,0,0,13.751509,51.047221
30,21,12,10,0,6,3,5,3,2,1,1,0,0,0,0,0,12.634902,51.45581
29,21,12,27,6,2,3,5,3,2,1,1,1,0,0,0,0,12.711588,51.35769
12,21,10,15,13,6,3,0,5,0,0,1,1,0,0,0,0,13.750586,51.068739
24,21,11,27,12,7,3,0,7,0,0,1,1,0,0,0,0,12.389508,50.806006
12,21,11,11,20,5,3,5,3,2,0,1,1,0,0,0,0,13.721059,51.029929
25,21,11,2,7,3,3,4,2,0,1,1,1,0,0,0,0,14.245412,51.43514
29,21,11,23,16,3,3,0,1,1,1,1,0,0,0,0,0,12.59166,51.282882
13,21,11,6,17,7,3,3,2,2,0,1,1,0,0,0,0,12.373648,51.333025
30,21,10,12,15,3,3,5,3,0,0,1,1,0,0,0,0,12.584229,51.601933
13,21,12,13,8,2,3,5,1,0,1,1,1,0,0,0,0,12.335971,51.341252
13,21,10,23,1,7,3,5,3,2,1,1,1,0,0,0,0,12.375667,51.308912
21,21,10,31,14,1,3,0,1,0,0,1,0,0,0,0,0,12.74912,50.742427
13,21,11,20,13,7,3,0,1,0,0,1,0,0,0,0,0,12.373428,51.329169
12,21,11,5,17,6,3,0,1,2,1,1,0,0,0,0,0,13.775221,51.033023
11,21,9,29,17,4,3,0,7,0,0,1,0,0,0,0,0,12.928757,50.819821
12,21,11,25,16,5,3,5,3,2,1,1,1,0,0,0,0,13.691532,51.051377
13,21,11,3,15,4,3,5,3,0,0,1,0,0,0,0,1,12.327481,51.335052
29,21,12,8,14,4,3,5,3,0,0,1,1,0,0,0,0,12.499116,51.131845
27,20,1,3,3,6,3,0,1,2,1,1,0,0,0,0,0,13.297864,51.305084
22,20,1,4,17,7,2,9,1,2,1,1,0,0,0,0,0,13.021175,51.05366
22,20,1,2,14,5,2,5,3,0,0,1,1,0,0,0,0,13.256515,50.773387
12,20,1,9,9,5,3,5,3,0,1,1,1,0,0,0,0,13.70344,51.088561
13,20,1,3,13,6,3,5,3,0,0,1,1,0,0,0,0,12.394182,51.336188
30,20,1,8,14,4,2,5,3,0,1,1,1,0,0,0,0,12.998463,51.55023
24,20,1,8,7,4,3,4,7,1,1,1,1,0,0,0,0,12.751645,50.86629
27,20,1,8,7,4,3,5,3,2,1,1,1,0,0,0,0,13.492535,51.167877
25,20,1,5,9,1,2,0,1,0,2,1,0,0,0,0,0,14.106615,51.273227
27,20,1,8,12,4,3,3,2,0,0,1,1,0,0,0,0,13.476571,51.30828
22,20,1,2,11,5,3,3,2,0,0,1,1,0,0,0,0,12.705545,50.933613
12,20,1,9,18,5,3,5,2,2,0,1,1,0,0,0,0,13.743035,51.028692
12,20,1,4,17,7,2,0,7,2,1,1,0,0,0,0,0,13.784393,51.009253
25,20,1,3,16,6,3,5,3,0,1,1,1,0,0,0,0,14.049118,51.156893
28,20,1,2,8,5,3,5,3,0,1,1,1,0,0,0,0,14.198851,51.065557
12,20,1,2,8,5,3,5,3,0,0,1,1,0,0,0,0,13.705101,51.044441
24,20,1,8,7,4,3,5,3,1,1,1,1,0,0,0,0,12.503001,50.765285
27,20,1,2,17,5,2,2,6,2,0,1,1,0,0,0,0,13.327584,51.259823
28,20,1,2,15,5,2,5,3,0,0,1,1,0,0,0,0,13.927995,50.942994
11,20,1,4,17,7,2,5,3,2,1,1,1,0,0,0,0,12.924782,50.832521
29,20,1,8,11,4,2,5,3,0,1,1,1,0,0,0,0,12.247893,51.167934
26,20,1,2,14,5,2,4,6,0,1,1,0,0,0,0,0,14.962337,51.140358
29,20,1,4,15,7,2,5,3,0,1,1,1,0,0,0,0,12.723786,51.235635
21,20,1,9,5,5,3,5,3,2,1,1,1,0,0,0,0,12.600828,50.492936
22,20,1,27,15,2,3,0,3,0,1,1,0,0,0,0,1,13.032484,50.908104
27,20,1,27,6,2,3,0,1,2,2,1,0,0,0,0,0,13.483126,51.168481
12,20,1,26,19,1,3,5,3,2,0,1,1,0,0,0,0,13.723733,51.045395
26,20,1,25,17,7,3,5,3,1,1,1,1,0,0,0,0,14.765315,50.869888
26,20,1,24,19,6,3,4,2,2,0,1,1,0,0,0,0,14.626145,51.506797
25,20,1,24,14,6,3,6,6,0,0,1,0,1,0,0,0,14.246051,51.149746
13,20,1,23,16,5,2,6,6,0,0,1,0,1,0,0,0,12.380858,51.34352
13,20,1,23,18,5,3,5,3,2,0,1,1,0,0,0,0,12.376523,51.314942
13,20,1,23,17,5,3,5,2,2,0,1,1,0,0,0,0,12.331912,51.33591
12,20,1,23,13,5,3,7,7,0,0,1,0,0,0,0,0,13.726304,51.058934
13,20,1,22,9,4,3,5,3,0,1,1,1,0,0,0,0,12.33634,51.335422
12,20,1,22,12,4,3,3,6,0,0,1,0,0,0,0,0,13.731802,51.029633
12,20,1,22,7,4,3,5,3,2,1,1,1,0,0,0,0,13.791059,51.121509
24,20,1,21,6,3,3,5,3,2,0,1,1,0,0,0,0,12.474605,50.71168
30,20,1,21,6,3,3,5,3,2,2,1,1,0,0,0,0,12.621676,51.457868
30,20,1,21,17,3,2,5,3,1,0,1,1,0,0,0,0,12.663701,51.467276
29,20,1,21,11,3,2,4,2,0,0,1,1,0,0,0,0,12.610516,51.336668
28,20,1,21,14,3,3,5,2,0,0,1,1,0,0,0,0,13.629521,51.026201
26,20,1,20,9,2,3,5,3,0,0,1,1,0,0,0,0,14.71804,51.515928
28,20,1,20,10,2,3,0,1,0,1,1,0,0,0,0,0,13.65107,51.001285
12,20,1,20,6,2,3,5,3,2,1,1,1,0,0,0,0,13.712,51.025544
12,20,1,20,18,2,2,6,6,2,0,1,0,1,0,0,0,13.860553,51.043284
21,20,1,20,15,2,3,5,3,0,1,1,1,0,0,0,0,12.765417,50.583551
25,20,1,27,6,2,3,3,6,1,2,1,1,0,0,0,0,14.401686,51.179842
29,20,1,18,15,7,3,4,2,0,0,1,1,0,0,0,0,12.223751,51.304385
12,20,1,18,8,7,3,5,3,0,0,1,1,0,0,0,0,13.689678,51.069437
13,20,1,17,9,6,3,3,2,0,1,1,0,0,0,1,0,12.405926,51.313915
12,20,1,17,7,6,3,0,1,1,2,1,0,0,0,0,0,13.709393,51.057163
12,20,1,17,23,6,3,0,1,2,1,1,0,0,0,0,0,13.707671,51.020784
12,20,1,17,11,6,2,5,3,0,0,1,1,0,0,0,0,13.724873,51.056167
24,20,1,16,7,5,3,4,2,2,0,1,1,0,0,0,0,12.758157,50.808081
12,20,1,27,6,2,3,2,6,2,1,1,1,0,0,0,0,13.706118,51.04528
26,20,1,16,13,5,2,5,3,0,0,1,1,0,0,0,0,14.988426,51.157398
25,20,1,16,12,5,3,4,2,0,0,1,1,0,0,0,0,14.429517,51.180981
24,20,1,15,13,4,3,5,3,0,0,1,1,0,0,0,0,12.481191,50.7318
13,20,1,15,7,4,2,5,3,1,0,1,1,0,0,0,0,12.371538,51.314713
28,20,1,15,11,4,2,2,6,0,0,1,1,0,0,0,0,13.556949,50.876483
26,20,1,14,15,3,2,0,7,0,0,1,0,0,0,0,0,14.785537,51.394868
12,20,1,14,7,3,3,6,4,0,0,1,0,1,0,0,0,13.726091,51.057065
30,20,1,13,13,2,3,3,6,0,0,1,1,0,0,0,0,12.431171,51.548458
25,20,1,13,14,2,3,8,3,0,0,1,1,0,0,0,0,14.103363,51.279181
12,20,1,13,18,2,3,2,6,2,0,1,1,0,0,0,0,13.723175,51.089888
30,20,1,12,15,1,3,8,6,0,0,1,1,0,0,0,0,12.894514,51.633292
12,20,1,12,14,1,2,0,1,0,0,1,0,0,0,0,0,13.797789,51.141205
11,20,1,11,6,7,3,2,2,2,1,1,1,0,0,0,0,12.875973,50.788584
29,20,1,10,12,6,3,5,3,0,0,1,1,0,0,0,0,12.542104,51.354041
12,20,1,10,9,6,3,0,1,0,1,1,0,0,0,0,0,13.718518,51.039267
26,20,1,9,13,5,2,0,1,0,1,1,0,0,0,0,0,14.62986,51.506359
12,20,2,2,18,1,3,5,3,2,1,1,0,0,0,0,0,13.737444,51.029055
28,20,2,6,6,5,2,5,3,2,0,1,0,0,0,0,1,13.896783,50.958439
13,20,2,21,15,6,3,5,3,0,0,1,1,0,0,0,0,12.37637,51.39164
29,20,2,25,8,3,2,5,3,0,0,1,0,0,0,0,0,12.412525,51.198301
12,20,2,11,19,3,3,5,3,2,1,1,1,0,0,0,0,13.738492,51.044226
30,20,2,13,18,5,3,5,2,2,1,1,1,0,0,0,0,12.981969,51.559989
13,20,2,8,13,7,3,5,2,0,0,1,1,0,0,0,0,12.395698,51.331837
26,20,2,1,13,7,2,5,3,0,0,1,1,0,0,0,0,14.822258,50.901554
25,20,2,26,5,4,3,5,3,0,0,1,1,0,0,0,0,14.309922,51.095432
22,20,2,9,9,1,2,0,7,0,1,1,0,0,0,0,0,12.754683,50.951731
25,20,2,1,15,7,3,5,3,0,0,1,1,0,0,0,0,14.014478,51.182048
12,20,2,28,7,6,2,5,3,0,1,1,1,0,0,0,0,13.706999,51.041405
27,20,2,11,16,3,3,5,3,0,1,1,1,0,0,0,0,13.479866,51.16356
22,20,2,1,15,7,3,3,2,0,1,1,1,0,0,0,0,13.343969,50.890259
25,20,2,7,12,6,3,8,7,0,1,1,0,0,0,0,0,14.480218,51.286815
12,20,2,28,7,6,3,3,6,0,0,1,0,0,0,1,0,13.723326,51.074324
22,20,2,7,7,6,3,5,3,2,1,1,1,0,0,0,0,13.100786,51.123658
25,20,1,31,13,6,3,0,1,0,0,1,0,0,0,0,0,14.451598,51.178838
13,20,2,25,9,3,3,3,6,0,1,1,1,0,0,0,0,12.357754,51.341823
22,20,2,28,12,6,3,4,2,0,1,1,1,0,0,0,0,13.337285,50.914066
27,20,1,31,12,6,3,8,1,0,0,1,0,0,0,0,0,13.271235,51.196661
28,20,1,31,7,6,3,5,3,1,1,1,1,0,0,0,0,13.938417,50.953316
13,20,2,20,16,5,3,2,2,0,0,1,1,0,0,0,0,12.406044,51.313917
12,20,2,18,4,3,3,0,1,2,1,1,0,0,0,0,0,13.751916,51.062979
21,20,2,25,14,3,3,5,3,0,0,1,1,0,0,0,0,12.79035,50.546335
25,20,2,14,10,6,3,5,3,0,0,1,1,0,0,0,0,14.09401,51.294279
25,20,2,11,19,3,2,0,1,1,1,1,0,0,0,0,0,14.236104,51.424532
29,20,2,19,16,4,2,5,3,0,1,1,1,0,0,0,0,12.55621,51.061212
12,20,2,14,15,6,3,5,3,0,1,1,1,0,0,0,0,13.716187,51.07778
12,20,2,25,16,3,3,5,3,0,1,1,1,0,0,0,0,13.734347,51.040152
23,20,1,30,19,5,2,0,7,2,0,1,0,0,0,0,0,12.380488,50.481911
30,20,2,26,15,4,2,5,3,0,1,1,1,0,0,0,0,12.994738,51.370053
26,20,2,22,14,7,3,1,5,0,0,1,1,0,0,0,0,14.717059,51.54949
26,20,2,21,16,6,3,0,1,0,0,1,0,0,0,0,0,14.618666,50.932901
12,20,2,5,16,4,3,5,2,0,0,1,1,0,0,0,0,13.734484,51.061616
12,20,2,27,7,5,3,5,2,0,0,1,1,0,0,0,0,13.739866,51.064525
25,20,2,14,8,6,2,5,3,0,0,1,1,0,0,0,0,14.103881,51.107454
25,20,2,9,14,1,3,5,3,0,0,1,1,0,0,0,0,13.832663,51.187537
13,20,2,4,13,3,3,4,2,0,0,1,1,0,0,0,0,12.331917,51.335911
24,20,2,20,19,5,3,2,2,2,0,1,1,0,0,0,0,12.512429,50.677229
28,20,2,25,15,3,3,5,3,0,0,1,1,0,0,0,0,13.936329,50.957869
29,20,1,29,18,4,2,5,2,2,1,1,1,0,0,0,0,12.648611,51.141279
22,20,2,18,16,3,3,0,7,0,1,1,0,0,0,0,0,13.356444,50.911714
28,20,2,26,16,4,3,5,3,0,0,1,1,0,0,0,0,13.934662,50.968477
12,20,2,15,6,7,2,5,3,1,0,1,1,0,0,0,0,13.716483,51.077624
12,20,2,22,9,7,3,3,1,0,0,1,1,0,0,0,0,13.882388,51.060557
29,20,1,29,5,4,3,5,3,2,0,1,1,0,0,0,0,12.364413,51.180688
25,20,2,24,15,2,3,3,2,0,0,1,0,0,0,0,0,13.825386,51.176378
11,20,2,10,15,2,3,5,3,0,0,1,1,0,0,0,0,12.929182,50.85151
29,20,1,29,16,4,3,0,7,0,0,1,0,0,0,0,0,12.61526,51.331961
12,20,2,28,12,6,3,5,2,0,1,1,0,0,0,0,1,13.76012,51.023307