CSV=`UKREIS,UJAHR,UMONAT,UTAG,USTUNDE,UWOCHENTAG,UKATEGORIE,UART,UTYP,LICHT,USTRZUSTAND,IstRad,IstPKW,IstFuss,IstKrad,IstGkfz,IstSonstig,@lon,@lat
27,20,1,29,21,4,3,5,2,2,1,1,1,0,0,0,0,13.580153,51.124749
27,20,1,29,7,4,3,5,2,1,0,1,1,0,0,0,0,13.520694,51.284553
23,20,2,6,15,5,3,5,2,0,0,1,1,0,0,0,0,12.359471,50.673036
12,20,2,4,18,3,3,5,3,2,1,1,1,0,0,0,0,13.716479,51.077626
25,20,2,20,6,5,3,5,3,1,0,1,1,0,0,0,0,14.021141,51.145515
13,20,2,3,7,2,3,5,3,2,1,1,1,0,0,0,0,12.439141,51.294835
26,20,2,14,13,6,3,5,3,0,1,1,1,0,0,0,0,14.984964,51.130119
21,20,4,17,15,6,2,6,4,0,0,1,0,1,0,0,0,13.189445,50.77147
12,20,4,23,13,5,3,0,1,0,0,1,0,0,0,0,0,13.701262,51.091304
27,20,4,13,8,2,3,5,3,0,1,1,1,0,0,0,0,13.45255,51.195056
12,20,4,21,14,3,2,0,1,0,0,1,0,0,0,0,1,13.826567,51.062265
29,20,3,17,15,3,2,5,2,0,0,1,1,0,0,0,0,12.757559,51.412499
12,20,4,11,15,7,3,4,6,0,0,1,0,0,0,0,1,13.585218,51.045474
26,20,3,12,7,5,2,8,1,0,0,1,0,0,0,0,0,14.662193,51.532607
12,20,3,27,17,6,3,5,3,0,0,1,1,0,0,0,0,13.682598,51.061827
22,20,4,12,21,1,3,5,3,2,0,1,1,0,0,0,0,13.086865,51.08987
29,20,3,27,15,6,3,5,3,0,0,1,1,0,0,0,0,12.492646,51.124687
21,20,4,19,17,1,3,0,1,0,0,1,0,0,0,0,0,12.894964,50.669896
27,20,4,24,18,6,3,5,3,0,0,1,0,0,0,0,1,13.276254,51.324922
26,20,4,16,14,5,3,3,2,0,0,1,1,0,0,0,0,14.960734,51.139737
23,20,4,10,22,6,2,8,1,2,0,1,0,0,0,0,0,12.229594,50.508009
24,20,3,26,13,5,3,1,6,0,0,1,1,0,0,0,0,12.59923,50.663352
28,20,3,3,14,3,3,5,3,0,1,1,0,0,0,1,0,13.93447,50.967434
13,20,3,13,16,6,2,5,3,0,0,1,1,0,0,0,0,12.445681,51.350651
27,20,3,22,6,1,3,5,2,1,0,1,1,0,0,0,0,13.534487,51.296134
27,20,3,3,5,3,3,5,3,0,0,1,1,0,0,0,0,13.483085,51.168497
13,20,3,11,7,4,3,5,3,0,1,1,1,0,0,0,0,12.285801,51.330931
12,20,4,20,17,2,3,5,2,0,0,1,1,0,0,0,0,13.733081,51.076443
28,20,4,3,7,6,3,5,2,0,0,1,1,0,0,0,0,13.697107,50.984891
12,20,3,18,14,4,3,5,2,0,0,1,1,0,0,0,0,13.886155,51.062003
25,20,3,11,13,4,3,5,3,0,0,1,1,0,0,0,0,14.440419,51.122066
28,20,4,21,7,3,3,4,2,0,0,1,1,0,0,0,0,13.931217,50.957387
24,20,4,8,15,4,3,2,5,0,0,1,1,0,0,0,0,12.415904,50.696652
13,20,4,9,14,5,3,5,3,0,0,1,0,0,0,1,0,12.480477,51.323426
27,20,3,11,19,4,3,1,7,2,0,1,1,0,0,0,0,13.538851,51.234721
29,20,4,12,18,1,3,5,3,0,0,1,1,0,0,0,0,12.803882,51.130481
12,20,3,3,14,3,3,1,5,0,1,1,1,0,0,0,0,13.726902,51.059512
12,20,3,20,17,6,3,5,3,0,1,1,1,0,0,0,0,13.728966,51.059322
13,20,4,16,15,5,3,5,2,0,0,1,1,0,0,0,0,12.390019,51.34656
21,20,4,23,13,5,2,8,7,0,0,1,0,0,0,0,0,13.06248,50.739741
22,20,4,2,16,5,2,3,6,0,0,1,1,0,0,0,0,12.954673,51.110044
30,20,3,10,10,3,2,5,2,0,1,1,1,0,0,0,0,13.107984,51.299872
29,20,3,17,17,3,3,0,7,0,0,1,0,0,0,0,0,12.499401,51.12623
12,20,4,8,9,4,2,5,3,0,0,1,1,0,0,0,0,13.799557,51.143972
13,20,3,10,1,3,2,6,6,2,0,1,0,1,0,0,0,12.343587,51.338909
28,20,4,16,13,5,3,0,7,0,0,1,0,0,0,0,0,14.034317,50.954237
24,20,3,16,16,2,3,5,2,0,0,1,1,0,0,0,0,12.587268,50.679193
26,20,4,16,18,5,3,5,3,0,0,1,0,0,0,0,0,14.63255,50.996452
24,20,4,22,11,4,3,5,3,0,0,1,1,0,0,0,0,12.761106,50.861072
28,20,3,10,13,3,2,5,3,0,0,1,1,0,0,0,0,13.913804,50.95669
28,20,3,14,14,7,3,3,6,0,0,1,1,0,0,0,0,13.674364,50.895895
24,20,3,2,15,2,3,5,2,0,0,1,1,0,0,0,0,12.495718,50.728273
24,20,4,17,14,6,2,3,3,0,0,1,1,0,0,0,0,12.468111,50.722688
12,20,3,31,11,3,2,5,3,0,0,1,1,0,0,0,0,13.738697,51.04438
12,20,3,10,19,3,3,5,2,2,1,1,1,0,0,0,0,13.727731,51.084714
21,20,4,10,16,6,2,2,1,0,0,1,1,0,0,0,0,13.046515,50.755121
25,20,3,13,6,6,3,5,3,0,0,1,1,0,0,0,0,14.441206,51.180508
27,20,3,13,15,6,2,5,3,0,0,1,1,0,0,0,0,13.508101,51.113574
25,20,4,23,11,5,3,3,2,0,0,1,1,0,0,0,0,14.387695,51.053992
25,20,4,3,12,6,3,3,2,0,0,1,1,0,0,0,0,14.042169,51.171866
25,20,4,21,11,3,3,4,2,0,0,1,1,0,0,0,0,14.253005,51.439189
11,20,3,16,15,2,3,0,7,0,0,1,0,0,0,0,0,12.919133,50.829898
21,20,4,9,15,5,3,0,6,0,0,1,1,0,0,0,0,12.784603,50.534749
22,20,3,25,10,4,3,0,3,0,0,1,0,0,0,0,1,13.080036,50.845876
28,20,3,13,13,6,3,5,3,0,0,1,1,0,0,0,0,13.705671,50.97767
30,20,3,9,13,2,3,0,6,0,0,1,0,0,0,0,1,13.146821,51.38555
28,20,4,12,10,1,2,0,1,0,0,1,0,0,0,0,0,13.585136,50.944701
12,20,4,21,15,3,3,1,5,0,0,1,1,0,0,0,0,13.774411,51.111986
23,20,4,6,19,2,2,3,6,0,0,1,0,0,1,0,0,12.10603,50.533571
27,20,4,11,14,7,3,0,7,0,1,1,0,0,0,0,1,13.300609,51.05722
27,20,3,9,6,2,3,5,2,1,0,1,1,0,0,0,0,13.541943,51.147104
22,20,4,19,18,1,3,5,3,0,0,1,1,0,0,0,0,13.128733,51.127926
22,20,3,9,9,2,3,5,3,0,1,1,1,0,0,0,0,13.107652,51.122952
26,20,4,18,16,7,3,0,7,0,0,1,0,0,0,0,0,14.980217,51.117747
26,20,3,2,17,2,2,5,3,1,0,1,1,0,0,0,0,14.739791,51.092658
29,20,4,21,17,3,3,4,2,0,0,1,1,0,0,0,0,12.224931,51.305414
25,20,3,19,16,5,2,5,3,0,0,1,1,0,0,0,0,14.592631,51.227408
22,20,3,8,16,1,2,5,3,0,0,1,1,0,0,0,0,13.031775,50.915886
12,20,4,10,16,6,3,0,3,0,0,1,1,0,0,0,0,13.65007,51.083375
12,20,4,20,7,2,3,5,2,0,0,1,1,0,0,0,0,13.67814,51.049352
25,20,3,7,17,7,2,5,3,1,0,1,1,0,0,0,0,14.10301,51.278802
27,20,3,2,17,2,3,5,3,0,0,1,1,0,0,0,0,13.580962,51.12978
12,20,3,13,9,6,3,5,3,0,0,1,1,0,0,0,0,13.705103,51.044442
28,20,4,23,15,5,2,3,6,0,0,1,1,0,0,0,0,14.170504,50.931284
12,20,3,7,13,7,3,3,6,0,0,1,1,0,0,0,0,13.737538,51.087238
30,20,3,13,15,6,1,2,6,0,0,1,0,0,0,1,0,12.981903,51.554218
22,20,4,7,19,3,3,5,3,0,0,1,1,0,0,0,0,13.114287,51.129695
27,20,3,2,21,2,2,8,1,2,0,1,0,0,0,0,0,13.288828,51.061118
12,20,3,13,7,6,2,5,3,0,0,1,1,0,0,0,0,13.735791,51.072644
12,20,4,23,10,5,3,0,7,0,0,1,0,0,0,0,0,13.872146,51.046569
30,20,4,12,19,1,3,5,3,0,0,1,0,0,0,0,0,12.997996,51.547192
13,20,4,6,13,2,3,5,3,0,0,1,1,0,0,0,0,12.401598,51.32434
27,20,3,2,17,2,3,0,6,0,0,1,0,0,0,1,0,13.697085,51.116601
29,20,3,6,18,6,3,5,5,0,1,1,1,0,0,0,0,12.222963,51.303655
12,20,4,8,19,4,3,0,1,0,0,1,0,0,0,0,0,13.700304,51.016106
25,20,3,6,9,6,3,4,2,0,1,1,1,0,0,0,0,14.419965,51.179555
27,20,4,18,21,7,2,0,7,2,0,1,0,0,0,0,0,13.476422,51.308388
12,20,4,6,9,2,3,5,3,0,0,1,1,0,0,0,0,13.66485,51.03132
22,20,3,2,9,2,2,5,3,0,1,1,0,0,0,1,0,13.349438,50.906735
25,20,3,19,14,5,2,3,6,0,0,1,1,0,0,0,0,13.965261,51.347719
11,20,3,17,10,3,3,3,2,0,0,1,0,0,0,1,0,12.926593,50.833859
24,20,3,1,18,1,3,3,2,1,0,1,1,0,0,0,0,12.487662,50.737819
12,20,4,11,16,7,3,5,3,0,0,1,1,0,0,0,0,13.690103,51.072734
12,20,3,23,15,2,3,3,6,0,0,1,0,0,0,0,1,13.739292,51.068349
13,20,4,15,9,4,3,3,6,0,0,1,1,0,0,0,0,12.38286,51.314923
12,20,4,22,14,4,3,3,6,0,0,1,1,0,0,0,0,13.776312,51.110834
25,20,3,16,17,2,3,3,6,2,0,1,0,0,0,0,1,13.985167,51.191873
12,20,4,20,7,2,3,6,4,0,0,1,0,1,0,0,0,13.763639,51.087024
12,20,4,7,12,3,3,0,1,0,0,1,0,0,0,0,0,13.701489,51.091148
21,20,3,1,9,1,3,2,6,0,0,1,0,0,0,0,0,12.916692,50.734667
28,20,3,21,16,7,3,3,7,0,0,1,1,0,0,0,0,13.78226,50.851802
27,20,4,23,19,5,2,0,1,1,0,1,0,0,0,0,0,13.69495,51.09583
28,20,4,17,8,6,3,0,1,0,0,1,0,0,0,0,0,13.953789,51.015503
30,20,3,5,15,5,3,5,3,0,0,1,1,0,0,0,0,12.490311,51.378373
25,20,3,18,16,4,3,0,1,0,0,1,0,0,0,0,0,13.985327,51.090997
12,20,3,16,17,2,3,5,2,0,0,1,1,0,0,0,0,13.719767,51.094133
21,20,3,18,9,4,3,4,2,0,0,1,1,0,0,0,0,12.649216,50.595099
25,20,3,5,7,5,3,5,3,0,0,1,1,0,0,0,0,14.101634,51.276392
29,20,3,14,13,7,2,0,6,0,0,1,1,0,0,0,0,12.49934,51.265019
23,20,4,5,11,1,3,0,1,0,0,1,0,0,0,0,0,12.128829,50.491657
11,20,3,5,11,5,3,3,6,0,0,1,0,0,0,1,0,12.833495,50.825057
28,20,4,6,18,2,2,8,1,0,0,1,0,0,0,0,0,13.991099,51.035445
11,20,2,29,13,7,3,5,3,0,0,1,1,0,0,0,0,12.754859,50.821566
26,20,4,16,15,5,3,3,2,0,0,1,1,0,0,0,0,14.580521,51.007634
13,20,4,18,14,7,3,5,2,0,0,1,1,0,0,0,0,12.391806,51.346437
23,20,4,23,16,5,3,5,3,0,0,1,1,0,0,0,0,12.3378,50.593651
26,20,3,4,19,4,3,5,3,2,0,1,1,0,0,0,0,14.83296,51.291979
30,20,4,9,14,5,3,0,7,0,0,1,0,0,0,0,0,12.646113,51.463414
13,20,3,25,11,4,3,4,2,0,0,1,1,0,0,0,0,12.324009,51.380303
30,20,3,16,7,2,3,0,2,0,0,1,1,0,0,0,0,12.999753,51.554601
25,20,4,10,16,6,3,3,6,0,0,1,0,0,0,0,0,14.238686,51.149704
28,20,3,4,10,4,3,5,3,0,0,1,1,0,0,0,0,13.940608,50.951284
25,20,4,7,19,3,3,5,3,0,0,1,1,0,0,0,0,14.270107,51.158628
27,20,3,4,16,4,3,0,1,0,0,1,0,0,0,0,0,13.681829,51.102065
12,20,3,4,17,4,3,0,2,0,0,1,1,0,0,0,0,13.76012,51.023307
25,20,4,21,16,3,3,4,2,0,0,1,0,0,0,0,0,14.4068,51.384862
13,20,3,13,16,6,3,0,7,0,0,1,0,0,0,0,0,12.443933,51.360029
23,20,3,15,14,1,3,8,1,0,0,1,0,0,0,0,0,11.998492,50.623229
12,20,3,4,16,4,3,5,2,0,0,1,1,0,0,0,0,13.74345,51.064515
22,20,4,20,15,2,2,5,3,0,0,1,1,0,0,0,0,12.783482,50.965947
11,20,4,7,9,3,2,0,7,0,0,1,1,0,0,0,0,12.867298,50.881088
12,20,3,4,10,4,3,5,3,0,0,1,1,0,0,0,0,13.716658,51.037811
28,20,3,20,9,6,3,5,3,0,1,1,1,0,0,0,0,13.875056,50.967417
26,20,5,29,15,6,3,5,3,0,0,1,1,0,0,0,0,14.711718,51.312056
28,20,6,6,15,7,3,5,2,0,0,1,1,0,0,0,0,13.685927,51.002983
13,20,5,30,22,7,3,0,1,2,0,1,0,0,0,0,0,12.422412,51.351713
28,20,6,4,12,5,3,5,3,0,0,1,1,0,0,0,0,13.651826,51.001767
23,20,6,2,14,3,3,4,6,0,0,1,0,0,0,0,0,12.131056,50.500792
25,20,6,5,14,6,3,3,2,0,0,1,1,0,0,0,0,14.346784,51.09836
27,20,5,21,18,5,2,3,6,0,0,1,0,0,0,0,0,13.346811,51.237558
13,20,5,26,8,3,3,5,3,0,0,1,1,0,0,0,0,12.376838,51.344229
26,20,5,10,16,1,3,2,6,0,1,1,0,0,0,0,0,14.994273,51.150055
27,20,5,10,13,1,3,2,6,0,0,1,0,0,0,0,0,13.304164,51.057836
21,20,5,13,10,4,3,3,6,0,0,1,1,0,0,0,0,13.065594,50.761295
22,20,5,10,17,1,3,0,1,0,1,1,0,0,0,0,0,13.037946,50.97851
12,20,6,1,15,2,3,3,6,0,0,1,0,0,0,0,0,13.79898,50.998942
27,20,5,13,17,4,3,4,2,0,0,1,1,0,0,0,0,13.502258,51.158172
22,20,6,5,4,6,2,0,1,2,0,1,0,0,0,0,0,13.441771,50.664998
13,20,6,10,14,4,3,1,6,0,1,1,0,0,0,0,0,12.347264,51.339703
27,20,5,9,15,7,3,5,3,0,0,1,1,0,0,0,0,13.582287,51.124278
25,20,6,3,16,4,2,8,3,0,0,1,0,0,0,0,1,13.827315,51.181616
12,20,5,15,16,6,2,5,2,0,0,1,1,0,0,0,0,13.719232,51.095735
12,20,5,9,23,7,3,0,1,2,0,1,0,0,0,0,0,13.766865,51.094333
11,20,5,21,16,5,3,0,1,0,0,1,0,0,0,0,0,12.956564,50.864342
22,20,6,1,11,2,2,0,7,0,0,1,0,0,0,0,0,13.366811,50.970522
12,20,6,10,19,4,3,0,7,0,0,1,0,0,0,0,0,13.734962,51.061881
13,20,5,25,15,2,3,5,2,0,0,1,1,0,0,0,0,12.451346,51.363705
27,20,6,8,13,2,3,0,7,0,0,1,0,0,0,0,0,13.566413,51.161979
23,20,5,22,15,6,3,9,6,0,0,1,0,0,0,0,1,12.147121,50.462449
12,20,6,3,19,4,3,0,1,0,0,1,0,0,0,0,0,13.706948,51.084537
23,20,5,14,10,5,3,5,3,0,0,1,1,0,0,0,0,12.100498,50.535831
28,20,5,27,7,4,3,0,1,0,0,1,0,0,0,0,0,13.584762,50.983492
26,20,5,18,14,2,1,0,7,0,0,1,0,0,0,0,0,14.809455,51.259856
30,20,5,20,14,4,3,1,3,0,0,1,1,0,0,0,0,13.184631,51.391437
24,20,5,8,13,6,2,4,6,0,0,1,1,0,0,0,0,12.759747,50.80553
30,20,5,8,9,6,3,6,7,0,0,1,0,0,0,0,1,12.998084,51.546344
28,20,5,29,6,6,3,5,3,0,0,1,0,0,0,0,1,13.924253,50.937936
12,20,6,8,10,2,3,0,7,0,0,1,0,0,0,0,0,13.703561,51.034593
13,20,5,8,15,6,2,5,2,0,0,1,1,0,0,0,0,12.336343,51.335421
26,20,5,22,10,6,3,5,3,0,0,1,1,0,0,0,0,14.702012,50.907355
12,20,5,14,13,5,3,5,3,0,0,1,1,0,0,0,0,13.753697,51.07468
13,20,6,5,12,6,3,5,2,0,0,1,1,0,0,0,0,12.39131,51.346402
26,20,5,8,15,6,2,8,1,0,0,1,0,0,0,0,1,14.982173,51.121151
25,20,5,21,15,5,2,9,1,0,0,1,0,0,0,0,0,13.899474,51.278021
25,20,5,8,12,6,3,5,3,0,0,1,1,0,0,0,0,14.49487,51.176812
12,20,6,6,16,7,3,5,3,0,0,1,1,0,0,0,0,13.705009,51.036713
12,20,5,18,17,2,3,5,3,0,0,1,1,0,0,0,0,13.7366,51.063664
25,20,5,20,7,4,2,0,1,0,1,1,0,0,0,0,0,13.916231,51.11662
27,20,5,8,17,6,3,0,1,0,0,1,0,0,0,0,0,13.694666,51.096035
25,20,6,9,13,3,3,0,3,0,0,1,1,0,0,0,0,14.106598,51.281874
12,20,5,8,13,6,3,0,1,0,0,1,0,0,0,0,0,13.736429,51.042322
12,20,6,8,9,2,3,5,3,0,0,1,1,0,0,0,0,13.772557,51.10733
11,20,6,3,17,4,3,5,3,0,0,1,1,0,0,0,0,12.912364,50.828066
21,20,5,8,18,6,3,3,2,0,0,1,1,0,0,0,0,12.973014,50.492796
12,20,6,5,16,6,3,5,3,0,0,1,1,0,0,0,0,13.802662,50.987788
27,20,5,21,17,5,3,0,1,0,0,1,0,0,0,0,0,13.57164,51.142825
28,20,6,1,17,2,3,0,1,0,0,1,0,0,0,0,0,13.948489,50.876117
23,20,6,10,9,4,2,0,7,0,1,1,0,0,0,0,0,12.396175,50.495241
12,20,5,18,6,2,3,5,2,0,0,1,0,0,0,1,0,13.828771,51.058545
27,20,5,7,17,5,3,5,3,0,0,1,0,0,0,0,0,13.293563,51.292533
13,20,6,2,7,3,3,5,2,0,0,1,0,0,0,0,1,12.35768,51.341811
11,20,5,28,13,5,3,0,3,0,0,1,0,0,0,0,1,12.912498,50.827932
28,20,5,7,17,5,3,0,1,0,0,1,0,0,0,0,0,13.683306,51.003063
12,20,5,21,17,5,3,0,1,0,0,1,0,0,0,0,0,13.738555,51.068546
27,20,5,26,19,3,3,0,2,0,0,1,0,0,0,1,0,13.657649,51.105574
11,20,5,18,16,2,3,5,3,0,0,1,1,0,0,0,0,12.899389,50.770801
12,20,5,7,20,5,3,5,3,0,0,1,0,0,0,0,1,13.722188,51.054074
27,20,5,27,1,4,3,0,7,2,0,1,0,0,0,0,0,13.571862,51.14256
25,20,6,2,13,3,3,0,1,0,1,1,0,0,0,0,0,14.252972,51.439119
21,20,5,13,13,4,3,5,3,0,0,1,1,0,0,0,0,12.781108,50.548792
21,20,6,1,16,2,2,0,1,0,0,1,0,0,0,0,0,12.721242,50.721397
21,20,5,26,18,3,2,8,1,0,0,1,0,0,0,0,0,13.179796,50.644756
25,20,5,20,17,4,3,5,3,0,0,1,1,0,0,0,0,14.397761,51.179681
27,20,6,3,14,4,3,5,2,0,0,1,1,0,0,0,0,13.432178,51.073178
26,20,5,28,17,5,3,8,1,0,1,1,0,0,0,0,0,14.625456,51.506874
25,20,5,6,13,4,3,2,2,0,0,1,1,0,0,0,0,14.011132,51.181465
30,20,5,21,16,5,3,5,2,0,0,1,0,0,1,0,0,12.695031,51.533307
12,20,5,12,6,3,2,0,2,0,0,1,1,0,0,0,0,13.681479,51.035987
29,20,5,20,18,4,2,5,3,0,0,1,1,0,0,0,0,12.542926,51.164401
29,20,6,9,9,3,3,5,3,0,0,1,1,0,0,0,0,12.542104,51.354041
22,20,5,6,18,4,3,0,1,0,0,1,0,0,0,0,0,13.141558,51.121173
25,20,5,20,7,4,2,5,3,0,0,1,1,0,0,0,0,14.445261,51.176209
12,20,6,8,10,2,3,0,1,0,0,1,0,0,0,0,0,13.709396,51.084239
26,20,5,29,10,6,3,0,7,0,0,1,0,0,0,0,0,14.684816,51.525533
30,20,5,5,16,3,2,5,3,0,0,1,1,0,0,0,0,12.228834,51.393774
11,20,5,12,9,3,3,5,2,0,0,1,1,0,0,0,0,12.904121,50.825653
25,20,5,24,11,1,2,4,2,0,1,1,1,0,0,0,0,13.895522,51.193508
21,20,5,29,23,6,2,5,2,2,0,1,1,0,0,0,0,12.784837,50.718049
21,20,5,5,8,3,3,0,1,0,0,1,0,0,0,0,0,12.975985,50.504995
26,20,5,13,14,4,3,5,3,0,0,1,1,0,0,0,0,14.959128,51.13911
11,20,5,5,8,3,3,0,1,0,0,1,0,0,0,0,0,12.926443,50.791806
12,20,5,21,13,5,3,0,1,0,0,1,1,0,0,0,0,13.719338,51.095401
13,20,5,4,13,2,3,5,3,0,1,1,1,0,0,0,0,12.323667,51.338588
23,20,5,13,9,4,2,5,3,0,0,1,1,0,0,0,0,12.058402,50.447449
28,20,5,28,17,5,3,2,6,0,0,1,1,0,0,0,0,13.643343,50.991957
27,20,5,4,13,2,3,5,3,0,0,1,1,0,0,0,0,13.306315,51.301942
24,20,5,16,17,7,3,4,2,0,0,1,1,0,0,0,0,12.54641,50.591042
21,20,6,9,17,3,3,6,4,0,1,1,0,1,0,0,0,12.770211,50.577781
24,20,5,3,2,1,2,3,1,2,1,1,0,0,0,0,0,12.709532,50.759038
24,20,6,7,15,1,3,3,6,0,1,1,1,0,0,0,0,12.449377,50.720317
30,20,5,3,0,1,3,8,1,2,0,1,0,0,0,0,0,12.341594,51.480731
23,20,5,16,17,7,3,5,3,0,0,1,1,0,0,0,0,12.150873,50.595539
12,20,5,3,13,1,3,0,1,0,0,1,0,0,0,0,0,13.707486,51.08442
12,20,5,3,14,1,3,4,6,0,0,1,0,0,0,0,0,13.747068,51.054488
25,20,6,10,12,4,3,9,3,0,0,1,1,0,0,0,0,14.226488,51.424666
21,20,5,3,17,1,3,0,1,0,1,1,0,0,0,0,0,13.178379,50.681563
12,20,5,26,11,3,2,7,1,0,0,1,0,0,0,0,0,13.691248,51.082183
22,20,5,3,18,1,3,3,6,0,0,1,1,0,0,0,0,13.280362,50.966449
26,20,6,8,13,2,2,5,3,0,0,1,1,0,0,0,0,14.656473,50.899438
29,20,5,2,19,7,3,6,7,0,0,1,0,0,0,0,1,12.729629,51.238719
13,20,5,2,9,7,3,5,3,0,1,1,1,0,0,0,0,12.389889,51.346563
13,20,6,8,18,2,3,5,2,0,0,1,1,0,0,0,0,12.394946,51.338973
26,20,6,3,11,4,3,5,3,0,0,1,1,0,0,0,0,14.826739,50.904038
29,20,5,16,17,7,3,5,3,0,0,1,1,0,0,0,0,12.805628,51.370284
11,20,5,21,22,5,2,8,1,2,0,1,0,0,0,0,0,12.902217,50.825346
27,20,6,10,11,4,3,5,3,0,1,1,1,0,0,0,0,13.493966,51.288095
29,20,5,29,15,6,3,5,3,0,0,1,1,0,0,0,0,12.743415,51.365662
12,20,6,3,7,4,3,5,3,0,0,1,1,0,0,0,0,13.646072,51.040642
29,20,5,1,12,6,2,1,5,0,0,1,1,0,0,0,0,12.564832,51.305461
27,20,6,6,9,7,3,5,3,0,0,1,1,0,0,0,0,13.493715,51.166858
13,20,5,1,19,6,2,4,1,0,0,1,0,0,1,0,0,12.483978,51.299571
27,20,6,11,10,5,3,5,3,0,0,1,1,0,0,0,0,13.447135,51.411063
12,20,5,27,15,4,3,5,3,0,0,1,1,0,0,0,0,13.706988,51.04141
11,20,5,15,11,6,3,5,3,0,0,1,1,0,0,0,0,12.919573,50.823352
26,20,5,28,13,5,3,5,3,0,0,1,1,0,0,0,0,14.768192,50.90667
30,20,6,6,16,7,3,8,1,0,0,1,0,0,0,0,0,13.104714,51.300353
12,20,6,2,20,3,3,0,1,0,1,1,0,0,0,0,0,13.706425,51.019254
26,20,6,11,17,5,2,3,6,0,0,1,0,0,0,1,0,14.795492,51.008601
28,20,5,12,10,3,3,1,5,0,0,1,1,0,0,0,0,13.647407,50.996831
25,20,5,16,15,7,2,3,2,0,0,1,1,0,0,0,0,14.081095,51.418344
27,20,5,19,13,3,3,9,1,0,0,1,0,0,0,0,0,13.63217,51.254814
11,20,5,1,1,6,3,0,1,2,0,1,0,0,0,0,0,12.9236,50.860166
12,20,6,8,7,2,3,0,3,0,0,1,1,0,0,0,0,13.63854,51.06927
13,20,5,22,10,6,1,3,2,0,0,1,1,0,0,0,0,12.481064,51.330792
12,20,5,14,16,5,3,5,3,0,0,1,1,0,0,0,0,13.704521,51.086357
12,20,5,16,10,7,3,0,1,0,0,1,0,0,0,0,0,13.708763,51.084353
26,20,5,21,18,5,2,0,1,0,0,1,0,0,0,0,0,14.583165,51.54129
13,20,5,30,19,7,3,3,6,0,0,1,1,0,0,0,0,12.411943,51.314637
12,20,5,24,14,1,3,0,1,0,0,1,0,0,0,0,0,13.807915,51.065122
12,20,6,4,17,5,3,5,3,0,0,1,1,0,0,0,0,13.752973,51.073887
26,20,4,30,7,5,1,5,3,0,0,1,0,0,0,1,0,14.799128,51.138599
26,20,6,4,14,5,3,3,2,0,0,1,1,0,0,0,0,14.646425,51.509022
12,20,5,29,9,6,3,5,3,0,0,1,1,0,0,0,0,13.734022,51.065817
28,20,4,30,11,5,2,8,7,0,0,1,0,0,0,0,0,13.890628,50.981829
12,20,6,8,18,2,3,3,2,0,0,1,1,0,0,0,0,13.694112,51.012759
12,20,4,30,17,5,2,3,6,0,0,1,0,0,0,0,1,13.875685,51.060374
11,20,6,3,7,4,3,5,3,0,0,1,1,0,0,0,0,12.932719,50.845947
28,20,6,5,14,6,3,5,3,0,0,1,1,0,0,0,0,14.193235,51.027079
22,20,5,16,13,7,2,0,7,0,0,1,0,0,0,0,0,13.009784,50.871359
13,20,5,23,18,7,3,6,6,0,0,1,0,1,0,0,0,12.369274,51.344145
25,20,4,29,11,4,3,4,2,0,0,1,1,0,0,0,0,14.446466,51.177194
22,20,5,22,10,6,3,4,2,0,0,1,1,0,0,0,0,12.90221,51.076496
29,20,5,27,15,4,3,5,3,0,0,1,1,0,0,0,0,12.739853,51.382132
23,20,5,15,16,6,3,5,3,0,0,1,0,0,1,0,0,12.359001,50.508518
24,20,6,2,17,3,3,3,2,0,0,1,1,0,0,0,0,12.70204,50.79667
21,20,5,28,16,5,3,0,7,0,0,1,0,0,0,0,0,12.711275,50.596736
12,20,5,21,18,5,2,0,1,0,0,1,0,0,0,0,0,13.734792,51.105147
27,20,6,1,18,2,3,5,3,0,0,1,1,0,0,0,0,13.531255,51.286759
12,20,4,29,6,4,3,5,3,0,0,1,1,0,0,0,0,13.783875,51.009644
21,20,5,20,5,4,3,0,1,1,0,1,0,0,0,0,0,12.884726,50.698625
13,20,5,28,17,5,3,5,3,0,0,1,1,0,0,0,0,12.285846,51.33095
29,20,4,28,17,3,2,0,7,0,0,1,0,0,0,0,0,12.461229,51.134419
24,20,6,6,2,7,3,0,1,2,0,1,0,0,0,0,0,12.486695,50.717268
24,20,5,21,20,5,2,0,1,0,0,1,0,0,0,0,0,12.356352,50.703722
25,20,5,31,12,1,2,0,1,0,0,1,0,0,0,0,0,14.302079,51.182519
13,20,4,28,17,3,2,3,6,0,0,1,0,0,0,0,0,12.334076,51.399269
25,20,4,28,19,3,3,5,3,0,0,1,1,0,0,0,0,14.418816,51.169523
12,20,4,28,18,3,2,4,6,0,0,1,0,0,0,0,0,13.688204,51.08322
12,20,4,28,13,3,3,5,3,0,0,1,1,0,0,0,0,13.735729,51.099709
26,20,5,28,11,5,3,4,6,0,0,1,0,0,0,0,0,14.61667,51.508369
12,20,5,12,11,3,3,5,3,0,0,1,1,0,0,0,0,13.743044,51.028692
12,20,5,27,19,4,3,0,1,0,0,1,0,0,0,0,0,13.700089,51.015992
29,20,5,15,21,6,2,0,1,2,0,1,0,0,0,0,0,12.59792,51.276324