CSV=`UKREIS,UJAHR,UMONAT,UTAG,USTUNDE,UWOCHENTAG,UKATEGORIE,UART,UTYP,LICHT,USTRZUSTAND,IstRad,IstPKW,IstFuss,IstKrad,IstGkfz,IstSonstig,@lon,@lat
29,20,5,20,13,4,3,4,1,0,0,1,0,0,0,0,0,12.495012,51.125578
24,20,4,27,16,2,3,5,3,0,0,1,1,0,0,0,0,12.37125,50.712892
27,20,5,29,10,6,3,5,3,0,0,1,1,0,0,0,0,13.490892,51.167634
12,20,6,8,22,2,3,0,7,2,0,1,0,0,0,0,0,13.622653,51.080882
22,20,6,3,14,4,2,5,3,0,0,1,1,0,0,0,0,13.311097,50.966151
22,20,5,14,12,5,2,8,1,0,0,1,0,0,0,0,0,13.002705,51.005152
30,20,4,27,8,2,3,5,3,0,0,1,0,0,0,0,1,12.995623,51.557603
26,20,4,27,9,2,2,4,2,0,0,1,1,0,0,0,0,14.608198,50.97895
12,20,6,3,11,4,3,4,2,0,0,1,1,0,0,0,0,13.771307,51.016071
26,20,5,14,8,5,3,3,6,0,0,1,1,0,0,0,0,14.947093,51.148177
25,20,5,28,14,5,3,0,7,0,0,1,0,0,0,0,0,14.184033,51.1248
26,20,5,15,19,6,3,5,3,0,0,1,1,0,0,0,0,14.922157,51.111965
28,20,6,11,18,5,3,0,1,0,0,1,0,0,0,0,0,13.811833,50.887133
11,20,5,12,15,3,3,3,2,0,0,1,1,0,0,0,0,12.882571,50.816705
28,20,4,27,10,2,2,5,2,0,0,1,0,0,0,0,1,14.17754,50.925449
12,20,4,27,8,2,3,3,3,0,0,1,0,0,0,0,1,13.726502,51.032107
27,20,4,27,16,2,1,4,1,0,0,1,1,0,0,0,0,13.519196,51.07046
27,20,5,21,18,5,2,8,1,0,0,1,0,0,0,0,0,13.538346,51.224731
22,20,4,27,18,2,3,0,2,0,0,1,1,0,0,0,0,13.346304,50.900702
29,20,6,1,12,2,2,3,6,0,0,1,0,0,0,0,0,12.367881,51.137357
24,20,6,10,9,4,3,0,7,0,1,1,0,0,0,0,0,12.449366,50.720329
30,20,5,26,14,3,3,4,2,0,0,1,0,0,1,0,0,12.965682,51.551967
30,20,4,26,12,1,3,5,3,0,0,1,1,0,0,0,0,13.161647,51.299463
29,20,5,30,17,7,3,5,3,0,0,1,1,0,0,0,0,12.546646,51.348253
12,20,6,9,16,3,2,0,6,0,0,1,0,0,0,0,0,13.671527,51.050133
24,20,6,7,18,1,3,0,1,0,0,1,0,0,0,0,0,12.409661,50.819727
21,20,5,22,9,6,3,5,3,0,0,1,1,0,0,0,0,12.942511,50.738595
13,20,6,2,15,3,3,5,2,0,0,1,1,0,0,0,0,12.461039,51.36743
27,20,4,26,16,1,3,3,2,0,0,1,0,0,1,0,0,13.694614,51.096072
28,20,5,15,13,6,3,5,3,0,0,1,0,0,0,0,1,13.884604,50.954537
12,20,5,21,13,5,2,5,2,0,0,1,1,0,0,0,0,13.841996,51.094507
28,20,6,1,11,2,3,0,6,0,0,1,0,1,0,0,0,13.58573,50.983112
26,20,6,10,12,4,2,0,7,0,0,1,0,0,0,0,0,14.801519,50.898563
28,20,5,30,14,7,1,0,1,0,0,1,0,0,0,0,0,13.568495,50.999388
22,20,4,26,17,1,2,0,6,0,0,1,0,0,0,0,1,12.925588,50.944149
13,20,6,8,7,2,2,5,3,0,0,1,1,0,0,0,0,12.263067,51.34458
28,20,6,3,14,4,3,0,1,0,0,1,0,0,0,0,0,14.136652,50.920211
29,20,5,28,21,5,2,1,7,2,0,1,1,0,0,0,0,12.381903,51.24661
22,20,4,26,12,1,3,8,1,0,0,1,0,0,0,0,0,13.087759,50.820356
24,20,5,21,22,5,3,3,5,2,0,1,1,0,0,0,0,12.769621,50.862227
28,20,6,2,18,3,3,4,1,0,1,1,1,0,0,0,0,13.583552,50.946907
22,20,4,26,16,1,2,4,7,0,0,1,0,0,1,0,0,13.085551,50.832416
26,20,5,23,14,7,3,4,2,0,0,1,1,0,0,0,0,14.86452,51.017603
29,20,5,28,23,5,3,0,7,2,0,1,0,0,0,0,0,12.729576,51.241702
22,20,5,22,19,6,3,0,7,0,0,1,0,0,0,0,0,13.023645,51.192625
13,20,4,25,0,7,3,0,1,2,0,1,0,0,0,0,0,12.422945,51.351834
29,20,4,25,10,7,2,5,3,0,0,1,0,0,0,0,1,12.229366,51.308699
13,20,4,24,15,6,3,5,3,0,0,1,1,0,0,0,0,12.268238,51.384977
26,20,6,8,7,2,3,3,2,0,0,1,1,0,0,0,0,14.944502,51.147986
23,20,5,22,15,6,3,5,3,0,1,1,1,0,0,0,0,12.108394,50.530616
26,20,5,28,10,5,3,3,2,0,0,1,0,0,0,0,1,14.640521,51.503771
25,20,6,6,22,7,3,7,7,2,0,1,0,0,0,0,0,14.342124,51.336485
22,20,6,2,18,3,3,0,2,0,1,1,1,0,0,0,0,13.348386,50.911277
12,20,5,27,12,4,3,0,1,0,0,1,0,0,0,0,0,13.702757,51.017372
26,20,4,24,17,6,2,3,2,0,0,1,1,0,0,0,0,14.843163,51.28977
28,20,5,15,13,6,3,0,7,0,0,1,0,0,0,0,0,13.654846,51.010475
13,20,6,9,16,3,3,5,3,0,0,1,1,0,0,0,0,12.285802,51.330931
26,20,4,24,11,6,3,5,3,0,0,1,1,0,0,0,0,14.953512,51.13723
28,20,7,13,16,2,3,5,2,0,0,1,1,0,0,0,0,13.930328,50.97937
12,20,6,26,14,6,3,0,7,0,0,1,0,0,0,0,0,13.685809,51.062313
12,20,7,31,11,6,2,5,3,0,0,1,0,0,0,0,0,13.798358,51.138628
26,20,6,29,9,2,2,0,7,0,1,1,0,0,0,0,0,14.768889,50.900161
13,20,7,21,20,3,3,5,3,0,0,1,1,0,0,0,0,12.426877,51.299497
12,20,7,4,14,7,2,5,3,0,0,1,0,0,0,0,1,13.684907,51.062169
27,20,7,14,5,3,3,0,7,0,0,1,0,0,0,0,0,13.478689,51.17021
12,20,8,1,7,7,2,5,2,0,0,1,1,0,0,0,0,13.711976,51.025557
26,20,7,26,5,1,3,0,7,1,0,1,0,0,0,0,0,14.877908,51.058516
13,20,6,25,7,5,3,2,2,0,0,1,1,0,0,0,0,12.422259,51.351679
30,20,6,30,7,3,2,4,2,0,0,1,1,0,0,0,0,12.962888,51.565722
25,20,7,29,15,4,3,0,1,0,0,1,0,0,0,0,0,14.399676,51.098313
22,20,7,25,17,7,2,0,1,0,0,1,0,0,1,0,0,13.067632,50.909638
27,20,7,12,10,1,3,0,7,0,0,1,1,0,0,0,0,13.695893,51.118211
28,20,6,25,15,5,3,2,6,0,0,1,1,0,0,0,0,13.944641,50.956597
28,20,7,28,16,3,2,0,1,0,0,1,0,0,0,0,0,13.676379,50.877912
27,20,7,23,13,5,3,2,6,0,0,1,1,0,0,0,0,13.286903,51.182783
28,20,6,25,6,5,3,0,3,0,1,1,1,0,0,0,0,13.586879,51.018295
21,20,7,24,6,6,2,5,3,0,0,1,1,0,0,0,0,12.91926,50.734529
12,20,6,25,20,5,3,0,1,0,0,1,0,0,0,0,0,13.768826,51.098843
22,20,8,1,12,7,2,5,3,0,0,1,1,0,0,0,0,13.054896,51.12627
12,20,6,25,14,5,3,5,2,0,0,1,1,0,0,0,0,13.760106,51.023311
12,20,6,25,19,5,3,4,2,1,0,1,1,0,0,0,0,13.687932,51.061977
26,20,6,28,14,1,3,0,3,0,0,1,1,0,0,0,0,14.982285,51.121462
13,20,7,30,23,5,3,3,6,2,0,1,0,0,0,0,1,12.373609,51.314929
25,20,8,4,14,3,3,0,1,0,1,1,0,0,0,0,0,14.350131,51.098394
22,20,6,25,7,5,2,5,3,0,1,1,1,0,0,0,0,12.829356,51.01879
24,20,7,24,11,6,2,0,1,0,0,1,0,0,0,0,0,12.449433,50.720261
13,20,7,18,0,7,3,5,3,2,0,1,1,0,0,0,0,12.339437,51.335314
28,20,7,23,10,5,3,0,1,0,0,1,0,0,0,0,0,13.634989,50.984622
26,20,6,28,13,1,3,0,7,0,0,1,0,0,0,0,0,14.797926,51.294269
21,20,7,22,15,4,2,8,1,0,0,1,0,0,0,0,0,12.987394,50.71051
25,20,6,28,15,1,2,0,7,0,1,1,0,0,0,0,0,14.414897,51.240684
25,20,7,30,15,5,3,0,1,0,0,1,0,0,0,0,0,14.093416,51.274214
12,20,6,30,12,3,3,0,7,0,0,1,0,0,0,0,0,13.786331,51.115446
13,20,6,24,14,4,2,5,3,0,0,1,1,0,0,0,0,12.427281,51.295039
28,20,6,28,12,1,3,0,7,0,0,1,0,0,0,0,0,13.851517,50.873742
30,20,7,31,14,6,3,6,4,0,0,1,0,1,0,0,0,12.992138,51.56079
28,20,7,1,12,4,3,5,3,0,0,1,1,0,0,0,0,13.538577,51.049985
13,20,6,24,10,4,3,5,3,0,0,1,1,0,0,0,0,12.389899,51.346562
30,20,6,24,13,4,1,4,2,0,0,1,1,0,0,0,0,13.00757,51.236821
27,20,7,22,14,4,3,0,1,0,0,1,0,0,0,0,0,13.550366,51.175099
23,20,7,4,18,7,2,0,1,0,0,1,0,0,0,0,0,12.159501,50.51043
27,20,6,30,9,3,2,0,7,0,0,1,0,0,0,0,0,13.534697,51.293734
12,20,7,7,18,3,3,5,3,0,0,1,1,0,0,0,0,13.718955,51.09663
26,20,6,24,20,4,2,0,1,1,1,1,0,0,0,0,0,14.995336,51.145002
12,20,7,23,19,5,2,5,2,0,0,1,1,0,0,0,0,13.726859,51.031948
25,20,6,29,16,2,2,0,1,0,0,1,1,0,0,0,0,14.339786,51.075809
25,20,7,16,15,5,3,5,3,0,0,1,1,0,0,1,0,14.006058,51.181008
28,20,6,24,10,4,3,5,2,0,0,1,1,0,0,0,0,13.947918,50.958839
12,20,7,4,12,7,3,0,2,0,0,1,1,0,0,0,0,13.760095,51.023314
28,20,6,24,12,4,2,0,1,0,0,1,0,0,0,0,0,13.978232,50.967316
27,20,6,24,16,4,2,7,7,0,0,1,0,0,0,0,0,13.415743,51.181357
12,20,6,24,6,4,3,5,3,0,0,1,1,0,0,0,0,13.73265,51.029571
29,20,7,28,15,3,3,5,2,0,0,1,1,0,0,0,0,12.590991,51.329047
12,20,7,2,8,5,3,5,3,0,1,1,1,0,0,0,0,13.734344,51.040147
11,20,6,24,13,4,3,6,7,0,0,1,0,1,0,0,0,12.930702,50.836086
27,20,7,13,7,2,3,5,2,0,0,1,1,0,0,0,0,13.490206,51.162951
21,20,6,28,15,1,3,5,3,0,1,1,1,0,0,0,0,13.093875,50.723239
11,20,6,24,14,4,3,2,2,0,0,1,1,0,0,0,0,12.799383,50.799556
12,20,7,29,13,4,3,0,1,0,0,1,0,0,0,0,0,13.726812,51.059426
12,20,7,15,3,4,3,0,1,2,0,1,0,0,0,0,0,13.822648,51.056951
27,20,7,8,9,4,2,5,2,0,1,1,1,0,0,0,0,13.531245,51.286737
21,20,7,3,13,6,3,5,7,0,0,1,0,0,0,0,1,13.174486,50.678787
29,20,6,23,2,3,3,7,7,2,0,1,0,0,0,0,0,12.353423,51.293229
13,20,6,23,12,3,3,3,2,0,0,1,0,0,0,0,0,12.356072,51.341462
21,20,7,13,19,2,2,8,1,0,0,1,0,0,0,0,0,12.766503,50.700009
21,20,7,10,6,6,2,5,3,0,0,1,1,0,0,0,0,12.688027,50.609998
24,20,6,27,13,7,2,9,7,0,0,1,0,0,0,0,0,12.492276,50.730427
25,20,7,11,21,7,2,7,7,0,0,1,0,0,0,0,0,14.348905,51.205872
24,20,6,27,9,7,2,0,7,0,0,1,0,0,0,0,0,12.502939,50.701357
24,20,7,1,8,4,2,5,2,0,0,1,1,0,0,0,0,12.784053,50.854047
13,20,6,23,15,3,3,3,6,0,0,1,0,0,0,0,1,12.392818,51.348594
22,20,7,10,10,6,3,0,2,0,0,1,1,0,0,0,0,12.790324,51.055935
26,20,6,23,9,3,3,5,3,0,0,1,1,0,0,0,0,14.637214,51.503575
25,20,6,23,17,3,2,4,2,0,0,1,1,0,0,0,0,14.293011,51.441725
26,20,6,23,19,3,3,0,7,0,0,1,0,0,0,0,0,14.981501,51.119305
12,20,6,23,18,3,3,5,2,0,0,1,1,0,0,0,0,13.718584,51.03949
12,20,6,23,16,3,3,2,2,0,0,1,0,0,0,0,1,13.690044,51.07377
26,20,7,22,15,4,3,3,6,0,0,1,1,0,0,0,0,14.994882,51.149092
13,20,7,9,13,5,3,5,3,0,0,1,1,0,0,0,0,12.435808,51.297167
21,20,7,29,21,4,2,5,3,2,0,1,1,0,0,0,0,12.733942,50.703649
21,20,6,23,11,3,3,8,3,0,0,1,0,0,0,1,0,13.213766,50.635141
23,20,7,24,10,6,3,0,2,0,0,1,1,0,0,0,0,12.34143,50.590697
13,20,7,14,21,3,3,0,6,1,0,1,0,0,0,0,0,12.39358,51.344346
25,20,7,7,15,3,3,5,3,0,0,1,1,0,0,0,0,14.035828,51.152436
26,20,8,4,14,3,3,3,2,0,0,1,0,0,0,0,0,14.822027,50.908832
29,20,7,7,13,3,3,0,1,0,0,1,0,0,0,0,0,12.362422,51.18202
12,20,7,12,19,1,3,4,2,0,0,1,1,0,0,0,0,13.703588,51.034626
13,20,7,2,20,5,2,7,7,0,0,1,0,0,0,0,0,12.394159,51.350425
29,20,6,22,17,2,3,5,3,0,0,1,1,0,0,0,0,12.217062,51.304744
13,20,6,22,12,2,1,5,2,0,0,1,0,0,0,1,0,12.39456,51.314541
25,20,6,22,18,2,3,5,3,0,0,1,1,0,0,0,0,13.918933,51.091094
26,20,7,15,20,4,3,0,1,0,0,1,0,0,0,0,0,14.761267,51.289565
11,20,7,20,5,2,3,5,3,0,0,1,0,0,0,0,1,12.931396,50.832002
11,20,7,29,6,4,3,4,2,0,0,1,1,0,0,0,0,12.905132,50.825919
12,20,7,7,18,3,3,5,3,0,0,1,1,0,0,0,0,13.784713,51.114614
12,20,7,2,16,5,3,5,3,0,0,1,1,0,0,0,0,13.696249,51.022404
27,20,6,22,13,2,2,0,1,0,0,1,0,0,0,0,0,13.531883,51.289362
27,20,7,18,17,7,3,9,7,0,0,1,1,0,0,0,0,13.679857,51.162951
28,20,7,27,16,2,3,0,2,0,0,1,1,0,0,0,0,13.663728,51.013576
12,20,7,23,7,5,3,5,2,0,0,1,0,0,0,0,0,13.744798,51.049175
22,20,7,1,9,4,2,4,2,0,0,1,1,0,0,0,0,13.324578,50.911633
12,20,7,1,6,4,3,5,3,0,0,1,1,0,0,0,0,13.707,51.041405
12,20,6,29,16,2,3,5,3,0,0,1,1,0,0,0,0,13.693465,51.061081
25,20,7,25,16,7,3,5,3,0,0,1,0,0,0,0,1,14.065885,51.370164
25,20,7,4,14,7,3,3,2,0,0,1,1,0,0,0,0,14.288267,51.119385
12,20,7,3,17,6,3,0,7,0,0,1,0,0,0,0,0,13.712788,51.03912
22,20,6,30,15,3,3,5,3,0,0,1,1,0,0,0,0,13.027878,50.911504
28,20,8,1,5,7,3,3,6,0,0,1,1,0,0,0,0,14.182747,51.061215
21,20,7,2,12,5,3,5,3,0,0,1,1,0,0,0,0,12.696656,50.729806
27,20,6,21,12,1,3,6,4,0,0,1,0,1,0,0,0,13.680983,51.102321
23,20,7,22,17,4,2,5,3,0,0,1,1,0,0,0,0,12.128073,50.492828
12,20,7,10,10,6,3,0,7,0,0,1,0,0,0,0,0,13.756922,51.025398
22,20,7,31,11,6,2,0,1,0,0,1,0,0,0,0,0,12.848682,50.921806
22,20,6,21,14,1,3,2,6,0,0,1,1,0,0,0,0,12.912854,50.917125
24,20,7,16,7,5,3,5,3,0,0,1,1,0,0,0,0,12.656018,50.744382
25,20,7,21,18,3,3,5,3,0,0,1,1,0,0,0,0,14.508975,51.162706
22,20,6,21,11,1,2,5,3,0,0,1,1,0,0,0,0,13.332799,50.894746
21,20,7,21,22,3,2,0,7,2,0,1,0,0,0,0,0,12.899676,50.560549
12,20,7,25,12,7,2,0,1,0,0,1,0,0,0,0,0,13.851043,51.061639
21,20,8,3,9,2,3,3,2,0,0,1,1,0,0,0,0,12.722049,50.611039
27,20,7,19,4,1,2,0,1,2,0,1,0,0,0,0,0,13.408375,51.256864
21,20,6,21,17,1,2,8,1,0,0,1,0,0,0,0,0,12.921391,50.666064
12,20,7,21,22,3,3,4,6,2,0,1,0,0,0,0,0,13.692691,51.080022
11,20,6,30,17,3,3,0,7,0,0,1,0,0,0,0,0,12.911622,50.868636
12,20,7,15,6,4,3,2,6,0,0,1,1,0,0,0,0,13.66845,51.072803
26,20,7,28,11,3,2,0,1,0,0,1,0,0,0,0,0,14.822814,51.292124
28,20,7,14,19,3,3,5,3,0,0,1,1,0,0,0,0,13.888561,50.977137
23,20,7,1,21,4,2,5,3,0,0,1,0,0,1,0,0,12.455623,50.556065
13,20,7,26,0,1,3,0,1,2,0,1,0,0,0,0,0,12.392081,51.346475
29,20,7,22,19,4,3,5,2,0,0,1,0,0,0,0,1,12.494641,51.125466
25,20,7,5,17,1,3,3,2,0,0,1,1,0,0,0,0,14.135255,51.112935
28,20,6,20,6,7,2,0,1,0,1,1,0,0,0,0,0,14.100486,50.911326
12,20,7,25,14,7,3,5,3,0,0,1,1,0,0,0,0,13.732869,51.077995
21,20,7,15,22,4,2,0,1,2,0,1,0,0,0,0,0,13.028414,50.497269
27,20,6,20,3,7,3,0,1,2,1,1,0,0,0,0,0,13.580695,51.128917
27,20,7,12,17,1,2,0,1,0,0,1,0,0,0,0,0,13.291997,51.291096
26,20,7,23,18,5,3,5,3,0,0,1,1,0,0,0,0,14.949958,51.148421
12,20,6,20,13,7,2,0,7,0,0,1,0,0,0,0,0,13.72867,51.059086
24,20,7,31,15,6,2,5,3,0,0,1,1,0,0,0,0,12.60891,50.874474
27,20,7,1,10,4,2,0,7,0,0,1,0,0,0,0,0,13.497044,51.166862
28,20,6,27,12,7,2,0,1,0,0,1,0,0,0,0,0,13.952855,50.879238
22,20,8,1,14,7,2,0,1,0,0,1,0,0,0,0,0,13.325322,51.023058
26,20,7,1,5,4,2,4,2,0,0,1,1,0,0,0,0,14.738782,51.016184
28,20,7,26,10,1,3,0,1,0,1,1,0,0,0,0,0,14.033719,50.958477
30,20,7,9,11,5,3,0,1,0,1,1,0,0,0,0,0,13.041939,51.236566
28,20,6,27,0,7,3,0,1,2,0,1,0,0,0,0,0,13.943987,50.941703
29,20,6,19,10,6,3,8,7,0,1,1,0,0,0,0,0,12.618873,51.32968
29,20,6,19,14,6,3,5,3,0,0,1,1,0,0,0,0,12.385968,51.204794
13,20,6,19,10,6,3,5,2,0,1,1,1,0,0,0,0,12.412026,51.314568
23,20,7,14,19,3,3,5,3,0,0,1,1,0,0,0,0,12.155381,50.503743
30,20,7,7,6,3,2,5,3,0,0,1,1,0,0,0,0,12.966693,51.574758
28,20,7,12,18,1,2,5,2,0,0,1,1,0,0,0,0,13.907118,50.995405
13,20,7,2,9,5,3,5,3,0,0,1,1,0,0,0,0,12.34489,51.339194
13,20,6,19,16,6,3,5,3,0,0,1,1,0,0,0,0,12.263064,51.344593
13,20,7,18,15,7,3,5,2,0,0,1,1,0,0,0,0,12.369367,51.344163
24,20,7,27,12,2,3,5,3,0,0,1,1,0,0,0,0,12.753298,50.860612
26,20,6,19,11,6,2,0,1,0,1,1,0,0,0,1,0,14.684628,51.347491
13,20,7,16,17,5,3,6,4,0,0,1,0,1,0,0,0,12.379599,51.314943
23,20,7,25,11,7,3,0,7,0,0,1,0,0,0,0,0,11.974899,50.596306
27,20,7,9,16,5,3,0,6,0,0,1,1,0,0,0,0,13.727505,51.192805
27,20,6,27,19,7,3,0,3,0,1,1,0,0,1,0,0,13.678248,51.165365
12,20,6,30,18,3,3,0,7,0,0,1,0,0,0,0,0,13.731348,51.034622
12,20,6,19,6,6,3,0,1,0,1,1,0,0,0,0,0,13.701478,51.091156
30,20,7,28,15,3,3,5,3,0,0,1,1,0,0,0,0,12.992331,51.56032
28,20,6,27,18,7,2,0,1,0,0,1,0,0,0,0,0,13.917856,50.957073
27,20,6,30,15,3,3,0,1,0,0,1,0,0,0,0,0,13.415749,51.18134
24,20,6,18,15,5,3,1,3,0,0,1,1,0,0,0,0,12.471544,50.720348
12,20,7,20,14,2,3,0,1,0,0,1,0,0,0,0,0,13.693719,51.043037
12,20,7,7,18,3,2,5,2,0,0,1,1,0,0,0,0,13.706948,51.084537
11,20,7,12,18,1,3,5,3,0,0,1,0,0,0,0,1,12.924556,50.832533
25,20,7,27,13,2,2,4,2,0,0,1,1,0,0,0,0,14.339658,51.096925
12,20,7,23,15,5,3,5,3,0,0,1,1,0,0,0,0,13.795279,50.980707
25,20,7,13,19,2,2,3,6,0,0,1,1,0,0,0,0,14.296655,51.165028
28,20,7,10,19,6,3,5,3,0,0,1,1,0,0,0,0,13.92145,50.966458
25,20,6,18,11,5,3,5,3,0,0,1,1,0,0,0,0,14.203841,51.456942
12,20,7,30,17,5,3,1,5,0,0,1,1,0,0,0,0,13.721045,51.092378
25,20,8,3,16,2,3,4,2,0,1,1,1,0,0,0,0,14.417934,51.179461
12,20,7,3,8,6,3,1,5,0,0,1,1,0,0,0,0,13.820351,51.056276
26,20,7,14,10,3,2,5,3,0,0,1,1,0,0,0,0,14.820058,50.899672
28,20,8,1,23,7,2,0,1,2,0,1,0,0,0,0,0,13.55773,50.982081
12,20,7,7,6,3,2,5,3,0,0,1,1,0,0,0,0,13.704529,51.040028
12,20,6,18,11,5,3,5,3,0,0,1,1,0,0,0,0,13.771555,51.015728
27,20,7,27,11,2,1,5,2,0,0,1,0,0,0,1,0,13.574304,51.139472
28,20,7,13,15,2,3,2,6,0,0,1,1,0,0,0,0,13.948237,50.958288
13,20,7,21,11,3,1,5,2,0,0,1,0,0,0,1,0,12.290393,51.392831
30,20,6,17,12,4,3,5,2,0,0,1,1,0,0,0,0,12.988259,51.559308
12,20,7,24,19,6,3,1,1,0,0,1,1,0,0,0,0,13.708042,51.084368
12,20,7,14,10,3,3,0,6,0,0,1,0,0,0,0,0,13.745617,51.057207
13,20,6,17,20,4,3,5,3,0,0,1,1,0,0,0,0,12.389913,51.346562
12,20,7,13,14,2,3,5,3,0,0,1,1,0,0,0,0,13.722637,51.033468
26,20,6,30,16,3,3,3,2,0,0,1,1,0,0,0,0,14.863597,50.926488
27,20,6,17,14,4,3,0,2,0,0,1,0,0,0,0,0,13.434705,51.405131
28,20,6,17,11,4,2,5,3,0,0,1,1,0,0,0,0,13.761888,50.842774
13,20,6,29,15,2,2,3,2,0,0,1,0,0,0,1,0,12.393792,51.351305
12,20,6,17,15,4,3,5,3,0,0,1,1,0,0,0,0,13.72042,51.051232
28,20,7,21,5,3,3,4,6,0,0,1,0,0,0,0,0,13.934459,50.967385
12,20,6,17,14,4,3,0,1,0,0,1,0,0,0,0,0,13.714755,51.07928
12,20,7,25,14,7,3,0,1,0,0,1,0,0,0,0,0,13.733487,51.039372
12,20,7,8,6,4,3,0,1,0,1,1,0,0,0,0,0,13.823198,51.057512
25,20,7,12,16,1,3,3,2,0,0,1,1,0,0,0,0,14.574009,51.152272
24,20,7,2,7,5,3,0,7,0,1,1,0,0,0,0,0,12.391604,50.83449
12,20,7,19,9,1,3,0,1,0,0,1,0,0,0,0,0,13.736362,51.062785
27,20,7,28,19,3,2,5,3,0,0,1,0,0,0,1,0,13.235334,51.271143
11,20,7,14,18,3,3,3,2,0,0,1,1,0,0,0,0,12.942962,50.794124
11,20,6,17,8,4,3,5,2,0,0,1,0,0,0,0,1,12.926471,50.829849
24,20,7,10,13,6,2,5,2,0,0,1,1,0,0,0,0,12.479178,50.781276
11,20,6,27,16,7,3,0,6,0,1,1,1,0,0,0,0,12.814276,50.841247
12,20,7,26,15,1,3,6,4,0,0,1,0,1,0,0,0,13.798088,51.065963
27,20,6,16,11,3,3,0,7,0,0,1,0,0,0,0,0,13.633384,51.107706
12,20,6,16,12,3,2,0,1,0,0,1,0,0,0,0,0,13.700151,51.016025
26,20,7,7,10,3,2,5,3,0,0,1,1,0,0,0,0,14.798074,50.894023
12,20,6,16,14,3,3,5,2,0,0,1,1,0,0,0,0,13.755377,51.076484
21,20,6,16,18,3,3,4,2,0,0,1,1,0,0,0,0,12.844787,50.760663
13,20,7,27,7,2,3,5,3,0,0,1,1,0,0,0,0,12.373231,51.314802
12,20,7,23,19,5,3,4,6,0,0,1,0,0,0,0,0,13.693299,51.022675
22,20,6,16,9,3,3,0,7,0,0,1,0,0,0,0,0,13.338694,50.921961
28,20,7,1,19,4,3,5,2,0,0,1,1,0,0,0,0,13.620756,51.023756
22,20,6,16,15,3,3,5,3,0,0,1,1,0,0,0,0,13.073303,51.088571
22,20,6,16,9,3,3,5,3,0,0,1,1,0,0,0,0,13.107654,51.122951
12,20,7,28,8,3,3,5,2,0,0,1,1,0,0,0,0,13.743119,51.047218
11,20,6,16,18,3,2,0,7,0,0,1,0,0,0,0,0,13.010021,50.833336
27,20,7,23,9,5,3,5,2,0,0,1,1,0,0,0,0,13.574309,51.139464
12,20,7,1,15,4,3,2,6,0,0,1,0,0,0,0,0,13.689475,51.067173
22,20,7,26,14,1,3,2,2,0,0,1,1,0,0,0,0,13.320896,50.800752
28,20,7,22,6,4,3,5,3,0,0,1,1,0,0,0,0,13.709665,50.969986
26,20,7,30,20,5,3,5,3,0,0,1,1,0,0,0,0,14.763588,50.868484
28,20,6,30,13,3,3,8,5,0,0,1,1,0,0,0,0,13.537763,51.051432
26,20,7,3,11,6,2,0,1,0,0,1,0,0,0,0,0,14.923207,51.155469
12,20,7,7,14,3,2,5,3,0,0,1,0,0,0,0,0,13.74176,51.028906
27,20,7,2,10,5,3,0,1,0,0,1,0,0,0,0,0,13.489027,51.151749
12,20,7,23,15,5,3,5,2,0,0,1,1,0,0,0,0,13.843416,51.059643
28,20,7,13,18,2,3,0,7,0,0,1,0,0,0,0,0,14.135663,50.92195
28,20,7,10,13,6,3,3,6,0,0,1,0,0,0,0,0,13.853958,50.979542
12,20,7,31,17,6,3,5,2,0,0,1,1,0,0,0,0,13.689521,51.068004
25,20,7,16,7,5,3,0,1,0,0,1,1,0,0,0,0,14.332362,51.30978
26,20,6,15,15,2,3,5,3,0,0,1,1,0,0,0,0,14.955279,51.163053
12,20,7,4,0,7,3,0,1,2,1,1,0,0,0,0,0,13.736798,51.093539
28,20,6,15,18,2,2,0,1,0,0,1,0,0,0,0,0,13.941101,50.974823
29,20,7,25,21,7,3,8,1,1,0,1,0,0,0,0,0,12.898684,51.260452
12,20,6,15,14,2,3,5,3,0,0,1,1,0,0,0,0,13.768311,51.019795
13,20,7,24,19,6,2,1,2,1,0,1,1,0,0,0,0,12.422257,51.351678
26,20,7,14,14,3,3,5,3,0,0,1,1,0,0,0,0,14.827076,51.292618
12,20,6,15,9,2,3,5,2,0,0,1,1,0,0,0,0,13.737049,51.063238
12,20,7,2,11,5,3,5,2,0,0,1,1,0,0,0,0,13.732395,51.077608
12,20,6,15,17,2,3,3,2,0,0,1,1,0,0,0,0,13.719766,51.094137
23,20,7,17,18,6,2,5,3,0,0,1,1,0,0,0,0,12.132861,50.512813
24,20,7,22,23,4,3,3,6,2,0,1,1,0,0,0,0,12.45077,50.719377
12,20,7,10,12,6,3,5,3,0,0,1,1,0,0,0,0,13.72654,51.032089
22,20,7,4,13,7,3,5,2,0,0,1,0,0,0,0,1,13.379174,50.837456
24,20,7,29,11,4,3,0,7,0,0,1,0,0,0,0,0,12.486928,50.717372
12,20,7,25,3,7,2,0,1,1,0,1,0,0,0,0,0,13.705649,51.018856
12,20,8,3,11,2,3,5,3,0,0,1,1,0,0,0,0,13.786201,51.067951