CSV=`UKREIS,UJAHR,UMONAT,UTAG,USTUNDE,UWOCHENTAG,UKATEGORIE,UART,UTYP,LICHT,USTRZUSTAND,IstRad,IstPKW,IstFuss,IstKrad,IstGkfz,IstSonstig,@lon,@lat
12,20,7,24,10,6,3,0,3,0,0,1,1,0,0,0,0,13.824943,51.058027
12,20,6,14,9,1,2,0,1,0,1,1,0,0,0,0,0,13.845356,51.061835
26,20,7,1,10,4,3,5,3,0,0,1,1,0,0,0,0,14.888193,50.94979
29,20,7,19,13,1,2,5,3,0,0,1,0,0,1,0,0,12.552656,51.05788
27,20,7,11,12,7,2,0,7,0,0,1,0,0,0,0,0,13.59286,51.157468
25,20,7,5,13,1,2,0,3,0,0,1,1,0,0,0,0,13.930432,51.249765
29,20,6,26,13,6,2,0,1,0,0,1,0,0,0,0,0,12.419131,51.193198
22,20,7,31,11,6,1,3,6,0,0,1,1,0,0,0,1,13.300421,50.842833
30,20,6,13,9,7,3,5,3,0,0,1,1,0,0,0,0,12.618247,51.457336
28,20,7,6,7,2,3,6,4,0,1,1,0,1,0,0,0,13.590906,51.020124
13,20,6,13,18,7,2,3,2,0,0,1,0,0,0,0,0,12.326987,51.29817
13,20,6,26,11,6,3,5,3,0,0,1,1,0,0,0,0,12.285814,51.330936
27,20,6,13,10,7,3,2,6,0,0,1,1,0,0,0,0,13.675157,51.166032
26,20,7,30,15,5,3,2,6,0,0,1,1,0,0,0,0,14.661224,50.896631
27,20,6,30,13,3,3,0,7,0,0,1,0,0,0,0,0,13.573212,51.140957
12,20,6,13,11,7,2,5,2,0,0,1,0,0,0,0,1,13.786767,51.115822
13,20,6,26,10,6,3,3,3,0,0,1,1,0,0,0,0,12.37502,51.314938
23,20,7,30,12,5,3,3,2,0,0,1,1,0,0,0,0,12.182348,50.497712
25,20,6,30,21,3,2,9,1,0,0,1,0,0,0,0,0,14.462712,51.255385
26,20,8,4,22,3,3,0,1,2,0,1,0,0,0,0,0,14.673662,51.117803
25,20,7,29,10,4,3,5,3,0,0,1,0,0,0,0,1,14.480046,51.192411
22,20,6,13,19,7,2,5,2,0,0,1,1,0,0,0,0,13.044281,50.914438
13,20,7,2,14,5,3,3,2,0,0,1,1,0,0,0,0,12.395033,51.332128
23,20,7,18,11,7,2,5,3,0,0,1,1,0,0,0,0,12.399731,50.526407
27,20,7,23,13,5,3,5,3,0,0,1,1,0,0,0,0,13.52748,51.289323
24,20,6,12,11,6,3,5,2,0,0,1,1,0,0,0,0,12.526478,50.825211
25,20,6,26,17,6,2,5,3,0,0,1,1,0,0,0,0,14.234221,51.098208
24,20,6,12,13,6,3,2,6,0,0,1,1,0,0,0,0,12.762168,50.790848
21,20,7,22,16,4,3,3,6,0,0,1,1,0,0,0,0,12.995173,50.535672
26,20,7,30,15,5,3,5,3,0,0,1,1,0,0,0,0,14.662541,51.519095
12,20,6,30,18,3,3,5,3,0,0,1,1,0,0,0,0,13.680453,51.062102
29,20,8,3,9,2,2,5,3,0,0,1,1,0,0,0,0,12.223669,51.298391
28,20,7,3,19,6,3,2,6,0,0,1,0,0,0,0,0,13.87809,50.861543
24,20,7,28,16,3,2,8,7,0,0,1,0,0,0,0,0,12.554224,50.643028
12,20,7,7,7,3,3,0,1,0,1,1,0,0,0,0,0,13.815447,51.053787
13,20,6,12,13,6,3,5,3,0,0,1,1,0,0,0,0,12.323089,51.338722
13,20,6,12,6,6,3,4,6,0,0,1,0,0,0,0,0,12.399599,51.352303
26,20,6,12,18,6,3,5,3,0,1,1,1,0,0,0,0,14.797836,50.893902
25,20,7,2,11,5,3,5,3,0,0,1,1,0,0,0,0,14.02087,51.151315
25,20,6,12,17,6,3,3,6,0,0,1,1,0,0,0,0,14.052275,51.363452
25,20,7,18,22,7,2,3,2,2,0,1,1,0,0,0,0,13.816807,51.181098
25,20,7,27,19,2,3,0,1,0,0,1,0,0,0,0,0,14.269648,51.429535
12,20,7,23,19,5,3,4,6,0,0,1,0,0,0,0,0,13.693291,51.022676
26,20,7,13,16,2,3,0,7,0,0,1,0,0,0,0,0,14.624318,51.537219
22,20,7,6,12,2,2,0,7,0,0,1,0,0,0,0,0,13.040743,50.909874
26,20,6,12,16,6,3,2,2,0,0,1,1,0,0,0,0,14.968868,51.168168
28,20,7,10,17,6,3,5,3,0,0,1,1,0,0,0,0,14.149916,50.919771
28,20,6,26,17,6,3,0,7,0,0,1,1,0,0,0,0,13.647311,51.007211
22,20,7,1,6,4,2,1,5,0,0,1,1,0,0,0,0,12.907722,51.07215
25,20,6,12,17,6,2,8,1,0,0,1,0,0,0,0,0,14.489931,51.078942
13,20,7,16,15,5,3,5,2,0,0,1,1,0,0,0,0,12.425667,51.304047
27,20,6,12,14,6,2,2,6,0,0,1,0,0,0,1,0,13.225968,51.353176
12,20,7,9,17,5,3,5,2,0,0,1,1,0,0,0,0,13.745869,51.049588
12,20,7,30,13,5,2,5,3,0,0,1,0,0,0,0,1,13.680453,51.062102
13,20,7,8,20,4,3,4,6,0,1,1,0,0,0,0,0,12.380625,51.344044
12,20,7,3,18,6,3,5,3,1,0,1,1,0,0,0,0,13.746978,51.06604
27,20,6,12,13,6,3,3,6,0,0,1,1,0,0,0,0,13.488715,51.16684
26,20,7,24,15,6,2,0,1,0,0,1,0,0,0,0,0,14.827684,51.302703
12,20,6,12,18,6,3,4,1,0,0,1,0,0,0,0,0,13.684299,51.021222
12,20,6,12,13,6,3,0,7,0,0,1,0,0,0,0,0,13.759527,51.023647
12,20,7,13,14,2,2,0,1,0,0,1,0,0,0,0,0,13.770189,51.102419
12,20,6,12,18,6,3,0,1,0,0,1,0,0,0,0,0,13.688468,51.061925
12,20,7,10,13,6,3,1,3,0,0,1,1,0,0,0,0,13.724421,51.033047
28,20,7,21,15,3,3,0,1,0,0,1,0,0,0,0,0,14.163787,50.925742
23,20,9,12,17,7,3,4,1,0,0,1,1,0,0,0,0,12.291955,50.601244
25,20,9,22,13,3,3,5,3,0,0,1,1,0,0,0,0,14.450535,51.179138
21,20,8,21,11,6,2,0,1,0,0,1,0,0,0,0,0,12.741532,50.733478
13,20,8,21,17,6,2,5,3,0,0,1,1,0,0,0,0,12.455076,51.3504
28,20,9,11,8,6,3,5,3,0,0,1,1,0,0,0,0,13.940423,50.951704
13,20,10,4,17,1,3,5,3,0,0,1,1,0,0,0,0,12.361361,51.375609
27,20,8,18,8,3,2,0,1,0,1,1,0,0,0,0,0,13.634001,51.107606
13,20,9,23,12,4,3,5,3,0,0,1,1,0,0,0,0,12.391833,51.351634
30,20,8,29,20,7,3,3,6,0,0,1,1,0,0,0,0,13.099528,51.256346
22,20,8,21,6,6,3,2,6,0,0,1,1,0,0,0,0,13.499233,50.706485
26,20,9,8,7,3,3,5,3,0,0,1,1,0,0,0,0,14.652461,50.955332
12,20,9,2,17,4,3,5,2,0,0,1,1,0,0,0,0,13.762789,51.06428
28,20,9,12,17,7,2,8,1,0,0,1,0,0,0,0,0,13.677289,50.879004
12,20,9,22,8,3,3,0,1,0,0,1,0,0,0,0,0,13.733992,51.040014
28,20,9,16,15,4,2,5,3,0,0,1,1,0,0,0,0,13.657914,51.008999
25,20,9,20,15,1,2,0,1,0,0,1,0,0,0,0,0,14.390732,51.2175
29,20,8,26,17,4,3,3,6,0,0,1,1,0,0,0,0,12.798689,51.133762
23,20,10,3,17,7,3,0,7,0,0,1,0,0,0,0,0,12.181208,50.534591
24,20,8,30,13,1,2,1,5,0,1,1,1,0,0,0,0,12.355516,50.703244
25,20,10,13,13,3,3,5,3,0,0,1,1,0,0,0,0,14.434539,51.171001
27,20,9,3,14,5,2,5,3,0,0,1,1,0,0,0,0,13.596861,51.16301
22,20,9,23,18,4,2,2,6,0,0,1,1,0,0,0,0,12.928505,51.069628
26,20,9,4,16,6,3,5,3,0,0,1,0,0,0,0,0,14.773296,50.876572
28,20,9,29,8,3,3,0,1,0,1,1,0,0,0,0,0,13.870877,50.965474
25,20,9,19,15,7,3,0,3,0,0,1,1,0,0,0,0,14.426232,51.094772
25,20,9,3,12,5,3,5,3,0,0,1,0,0,0,0,1,14.196816,51.106387
28,20,8,17,12,2,2,4,3,0,0,1,1,0,0,0,0,14.269557,50.968318
22,20,9,12,5,7,3,1,5,2,0,1,1,0,0,0,0,12.911676,50.916461
21,20,9,22,16,3,3,5,3,0,0,1,1,0,0,0,0,12.77704,50.728185
12,20,10,5,22,2,3,0,7,2,0,1,0,0,0,0,0,13.749487,51.123014
23,20,9,6,10,1,2,0,7,0,1,1,0,0,0,0,0,12.189007,50.383296
27,20,9,30,5,4,3,4,2,2,0,1,1,0,0,0,0,13.263013,51.314698
13,20,10,14,18,4,3,5,2,2,1,1,1,0,0,0,0,12.42645,51.351811
12,20,9,4,7,6,3,2,6,0,1,1,0,0,0,0,0,13.766216,51.093386
26,20,9,14,19,2,2,0,1,2,0,1,0,0,0,0,0,14.981046,51.118451
30,20,9,9,8,4,2,5,2,0,0,1,1,0,0,0,0,12.65933,51.466827
26,20,10,11,18,1,2,5,3,0,0,1,1,0,0,0,0,14.998572,51.311942
25,20,9,1,11,3,3,5,3,0,0,1,1,0,0,0,0,14.252992,51.439161
13,20,9,25,5,6,3,5,2,2,1,1,1,0,0,0,0,12.392109,51.346382
22,20,8,29,11,7,3,1,5,0,0,1,1,0,0,0,0,12.934607,51.158773
13,20,8,20,18,5,3,5,2,0,0,1,1,0,0,0,0,12.437438,51.350977
28,20,9,8,18,3,3,1,5,1,0,1,1,0,0,0,0,13.641766,50.964458
30,20,10,9,20,6,3,5,3,2,0,1,1,0,0,0,0,12.192223,51.399547
25,20,9,6,15,1,3,3,2,0,0,1,0,0,1,0,0,14.025463,51.389299
28,20,10,3,15,7,2,8,1,0,0,1,0,0,0,0,0,13.677252,50.879795
12,20,10,8,12,5,3,0,1,0,0,1,0,0,0,0,0,13.701627,51.091055
27,20,9,14,17,2,2,0,2,0,0,1,1,0,0,0,0,13.632568,51.107824
26,20,10,7,6,4,3,5,3,2,0,1,1,0,0,0,0,14.972181,51.164224
12,20,8,24,13,2,3,5,3,0,0,1,1,0,0,0,0,13.70243,51.090492
28,20,8,16,16,1,2,0,1,0,0,1,0,0,0,0,0,14.163682,50.925719
30,20,9,2,11,4,3,5,2,0,0,1,1,0,0,0,0,12.988283,51.559304
27,20,8,16,18,1,2,3,6,0,0,1,1,0,0,0,0,13.690912,51.107684
26,20,8,28,11,6,3,3,2,0,0,1,1,0,0,0,0,14.810311,50.881105
21,20,10,11,9,1,2,5,2,0,0,1,0,0,0,0,0,12.759523,50.522645
13,20,9,16,8,4,3,5,2,0,0,1,1,0,0,0,0,12.26405,51.316525
23,20,9,7,9,2,3,5,3,0,0,1,1,0,0,0,0,12.323999,50.636624
26,20,9,1,17,3,2,5,3,0,0,1,1,0,0,0,0,14.642298,50.99437
12,20,8,16,11,1,3,0,1,0,0,1,0,0,0,0,0,13.749176,51.123183
27,20,9,21,15,2,2,5,3,0,0,1,1,0,0,0,0,13.53857,51.285774
12,20,8,27,6,5,3,5,2,0,0,1,1,0,0,0,0,13.715438,51.099333
12,20,10,9,7,6,2,0,1,0,1,1,0,0,0,0,0,13.723553,51.055162
27,20,9,15,7,3,2,5,3,0,0,1,1,0,0,0,0,13.54259,51.1471
21,20,8,16,12,1,3,5,3,0,0,1,0,0,0,0,0,12.910536,50.730037
24,20,9,23,10,4,3,2,2,0,0,1,1,0,0,0,0,12.786772,50.852509
13,20,9,3,16,5,3,5,2,0,0,1,1,0,0,0,0,12.460835,51.367256
25,20,10,7,17,4,3,2,6,0,1,1,1,0,0,0,0,13.916305,51.115259
27,20,9,23,9,4,3,5,3,0,0,1,1,0,0,0,0,13.528236,51.289537
12,20,10,7,21,4,3,5,2,2,1,1,1,0,0,0,0,13.715857,51.036862
12,20,8,31,15,2,3,5,3,0,1,1,0,0,0,1,0,13.701699,51.030938
29,20,9,10,19,5,2,5,3,1,0,1,0,0,0,0,1,12.724993,51.237953
21,20,9,20,11,1,2,4,1,0,0,1,1,0,0,0,0,13.094574,50.766527
21,20,9,4,17,6,2,5,3,0,0,1,1,0,0,0,0,12.789625,50.481637
12,20,9,14,13,2,3,0,1,0,0,1,0,0,0,0,0,13.812857,51.063713
25,20,9,23,22,4,3,0,7,2,0,1,0,0,0,0,0,14.43157,51.181
24,20,10,12,17,2,3,3,6,0,0,1,0,0,0,1,0,12.476818,50.712462
25,20,9,17,15,5,3,5,3,0,0,1,1,0,0,0,0,14.441184,51.180511
24,20,8,15,12,7,3,5,3,0,0,1,1,0,0,0,0,12.463466,50.719099
12,20,8,28,8,6,3,5,2,0,1,1,1,0,0,0,0,13.739308,51.073981
27,20,8,22,15,7,2,0,1,0,1,1,0,0,0,0,0,13.475742,51.163009
13,20,10,10,16,7,3,4,2,0,0,1,1,0,0,0,0,12.394188,51.314562
27,20,10,9,8,6,3,3,2,0,1,1,1,0,0,0,0,13.688567,51.099255
25,20,9,29,18,3,2,5,3,1,0,1,1,0,0,0,0,14.365534,51.197636
25,20,9,19,11,7,3,5,3,0,0,1,1,0,0,0,0,14.043167,51.170709
13,20,10,2,16,6,2,4,2,0,0,1,1,0,0,0,0,12.390589,51.347063
26,20,8,15,12,7,3,0,7,0,0,1,0,0,0,0,0,15.01458,51.295883
25,20,8,20,18,5,3,0,7,0,0,1,0,0,0,0,0,14.30874,51.369256
25,20,9,23,15,4,3,5,3,0,0,1,1,0,0,0,0,14.265963,51.363055
25,20,8,15,11,7,3,0,7,0,0,1,0,0,0,0,0,14.398452,51.179693
12,20,9,23,14,4,3,0,7,0,1,1,0,0,0,0,0,13.726336,51.086153
26,20,8,20,14,5,3,4,1,0,0,1,1,0,0,0,0,14.970317,51.148497
12,20,9,18,15,6,3,0,1,0,0,1,0,0,0,0,0,13.732035,51.126562
23,20,9,30,15,4,3,4,2,0,0,1,1,0,0,0,0,12.379859,50.504978
26,20,9,8,11,3,3,5,3,0,0,1,1,0,0,0,0,14.960573,51.163845
12,20,9,2,9,4,3,5,3,0,0,1,1,0,0,0,0,13.744603,51.064287
12,20,8,15,3,7,3,0,1,2,1,1,0,0,0,0,0,13.714184,51.079988
12,20,9,9,17,4,3,0,1,0,0,1,0,0,0,0,0,13.706998,51.084524
27,20,9,17,12,5,2,6,6,0,0,1,0,1,0,0,0,13.296678,51.295292
27,20,9,2,11,4,3,0,7,0,0,1,0,0,0,0,0,13.484665,51.157338
12,20,9,22,15,3,3,4,6,0,0,1,0,0,0,0,0,13.690457,51.062312
12,20,8,22,2,7,2,0,1,2,0,1,0,0,0,0,0,13.77522,51.013565
12,20,10,10,13,7,3,0,7,0,1,1,0,0,0,0,0,13.739271,51.07108
12,20,9,16,7,4,3,5,3,0,0,1,0,0,0,0,0,13.752973,51.073887
12,20,9,7,17,2,3,3,6,0,0,1,0,1,0,0,0,13.758683,51.024188
29,20,9,20,13,1,3,5,3,0,0,1,1,0,0,0,0,12.633258,51.0483
23,20,9,4,11,6,3,0,7,0,0,1,0,0,0,0,1,12.132837,50.489507
12,20,9,10,14,5,3,5,3,0,0,1,1,0,0,0,0,13.782626,51.067111
12,20,9,3,18,5,3,0,1,1,0,1,0,0,0,0,0,13.824616,51.062718
12,20,8,29,14,7,3,5,3,0,0,1,1,0,0,0,0,13.705103,51.044442
29,20,10,6,12,3,2,5,3,0,0,1,1,0,0,0,0,12.735449,51.237186
26,20,9,27,15,1,2,0,7,0,0,1,1,0,0,0,0,14.729745,50.883384
12,20,9,17,10,5,3,0,1,0,0,1,0,0,0,0,0,13.791809,51.12559
25,20,8,14,17,6,3,5,3,0,0,1,1,0,0,0,0,14.471075,51.162611
27,20,8,20,21,5,3,3,7,2,0,1,1,0,0,0,0,13.296795,51.295397
30,20,10,9,19,6,2,6,6,2,0,1,0,1,0,0,0,12.998074,51.546441
26,20,8,26,5,4,2,5,3,2,1,1,1,0,0,0,0,14.897882,51.147582
12,20,10,8,16,5,3,5,2,0,0,1,1,0,0,0,0,13.731202,51.02482
27,20,8,14,18,6,3,0,1,0,1,1,0,0,0,0,0,13.594447,51.144505
29,20,9,9,17,4,3,5,3,0,0,1,0,0,0,0,0,12.617295,51.287813
13,20,8,26,15,4,3,4,2,0,0,1,1,0,0,0,0,12.369367,51.344163
12,20,9,4,14,6,3,5,3,0,0,1,1,0,0,0,0,13.710183,51.083803
12,20,8,14,6,6,3,3,6,0,0,1,1,0,0,0,0,13.759189,51.063582
13,20,9,4,6,6,3,5,3,0,0,1,1,0,0,0,0,12.391343,51.346399
26,20,8,24,13,2,3,0,7,0,0,1,0,0,0,0,0,14.716288,51.549996
25,20,10,13,6,3,3,5,3,1,0,1,1,0,0,0,0,14.473071,51.190273
21,20,8,29,13,7,2,8,1,0,0,1,0,0,0,0,0,12.70718,50.585164
28,20,8,20,13,5,3,5,3,0,0,1,1,0,0,0,0,13.939763,50.955477
23,20,8,22,12,7,2,5,3,0,1,1,1,0,0,0,0,12.125385,50.49011
12,20,9,8,14,3,3,5,2,0,0,1,1,0,0,0,0,13.877616,51.060025
12,20,8,14,11,6,3,3,6,0,0,1,1,0,0,0,0,13.745345,51.048984
12,20,10,3,8,7,3,5,3,0,0,1,1,0,0,0,0,13.701992,51.032486
22,20,10,8,9,5,2,0,3,0,0,1,1,0,0,0,0,13.134411,51.121918
12,20,8,24,8,2,2,5,2,0,0,1,0,0,0,1,0,13.694275,51.043108
21,20,10,6,18,3,3,5,3,0,0,1,1,0,0,0,0,12.742586,50.560558
12,20,8,20,9,5,3,5,3,0,0,1,1,0,0,0,0,13.728934,51.059345
26,20,8,21,9,6,2,5,3,0,0,1,1,0,0,0,0,14.618471,50.935959
30,20,9,16,7,4,2,5,3,0,0,1,1,0,0,0,0,12.482766,51.375288
28,20,10,13,1,3,2,0,1,2,1,1,0,0,0,0,0,13.694306,50.850092
13,20,8,13,15,5,3,5,1,0,0,1,1,0,0,0,0,12.389626,51.34645
29,20,9,16,11,4,3,3,6,0,0,1,1,0,0,0,0,12.588718,51.279292
21,20,10,3,12,7,2,8,1,0,0,1,0,0,0,0,0,12.90728,50.534743
21,20,9,24,6,5,3,0,6,0,0,1,0,0,0,0,1,12.690268,50.582251
28,20,9,28,21,2,3,0,1,2,1,1,0,0,0,0,0,14.217903,51.019988
22,20,8,24,17,2,2,0,7,0,0,1,0,0,0,0,0,12.978508,50.986672
29,20,10,12,10,2,3,5,3,0,1,1,1,0,0,0,0,12.590798,51.273023
27,20,10,1,13,5,2,5,2,0,0,1,0,0,0,1,0,13.573863,51.125319
23,20,8,12,10,4,2,0,1,0,0,1,0,0,0,0,0,12.079514,50.440067
13,20,9,12,12,7,3,5,2,0,0,1,1,0,0,0,0,12.395821,51.314469
24,20,8,12,16,4,2,3,6,0,0,1,0,0,0,0,1,12.693438,50.787299
12,20,8,20,11,5,3,5,3,0,0,1,1,0,0,0,0,13.757509,51.063311
12,20,8,22,21,7,3,0,1,2,0,1,0,0,0,0,0,13.737805,51.088207
25,20,8,21,23,6,2,1,5,2,0,1,1,0,0,0,0,14.042997,51.205314
25,20,10,10,14,7,2,3,2,0,1,1,1,0,0,0,0,14.412057,51.187332
26,20,10,4,13,1,3,5,3,0,0,1,1,0,0,0,0,14.980217,51.117746
24,20,8,12,8,4,3,4,2,0,0,1,1,0,0,0,0,12.503621,50.715575
12,20,9,25,17,6,3,0,1,0,1,1,0,0,0,0,0,13.844241,51.127735
27,20,9,29,15,3,3,4,2,0,0,1,1,0,0,0,0,13.249258,51.313517
13,20,8,12,5,4,3,4,6,0,0,1,0,0,0,0,0,12.327741,51.299557
12,20,10,9,20,6,3,0,1,2,1,1,0,0,0,0,0,13.737112,51.063258
13,20,8,12,7,4,3,5,3,0,0,1,1,0,0,0,0,12.344842,51.339183
13,20,9,19,18,7,3,5,2,0,0,1,1,0,0,0,0,12.40609,51.319579
13,20,10,2,18,6,3,5,3,1,0,1,1,0,0,0,0,12.343609,51.338914
13,20,8,12,14,4,3,3,2,0,0,1,1,0,0,0,0,12.353563,51.340898
12,20,9,23,13,4,3,5,3,0,0,1,1,0,0,0,0,13.776267,51.110814
27,20,9,28,8,2,3,0,7,0,0,1,0,0,0,0,0,13.467172,51.157466
27,20,9,18,17,6,3,0,1,0,0,1,0,0,0,0,0,13.596318,51.120545
12,20,9,22,6,3,3,5,2,0,0,1,1,0,0,0,0,13.747726,51.068044
21,20,9,7,13,2,3,5,3,0,0,1,1,0,0,0,0,12.759146,50.70801
13,20,9,20,18,1,2,5,3,0,0,1,1,0,0,0,0,12.399498,51.363411
30,20,10,8,13,5,2,5,3,0,0,1,1,0,0,0,0,12.991797,51.561601
12,20,9,19,15,7,3,6,4,0,0,1,0,1,0,0,0,13.874102,51.009019
12,20,10,2,7,6,3,5,2,0,0,1,1,0,0,0,0,13.824389,51.057903
12,20,9,3,8,5,2,5,1,0,0,1,0,0,0,0,0,13.737109,51.063257
21,20,8,20,10,5,3,5,3,0,0,1,1,0,0,0,0,12.848845,50.701064
12,20,9,27,6,1,3,5,2,0,0,1,1,0,0,0,0,13.72416,51.088577
22,20,8,12,10,4,3,0,1,0,0,1,0,0,0,0,0,13.444081,50.718059
27,20,9,13,1,1,2,0,1,2,0,1,0,0,0,0,0,13.530891,51.285953
22,20,9,9,12,4,2,5,3,0,0,1,1,0,0,0,0,13.09138,51.124893
28,20,8,23,15,1,3,5,2,0,0,1,1,0,0,0,0,13.934461,50.967396
23,20,9,30,18,4,2,0,7,0,0,1,0,0,0,0,0,12.292148,50.536856
12,20,9,17,15,5,3,5,3,0,0,1,1,0,0,0,0,13.730978,51.08142
24,20,8,11,12,3,3,5,3,0,0,1,1,0,0,0,0,12.749468,50.870873
12,20,10,5,15,2,3,0,1,0,1,1,0,0,0,0,0,13.707324,51.020479
11,20,9,16,20,4,2,5,3,2,0,1,1,0,0,0,0,12.927151,50.858469
22,20,9,11,14,6,3,4,2,0,0,1,1,0,0,0,0,13.033979,50.905993
28,20,9,20,12,1,2,5,2,0,0,1,1,0,0,0,0,13.643469,50.992261
13,20,8,11,17,3,3,5,3,0,0,1,1,0,0,0,0,12.26397,51.316513
12,20,9,4,13,6,3,5,2,0,0,1,1,0,0,0,0,13.761298,51.083375
26,20,10,8,17,5,2,5,3,0,0,1,1,0,0,0,0,14.647849,51.258132
30,20,9,28,13,2,3,3,6,0,0,1,0,0,0,1,0,12.5664,51.564152
24,20,9,18,14,6,3,2,2,0,0,1,1,0,0,0,0,12.78617,50.852759
26,20,8,24,9,2,2,1,5,0,0,1,1,0,0,0,0,14.657453,50.897168
27,20,10,13,10,3,3,5,3,0,0,1,1,0,0,0,0,13.447135,51.411063
11,20,9,13,17,1,3,5,2,0,0,1,0,0,0,0,1,12.928144,50.8355
25,20,8,11,8,3,2,7,7,0,0,1,0,0,0,0,0,14.333936,51.150482
22,20,8,20,18,5,3,5,3,0,0,1,1,0,0,0,0,13.020862,51.073017
24,20,9,17,2,5,2,0,1,2,0,1,0,0,0,0,0,12.701183,50.795071
22,20,9,17,15,5,3,5,3,0,0,1,1,0,0,0,0,13.109748,51.122167
13,20,9,11,19,6,3,0,7,2,0,1,0,0,0,0,0,12.343702,51.338934
27,20,8,27,12,5,3,0,1,0,0,1,0,0,0,0,0,13.727551,51.192866
11,20,8,20,16,5,3,0,1,0,0,1,0,0,0,0,0,12.899508,50.824402
28,20,8,11,16,3,3,5,3,0,0,1,1,0,0,0,0,13.685292,51.002575
28,20,8,31,15,2,3,0,1,0,1,1,0,0,0,0,0,13.664222,50.901129
22,20,8,26,10,4,3,8,1,0,0,1,0,0,0,0,0,12.903067,51.076771
12,20,8,11,22,3,3,5,3,2,0,1,1,0,0,0,0,13.742013,51.064676
12,20,9,24,22,5,1,8,1,2,0,1,1,0,1,0,0,13.732077,51.079372
28,20,9,30,6,4,3,5,3,1,0,1,1,0,0,0,0,13.637597,50.987067
28,20,8,11,11,3,2,5,3,0,0,1,1,0,0,0,0,13.998915,50.93824
27,20,8,30,0,1,2,2,6,2,0,1,0,0,0,0,0,13.296131,51.31103
23,20,10,1,11,5,2,7,7,0,0,1,0,0,0,0,0,12.337481,50.574654
26,20,8,22,11,7,3,5,3,0,0,1,1,0,0,0,0,14.809387,50.884967
21,20,10,11,16,1,3,5,3,0,0,1,1,0,0,0,0,12.746798,50.741946
25,20,9,1,18,3,3,4,2,0,0,1,1,0,0,0,0,14.363968,51.116709
12,20,9,21,7,2,3,3,6,0,0,1,1,0,0,0,0,13.86035,51.065227
12,20,8,27,20,5,3,5,2,1,0,1,1,0,0,0,0,13.739308,51.073982
24,20,8,10,18,2,2,0,1,0,0,1,0,0,0,0,0,12.439836,50.838885
26,20,9,25,7,6,3,0,3,0,0,1,1,0,0,0,0,14.969772,51.142914
29,20,9,29,13,3,3,5,3,0,0,1,1,0,0,0,0,12.490482,51.123214
30,20,8,21,11,6,3,0,1,0,0,1,1,0,0,0,0,13.103754,51.53711
30,20,9,3,15,5,3,5,3,0,0,1,1,0,0,0,0,12.236765,51.391541
30,20,8,10,10,2,3,0,1,0,1,1,0,0,0,0,0,12.996195,51.557613
13,20,8,10,19,2,3,0,7,0,0,1,0,0,0,0,0,12.394124,51.336057
12,20,10,7,5,4,3,1,1,1,0,1,1,0,0,0,0,13.708387,51.084359
12,20,9,9,22,4,3,8,1,2,0,1,0,0,0,0,0,13.688474,51.061925
28,20,9,17,17,5,2,0,1,0,0,1,0,0,0,0,1,14.166553,50.926093
12,20,9,14,15,2,3,3,6,0,0,1,1,0,0,0,0,13.75917,51.080305
27,20,8,10,9,2,2,5,3,0,1,1,1,0,0,0,0,13.382311,51.301711
11,20,8,24,18,2,3,5,3,0,0,1,1,0,0,0,0,12.964016,50.828036
29,20,9,2,7,4,2,5,3,0,0,1,0,0,0,0,1,12.549166,51.335578
25,20,9,22,15,3,3,0,7,0,0,1,0,0,0,0,0,14.193252,51.130568
28,20,8,22,10,7,2,0,7,0,0,1,0,0,0,0,0,13.939986,50.952699
25,20,9,16,22,4,3,0,1,2,0,1,0,0,0,0,0,14.111537,51.267628
30,20,9,7,5,2,3,2,2,2,0,1,1,0,0,0,0,12.229332,51.399128
27,20,9,11,16,6,3,0,2,0,0,1,1,0,0,0,0,13.567191,51.19701
11,20,9,21,19,2,3,5,3,0,0,1,1,0,0,0,0,12.940553,50.820368
27,20,9,25,19,6,3,0,6,1,0,1,1,0,0,0,0,13.701855,51.174985
12,20,9,15,15,3,3,5,3,0,0,1,1,0,0,0,0,13.732485,51.077945
26,20,9,29,14,3,3,3,2,0,0,1,1,0,0,0,0,14.974086,51.161423
26,20,9,19,19,7,3,5,3,1,0,1,1,0,0,0,0,14.643386,51.506606
23,20,8,9,9,1,3,3,6,0,0,1,1,0,0,0,0,12.249962,50.526772
26,20,9,23,7,4,3,5,3,0,0,1,1,0,0,0,0,14.797883,50.893848
23,20,8,19,5,4,2,5,3,1,1,1,1,0,0,0,0,12.507494,50.535835
12,20,9,18,15,6,3,0,1,0,0,1,0,0,0,0,0,13.720093,51.076105
29,20,8,9,15,1,3,4,3,0,0,1,1,0,0,0,0,12.461018,51.221953
12,20,9,2,17,4,3,0,3,0,0,1,1,0,0,0,0,13.874717,51.06055
25,20,10,5,13,2,3,3,2,0,1,1,1,0,0,0,0,14.462936,51.255502
25,20,9,30,5,4,2,4,2,2,0,1,1,0,0,0,0,14.395453,51.211081
13,20,8,26,17,4,3,5,6,0,0,1,0,0,0,0,0,12.372562,51.344074
30,20,10,14,3,4,2,0,7,2,1,1,0,0,0,0,0,12.988352,51.559377