CSV=`UKREIS,UJAHR,UMONAT,UTAG,USTUNDE,UWOCHENTAG,UKATEGORIE,UART,UTYP,LICHT,USTRZUSTAND,IstRad,IstPKW,IstFuss,IstKrad,IstGkfz,IstSonstig,@lon,@lat
27,20,9,4,14,6,2,0,1,0,0,1,0,0,0,0,0,13.280279,51.056299
26,20,8,9,10,1,1,2,1,0,0,1,0,0,1,0,0,14.840142,50.958233
13,20,9,14,16,2,3,5,3,0,0,1,1,0,0,0,0,12.439182,51.357933
12,20,8,22,11,7,3,5,2,0,1,1,1,0,0,0,1,13.74023,51.064659
12,20,9,7,7,2,3,0,1,0,0,1,0,0,0,0,0,13.694742,51.043155
11,20,9,15,9,3,3,6,6,0,0,1,0,1,0,0,0,12.927374,50.828615
30,20,8,8,13,7,3,5,3,0,0,1,1,0,0,0,0,12.592114,51.585502
23,20,9,4,14,6,2,0,1,0,0,1,0,0,0,0,0,12.185351,50.555543
25,20,10,2,15,6,2,2,6,0,0,1,0,0,0,0,0,14.43594,51.18118
28,20,9,3,16,5,3,0,1,0,0,1,0,0,0,0,0,13.554203,50.981734
12,20,9,13,13,1,2,0,1,0,0,1,0,0,0,0,0,13.657661,51.06946
13,20,8,19,13,4,3,6,6,0,0,1,0,1,0,0,0,12.4068,51.318999
12,20,9,18,22,6,3,0,1,2,0,1,0,0,0,0,0,13.733606,51.075499
12,20,9,17,16,5,2,5,2,0,0,1,1,0,0,0,0,13.878418,51.059961
28,20,8,8,22,7,3,9,1,2,0,1,0,0,0,0,0,13.876095,50.96845
13,20,8,27,17,5,3,2,7,0,0,1,1,0,0,0,0,12.371717,51.395454
12,20,10,5,19,2,3,0,1,2,1,1,0,0,0,0,0,13.751878,51.062981
28,20,9,30,18,4,3,5,3,0,0,1,1,0,0,0,0,13.934038,50.963756
12,20,8,8,20,7,3,0,1,0,0,1,0,0,0,0,0,13.741154,51.057692
12,20,10,8,8,5,3,5,3,0,0,1,1,0,0,0,0,13.729853,51.08267
27,20,8,24,15,2,2,4,6,0,0,1,0,0,0,0,0,13.488318,51.166542
27,20,10,6,9,3,3,5,3,0,0,1,1,0,0,0,0,13.723623,51.218907
26,20,8,24,19,2,3,0,1,0,1,1,0,0,0,0,0,14.618924,50.934847
11,20,8,8,15,7,3,8,1,0,0,1,0,0,0,0,0,13.012153,50.846863
23,20,9,22,17,3,3,8,1,0,0,1,0,0,0,0,0,12.105226,50.494251
11,20,9,18,19,6,3,2,2,0,0,1,1,0,0,0,0,12.952067,50.86208
23,20,8,7,18,6,2,0,1,0,0,1,0,0,0,0,0,12.174653,50.495988
21,20,10,5,7,2,3,0,3,0,0,1,1,0,0,0,0,12.695181,50.732674
28,20,8,26,15,4,2,5,3,0,0,1,0,0,0,0,1,13.936594,50.953081
12,20,9,24,10,5,3,0,1,0,0,1,0,0,0,0,0,13.638521,51.069243
22,20,10,8,8,5,3,5,3,1,1,1,1,0,0,0,0,13.322431,50.910816
27,20,9,14,15,2,3,5,3,0,0,1,1,0,0,0,0,13.458752,51.147907
25,20,10,7,15,4,3,5,3,0,0,1,0,0,0,0,1,14.444748,51.10158
29,20,8,7,19,6,3,5,3,0,0,1,1,0,0,0,0,12.286874,51.151163
13,20,8,7,20,6,3,5,2,2,0,1,1,0,0,0,0,12.395298,51.332108
13,20,8,7,8,6,3,5,2,0,0,1,1,0,0,0,0,12.260849,51.316057
29,20,9,16,17,4,2,2,6,0,0,1,0,0,1,0,0,12.672675,51.118011
27,20,9,1,11,3,3,0,1,0,0,1,0,0,0,0,0,13.532665,51.278453
25,20,8,7,14,6,3,4,7,0,0,1,1,0,0,0,0,13.981263,51.243109
12,20,8,21,15,6,3,3,2,0,0,1,0,0,0,0,1,13.690096,51.061963
27,20,10,11,16,1,2,5,3,0,0,1,1,0,0,0,0,13.560171,51.178853
30,20,9,16,10,4,3,5,3,0,0,1,1,0,0,0,0,12.582117,51.592543
29,20,9,11,8,6,2,3,6,0,0,1,1,0,0,0,0,12.603979,51.219565
12,20,8,27,13,5,3,5,3,0,0,1,0,0,0,0,1,13.671053,51.016712
26,20,9,15,15,3,3,5,3,0,0,1,1,0,0,0,0,14.955277,51.163053
30,20,9,5,7,7,3,0,7,0,1,1,0,0,0,0,0,13.003643,51.535039
12,20,8,31,14,2,3,0,1,0,0,1,0,0,0,0,0,13.825054,51.062526
26,20,9,10,7,5,3,5,3,0,1,1,1,0,0,0,0,14.662373,51.09549
28,20,8,7,14,6,3,0,7,0,0,1,1,0,0,0,0,14.15308,50.917663
12,20,8,7,8,6,3,5,3,0,0,1,1,0,0,0,0,13.682276,51.061831
12,20,8,28,20,6,2,0,1,2,1,1,0,0,0,0,0,13.750496,51.071162
27,20,9,16,21,4,3,6,4,2,0,1,0,1,0,0,0,13.28544,51.316387
12,20,8,7,6,6,2,5,3,0,0,1,1,0,0,0,0,13.731856,51.126379
28,20,9,25,17,6,3,0,3,0,0,1,1,0,0,0,0,13.664784,50.899875
22,20,10,9,13,6,3,0,1,0,1,1,0,0,0,0,0,13.113121,51.120327
24,20,8,6,7,5,3,5,3,0,0,1,1,0,0,0,0,12.531651,50.821069
22,20,9,9,6,4,3,0,7,0,0,1,0,0,0,0,0,12.806539,50.905268
12,20,9,17,22,5,3,0,1,2,0,1,0,0,0,0,0,13.672084,51.050235
26,20,8,25,17,3,3,2,1,0,0,1,1,0,0,0,0,14.950276,51.148452
30,20,8,6,20,5,2,9,1,0,0,1,0,0,0,0,0,12.586867,51.609198
12,20,9,23,8,4,3,4,6,0,0,1,1,0,0,0,0,13.704051,51.040761
12,20,10,7,7,4,3,5,2,0,0,1,1,0,0,0,0,13.752946,51.073858
12,20,9,9,17,4,3,0,1,0,0,1,0,0,0,0,0,13.82323,51.057546
27,20,8,19,16,4,3,2,6,0,0,1,0,0,0,0,0,13.292767,51.305915
27,20,9,18,10,6,3,5,3,0,0,1,1,0,0,0,0,13.567059,51.151839
27,20,9,17,7,5,2,5,2,0,0,1,1,0,0,0,0,13.307815,51.301383
12,20,9,2,20,4,3,0,1,2,0,1,0,0,0,0,0,13.842152,51.03158
27,20,9,12,20,7,2,8,1,2,0,1,0,0,0,0,0,13.414881,51.242473
26,20,8,6,19,5,3,2,6,0,0,1,1,0,0,0,0,14.650267,50.935394
12,20,9,22,15,3,3,0,1,0,0,1,0,0,0,0,0,13.751866,51.062982
25,20,10,5,15,2,3,3,2,0,1,1,1,0,0,0,0,14.248826,51.434906
26,20,8,6,14,5,3,5,3,0,0,1,1,0,0,0,0,14.822272,50.901567
22,20,9,11,6,6,3,0,7,1,0,1,0,0,0,0,1,12.992255,50.9818
12,20,10,4,17,1,3,6,6,0,0,1,0,1,0,0,0,13.77674,51.067522
25,20,9,4,17,6,3,5,3,0,0,1,1,0,0,0,0,14.023326,51.202186
24,20,10,8,6,5,2,2,6,2,1,1,1,0,0,0,0,12.632647,50.768023
25,20,8,6,17,5,2,4,2,0,0,1,1,0,0,0,0,14.250701,51.44235
12,20,9,10,8,5,3,5,3,0,0,1,1,0,0,0,0,13.779455,51.066876
13,20,8,24,17,2,3,6,6,0,0,1,0,1,0,0,0,12.388504,51.346341
30,20,10,13,5,3,2,4,2,2,0,1,1,0,0,0,0,13.096184,51.317973
26,20,8,6,15,5,3,5,3,0,0,1,1,0,0,0,0,14.981339,51.15624
13,20,10,6,20,3,3,5,2,2,1,1,1,0,0,0,0,12.314328,51.340542
12,20,8,19,15,4,3,5,3,0,0,1,1,0,0,0,0,13.690459,51.082453
28,20,9,8,7,3,2,0,1,0,0,1,0,0,0,0,0,13.992745,50.899225
26,20,8,27,16,5,2,0,3,0,0,1,1,0,0,0,0,14.722345,50.880222
12,20,8,19,18,4,2,0,1,0,0,1,0,0,0,0,0,13.700111,51.016004
12,20,8,6,18,5,3,0,1,0,0,1,0,0,0,0,0,13.78194,51.113337
23,20,8,27,19,5,3,1,5,0,0,1,1,0,0,0,0,12.262252,50.619943
27,20,9,20,17,1,3,0,1,0,0,1,0,0,0,0,0,13.474608,51.163684
24,20,9,24,19,5,2,0,7,2,0,1,0,0,0,0,0,12.400654,50.687827
12,20,9,4,7,6,2,6,4,0,1,1,0,1,0,0,0,13.786893,51.115933
13,20,10,8,14,5,3,5,2,0,0,1,1,0,0,0,0,12.320898,51.339255
12,20,8,6,10,5,3,2,6,0,0,1,1,0,0,0,1,13.738606,51.061761
30,20,9,9,11,4,3,5,2,0,0,1,1,0,0,0,0,12.972314,51.561484
11,20,8,6,13,5,3,8,1,0,0,1,0,0,0,0,0,12.906271,50.840513
24,20,9,22,18,3,3,5,3,0,0,1,1,0,0,0,0,12.745749,50.879811
21,20,8,19,13,4,3,5,3,0,0,1,1,0,0,0,0,12.789128,50.536971
24,20,9,17,5,5,3,8,1,2,0,1,0,0,0,0,0,12.71889,50.757853
11,20,9,17,8,5,3,0,7,0,0,1,0,0,0,0,0,12.911961,50.828389
30,20,9,1,7,3,3,5,3,0,0,1,1,0,0,0,0,12.482775,51.375291
29,20,8,5,19,4,3,9,7,0,0,1,0,0,0,0,0,12.555259,51.060475
28,20,8,27,11,5,3,8,1,0,0,1,0,0,0,0,0,14.08921,50.920004
27,20,8,31,14,2,3,0,1,0,1,1,0,0,0,0,0,13.625138,51.110138
13,20,9,10,14,5,3,2,6,0,0,1,1,0,0,0,0,12.277437,51.40177
11,20,9,30,6,4,3,5,3,0,0,1,1,0,0,0,0,12.925828,50.833265
12,20,8,26,13,4,3,5,3,0,0,1,1,0,0,0,0,13.707001,51.041404
12,20,9,14,19,2,3,0,1,1,0,1,0,0,0,0,0,13.718305,51.097627
25,20,9,23,5,4,2,2,2,2,0,1,1,0,0,0,0,14.348207,51.098476
25,20,9,28,15,2,3,0,1,0,0,1,0,0,0,0,0,14.194439,51.130622
26,20,8,5,15,4,3,9,1,0,0,1,0,0,0,0,0,14.759291,51.027585
30,20,9,2,12,4,3,5,3,0,0,1,1,0,0,0,0,12.337463,51.53034
26,20,8,26,9,4,3,4,2,0,0,1,1,0,0,0,0,14.826387,51.291303
26,20,8,5,10,4,3,5,3,0,0,1,1,0,0,0,0,14.787605,50.899835
22,20,9,4,12,6,3,5,3,0,0,1,1,0,0,0,0,13.121687,51.11904
27,20,8,5,17,4,2,5,3,0,0,1,1,0,0,0,0,13.45036,51.414515
13,20,9,28,19,2,3,2,6,2,0,1,0,0,0,0,0,12.247379,51.318166
28,20,8,24,11,2,2,0,1,0,0,1,0,0,0,0,0,13.747155,50.945184
27,20,8,5,17,4,2,5,3,0,0,1,0,0,1,0,0,13.511101,51.169038
27,20,8,5,14,4,3,0,1,0,0,1,0,0,0,0,0,13.598621,51.169832
30,20,8,18,10,3,3,5,3,0,0,1,1,0,0,0,0,12.588021,51.5885
27,20,8,5,11,4,2,5,3,0,0,1,1,0,0,0,0,13.655908,51.348005
12,20,9,21,14,2,3,5,2,0,0,1,1,0,0,0,0,13.733016,51.076595
12,20,8,5,12,4,3,0,1,0,0,1,0,0,0,0,0,13.694275,51.043108
28,20,9,15,10,3,3,0,1,0,0,1,0,0,0,0,0,14.240409,50.926454
12,20,8,5,19,4,3,0,1,0,0,1,0,0,0,0,0,13.834683,51.035995
29,20,9,3,9,5,3,5,3,0,0,1,1,0,0,0,0,12.542097,51.354053
12,20,8,5,10,4,3,0,1,0,0,1,0,0,0,0,0,13.74117,51.057686
12,20,8,5,7,4,3,5,2,0,0,1,1,0,0,0,0,13.752947,51.073858
27,20,9,23,20,4,3,0,1,2,1,1,0,0,0,0,0,13.682202,51.101952
27,20,9,9,6,4,3,5,3,0,0,1,1,0,0,0,0,13.468857,51.361488
30,20,10,12,17,2,3,2,6,0,0,1,0,0,0,0,1,12.37052,51.534898
22,20,10,1,10,5,3,5,3,0,0,1,1,0,0,0,0,13.319023,50.90936
23,20,9,8,8,3,2,0,1,0,0,1,0,0,0,0,0,12.147745,50.455895
13,20,9,12,18,7,3,5,2,0,0,1,0,0,0,0,0,12.429483,51.28677
13,20,10,5,16,2,3,5,3,0,0,1,1,0,0,0,0,12.394477,51.354713
23,20,8,4,23,3,3,7,7,2,0,1,0,0,0,0,0,12.145781,50.474016
21,20,12,11,14,6,3,5,2,0,0,1,1,0,0,0,0,12.68801,50.610012
22,20,11,25,15,4,3,5,3,0,0,1,1,0,0,0,0,13.09138,51.124893
27,20,11,18,14,4,2,5,3,0,0,1,1,0,0,0,0,13.623696,51.279305
25,20,11,23,18,2,2,2,6,2,0,1,1,0,0,0,0,13.832626,51.272012
25,20,12,17,21,5,3,7,7,2,0,1,0,0,0,0,0,14.424966,51.304228
12,20,10,29,12,5,3,3,6,0,1,1,0,0,0,0,0,13.732578,51.037668
22,20,11,2,17,2,3,5,3,2,1,1,1,0,0,0,0,13.348296,50.915481
11,20,12,8,14,3,3,0,3,0,0,1,1,0,0,0,0,12.90259,50.772179
12,20,10,29,6,5,3,0,1,2,1,1,0,0,0,0,0,13.737089,51.063251
21,20,11,9,16,2,1,8,7,1,0,1,0,0,0,0,0,12.787556,50.774177
27,20,12,14,16,2,3,5,2,1,0,1,1,0,0,0,0,13.285673,51.303777
25,20,12,22,11,3,3,0,1,0,1,1,0,0,0,0,0,14.043361,51.235207
27,20,11,25,9,4,3,5,3,0,0,1,1,0,0,0,0,13.490012,51.165073
13,20,11,6,21,6,2,0,1,2,0,1,0,0,0,0,0,12.264752,51.333216
21,20,11,23,20,2,2,6,4,2,0,1,0,1,0,0,0,12.531948,50.502995
21,20,11,18,14,4,2,4,2,0,0,1,1,0,1,0,0,12.748491,50.734796
12,20,11,5,16,5,3,5,3,1,0,1,0,0,0,0,1,13.737658,51.061464
27,20,11,23,6,2,3,5,3,2,1,1,1,0,0,0,0,13.694666,51.096035
29,20,10,28,20,4,2,3,6,2,0,1,1,0,0,0,0,12.455862,51.122648
13,20,10,28,18,4,3,3,6,2,1,1,1,0,0,0,0,12.358894,51.342051
28,20,11,30,18,2,3,0,1,2,1,1,0,0,0,0,0,13.653486,51.007992
28,20,10,28,16,4,3,5,2,0,0,1,1,0,0,0,0,13.922112,50.966478
13,20,11,8,14,1,3,5,3,0,0,1,1,0,0,0,0,12.382672,51.314946
22,20,12,22,12,3,3,3,2,0,1,1,1,0,0,0,0,13.348377,50.911693
23,20,10,27,7,3,2,2,2,0,0,1,1,0,0,0,0,12.223793,50.50517
13,20,11,19,10,5,3,5,3,0,0,1,0,0,0,1,0,12.358591,51.342083
12,20,11,6,12,6,3,5,3,0,0,1,1,0,0,0,0,13.649407,51.083619
23,20,10,27,12,3,3,5,7,0,0,1,1,0,0,0,0,12.395954,50.514188
13,20,11,11,7,4,3,5,3,0,1,1,0,0,0,0,1,12.369272,51.344144
13,20,11,4,18,4,2,5,2,2,0,1,0,0,1,0,0,12.401554,51.324149
30,20,12,30,11,4,3,5,3,0,0,1,0,0,0,0,1,12.24531,51.389088
22,20,11,2,11,2,1,2,6,0,0,1,1,0,0,0,0,12.896083,51.153447
13,20,11,2,9,2,3,5,3,0,0,1,1,0,0,0,0,12.357622,51.3418
29,20,11,7,14,7,3,6,6,0,0,1,0,1,0,0,0,12.753924,51.3715
13,20,12,11,8,6,3,5,3,0,0,1,1,0,0,0,0,12.455113,51.350296
26,20,11,13,14,6,3,2,6,0,0,1,1,0,0,0,0,14.982305,51.135691
28,20,12,21,10,2,2,5,2,0,1,1,1,0,0,0,0,13.772693,50.934601
22,20,11,8,10,1,2,0,7,0,0,1,0,0,0,0,0,12.648639,50.962978
21,20,10,27,16,3,2,0,7,1,0,1,0,0,0,0,0,12.780619,50.713692
27,20,11,4,10,4,3,0,1,0,0,1,0,0,0,0,0,13.69493,51.121969
25,20,11,7,9,7,3,0,1,0,0,1,0,0,0,0,0,14.073574,51.150373
21,20,12,21,13,2,3,0,1,0,1,1,0,0,0,0,0,12.851658,50.703394
24,20,12,2,15,4,3,4,2,0,0,1,1,0,0,0,0,12.775335,50.853622
13,20,11,23,19,2,3,5,3,2,0,1,1,0,0,0,0,12.344842,51.339183
12,20,10,26,17,2,3,0,1,2,1,1,0,0,0,0,0,13.750675,51.071359
12,20,10,26,7,2,3,5,3,0,0,1,1,0,0,0,0,13.721098,51.092322
27,20,11,17,11,3,3,5,3,0,0,1,1,0,0,0,0,13.581032,51.154035
28,20,12,1,6,3,3,6,4,2,1,1,0,1,0,0,0,13.652723,51.002223
21,20,11,11,7,4,3,4,6,1,0,1,1,0,0,0,0,12.700136,50.727161
26,20,11,17,10,3,3,5,3,0,0,1,1,0,0,0,0,14.925757,51.214058
30,20,11,27,17,6,2,9,6,2,0,1,1,0,0,0,0,12.434722,51.473418
22,20,11,16,10,2,2,5,3,0,0,1,1,0,0,0,0,12.838465,50.919785
25,20,11,2,7,2,3,5,7,0,1,1,1,0,0,0,0,14.261718,51.449506
12,20,11,18,16,4,3,5,3,2,0,1,1,0,0,0,0,13.720368,51.093249
12,20,12,18,21,6,2,8,1,2,1,1,0,0,0,0,0,13.885677,51.071647
27,20,12,17,9,5,2,5,3,0,0,1,1,0,0,0,0,13.719121,51.217663
27,20,12,14,11,2,3,5,3,0,0,1,1,0,0,0,0,13.592315,51.149704
28,20,11,1,9,1,3,0,7,0,1,1,0,0,0,0,0,13.930751,50.96195
28,20,12,22,16,3,3,0,1,2,1,1,0,0,0,0,0,14.13298,50.931065
28,20,11,1,12,1,3,0,1,0,1,1,0,0,0,0,0,13.947014,50.894237
22,20,12,29,18,3,2,2,6,2,1,1,0,0,0,0,1,13.026631,50.908909
27,20,11,9,6,2,2,0,7,2,0,1,0,0,0,0,0,13.707654,51.138726
23,20,11,14,13,7,2,2,6,0,0,1,1,0,0,0,0,11.968497,50.53557
12,20,11,20,7,6,3,5,2,0,0,1,1,0,0,0,0,13.886003,51.061704
24,20,12,16,14,4,2,8,7,0,0,1,0,0,0,0,0,12.69526,50.782709
28,20,10,24,12,7,3,3,3,0,0,1,1,0,0,0,0,14.175868,50.92513
12,20,12,26,17,7,3,5,3,2,0,1,1,0,0,0,0,13.757893,51.024714
27,20,12,7,15,2,2,2,2,0,0,1,1,0,0,0,0,13.243945,51.312697
27,20,10,24,10,7,2,5,3,0,0,1,1,0,0,0,0,13.567589,51.151006
25,20,12,12,11,7,2,3,2,0,1,1,0,0,0,0,1,14.360522,51.075748
21,20,11,14,12,7,2,0,7,0,0,1,0,0,0,0,0,12.64534,50.503063
12,20,10,24,9,7,3,5,3,0,0,1,1,0,0,0,0,13.72699,51.071774
12,20,11,6,14,6,3,4,2,0,0,1,1,0,0,0,0,13.766965,51.020631
12,20,12,10,6,5,3,5,3,2,0,1,1,0,0,0,0,13.690103,51.072726
12,20,10,24,19,7,3,5,3,2,0,1,1,0,0,0,0,13.818037,51.052446
28,20,12,19,14,7,2,5,2,0,1,1,1,0,0,0,0,13.535363,51.054718
25,20,11,22,14,1,3,5,3,0,0,1,1,0,0,0,0,14.32665,51.178525
22,20,11,12,5,5,2,3,2,2,0,1,1,0,0,0,0,13.338688,50.921955
13,20,11,4,7,4,3,4,6,0,1,1,0,0,0,0,0,12.413674,51.313483
13,20,11,13,7,6,3,5,6,0,0,1,1,0,0,0,0,12.395315,51.339181
30,20,10,23,15,6,2,5,3,0,0,1,1,0,0,0,0,13.100773,51.257174
27,20,12,8,9,3,3,5,2,0,0,1,1,0,0,0,0,13.5874,51.123121
12,20,11,16,8,2,3,5,3,0,1,1,1,0,0,0,0,13.701991,51.032485
25,20,11,2,20,2,3,4,2,2,0,1,1,0,0,0,0,14.435831,51.172029
12,20,10,23,11,6,3,0,1,0,0,1,0,0,0,0,0,13.708663,51.084354
27,20,11,16,18,2,3,4,2,2,1,1,1,0,0,0,0,13.541944,51.147104
12,20,10,30,17,6,3,5,3,2,1,1,1,0,0,0,0,13.64604,51.084876
11,20,11,19,16,5,2,5,3,0,0,1,1,0,0,0,0,12.786909,50.810987
29,20,12,9,6,4,3,3,6,2,1,1,1,0,0,0,0,12.740586,51.399493
13,20,11,3,10,3,3,8,1,0,0,1,0,0,0,0,0,12.378787,51.392903
29,20,10,22,10,5,3,5,2,0,0,1,1,0,0,0,0,12.168577,51.303565
22,20,12,8,9,3,3,4,2,0,1,1,1,0,0,0,0,13.353127,50.913556
27,20,10,31,14,7,3,0,1,0,0,1,0,0,0,0,0,13.595974,51.14334
25,20,10,22,15,5,2,5,3,0,0,1,1,0,0,0,0,14.056633,51.22772
21,20,11,13,15,6,3,5,2,0,0,1,1,0,0,0,0,12.754053,50.721127
13,20,12,2,12,4,3,5,3,0,0,1,1,0,0,0,0,12.401806,51.351374
13,20,11,3,7,3,3,5,2,0,0,1,1,0,0,0,0,12.39937,51.363424
12,20,11,18,15,4,2,5,3,0,0,1,1,0,0,0,0,13.718963,51.096604
12,20,11,5,20,5,3,5,3,2,0,1,0,0,0,0,1,13.724941,51.043949
27,20,11,23,8,2,3,3,2,0,0,1,1,0,0,0,0,13.688354,51.099359
25,20,10,22,17,5,3,3,2,0,0,1,1,0,0,0,0,14.348213,51.098476
12,20,11,13,8,6,3,5,3,0,0,1,1,0,0,0,0,13.832958,51.061832
11,20,10,30,21,6,3,5,2,2,1,1,1,0,0,0,0,12.924392,50.832275
27,20,10,22,14,5,2,5,2,0,0,1,0,0,0,0,1,13.305421,51.058072
25,20,12,18,12,6,2,4,2,0,0,1,1,0,0,0,0,14.101683,51.27639
12,20,10,22,14,5,3,5,3,0,0,1,1,0,0,0,0,13.688855,51.061888
12,20,10,31,21,7,3,0,3,2,1,1,1,0,0,0,0,13.716495,51.077618
12,20,10,31,17,7,3,0,2,2,1,1,1,0,0,0,0,13.727846,51.084603
11,20,11,18,23,4,3,0,7,2,0,1,0,0,0,0,0,12.92849,50.827025
26,20,12,31,9,5,3,5,3,0,1,1,1,0,0,0,0,14.531663,51.539435
25,20,11,8,11,1,2,0,1,0,0,1,0,0,0,0,0,14.42695,51.166222
27,20,12,14,11,2,3,5,2,0,0,1,1,0,0,0,0,13.647336,51.14935
12,20,12,22,20,3,3,0,1,2,1,1,0,0,0,0,0,13.710135,51.08383
27,20,11,24,14,3,3,5,2,0,0,1,1,0,0,0,0,13.291004,51.290193
23,20,10,21,13,4,3,0,7,0,0,1,0,0,0,0,0,12.389648,50.352705
13,20,11,4,17,4,3,5,3,2,0,1,1,0,0,0,0,12.383695,51.343873
22,20,11,10,16,3,3,5,3,2,0,1,1,0,0,0,0,13.201366,51.076544
27,20,12,21,12,2,3,5,3,0,0,1,1,0,0,0,0,13.483069,51.168503
12,20,12,3,15,5,3,5,2,0,0,1,1,0,0,0,0,13.703872,51.087668
27,20,12,1,7,3,3,0,1,0,1,1,1,0,0,0,0,13.681434,51.102185
21,20,11,6,6,6,2,5,2,1,1,1,1,0,0,0,0,13.158042,50.646473
11,20,12,19,13,7,3,4,2,0,0,1,1,0,0,0,0,12.90238,50.771866
29,20,12,1,16,3,2,2,6,2,1,1,1,0,0,0,0,12.601896,51.240247
28,20,10,21,13,4,3,0,1,0,0,1,0,0,0,0,0,13.885725,50.980111
27,20,10,21,9,4,3,5,3,0,0,1,0,0,0,1,0,13.495714,51.177223
12,20,10,21,17,4,2,5,2,0,0,1,1,0,0,0,0,13.718954,51.096632
29,20,11,20,15,6,2,5,3,0,0,1,1,0,0,0,0,12.37727,51.272607
26,20,11,7,16,7,3,3,6,0,0,1,1,0,0,0,0,14.706011,51.110405
12,20,10,21,12,4,3,5,3,0,0,1,0,0,1,0,0,13.796623,51.075045
24,20,12,2,13,4,3,5,3,0,0,1,1,0,0,0,0,12.663499,50.785209
12,20,10,21,11,4,3,5,3,0,0,1,0,0,0,0,0,13.72719,51.058043
26,20,12,18,9,6,3,0,1,0,0,1,0,0,0,0,0,14.712717,50.963521
13,20,12,17,16,5,3,5,2,2,0,1,1,0,0,0,0,12.460835,51.367256
26,20,11,15,14,1,3,3,2,0,0,1,1,0,0,0,0,14.599204,51.007317
13,20,10,20,16,3,3,5,7,0,0,1,1,0,0,0,0,12.39441,51.336741
13,20,10,20,22,3,3,4,6,2,1,1,0,0,0,0,0,12.421745,51.308054
12,20,10,20,17,3,3,5,3,0,0,1,0,0,0,0,1,13.784271,51.067072
29,20,11,25,11,4,3,5,3,0,0,1,1,0,0,0,0,12.247833,51.167918
29,20,11,12,14,5,3,5,2,0,0,1,1,0,0,0,0,12.220216,51.301434
22,20,10,20,19,3,3,0,3,2,0,1,1,0,0,0,0,12.90387,51.077031
12,20,12,18,12,6,3,5,3,0,1,1,1,0,0,0,0,13.705559,51.084905
26,20,11,10,14,3,3,0,1,0,0,1,0,0,0,0,0,14.811587,50.897124
25,20,12,22,13,3,3,5,3,0,0,1,1,0,0,0,0,14.098479,51.461367
25,20,12,10,15,5,3,5,3,0,1,1,1,0,0,0,0,14.104079,51.279914
13,20,10,29,15,5,3,0,7,0,1,1,0,0,0,0,0,12.370558,51.376067
12,20,10,19,16,2,3,0,7,0,0,1,0,0,0,0,0,13.764792,51.064833
22,20,11,5,17,5,3,5,3,2,0,1,1,0,0,0,0,12.963856,50.994506
12,20,11,23,16,2,3,5,3,1,0,1,1,0,0,0,0,13.80134,51.150369
21,20,10,19,14,2,2,0,1,0,0,1,0,0,0,0,0,12.697971,50.588937
25,20,12,7,10,2,3,0,7,0,0,1,0,0,0,0,0,14.257641,51.446223
13,20,11,8,16,1,3,5,3,0,0,1,1,0,0,0,0,12.361433,51.314053
12,20,12,14,14,2,3,5,2,0,0,1,0,0,0,0,1,13.690197,51.073789
12,20,11,14,4,7,3,9,1,2,1,1,0,0,0,0,0,13.871349,51.061229
24,20,12,21,14,2,2,5,3,0,1,1,1,0,0,0,0,12.464885,50.708915
13,20,11,19,12,5,3,5,3,0,0,1,0,0,0,0,1,12.439149,51.294829
12,20,11,6,11,6,3,5,3,0,0,1,1,0,0,0,0,13.705106,51.044444
28,20,11,24,7,3,3,5,3,0,0,1,1,0,0,0,0,13.93447,50.967433
25,20,11,4,13,4,3,5,3,0,0,1,1,0,0,0,0,13.824823,51.17506
27,20,10,18,15,1,3,0,1,0,0,1,0,0,0,0,0,13.596892,51.143122
11,20,11,10,13,3,3,5,3,0,0,1,1,0,0,0,0,12.906292,50.84146
13,20,10,30,14,6,3,5,2,0,1,1,1,0,0,0,0,12.391979,51.346359
12,20,12,31,9,5,3,5,2,0,1,1,1,0,0,0,0,13.768369,51.019721
28,20,11,21,13,7,3,0,1,0,0,1,0,0,0,0,0,13.648206,50.997414
12,20,11,24,6,3,2,5,2,1,0,1,1,0,0,0,0,13.691124,51.042661
23,20,11,2,6,2,3,5,3,2,1,1,1,0,0,0,0,12.35359,50.66756
25,20,11,17,16,3,3,5,3,0,1,1,1,0,0,0,0,13.896644,51.113152
30,20,11,27,19,6,2,2,2,2,1,1,1,0,0,0,0,12.336105,51.533446
21,20,12,11,6,6,2,8,1,2,1,1,0,0,0,0,0,12.87588,50.776597
22,20,12,21,10,2,3,5,3,0,0,1,1,0,0,0,0,13.079047,50.847661
12,20,12,21,14,2,3,2,6,0,1,1,1,0,0,0,0,13.769103,51.013416
22,20,12,3,5,5,2,0,6,2,0,1,1,0,0,0,0,12.705771,50.93327
12,20,12,1,7,3,2,5,2,1,1,1,1,0,0,0,0,13.745355,51.048995
26,20,12,29,10,3,3,5,3,0,1,1,1,0,0,0,0,14.67085,50.89657
12,20,11,13,7,6,3,6,4,0,1,1,0,1,0,0,0,13.720921,51.041367