CSV=`UKREIS,UJAHR,UMONAT,UTAG,USTUNDE,UWOCHENTAG,UKATEGORIE,UART,UTYP,LICHT,USTRZUSTAND,IstRad,IstPKW,IstFuss,IstKrad,IstGkfz,IstSonstig,@lon,@lat
24,20,10,16,12,6,3,2,6,0,1,1,1,0,0,0,0,12.702286,50.796667
27,20,11,23,16,2,2,0,7,1,0,1,0,0,0,0,0,13.690677,51.107491
27,20,11,10,8,3,3,5,3,1,0,1,1,0,0,0,0,13.449561,51.41391
13,20,11,10,17,3,3,5,2,2,0,1,1,0,0,0,0,12.386907,51.345724
12,20,10,16,19,6,3,4,6,1,1,1,0,0,0,0,0,13.689793,51.065123
11,20,11,9,17,2,3,5,2,2,0,1,0,0,0,0,1,12.941638,50.819929
28,20,12,13,11,1,2,5,3,0,0,1,1,0,0,0,0,13.85752,50.971866
29,20,12,4,14,6,2,5,2,0,0,1,1,0,0,0,0,12.81212,51.124459
12,20,11,20,8,6,3,6,4,0,0,1,0,1,0,0,0,13.705639,51.042626
13,20,11,24,6,3,2,5,2,1,0,1,1,0,0,0,0,12.378271,51.375844
12,20,10,16,16,6,2,0,1,0,1,1,0,0,0,0,0,13.708912,51.027302
11,20,11,5,15,5,3,5,3,0,0,1,1,0,0,0,0,12.924556,50.832533
11,20,11,30,6,2,3,5,3,2,1,1,1,0,0,0,0,12.857267,50.880473
12,20,11,10,15,3,3,0,7,0,0,1,0,0,0,0,0,13.766433,51.065312
27,20,11,26,6,5,3,0,1,1,2,1,0,0,0,0,0,13.444013,51.409254
13,20,12,3,5,5,3,6,4,2,0,1,0,1,0,0,0,12.399713,51.394161
24,20,10,15,16,5,3,1,3,0,1,1,1,0,0,0,0,12.486546,50.720239
12,20,12,10,16,5,2,5,3,2,0,1,1,0,0,0,0,13.782024,51.067004
12,20,11,24,7,3,3,5,2,0,0,1,0,0,0,1,0,13.672253,51.050255
30,20,11,8,9,1,3,5,3,0,0,1,1,0,0,0,0,12.34625,51.528467
27,20,12,14,21,2,2,3,6,2,0,1,0,0,0,0,1,13.574152,51.163025
27,20,12,22,13,3,3,0,1,0,0,1,0,0,0,0,0,13.481795,51.16352
26,20,12,10,13,5,3,5,3,0,0,1,1,0,0,0,0,14.948288,51.148274
26,20,11,16,17,2,3,5,3,2,0,1,1,0,0,0,0,14.79161,50.899717
26,20,11,13,15,6,3,4,7,0,0,1,1,0,0,0,0,14.809917,50.882722
27,20,10,30,14,6,3,1,7,0,1,1,0,0,0,0,0,13.601806,51.118369
27,20,12,1,12,3,2,3,6,0,0,1,0,0,0,1,0,13.367032,51.077073
12,20,11,11,16,4,3,5,3,2,0,1,1,0,0,0,0,13.747047,51.063693
25,20,11,17,19,3,3,0,7,2,1,1,0,0,0,0,1,13.966885,51.155088
12,20,11,4,7,4,3,3,6,0,0,1,0,0,0,0,0,13.767062,51.095111
27,20,12,8,14,3,3,5,3,0,0,1,1,0,0,0,0,13.481106,51.169246
13,20,10,15,15,5,3,5,3,0,1,1,1,0,0,0,0,12.30023,51.340438
25,20,11,9,8,2,2,2,6,0,0,1,1,0,0,0,0,14.024292,51.14715
30,20,12,1,16,3,3,5,2,1,0,1,0,0,0,0,1,12.490292,51.378361
26,20,11,11,12,4,3,6,7,0,0,1,0,1,0,0,0,14.812739,51.294156
29,20,10,15,16,5,3,5,3,0,1,1,1,0,0,0,0,12.227827,51.307952
30,20,10,15,5,5,2,5,3,2,1,1,0,0,0,0,1,12.632645,51.459896
24,20,12,15,16,3,2,4,2,2,1,1,1,0,0,0,0,12.731923,50.902803
30,20,10,15,13,5,1,3,6,0,1,1,1,0,0,0,0,12.980534,51.475222
25,20,12,24,21,5,3,4,2,2,1,1,1,0,0,0,0,14.397525,51.102566
27,20,12,6,15,1,3,0,1,0,0,1,0,0,0,0,0,13.653019,51.137217
28,20,12,11,14,6,3,0,7,0,0,1,0,0,0,0,0,14.212855,51.018807
28,20,11,13,6,6,3,5,3,1,0,1,1,0,0,0,0,14.074685,50.918952
27,20,12,1,17,3,2,5,3,2,0,1,1,0,0,0,0,13.632803,51.111703
28,20,10,15,15,5,3,5,3,0,1,1,1,0,0,0,0,13.564894,50.9325
28,20,11,17,8,3,3,5,3,0,0,1,0,0,0,1,0,13.810359,50.8929
21,20,12,29,22,3,2,0,1,2,1,1,0,0,0,0,0,12.743491,50.734295
27,20,11,27,15,6,3,5,2,0,0,1,1,0,0,0,0,13.583487,51.124003
12,20,11,9,7,2,3,3,2,0,0,1,1,0,0,0,0,13.726045,51.057029
30,20,11,15,15,1,3,5,3,0,0,1,0,0,0,0,1,12.662834,51.467138
12,20,10,30,17,6,3,5,3,2,1,1,1,0,0,0,0,13.70494,51.03938
13,20,1,1,12,4,3,5,3,0,0,1,1,0,0,0,0,12.389606,51.321766
11,20,1,2,12,5,3,5,2,0,0,1,1,0,0,0,0,12.942787,50.841531
13,20,1,15,11,4,3,5,3,0,0,1,0,0,0,0,1,12.386452,51.299091
12,20,1,9,18,5,3,6,6,2,1,1,0,1,0,0,0,13.807303,51.051945
22,20,1,22,5,4,2,5,2,2,0,1,1,0,0,0,0,13.071711,50.856346
12,20,1,22,12,4,3,0,7,0,1,1,0,0,0,0,0,13.78555,51.05244
29,20,1,18,5,7,2,8,7,2,1,1,0,0,0,0,0,12.741655,51.372616
13,20,1,16,10,5,3,1,5,0,0,1,1,0,0,0,0,12.285366,51.359229
23,20,1,7,11,3,3,0,1,0,1,1,0,0,0,0,0,12.136347,50.49661
13,20,1,10,7,6,3,5,3,2,1,1,1,0,0,0,0,12.398541,51.287346
26,20,1,17,10,6,3,0,1,0,2,1,0,0,0,0,0,14.881174,51.145283
24,20,1,17,6,6,3,5,3,2,0,1,1,0,0,0,0,12.563179,50.757708
13,20,1,7,17,3,3,5,3,2,1,1,1,0,0,0,0,12.373089,51.311625
25,20,1,14,7,3,2,5,3,2,1,1,1,0,0,0,0,14.239812,51.435466
26,20,1,23,15,5,3,3,2,0,0,1,1,0,0,0,0,14.826818,51.291879
26,20,1,10,15,6,3,0,1,0,0,1,0,0,0,0,0,14.802902,50.888282
27,20,1,17,9,6,3,0,1,0,2,1,0,0,0,0,0,13.638974,51.111959
12,20,1,9,7,5,3,5,3,1,1,1,1,0,0,0,0,13.757177,51.049789
26,20,1,7,15,3,3,5,3,0,0,1,0,0,0,0,0,14.987837,51.15554
12,20,1,16,12,5,2,5,3,0,0,1,0,0,0,0,1,13.788238,51.035947
27,20,1,7,20,3,3,6,7,2,1,1,0,1,0,0,0,13.301947,51.302294
11,20,1,14,7,3,3,5,2,1,0,1,1,0,0,0,0,12.901067,50.816725
13,20,1,20,7,2,3,1,5,0,0,1,1,0,0,0,0,12.368045,51.322287
12,20,1,10,9,6,3,4,1,0,1,1,1,0,0,0,0,13.828101,51.008934
13,20,1,15,15,4,2,3,6,0,0,1,1,0,0,0,0,12.36928,51.324205
12,20,1,9,16,5,3,5,3,1,1,1,1,0,0,0,0,13.78533,51.035942
13,20,1,22,18,4,3,5,2,2,1,1,1,0,0,0,0,12.380646,51.330728
13,20,1,19,13,1,3,5,3,0,1,1,1,0,0,0,0,12.421425,51.379232
13,20,1,22,7,4,3,3,2,2,0,1,1,0,0,0,0,12.405889,51.343773
22,20,1,17,12,6,2,0,7,0,0,1,0,0,0,0,0,12.965526,50.988834
25,20,1,15,10,4,3,0,1,0,1,1,0,0,0,0,0,14.26186,51.439792
11,20,1,9,15,5,3,8,1,0,0,1,0,0,0,0,0,12.898929,50.840456
30,20,1,21,15,3,3,5,3,0,0,1,0,0,0,0,0,12.992089,51.553743
13,20,1,11,4,7,3,5,3,2,1,1,1,0,0,0,0,12.373711,51.331229
25,20,1,18,23,7,3,0,1,2,0,1,1,0,0,0,0,14.061769,51.368687
11,20,1,7,6,3,3,5,3,2,0,1,1,0,0,0,0,12.877104,50.836172
13,20,1,14,8,3,3,5,3,0,0,1,1,0,0,0,0,12.383358,51.3349
22,20,1,15,14,4,2,6,6,0,0,1,0,1,0,0,0,12.702402,50.933338
12,20,1,16,13,5,3,5,3,0,0,1,1,0,0,0,0,13.774716,51.04981
13,20,1,6,17,2,3,4,2,2,1,1,1,0,0,0,0,12.382063,51.332607
27,20,1,23,7,5,3,4,2,1,0,1,1,0,0,0,0,13.470248,51.170472
25,20,1,10,13,6,3,5,3,0,0,1,0,0,0,0,0,14.258855,51.435706
12,20,1,17,17,6,3,5,3,2,0,1,1,0,0,0,0,13.718783,51.087829
13,20,1,23,15,5,3,5,3,0,0,1,1,0,0,0,0,12.333423,51.337986
25,20,1,17,5,6,2,5,3,2,0,1,1,0,0,0,0,14.45119,51.191894
13,20,1,6,16,2,2,3,6,0,0,1,1,0,0,0,0,12.366274,51.334484
13,20,1,13,18,2,3,5,3,1,0,1,1,0,0,0,0,12.385016,51.298897
12,20,1,10,12,6,3,5,3,0,0,1,1,0,0,0,0,13.808913,51.052754
12,20,1,17,7,6,3,0,1,0,2,1,0,0,0,0,0,13.792422,51.020932
27,20,1,6,4,2,3,5,3,2,1,1,1,0,0,0,0,13.684739,51.156438
29,20,1,15,11,4,2,0,1,0,0,1,0,0,0,0,0,12.71028,51.356419
12,20,1,6,15,2,3,3,6,0,0,1,1,0,0,0,0,13.723308,51.081285
25,20,1,12,18,1,3,0,7,2,0,1,0,0,0,0,0,14.262015,51.44107
13,20,1,22,7,4,3,5,2,0,0,1,1,0,0,0,0,12.38196,51.304413
24,20,1,8,7,4,3,5,3,1,1,1,1,0,0,0,0,12.739964,50.862907
13,20,1,21,5,3,3,5,3,2,0,1,1,0,0,0,0,12.396538,51.308908
30,20,1,9,11,5,3,5,2,0,1,1,1,0,0,0,0,12.995984,51.557908
13,20,1,16,7,5,3,3,2,0,0,1,0,0,0,0,1,12.347904,51.328775
12,20,1,6,11,2,3,5,3,0,0,1,1,0,0,0,0,13.777199,51.060058
11,20,1,15,14,4,3,4,5,0,0,1,1,0,0,0,0,12.891507,50.800987
29,20,1,9,7,5,3,5,3,2,1,1,1,0,0,0,0,12.500027,51.12942
12,20,1,16,12,5,2,5,3,0,0,1,1,0,0,0,0,13.760676,51.049202
11,20,1,6,6,2,3,1,7,2,1,1,1,0,0,0,0,12.911901,50.798689
25,20,1,23,8,5,2,5,3,0,1,1,1,0,0,0,0,14.25018,51.441816
28,20,1,17,8,6,3,0,1,2,2,1,0,0,0,0,0,13.937988,50.971958
13,20,1,8,10,4,3,5,3,0,1,1,1,0,0,0,0,12.368241,51.288672
12,20,1,13,17,2,3,0,1,1,0,1,0,0,0,0,0,13.747071,51.071798
13,20,1,22,9,4,3,5,3,0,1,1,1,0,0,0,0,12.37114,51.328933
11,20,1,14,19,3,3,5,3,2,0,1,1,0,0,0,0,12.941788,50.844979
24,20,1,20,12,2,3,0,3,0,0,1,1,0,0,0,0,12.448134,50.83912
12,20,1,10,13,6,3,3,2,0,0,1,1,0,0,0,0,13.690495,51.054388
12,20,1,17,11,6,3,2,6,0,0,1,1,0,0,0,0,13.749704,51.076164
12,20,1,5,9,1,3,0,1,0,2,1,0,0,0,0,0,13.677302,51.052409
13,20,1,8,18,4,2,4,6,2,1,1,0,0,0,0,1,12.393323,51.405617
23,20,1,16,17,5,2,0,7,2,0,1,0,0,0,0,0,12.152092,50.506087
25,20,1,15,7,4,3,0,1,0,0,1,0,0,0,0,0,14.020433,51.143134
21,20,1,5,16,1,2,0,1,1,1,1,0,0,0,0,0,12.65769,50.539142
12,20,1,22,15,4,3,4,2,0,1,1,1,0,0,0,0,13.768176,51.045397
13,20,1,4,14,7,2,5,3,0,1,1,1,0,0,0,0,12.365325,51.362454
13,20,1,23,6,5,3,5,3,1,1,1,1,0,0,0,0,12.408647,51.359948
25,20,1,21,6,3,3,4,2,2,1,1,1,0,0,0,0,14.268141,51.434464
13,20,1,10,6,6,2,1,5,2,1,1,1,0,0,0,0,12.395309,51.343453
13,20,1,9,17,5,3,5,3,2,1,1,1,0,0,0,0,12.373,51.309707
13,20,1,21,17,3,3,5,3,2,0,1,1,0,0,0,0,12.263838,51.306836
11,20,1,11,19,7,3,0,1,2,0,1,0,0,0,0,0,12.881048,50.833648
13,20,1,17,5,6,3,3,6,2,0,1,1,0,0,0,0,12.378909,51.317581
12,20,1,16,7,5,3,1,5,1,0,1,1,0,0,0,0,13.796065,51.044821
27,20,1,4,11,7,2,0,1,0,0,1,0,0,0,0,0,13.264208,51.32944
26,20,1,23,9,5,3,5,3,0,0,1,1,0,0,0,0,14.980737,51.151152
27,20,1,17,8,6,3,0,1,0,2,1,0,0,0,0,0,13.650761,51.129903
30,20,1,13,6,2,3,5,3,2,1,1,1,0,0,0,0,12.980469,51.562537
12,20,1,10,17,6,3,0,7,2,1,1,0,0,0,0,0,13.806729,51.052102
12,20,1,17,7,6,3,6,2,1,0,1,0,1,0,0,0,13.80884,51.038005
13,20,1,15,19,4,2,6,4,2,0,1,0,1,0,0,0,12.369603,51.338137
13,20,1,3,17,6,3,5,2,2,1,1,0,0,0,0,1,12.39247,51.334145
30,20,1,12,11,1,3,0,7,0,0,1,0,0,0,0,0,12.972671,51.552525
13,20,1,22,15,4,3,1,5,0,1,1,1,0,0,0,0,12.292313,51.317926
22,20,1,10,16,6,3,0,7,0,0,1,0,0,0,0,0,13.109894,51.122438
27,20,1,15,17,4,3,7,7,2,0,1,0,0,0,0,0,13.648703,51.09897
12,20,1,8,7,4,2,5,3,2,1,1,1,0,0,0,0,13.761337,51.051927
13,20,1,11,10,7,3,1,5,0,0,1,1,0,0,0,0,12.330509,51.339974
25,20,1,17,6,6,3,0,1,2,2,1,0,0,0,0,0,13.912621,51.112311
12,20,1,16,7,5,3,0,1,1,0,1,0,0,0,0,0,13.783801,51.053502
12,20,1,3,16,6,3,0,7,2,1,1,0,0,0,0,0,13.808913,51.052754
12,20,1,23,19,5,3,3,2,2,0,1,1,0,0,0,0,13.800706,51.041316
13,20,1,14,18,3,3,0,7,2,0,1,0,0,0,0,0,12.398529,51.360995
11,20,1,3,22,6,3,4,6,2,1,1,0,0,0,0,0,12.892277,50.819455
12,20,1,21,8,3,3,5,3,0,0,1,1,0,0,0,0,13.808456,51.045294
29,20,1,10,12,6,3,5,3,0,0,1,1,0,0,0,0,12.54335,51.354389
11,20,1,3,2,6,3,0,1,2,1,1,0,0,0,0,0,12.929213,50.818161
13,20,1,20,7,2,3,1,5,2,0,1,1,0,0,0,0,12.400441,51.329532
12,20,1,10,15,6,1,2,2,0,0,1,1,0,0,0,0,13.78395,51.017597
12,20,1,17,8,6,3,5,2,0,0,1,0,0,0,0,0,13.768785,51.043798
12,20,1,17,8,6,3,0,1,0,2,1,0,0,0,0,0,13.722242,51.03002
13,20,1,15,2,4,3,6,4,2,0,1,0,1,0,0,0,12.373616,51.321529
25,20,1,9,13,5,3,6,4,0,1,1,0,1,0,0,0,14.237913,51.435602
26,20,1,9,15,5,3,1,5,0,1,1,1,0,0,0,0,14.98996,51.144436
24,20,1,16,13,5,3,5,3,0,0,1,1,0,0,0,0,12.510544,50.619017
13,20,1,2,13,5,3,5,3,0,0,1,0,0,0,0,1,12.363121,51.373195
13,20,1,21,18,3,2,5,3,2,0,1,0,0,0,0,1,12.396248,51.301189
13,20,2,7,8,6,3,0,7,0,0,1,1,0,0,0,0,12.381691,51.320233
30,20,2,7,18,6,3,5,3,0,0,1,1,0,0,0,0,12.653477,51.465856
27,20,1,27,9,2,2,0,1,0,2,1,0,0,0,0,0,13.484914,51.160021
25,20,2,7,12,6,3,0,1,0,1,1,0,0,0,0,0,13.927216,51.121254
27,20,1,27,6,2,3,0,1,2,2,1,0,0,0,0,0,13.658866,51.09386
26,20,2,7,16,6,3,5,3,1,1,1,1,0,0,0,0,14.96892,51.152411
28,20,1,27,9,2,3,0,1,0,2,1,0,0,0,0,0,13.65946,51.011705
12,20,2,7,12,6,3,0,1,0,1,1,0,0,0,0,0,13.735049,51.03359
13,20,2,11,15,3,3,5,3,0,1,1,1,0,0,0,0,12.419545,51.318237
12,20,2,7,16,6,3,3,2,0,1,1,1,0,0,0,0,13.729111,51.050952
11,20,2,7,12,6,3,0,1,0,1,1,0,0,0,0,0,12.922026,50.833679
12,20,1,27,8,2,3,0,1,0,2,1,0,0,0,0,0,13.718828,51.051281
12,20,1,27,6,2,3,0,1,2,2,1,0,0,0,0,0,13.831739,50.999633
12,20,1,27,7,2,3,5,3,0,1,1,1,0,0,0,0,13.790931,51.021386
11,20,2,6,17,5,2,5,3,2,0,1,1,0,0,0,0,12.928437,50.836184
12,20,1,27,10,2,2,0,1,0,2,1,0,0,0,0,0,13.743102,51.023485
13,20,2,5,5,4,3,6,6,2,1,1,0,1,0,0,0,12.26794,51.320749
12,20,1,27,10,2,3,0,1,0,2,1,0,0,0,0,0,13.853119,51.055099
24,20,2,9,12,1,2,5,3,0,0,1,1,0,0,0,0,12.567768,50.752174
13,20,2,5,6,4,3,5,3,2,0,1,1,0,0,0,0,12.331164,51.371991
12,20,1,27,9,2,3,0,1,0,2,1,0,0,0,0,0,13.748344,51.071778
12,20,2,12,15,4,3,0,3,0,1,1,1,0,0,0,0,13.698505,51.074236
13,20,2,5,17,4,3,0,7,2,0,1,1,0,0,0,0,12.362677,51.338998
13,20,2,5,0,4,3,6,4,2,0,1,0,1,0,0,0,12.313203,51.281627
12,20,1,27,7,2,3,0,1,0,2,1,0,0,0,0,0,13.7732,51.043024
12,20,2,5,10,4,3,5,2,0,0,1,1,0,0,0,0,13.806552,51.037377
12,20,1,27,7,2,2,0,1,1,2,1,0,0,0,0,0,13.743772,51.053444
12,20,1,27,6,2,3,0,1,1,2,1,0,0,0,0,0,13.774513,51.060594
29,20,2,4,15,3,3,5,3,0,0,1,1,0,0,0,0,12.499681,51.124847
12,20,1,27,8,2,2,0,1,0,2,1,0,0,0,0,0,13.76252,51.037436
12,20,1,27,8,2,3,0,1,0,2,1,0,0,0,0,0,13.761628,51.036615
25,20,2,4,7,3,3,5,3,1,1,1,1,0,0,0,0,14.115632,51.288353
30,20,2,11,9,3,2,0,7,0,1,1,0,0,0,0,0,13.112968,51.294474
12,20,2,4,16,3,3,5,3,0,0,1,1,0,0,0,0,13.769337,51.110724
12,20,1,27,7,2,3,2,2,0,1,1,1,0,0,0,0,13.775716,51.050821
12,20,2,4,6,3,3,5,3,2,1,1,1,0,0,0,0,13.717805,51.048702
12,20,2,14,14,6,3,5,3,0,0,1,1,0,0,0,0,13.811149,51.00922
24,20,2,3,9,2,3,6,7,0,0,1,0,1,0,0,0,12.499444,50.719808
23,20,2,3,9,2,3,2,6,0,1,1,1,0,0,0,0,12.305072,50.619889
11,20,1,27,16,2,3,5,3,0,0,1,0,0,0,0,0,12.929427,50.840462
13,20,2,3,6,2,3,5,3,2,1,1,1,0,0,0,0,12.357973,51.344104
13,20,2,3,15,2,3,6,4,0,0,1,0,1,0,0,0,12.309492,51.349735
13,20,2,8,11,7,3,5,3,0,0,1,1,0,0,0,0,12.307685,51.311978
13,20,2,8,20,7,3,1,5,2,0,1,1,0,0,0,0,12.413172,51.323641
12,20,2,3,6,2,3,5,3,2,1,1,1,0,0,0,0,13.769626,51.051108
13,20,2,2,18,1,3,3,5,2,1,1,1,0,0,0,0,12.413164,51.345149
13,20,2,10,9,2,3,5,2,0,0,1,1,0,0,0,0,12.385344,51.34118
12,20,2,2,15,1,3,5,3,1,1,1,1,0,0,0,0,13.711988,51.080986
12,20,2,2,18,1,3,6,4,2,1,1,0,1,0,0,0,13.749156,51.064437
13,20,1,26,18,1,2,5,3,2,0,1,1,0,0,0,0,12.326906,51.339091
12,20,2,2,17,1,2,5,3,2,1,1,1,0,0,0,0,13.724277,51.054006
30,20,2,1,12,7,3,5,3,0,0,1,1,0,0,0,0,13.095534,51.298346
13,20,2,1,20,7,3,5,3,2,1,1,1,0,0,0,0,12.373361,51.353061
13,20,2,1,12,7,2,5,3,0,0,1,1,0,0,0,0,12.374118,51.303343
12,20,2,1,11,7,3,1,5,0,0,1,1,0,0,0,0,13.75959,51.054487
12,20,2,1,0,7,3,5,3,2,0,1,1,0,0,0,0,13.777866,51.053986
30,20,1,31,6,6,3,5,7,2,0,1,0,0,0,0,0,12.994298,51.554263
13,20,1,31,23,6,2,5,3,2,0,1,1,0,0,0,0,12.36218,51.332099
26,20,1,25,22,7,3,0,1,2,2,1,0,0,0,0,0,14.952613,51.148877
13,20,1,31,17,6,3,5,2,2,0,1,1,0,0,0,0,12.377165,51.333214
27,20,1,31,8,6,3,0,1,0,0,1,0,0,0,0,0,13.650394,51.110124
12,20,1,31,10,6,3,0,1,0,0,1,0,0,0,0,0,13.758331,51.029816
13,20,2,13,10,5,3,5,3,0,0,1,1,0,0,0,0,12.395305,51.399995
12,20,1,31,13,6,3,6,6,0,0,1,0,1,0,0,0,13.74108,51.057455
12,20,1,31,8,6,2,1,1,0,1,1,1,0,0,0,0,13.787531,51.054053
22,20,1,31,15,6,3,9,1,0,0,1,0,0,0,0,0,12.798259,50.888717
12,20,2,13,21,5,2,0,1,2,1,1,0,0,0,0,0,13.752029,51.066844
30,20,1,30,12,5,3,1,5,0,0,1,0,0,0,0,1,13.00313,51.366684
26,20,2,8,14,7,3,5,3,0,0,1,1,0,0,0,0,14.995739,51.155262
13,20,1,30,10,5,3,5,3,0,0,1,1,0,0,0,0,12.395795,51.363289
13,20,1,30,15,5,3,5,3,0,0,1,1,0,0,0,0,12.37489,51.359999
25,20,1,30,9,5,3,4,2,0,1,1,1,0,0,0,0,14.242886,51.440573
25,20,1,30,7,5,3,4,2,2,0,1,1,0,0,0,0,14.411526,51.184842
21,20,1,25,14,7,2,5,3,0,0,1,1,0,0,0,0,12.685946,50.734784
12,20,1,30,7,5,3,5,3,1,0,1,1,0,0,0,0,13.770204,51.028896
13,20,1,24,16,6,3,4,6,0,0,1,1,0,0,0,0,12.289598,51.312923
13,20,2,13,14,5,2,5,3,0,0,1,1,0,0,0,0,12.408662,51.359997
13,20,1,29,13,4,2,5,2,0,0,1,1,0,0,0,0,12.403072,51.345685
13,20,1,24,22,6,3,5,3,2,1,1,0,0,0,0,1,12.392291,51.382065
12,20,1,29,6,4,2,8,1,2,1,1,0,0,0,0,0,13.724788,51.077062
23,20,1,28,12,3,3,0,1,0,1,1,0,0,0,0,0,12.137255,50.479616
13,20,1,28,7,3,3,5,3,0,1,1,1,0,0,0,0,12.399436,51.376404
13,20,1,24,8,6,3,0,1,0,0,1,0,0,0,0,0,12.389781,51.362866
12,20,1,24,16,6,2,5,3,0,0,1,1,0,0,0,0,13.740763,51.047244
12,20,1,28,15,3,3,5,3,0,1,1,0,0,0,0,1,13.75065,51.047524
11,20,1,24,15,6,2,5,3,0,0,1,1,0,0,0,0,12.926615,50.850088
12,20,1,28,10,3,3,0,1,0,0,1,1,0,0,0,0,13.670272,51.029662
11,20,1,28,13,3,3,5,3,0,1,1,1,0,0,0,0,12.901078,50.816493
12,20,2,14,6,6,3,5,3,2,1,1,1,0,0,0,0,13.751503,51.050793
13,20,1,27,11,2,3,0,7,0,0,1,1,0,0,0,0,12.370863,51.338253
13,20,2,11,19,3,3,5,3,2,0,1,1,0,0,0,0,12.361805,51.332552
24,20,1,23,14,5,3,5,3,0,0,1,1,0,0,0,0,12.485412,50.70341
30,20,1,27,7,2,3,4,2,1,1,1,1,0,0,0,0,12.323629,51.533565
13,20,1,27,18,2,3,5,3,2,1,1,1,0,0,0,0,12.366723,51.325194
13,20,1,27,9,2,3,5,3,0,0,1,1,0,0,0,0,12.340312,51.325039
13,20,1,27,12,2,3,1,7,0,0,1,0,0,0,0,1,12.327166,51.334935
13,20,2,13,16,5,3,5,2,0,1,1,1,0,0,0,0,12.335812,51.327634
13,20,1,27,7,2,3,5,2,1,0,1,1,0,0,0,0,12.330761,51.372135
13,20,1,27,18,2,3,6,4,2,1,1,0,1,0,0,0,12.380189,51.339254
12,20,2,10,18,2,3,5,3,2,1,1,1,0,0,0,0,13.771087,51.046158
26,20,1,27,7,2,3,0,1,1,1,1,0,0,0,0,0,14.808764,50.895044
26,20,2,11,12,3,3,0,1,0,0,1,0,0,0,0,0,14.982716,51.154134
13,20,3,6,8,6,3,3,5,0,0,1,0,0,0,0,1,12.418744,51.34487
29,20,2,28,13,6,3,9,1,0,0,1,1,0,0,0,0,12.690737,51.056196
12,20,2,26,15,4,3,3,6,0,1,1,1,0,0,0,0,13.738758,51.054103
28,20,3,4,8,4,2,0,1,0,2,1,0,0,0,0,0,14.209358,51.022001
12,20,3,2,7,2,3,6,6,0,0,1,0,1,0,0,0,13.713168,51.077529
26,20,3,5,14,5,3,3,6,0,0,1,1,0,0,0,0,14.584612,51.418607
26,20,2,25,16,3,2,4,2,0,1,1,1,0,0,0,0,14.755192,51.028666
12,20,2,28,17,6,3,5,3,0,0,1,1,0,0,0,0,13.744964,51.072368
13,20,3,5,7,5,3,4,2,0,0,1,1,0,0,0,0,12.396166,51.301187
12,20,3,4,17,4,3,5,3,0,0,1,1,0,0,0,0,13.793836,51.05186
12,20,2,21,17,6,3,5,2,1,0,1,1,0,0,0,0,13.781453,51.043826
13,20,3,2,7,2,3,1,5,0,1,1,1,0,0,0,0,12.373483,51.316996
12,20,3,5,7,5,3,5,2,0,0,1,1,0,0,0,0,13.755927,51.055875
30,20,3,3,16,3,3,5,3,0,0,1,1,0,0,0,0,12.332952,51.525125
11,20,3,4,18,4,3,5,3,2,0,1,1,0,0,0,0,12.908435,50.841161
13,20,2,20,22,5,3,5,3,2,0,1,1,0,0,0,0,12.395772,51.363301
30,20,2,29,18,7,3,0,1,2,1,1,0,0,0,0,0,12.331177,51.530677
27,20,3,7,18,7,3,5,3,2,0,1,1,0,0,0,0,13.576215,51.122443
13,20,3,3,10,3,3,5,2,0,1,1,1,0,0,0,0,12.310724,51.349164
13,20,2,20,9,5,3,5,3,0,0,1,1,0,0,0,0,12.38013,51.330242
12,20,2,29,13,7,3,5,3,0,0,1,1,0,0,0,0,13.757861,51.075797
11,20,2,24,3,2,3,0,7,2,1,1,1,0,0,0,0,12.919261,50.847339
12,20,3,9,22,2,3,6,7,2,0,1,0,1,0,0,0,13.788216,51.036943
27,20,3,4,15,4,3,5,2,0,0,1,1,0,0,0,0,13.599174,51.110813
25,20,2,19,14,4,3,5,3,0,0,1,1,0,0,0,0,14.248838,51.440138
13,20,3,2,7,2,3,5,3,0,1,1,1,0,0,0,0,12.355369,51.348796
12,20,3,2,15,2,3,5,3,0,0,1,1,0,0,0,0,13.765553,51.048359
13,20,3,4,9,4,3,3,2,0,0,1,1,0,0,0,0,12.405752,51.331753
13,20,3,5,10,5,3,5,3,0,0,1,1,0,0,0,0,12.395573,51.346081
24,20,2,25,14,3,3,1,5,0,0,1,1,0,0,0,0,12.608594,50.789451
12,20,3,4,15,4,2,5,3,0,0,1,1,0,0,0,0,13.775011,51.038134
12,20,3,5,13,5,3,0,7,0,0,1,0,0,0,0,0,13.737104,51.050172
30,20,2,18,18,3,3,5,2,2,1,1,0,0,0,0,1,13.003937,51.560338
13,20,2,26,21,4,3,5,3,2,0,1,1,0,0,0,0,12.393166,51.336919
29,20,2,18,0,3,3,5,3,2,0,1,1,0,0,0,0,12.513534,51.143188
13,20,3,3,6,3,3,0,1,1,1,1,0,0,0,0,0,12.378708,51.345631
13,20,2,18,6,3,3,5,3,1,0,1,1,0,0,0,0,12.417449,51.316076
13,20,2,23,15,1,2,1,1,0,1,1,1,0,0,0,0,12.373706,51.35167
12,20,2,25,13,3,3,5,3,0,0,1,1,0,0,0,0,13.848284,51.007245