CSV=`UKREIS,UJAHR,UMONAT,UTAG,USTUNDE,UWOCHENTAG,UKATEGORIE,UART,UTYP,LICHT,USTRZUSTAND,IstRad,IstPKW,IstFuss,IstKrad,IstGkfz,IstSonstig,@lon,@lat
26,20,2,26,14,4,3,4,2,0,1,1,1,0,0,0,0,14.634088,51.517052
13,20,3,9,19,2,3,5,3,2,0,1,1,0,0,0,0,12.362665,51.338972
13,20,3,4,17,4,3,3,2,0,0,1,1,0,0,0,0,12.393203,51.336947
27,20,3,6,12,6,3,5,3,0,0,1,0,0,0,0,1,13.604734,51.11326
12,20,2,25,15,3,3,0,1,0,1,1,0,0,0,0,0,13.808788,51.050478
27,20,2,28,12,6,3,5,2,0,0,1,1,0,0,0,0,13.270953,51.298511
24,20,2,24,18,2,3,6,6,2,1,1,0,1,0,0,0,12.506743,50.672038
12,20,2,26,15,4,2,6,4,0,1,1,0,1,0,0,0,13.758336,51.05307
25,20,3,4,7,4,3,4,2,0,1,1,1,0,0,0,0,14.244289,51.435177
13,20,2,18,16,3,2,5,3,0,0,1,1,0,0,0,0,12.401877,51.364027
11,20,3,3,12,3,3,5,3,0,1,1,1,0,0,0,0,12.958767,50.821927
27,20,2,18,11,3,2,0,7,0,0,1,0,0,0,0,0,13.291834,51.28965
28,20,3,2,8,2,3,0,1,0,1,1,0,0,0,0,0,13.667861,50.844126
30,20,3,8,12,1,3,1,5,0,0,1,1,0,0,0,0,12.381583,51.424585
11,20,3,4,8,4,3,4,2,0,0,1,1,0,0,0,0,12.91654,50.845038
12,20,3,9,20,2,3,0,7,2,0,1,0,0,0,0,0,13.686632,51.041307
12,20,2,18,8,3,3,5,2,0,0,1,1,0,0,0,0,13.697394,51.086281
13,20,3,2,5,2,2,3,6,2,1,1,1,0,0,0,0,12.373148,51.311688
12,20,2,18,8,3,2,5,3,0,0,1,1,0,0,0,0,13.70572,51.090569
13,20,2,24,8,2,3,5,3,0,0,1,0,0,0,0,1,12.314998,51.325888
12,20,2,27,15,5,3,5,3,0,0,1,1,0,0,0,0,13.764611,51.067142
12,20,3,5,9,5,3,3,5,0,0,1,1,0,0,0,0,13.764537,51.015739
13,20,2,17,15,2,3,5,2,0,0,1,1,0,0,0,0,12.358017,51.33536
12,20,2,23,19,1,3,0,1,2,1,1,0,0,0,0,0,13.832555,51.02949
13,20,2,17,14,2,3,5,3,0,0,1,1,0,0,0,0,12.310599,51.317374
13,20,2,29,1,7,3,8,1,2,1,1,0,0,0,0,0,12.305068,51.313321
25,20,2,17,17,2,2,0,2,1,0,1,1,0,0,0,0,14.442396,51.186287
13,20,3,3,7,3,3,5,3,0,1,1,1,0,0,0,0,12.307286,51.355669
12,20,2,17,8,2,3,5,3,0,0,1,1,0,0,0,0,13.700048,51.041795
13,20,2,24,15,2,3,1,5,0,1,1,1,0,0,0,0,12.3923,51.297024
13,20,2,24,17,2,3,1,6,0,1,1,1,0,0,0,0,12.408646,51.359946
12,20,3,6,10,6,3,5,3,0,0,1,1,0,0,0,0,13.756562,51.055092
13,20,2,26,16,4,2,0,4,0,0,1,0,1,0,0,0,12.392808,51.328523
30,20,3,4,7,4,3,4,6,0,0,1,0,0,0,0,0,12.346327,51.522918
30,20,3,6,13,6,3,6,4,0,0,1,0,1,0,0,0,12.6546,51.466807
12,20,2,17,7,2,3,0,1,0,1,1,0,0,0,0,0,13.837429,51.024875
13,20,2,28,10,6,3,3,2,0,1,1,1,0,0,0,0,12.32697,51.332787
12,20,2,26,9,4,3,0,1,0,1,1,0,0,0,0,0,13.758392,51.02971
27,20,3,4,17,4,3,0,1,1,1,1,0,0,0,0,0,13.298494,51.307767
29,20,2,27,15,5,3,1,5,0,0,1,1,0,0,0,0,12.36517,51.286083
12,20,2,28,13,6,3,5,3,0,1,1,1,0,0,0,0,13.737924,51.074291
13,20,3,5,11,5,2,3,6,0,0,1,0,0,0,1,0,12.361736,51.363396
25,20,2,16,14,1,3,5,3,0,1,1,1,0,0,0,0,13.923207,51.115797
13,20,3,2,12,2,3,3,2,0,0,1,1,0,0,0,0,12.381612,51.350913
13,20,3,7,17,7,2,5,2,0,0,1,1,0,0,0,0,12.36972,51.324477
11,20,2,16,15,1,3,0,7,0,0,1,0,0,0,0,0,12.942584,50.813565
25,20,3,5,21,5,3,6,4,2,0,1,0,1,0,0,0,14.239562,51.437715
12,20,3,8,12,1,3,5,2,0,0,1,1,0,0,0,0,13.74179,51.043202
22,20,3,4,17,4,2,5,3,0,0,1,1,0,0,0,0,13.03171,50.914437
13,20,2,24,8,2,3,5,3,0,0,1,1,0,0,0,0,12.371068,51.328889
13,20,2,15,19,7,3,4,6,0,0,1,0,0,0,0,0,12.407309,51.346199
28,20,2,22,12,7,3,5,3,0,0,1,1,0,0,0,0,13.927834,50.952009
12,20,2,29,15,7,3,0,1,0,1,1,0,0,0,0,0,13.782721,51.050668
27,20,2,22,8,7,2,0,7,0,0,1,0,0,0,0,0,13.679386,51.099574
13,20,2,29,4,7,3,5,3,2,1,1,1,0,0,0,0,12.359218,51.334482
30,20,3,9,20,2,2,5,3,2,1,1,1,0,0,0,0,12.662755,51.468078
12,20,3,3,21,3,3,3,6,2,0,1,1,0,0,0,0,13.815833,51.016539
13,20,2,15,14,7,3,5,2,0,0,1,1,0,0,0,0,12.362705,51.338943
12,20,3,9,7,2,3,3,6,0,0,1,1,0,0,0,0,13.810857,51.018821
27,20,3,4,15,4,3,5,3,0,0,1,1,0,0,0,0,13.678639,51.099843
13,20,2,15,6,7,3,5,3,1,0,1,1,0,0,0,0,12.40738,51.325984
11,20,3,6,13,6,3,5,2,0,1,1,0,0,0,0,0,12.830936,50.819265
13,20,2,15,1,7,2,0,1,2,1,1,0,0,0,0,0,12.406182,51.347596
25,20,3,4,20,4,3,0,1,2,1,1,0,0,0,0,0,14.267886,51.433485
13,20,2,15,19,7,2,2,6,2,0,1,1,0,0,0,0,12.45762,51.313475
27,20,3,2,16,2,3,5,3,0,0,1,1,0,0,0,0,13.542398,51.29509
13,20,3,5,7,5,3,3,2,0,0,1,1,0,0,0,0,12.362708,51.33894
13,20,2,25,14,3,3,5,3,0,0,1,1,0,0,0,0,12.371135,51.328925
25,20,2,15,11,7,3,5,3,0,0,1,1,0,0,0,0,14.230913,51.440215
13,20,3,2,14,2,3,5,3,0,0,1,1,0,0,0,0,12.299754,51.268308
12,20,2,15,12,7,2,0,1,0,0,1,0,0,0,0,0,13.84287,51.001799
25,20,2,27,16,5,3,0,7,0,0,1,0,1,0,0,0,14.453985,51.174786
28,20,3,5,9,5,3,5,3,0,0,1,1,0,0,0,0,13.937394,50.959612
13,20,3,7,14,7,3,3,2,0,0,1,1,0,0,0,0,12.388092,51.338148
13,20,2,26,7,4,3,3,3,0,1,1,1,0,0,0,0,12.364094,51.327708
13,20,2,14,6,6,2,5,3,2,1,1,1,0,0,0,0,12.452782,51.325813
28,20,2,24,7,2,3,5,3,0,0,1,1,0,0,0,0,13.936243,50.98988
28,20,2,26,10,4,3,5,7,0,1,1,1,0,0,0,0,14.225648,51.037582
13,20,3,4,13,4,3,5,3,0,0,1,1,0,0,0,0,12.336564,51.328828
27,20,4,2,9,5,3,5,3,0,0,1,1,0,0,0,0,13.261395,51.302751
27,20,4,2,16,5,3,0,1,0,0,1,0,0,0,0,0,13.576806,51.12303
23,20,3,14,14,7,2,2,6,0,0,1,0,0,0,0,0,12.136241,50.497822
12,20,4,2,16,5,2,5,3,0,0,1,1,0,0,0,0,13.779063,51.038007
12,20,4,2,18,5,3,0,1,0,0,1,0,0,0,0,0,13.773665,51.048748
12,20,4,2,11,5,2,0,1,0,0,1,0,0,0,0,0,13.788711,51.043436
12,20,4,2,16,5,3,0,1,0,0,1,0,0,0,0,0,13.741484,51.070009
24,20,4,1,10,4,2,5,2,0,0,1,1,0,0,0,0,12.491933,50.721582
12,20,4,7,16,3,3,4,6,0,0,1,1,0,0,0,0,13.647336,51.092037
30,20,4,1,14,4,3,1,5,0,0,1,1,0,0,0,0,13.098752,51.30359
12,20,4,1,14,4,3,0,1,0,0,1,0,0,0,0,0,13.710788,51.077549
12,20,4,1,20,4,3,3,6,2,0,1,0,0,0,0,0,13.756914,51.055235
13,20,3,14,9,7,3,5,3,0,0,1,1,0,0,0,0,12.296207,51.317627
25,20,3,14,8,7,2,5,3,0,0,1,1,0,0,0,0,14.024155,51.142977
13,20,3,31,13,3,3,5,2,0,0,1,1,0,0,0,0,12.306376,51.351328
26,20,3,31,17,3,3,8,7,0,0,1,0,0,0,0,0,14.805501,50.899602
21,20,4,7,7,3,2,0,7,0,0,1,0,0,0,0,0,12.71701,50.584534
28,20,3,14,21,7,2,0,1,2,0,1,0,0,0,0,0,13.667257,50.895011
12,20,4,4,19,7,2,0,7,0,0,1,0,0,0,0,0,13.760722,51.071652
11,20,3,31,5,3,2,5,3,1,1,1,1,0,0,0,0,12.95581,50.835964
13,20,4,6,21,2,3,5,3,2,0,1,1,0,0,0,0,12.308358,51.320995
23,20,3,30,6,2,3,4,2,1,1,1,1,0,0,0,0,12.147813,50.506815
30,20,3,30,14,2,3,2,2,0,0,1,1,0,0,0,0,12.342564,51.52764
12,20,3,30,12,2,3,3,3,0,0,1,0,0,0,0,1,13.76563,51.015717
12,20,3,30,11,2,3,0,1,0,0,1,0,0,0,0,0,13.777095,51.059952
11,20,4,6,20,2,2,5,3,2,0,1,1,0,0,0,0,12.896129,50.797331
12,20,3,30,8,2,2,5,3,0,0,1,1,0,0,0,0,13.756222,51.072878
11,20,3,30,12,2,2,5,3,0,0,1,1,0,0,0,0,12.902316,50.788687
27,20,4,6,7,2,2,0,1,0,0,1,0,0,0,0,0,13.694552,51.095984
12,20,4,4,16,7,3,0,1,0,0,1,0,0,0,0,0,13.8381,51.050393
27,20,3,28,18,7,3,5,2,0,0,1,1,0,0,0,0,13.272483,51.304638
27,20,3,28,14,7,3,5,3,0,0,1,0,0,0,0,0,13.548114,51.146433
12,20,3,28,14,7,3,5,3,0,0,1,0,0,0,0,1,13.716903,51.093554
12,20,3,28,19,7,3,5,3,2,0,1,1,0,0,0,0,13.725221,51.050203
12,20,3,13,7,6,2,0,5,0,0,1,0,0,0,0,1,13.678253,51.048488
12,20,3,28,15,7,3,0,1,0,0,1,0,0,0,0,0,13.828066,51.032484
12,20,3,28,0,7,1,8,1,2,0,1,0,0,0,0,0,13.742042,51.024842
21,20,3,28,8,7,3,1,5,0,0,1,1,0,0,0,0,12.737112,50.723954
22,20,3,28,11,7,3,8,1,0,0,1,0,0,0,0,0,13.319812,50.871795
11,20,3,28,7,7,2,8,1,0,0,1,0,0,0,0,0,12.905142,50.768636
27,20,4,7,16,3,3,0,1,0,0,1,0,0,0,0,0,13.674777,51.155369
30,20,3,27,14,6,3,6,6,0,0,1,0,1,0,0,0,13.098176,51.299775
30,20,3,12,7,5,3,5,3,0,0,1,1,0,0,0,0,12.996417,51.558349
12,20,3,27,14,6,3,5,3,0,0,1,1,0,0,0,0,13.69307,51.038735
12,20,4,7,17,3,3,0,1,0,0,1,0,1,0,0,0,13.759274,51.060915
13,20,3,26,14,5,3,5,2,0,0,1,0,0,0,0,1,12.402489,51.338936
13,20,3,12,8,5,3,5,3,0,0,1,1,0,0,0,0,12.37804,51.337122
25,20,3,12,7,5,2,5,3,0,0,1,1,0,0,0,0,14.431315,51.177883
11,20,3,26,6,5,3,5,3,0,0,1,0,0,0,1,0,12.854467,50.86602
11,20,3,26,18,5,2,8,7,0,0,1,0,0,0,0,0,12.936456,50.807699
12,20,3,12,6,5,3,5,3,0,0,1,1,0,0,0,0,13.760255,51.023323
12,20,4,3,14,6,3,0,1,0,0,1,1,0,0,0,0,13.744007,51.068341
13,20,4,5,20,1,2,9,1,2,0,1,0,0,0,0,0,12.340899,51.367163
28,20,3,25,9,4,2,0,1,0,0,1,0,0,0,0,0,13.940277,50.964189
12,20,4,6,17,2,3,3,3,0,0,1,0,0,0,0,0,13.800205,51.057383
12,20,3,25,7,4,3,5,2,0,0,1,1,0,0,0,0,13.745502,51.068295
24,20,3,24,14,3,3,3,6,0,0,1,1,0,0,0,0,12.371435,50.748329
23,20,3,24,17,3,3,4,6,0,0,1,1,0,0,0,0,12.111241,50.490637
12,20,4,5,13,1,3,0,1,0,0,1,0,0,0,0,0,13.83033,51.031707
30,20,4,7,20,3,2,0,1,1,0,1,0,0,0,0,0,12.559391,51.414138
25,20,3,24,16,3,2,0,1,0,0,1,0,0,0,0,0,14.529186,51.097527
12,20,3,24,17,3,3,0,7,0,0,1,0,0,0,0,0,13.729986,51.074456
12,20,3,24,15,3,3,1,5,0,0,1,0,0,0,0,1,13.709854,51.082783
12,20,3,12,16,5,3,1,5,0,0,1,1,0,0,0,0,13.7857,51.055213
13,20,4,5,15,1,3,3,2,0,0,1,0,0,1,0,0,12.317563,51.370895
12,20,3,24,18,3,3,5,3,0,0,1,0,0,0,0,1,13.770815,51.039849
12,20,3,24,15,3,3,2,6,0,0,1,1,0,0,0,0,13.738123,51.086946
12,20,3,24,13,3,3,5,3,0,0,1,1,0,0,0,0,13.773683,51.048766
12,20,4,7,16,3,3,2,6,0,0,1,0,0,0,0,0,13.733471,51.072051
21,20,3,24,13,3,3,0,7,0,0,1,0,0,0,0,0,13.239092,50.591847
25,20,3,23,10,2,3,5,3,0,0,1,1,0,0,0,0,14.429561,51.04864
12,20,3,23,9,2,2,5,3,0,0,1,1,0,0,0,0,13.777199,51.060058
12,20,3,23,18,2,3,3,5,0,0,1,1,0,0,0,0,13.745728,51.072187
11,20,4,5,14,1,3,4,2,0,0,1,1,0,0,0,0,12.879046,50.833561
22,20,4,7,10,3,3,2,6,0,0,1,1,0,0,0,0,13.327945,50.903415
13,20,3,22,16,1,3,5,3,0,0,1,1,0,0,0,0,12.347395,51.350686
13,20,3,11,17,4,3,5,3,0,0,1,1,0,0,0,0,12.409966,51.375391
21,20,4,3,9,6,3,5,3,0,1,1,1,0,0,0,0,13.017928,50.59364
13,20,3,11,22,4,2,5,3,2,1,1,1,0,0,0,0,12.408658,51.359986
13,20,3,20,8,6,3,0,7,0,0,1,0,0,0,0,0,12.405763,51.345539
28,20,3,11,16,4,3,6,6,0,1,1,0,1,0,0,0,14.270458,50.969858
27,20,3,20,16,6,3,0,1,0,1,1,0,0,0,0,0,13.570794,51.114876
29,20,4,4,14,7,3,6,4,0,0,1,0,1,0,0,0,12.602107,51.275424
12,20,3,20,17,6,3,5,3,0,1,1,1,0,0,0,0,13.749154,51.057724
22,20,4,6,14,2,3,5,3,0,0,1,1,0,0,0,0,13.330395,50.920802
12,20,3,20,18,6,3,5,2,0,1,1,1,0,0,0,0,13.78295,51.033435
13,20,3,19,10,5,3,0,1,0,0,1,0,0,0,0,0,12.373555,51.330155
28,20,4,6,16,2,3,2,6,0,0,1,0,0,0,0,0,13.929356,50.964384
13,20,3,19,12,5,3,4,2,0,0,1,1,0,0,0,0,12.36419,51.344437
13,20,3,19,17,5,3,0,7,0,0,1,0,0,0,0,0,12.41903,51.353339
28,20,3,11,7,4,3,0,1,0,1,1,0,0,0,0,0,13.86425,50.979998
22,20,3,11,19,4,3,5,3,2,1,1,1,0,0,0,0,13.341559,50.92167
30,20,3,19,16,5,3,5,2,0,0,1,0,0,1,0,0,12.34357,51.525985
28,20,3,19,16,5,3,2,7,0,0,1,1,0,0,0,0,13.754439,50.943739
29,20,4,4,13,7,3,1,7,0,0,1,1,0,0,0,0,12.64715,51.141867
12,20,3,19,19,5,3,4,1,2,0,1,0,0,0,0,0,13.717619,51.027912
28,20,4,7,15,3,3,0,1,0,0,1,0,0,0,0,0,13.870555,50.979533
12,20,3,19,8,5,3,5,3,0,0,1,0,0,0,0,1,13.793326,51.043082
12,20,3,19,15,5,3,0,1,0,0,1,0,0,0,0,0,13.750315,51.050905
12,20,3,19,13,5,3,1,5,0,0,1,1,0,0,0,0,13.693669,51.070998
13,20,3,10,9,3,3,0,1,0,1,1,0,0,0,0,0,12.396489,51.34305
22,20,3,19,15,5,2,3,2,0,0,1,1,0,0,0,0,12.972206,50.985288
21,20,4,7,17,3,3,0,1,0,0,1,1,0,0,0,0,13.026845,50.50085
13,20,3,10,20,3,3,1,5,2,1,1,1,0,0,0,0,12.369305,51.356522
12,20,4,7,12,3,3,5,3,0,0,1,1,0,0,0,0,13.817996,51.035306
11,20,3,19,15,5,3,0,1,0,0,1,0,0,0,0,0,12.922889,50.847184
11,20,3,19,18,5,3,4,2,1,0,1,1,0,0,0,0,12.934768,50.838516
13,20,3,10,15,3,3,5,3,0,1,1,1,0,0,0,0,12.369424,51.364114
24,20,3,18,12,4,2,0,1,0,0,1,0,0,0,0,0,12.5375,50.863387
12,20,3,18,15,4,3,0,1,0,0,1,0,0,0,0,0,13.750248,51.047478
11,20,3,18,6,4,3,5,3,0,0,1,1,0,0,0,0,12.922571,50.825329
29,20,4,7,18,3,3,1,5,0,0,1,1,0,0,0,0,12.428109,51.083963
13,20,3,17,7,3,2,5,3,0,0,1,1,0,0,0,0,12.310251,51.317723
25,20,3,17,13,3,2,0,1,0,0,1,0,0,0,0,0,14.414417,51.197243
23,20,4,5,15,1,3,0,6,0,0,1,1,0,0,0,0,12.184084,50.406446
12,20,3,17,16,3,3,5,3,0,0,1,1,0,0,0,0,13.797567,50.991678
12,20,3,17,16,3,3,2,7,0,0,1,1,0,0,0,0,13.830219,51.010282
12,20,3,17,9,3,3,5,3,0,0,1,1,0,0,0,0,13.717857,51.053152
21,20,3,17,10,3,3,0,7,0,0,1,0,0,0,0,0,12.787328,50.542088
12,20,4,7,9,3,2,0,1,0,0,1,0,0,0,0,0,13.825626,51.052637
30,20,3,16,10,2,3,0,5,0,0,1,1,0,0,0,0,12.488036,51.375124
22,20,4,7,19,3,2,0,7,0,0,1,0,0,0,0,0,12.801818,50.9085
12,20,3,16,18,2,3,1,5,2,0,1,1,0,0,0,0,13.710474,51.084082
13,20,4,6,20,2,3,5,3,1,0,1,1,0,0,0,0,12.400012,51.330155
26,20,4,4,14,7,1,3,6,0,0,1,1,0,0,0,0,14.604262,50.987447
25,20,4,4,7,7,2,4,6,0,0,1,0,0,0,0,1,13.835409,51.189471
28,20,3,15,11,1,3,1,7,0,0,1,1,0,0,0,0,13.871389,50.968834
13,20,3,9,15,2,2,2,6,0,0,1,0,0,0,0,0,12.371071,51.338294
13,20,4,5,15,1,3,1,7,0,0,1,1,0,0,0,0,12.411437,51.323421
12,20,4,19,7,1,3,0,1,0,0,1,0,0,0,0,0,13.755067,51.020239
12,20,4,29,15,4,3,5,3,0,0,1,1,0,0,0,0,13.791022,51.029618
13,20,4,13,4,2,3,0,1,2,1,1,0,0,0,0,0,12.45511,51.293886
12,20,4,21,5,3,3,5,3,1,0,1,1,0,0,0,0,13.74259,51.084646
13,20,4,27,14,2,3,5,3,0,0,1,1,0,0,0,0,12.360501,51.384106
21,20,4,18,16,7,3,7,7,0,0,1,0,0,0,0,1,13.190048,50.773251
25,20,4,28,16,3,2,5,3,0,0,1,1,0,0,0,0,14.094791,51.455045
12,20,4,22,7,4,2,5,2,0,0,1,1,0,0,0,0,13.781544,51.053264
28,20,4,22,15,4,3,8,1,0,0,1,0,0,0,0,0,14.169094,50.911995
23,20,4,12,15,1,2,8,1,0,0,1,0,0,0,0,0,12.371601,50.336033
13,20,4,12,14,1,3,0,1,0,0,1,0,0,0,0,0,12.434343,51.317272
12,20,4,27,18,2,3,0,1,0,0,1,0,0,0,0,0,13.848371,51.016061
13,20,4,17,18,6,2,6,4,0,0,1,0,1,0,0,0,12.417977,51.344903
12,20,4,30,18,5,2,5,3,0,0,1,1,0,0,0,0,13.740768,51.047242
12,20,4,28,17,3,3,1,5,0,0,1,1,0,0,0,0,13.724149,51.077184
23,20,4,21,15,3,2,8,7,0,0,1,0,0,0,0,0,12.138108,50.489021
13,20,4,12,19,1,3,3,6,0,0,1,1,0,0,0,0,12.354067,51.362422
12,20,4,15,19,4,3,0,1,0,0,1,0,0,0,0,0,13.728193,51.085213
11,20,4,20,13,2,3,5,3,0,0,1,1,0,0,0,0,12.952036,50.839463
27,20,4,12,11,1,3,1,5,0,0,1,1,0,0,0,0,13.620349,51.108023
13,20,4,26,19,1,3,1,1,0,0,1,1,0,0,0,0,12.419617,51.338281
27,20,4,12,11,1,3,0,1,0,0,1,0,0,0,0,0,13.628517,51.112513
12,20,4,20,11,2,3,0,7,0,0,1,0,0,0,0,0,13.749884,51.050922
28,20,4,12,14,1,3,1,1,0,0,1,1,0,0,0,0,13.534581,51.056516
11,20,4,27,15,2,2,0,7,0,0,1,0,0,0,0,0,12.942627,50.882492
12,20,4,17,7,6,3,5,3,0,0,1,1,0,0,0,0,13.803178,51.033065
22,20,4,30,17,5,1,5,3,0,0,1,1,0,0,0,0,13.004301,51.077681
13,20,4,23,8,5,3,4,2,0,0,1,1,0,0,0,0,12.37864,51.330684
11,20,4,28,18,3,3,5,3,0,0,1,0,0,0,0,0,12.93675,50.816194
12,20,4,12,16,1,3,5,3,0,0,1,1,0,0,0,0,13.778829,51.017492
12,20,4,15,18,4,3,5,3,0,0,1,1,0,0,0,0,13.731294,51.05338
27,20,4,19,16,1,3,0,1,0,0,1,0,0,0,0,0,13.660921,51.098974
12,20,4,26,13,1,3,0,1,0,0,1,0,0,0,0,0,13.844238,51.017546
27,20,4,16,16,5,3,4,6,0,0,1,0,0,0,0,0,13.621315,51.103543
12,20,4,12,20,1,3,0,1,1,0,1,0,0,0,0,0,13.834171,51.009554
12,20,4,23,0,5,3,1,5,2,0,1,1,0,0,0,0,13.784975,51.046849
26,20,4,29,17,4,3,1,5,0,0,1,1,0,0,0,0,14.986165,51.151123
12,20,4,23,10,5,3,0,1,0,0,1,0,0,0,0,0,13.690846,51.053241
13,20,4,21,6,3,3,1,3,0,0,1,1,0,0,0,0,12.430386,51.321776
12,20,4,12,13,1,2,5,3,0,0,1,1,0,0,0,0,13.822708,51.032022
12,20,4,15,17,4,3,3,2,0,0,1,1,0,0,0,0,13.718478,51.08776
11,20,4,19,18,1,3,1,5,0,0,1,1,0,0,0,0,12.866618,50.833039
11,20,4,29,7,4,2,4,2,0,0,1,1,0,0,0,0,12.933783,50.836707
12,20,4,12,13,1,2,5,2,0,0,1,1,0,0,0,0,13.793774,51.025582
22,20,4,12,2,1,3,0,7,2,0,1,0,0,0,0,0,13.230016,50.800553
21,20,4,12,17,1,2,0,1,0,0,1,0,0,0,0,0,12.65932,50.630817
28,20,4,27,8,2,3,1,5,0,0,1,1,0,0,0,0,14.212386,51.024803
24,20,4,11,16,7,2,8,1,0,0,1,0,0,0,0,0,12.538309,50.810048
13,20,4,11,17,7,3,5,3,0,0,1,0,0,0,0,1,12.37101,51.335198
28,20,4,18,10,7,3,6,6,0,0,1,0,1,0,0,0,13.671895,50.899329
30,20,4,24,16,6,3,5,3,0,0,1,1,0,0,0,0,12.996901,51.531066
25,20,4,28,7,3,3,5,3,0,0,1,1,0,0,0,0,14.255761,51.438739
12,20,4,22,13,4,2,0,1,0,0,1,0,0,0,0,0,13.690961,51.05297
29,20,4,11,18,7,3,5,3,0,0,1,1,0,0,0,0,12.352813,51.29221
26,20,4,20,7,2,3,4,2,0,0,1,1,0,0,0,0,14.809297,50.898241
12,20,4,27,13,2,3,0,1,0,0,1,0,0,0,0,0,13.813105,51.019561
27,20,4,17,12,6,3,0,1,0,0,1,0,0,0,0,0,13.446691,51.417018
12,20,4,30,17,5,3,0,1,0,0,1,0,0,0,0,0,13.76098,51.026061
22,20,4,28,13,3,2,0,1,0,0,1,0,0,0,0,0,13.342962,50.886556
12,20,4,24,12,6,3,0,1,0,0,1,0,0,0,0,0,13.701739,51.038162
12,20,4,28,14,3,2,0,7,0,0,1,0,0,0,0,1,13.747254,51.045591
11,20,4,22,10,4,3,0,7,0,0,1,0,1,0,0,0,12.909907,50.838466
12,20,4,11,2,7,3,0,1,2,0,1,0,0,0,0,0,13.687792,51.047957
11,20,4,17,11,6,2,5,3,0,0,1,1,0,0,0,0,12.956798,50.821932
13,20,4,21,22,3,3,5,3,2,0,1,0,0,0,0,1,12.374408,51.339901
12,20,4,11,19,7,3,5,3,0,0,1,0,0,0,0,0,13.698505,51.074236
12,20,4,19,13,1,3,0,7,0,0,1,0,0,0,0,1,13.860963,51.009153
13,20,4,21,17,3,3,3,5,0,0,1,1,0,0,0,0,12.378435,51.334844
12,20,4,11,18,7,3,4,1,0,0,1,1,0,0,0,0,13.822527,51.048888
22,20,4,15,23,4,2,0,7,2,0,1,0,0,0,0,0,13.336365,50.870082
13,20,4,16,14,5,2,3,6,0,0,1,0,0,0,0,1,12.406668,51.375681
27,20,4,29,11,4,3,0,7,0,0,1,0,0,0,0,0,13.389423,51.302178
12,20,4,23,17,5,3,0,1,0,0,1,0,0,0,0,0,13.760855,51.026212
12,20,4,16,7,5,3,5,3,0,0,1,1,0,0,0,0,13.756571,51.055095
25,20,4,21,6,3,3,1,5,0,0,1,1,0,0,0,0,13.900103,51.112547
22,20,4,11,10,7,3,8,1,0,0,1,0,0,0,0,0,13.386335,51.034057
21,20,4,15,15,4,3,0,4,0,0,1,0,1,0,0,0,12.71032,50.585429
13,20,4,18,17,7,3,5,3,0,0,1,1,0,0,0,0,12.403381,51.347609
11,20,4,16,15,5,2,8,1,0,0,1,0,0,0,0,0,12.991256,50.833889
24,20,4,28,7,3,3,0,7,0,0,1,0,0,0,0,0,12.376829,50.73892
11,20,4,26,13,1,2,0,1,0,0,1,0,0,0,0,0,12.801926,50.801199
12,20,4,16,11,5,3,5,2,0,0,1,1,0,0,0,0,13.724904,51.080078
12,20,4,29,17,4,3,0,1,0,1,1,0,0,0,0,0,13.682592,51.06014
21,20,4,11,17,7,3,3,6,0,0,1,1,0,0,0,0,12.943049,50.514584
11,20,4,23,9,5,3,0,2,0,0,1,1,0,0,0,0,12.926493,50.838647
12,20,4,21,15,3,3,0,1,0,0,1,0,0,0,0,0,13.808266,51.050901
25,20,4,28,7,3,3,4,2,0,0,1,1,0,0,0,0,14.411426,51.184887
27,20,4,10,18,6,2,8,1,0,0,1,0,0,0,0,0,13.57346,51.148577
13,20,4,22,15,4,3,3,5,0,0,1,1,0,0,0,0,12.400899,51.339292
27,20,4,10,17,6,3,2,7,0,0,1,0,0,0,0,0,13.508815,51.170944
12,20,4,10,12,6,3,0,1,0,0,1,0,0,0,0,0,13.837279,51.024805
13,20,4,17,16,6,3,2,5,0,0,1,1,0,0,0,0,12.405869,51.33162
12,20,4,30,18,5,3,1,5,0,0,1,1,0,0,0,0,13.776687,51.016941
12,20,4,28,16,3,3,0,1,0,0,1,0,0,0,0,0,13.737758,51.044486
13,20,4,21,18,3,3,7,7,0,0,1,0,1,0,0,0,12.371537,51.355648
12,20,4,10,18,6,3,0,1,0,0,1,0,0,0,0,0,13.779962,51.132021
11,20,4,15,15,4,3,5,3,0,0,1,0,0,0,0,1,12.915556,50.819836
11,20,4,20,17,2,2,3,7,0,0,1,0,0,0,0,0,12.880225,50.805383
22,20,4,10,12,6,2,0,1,0,0,1,0,0,0,0,0,13.005457,50.862994
13,20,4,26,16,1,3,1,5,0,0,1,1,0,0,0,0,12.33489,51.320497
25,20,4,23,11,5,2,5,3,0,0,1,1,0,0,0,0,14.255015,51.438789
24,20,4,9,20,5,2,3,6,0,0,1,1,0,0,0,0,12.376682,50.734361
21,20,4,27,17,2,2,0,1,0,0,1,0,0,0,0,0,13.323794,50.645858
22,20,4,30,15,5,3,5,3,0,0,1,1,0,0,0,0,13.336977,50.909991
11,20,4,28,13,3,3,5,3,0,0,1,1,0,0,0,0,12.873606,50.832666