CSV=`UKREIS,UJAHR,UMONAT,UTAG,USTUNDE,UWOCHENTAG,UKATEGORIE,UART,UTYP,LICHT,USTRZUSTAND,IstRad,IstPKW,IstFuss,IstKrad,IstGkfz,IstSonstig,@lon,@lat
13,20,4,21,7,3,3,5,3,0,0,1,1,0,0,0,0,12.31118,51.310076
13,20,4,9,14,5,3,1,5,0,0,1,1,0,0,0,0,12.36708,51.33891
29,20,4,14,12,3,3,6,6,0,0,1,0,1,0,0,0,12.48338,51.237091
12,20,4,26,14,1,3,0,1,0,0,1,0,0,0,0,0,13.748525,51.053604
13,20,4,15,11,4,3,0,1,0,0,1,0,0,0,0,0,12.314793,51.353469
13,20,4,16,14,5,3,2,2,0,0,1,1,0,0,0,0,12.395343,51.339113
27,20,4,29,7,4,3,3,1,0,0,1,1,0,0,0,0,13.624417,51.105877
12,20,4,23,8,5,3,2,6,0,0,1,1,0,0,0,0,13.78876,51.042401
25,20,4,21,14,3,3,0,1,0,0,1,0,0,0,0,0,14.41699,51.164472
13,20,4,21,16,3,3,5,3,0,0,1,1,0,0,0,0,12.319049,51.38511
30,20,4,25,18,7,3,4,6,0,0,1,1,0,0,0,0,12.487533,51.375639
12,20,4,16,16,5,3,5,2,0,0,1,1,0,0,0,0,13.775554,51.045366
13,20,4,9,11,5,3,5,3,0,0,1,0,0,0,0,1,12.369219,51.363088
26,20,4,30,19,5,3,4,6,0,0,1,0,0,0,0,1,14.8113,51.156421
28,20,4,24,12,6,3,5,3,0,0,1,1,0,0,0,0,13.932592,50.962629
13,20,4,15,14,4,3,5,3,0,0,1,1,0,0,0,0,12.4592,51.40194
13,20,4,27,13,2,3,5,3,0,0,1,1,0,0,0,0,12.393567,51.32279
27,20,4,18,16,7,3,1,2,0,0,1,0,0,0,0,0,13.538356,51.289372
23,20,4,24,16,6,3,4,6,0,0,1,0,0,0,0,0,12.073481,50.465067
27,20,4,22,18,4,3,0,7,0,0,1,1,0,0,0,0,13.607171,51.099521
29,20,4,17,13,6,3,5,2,0,0,1,0,0,0,0,0,12.283503,51.156262
12,20,4,30,7,5,3,0,1,0,0,1,0,0,0,0,0,13.788868,51.073582
24,20,4,23,13,5,3,5,3,0,0,1,1,0,0,0,0,12.493381,50.720645
12,20,4,28,12,3,3,8,1,0,0,1,0,0,0,0,0,13.749858,51.071529
28,20,4,28,12,3,2,0,1,0,0,1,0,0,0,0,0,13.658593,50.923713
21,20,4,22,17,4,3,0,1,0,0,1,0,0,0,0,0,12.947684,50.553979
12,20,4,9,9,5,3,0,1,0,0,1,0,0,0,0,0,13.838517,51.023535
12,20,4,20,10,2,2,0,1,0,0,1,0,0,0,0,0,13.755539,51.060267
12,20,4,9,19,5,3,0,1,0,0,1,0,0,0,0,0,13.831045,51.017999
13,20,4,23,9,5,3,4,2,0,0,1,1,0,0,0,0,12.382276,51.365883
13,20,4,15,14,4,3,5,3,0,0,1,1,0,0,0,0,12.378919,51.387414
13,20,4,21,16,3,2,5,3,0,0,1,0,0,0,0,1,12.3011,51.313944
22,20,4,26,16,1,3,2,6,0,0,1,1,0,0,0,0,12.916633,50.900905
26,20,4,14,9,3,3,1,5,0,0,1,1,0,0,0,0,14.986008,51.15096
25,20,4,29,15,4,3,5,3,0,1,1,1,0,0,0,0,14.425479,51.169101
12,20,4,25,8,7,3,5,3,0,0,1,0,0,0,0,0,13.720575,51.083336
29,20,4,22,9,4,2,7,7,0,0,1,0,0,0,0,1,12.610478,51.048686
22,20,4,9,10,5,3,2,6,0,0,1,1,0,0,0,0,13.123512,51.121316
22,20,4,23,14,5,3,5,3,0,0,1,1,0,0,0,0,12.977259,50.907524
13,20,4,8,17,4,3,3,6,0,0,1,0,0,0,1,0,12.359628,51.358225
12,20,4,21,15,3,3,6,4,0,0,1,0,1,0,0,0,13.737074,51.049983
13,20,4,8,18,4,3,3,2,0,0,1,0,0,0,0,0,12.39865,51.332239
12,20,4,18,19,7,3,5,3,0,0,1,1,0,0,0,0,13.720225,51.054804
26,20,4,28,21,3,3,0,3,2,1,1,1,0,0,0,0,14.985975,51.153327
12,20,4,27,8,2,3,0,1,0,0,1,0,0,0,0,0,13.803849,51.026076
28,20,4,17,15,6,2,9,1,0,0,1,0,0,0,0,0,13.730954,51.003579
21,20,4,30,15,5,3,5,3,0,0,1,1,0,0,0,0,13.068145,50.742797
12,20,4,24,16,6,3,1,5,0,0,1,0,0,0,0,1,13.725596,51.036074
11,20,4,22,18,4,2,1,5,0,0,1,1,0,0,0,0,12.874341,50.888564
28,20,4,8,16,4,3,0,1,0,0,1,0,0,0,0,0,13.942765,50.966644
21,20,4,20,10,2,3,4,6,0,0,1,1,0,0,0,0,12.696053,50.725377
13,20,4,26,13,1,3,5,3,0,0,1,0,0,1,0,0,12.433729,51.301488
29,20,4,16,16,5,2,3,6,0,0,1,1,0,0,0,0,12.302714,51.163852
25,20,4,23,20,5,2,0,1,1,0,1,0,0,0,0,0,14.271623,51.432911
13,20,4,21,15,3,3,5,3,0,0,1,1,0,0,0,0,12.372384,51.349623
12,20,4,8,17,4,3,4,6,0,0,1,0,0,0,0,0,13.754584,51.057131
13,20,4,19,17,1,3,0,1,0,0,1,0,0,0,0,0,12.416538,51.356743
12,20,4,26,16,1,3,1,5,0,0,1,1,0,0,0,0,13.809833,51.010018
25,20,4,15,21,4,3,0,1,2,0,1,0,0,0,0,0,14.240986,51.436908
12,20,4,23,23,5,3,0,7,2,0,1,1,0,0,0,0,13.819274,51.006944
25,20,4,21,9,3,3,0,7,0,0,1,0,0,0,0,0,14.258763,51.439157
12,20,4,8,8,4,3,5,2,0,0,1,1,0,0,0,0,13.7403,51.038559
12,20,5,6,13,4,3,0,1,0,0,1,0,0,0,0,0,13.762921,51.049573
21,20,5,17,16,1,3,5,3,0,0,1,1,0,0,0,0,12.957983,50.642025
23,20,5,16,17,7,2,5,2,0,0,1,1,0,0,0,0,12.301315,50.542964
30,20,5,16,10,7,3,0,7,0,0,1,1,0,0,0,0,12.993821,51.554207
12,20,5,6,15,4,3,5,2,0,0,1,1,0,0,0,0,13.743149,51.072876
13,20,5,16,22,7,3,3,6,2,0,1,1,0,0,0,0,12.370993,51.320801
13,20,5,16,9,7,2,5,1,0,0,1,0,0,0,0,1,12.385025,51.298898
28,20,5,19,9,3,2,5,3,0,0,1,1,0,0,0,0,14.24363,51.02586
13,20,5,16,14,7,2,5,3,0,0,1,0,0,0,0,1,12.449733,51.345562
13,20,5,16,23,7,2,6,4,2,0,1,0,1,0,0,0,12.42815,51.328147
27,20,5,16,15,7,3,0,1,0,0,1,0,0,0,0,0,13.452097,51.17485
12,20,5,16,17,7,3,0,1,0,0,1,0,0,0,0,0,13.739231,51.019164
12,20,5,16,21,7,3,0,1,2,0,1,0,0,0,0,0,13.73899,51.050249
24,20,5,5,11,3,2,5,3,0,0,1,1,0,0,0,0,12.460014,50.847472
30,20,5,15,6,6,3,3,2,0,0,1,1,0,0,0,0,12.661057,51.469466
12,20,5,19,19,3,2,0,1,0,0,1,0,0,0,0,0,13.686987,51.056961
13,20,5,15,13,6,3,1,5,0,0,1,1,0,0,0,0,12.33166,51.321992
13,20,5,5,16,3,3,6,4,0,0,1,0,1,0,0,0,12.373859,51.305067
12,20,5,18,15,2,3,0,2,0,0,1,0,0,0,0,1,13.777791,51.052887
26,20,5,15,7,6,2,5,3,0,0,1,1,0,0,0,0,14.981091,51.138882
12,20,5,5,19,3,3,0,7,1,1,1,1,0,0,0,0,13.748961,51.062809
25,20,5,15,11,6,3,5,3,0,0,1,1,0,0,0,0,14.452459,51.175385
25,20,5,15,17,6,3,0,7,0,0,1,0,0,0,0,0,14.322134,51.091028
25,20,5,15,18,6,1,5,3,0,0,1,1,0,0,0,0,14.261904,51.44103
12,20,5,5,16,3,3,5,2,0,0,1,1,0,0,0,0,13.775178,51.038395
12,20,5,18,18,2,3,3,7,0,0,1,0,0,0,0,0,13.79454,51.025276
12,20,5,15,14,6,3,4,6,0,0,1,0,1,0,0,0,13.70927,51.047501
12,20,5,15,7,6,2,5,2,0,0,1,1,0,0,0,0,13.817634,51.031021
22,20,5,15,17,6,2,4,2,0,0,1,1,0,0,0,0,12.806857,50.921944
22,20,5,18,18,2,3,4,2,0,0,1,1,0,0,0,0,12.838608,50.915945
24,20,5,14,9,5,2,5,3,0,0,1,1,0,0,0,0,12.372246,50.733721
23,20,5,19,7,3,3,0,1,0,1,1,0,0,0,0,0,12.1361,50.497379
29,20,5,14,11,5,2,1,5,0,0,1,1,0,0,0,0,12.589303,51.275095
13,20,5,14,11,5,3,5,3,0,0,1,1,0,0,0,0,12.432555,51.379568
24,20,5,4,19,2,3,5,3,1,1,1,1,0,0,0,0,12.490625,50.735246
27,20,5,14,9,5,3,8,1,0,0,1,0,0,0,0,0,13.655841,51.144333
13,20,5,19,13,3,2,6,4,0,0,1,0,1,0,0,0,12.41326,51.336546
12,20,5,14,12,5,2,5,3,0,0,1,1,0,0,0,0,13.738567,51.039472
22,20,5,14,15,5,3,9,7,0,0,1,0,0,0,0,0,12.915412,51.038418
13,20,5,4,9,2,3,5,3,0,0,1,0,0,0,0,1,12.321008,51.302774
24,20,5,13,17,4,3,5,3,0,0,1,1,0,0,0,0,12.634116,50.754289
24,20,5,13,9,4,3,4,2,0,0,1,1,0,0,0,0,12.50378,50.727963
11,20,5,19,10,3,2,1,5,0,0,1,0,0,0,0,1,12.926533,50.878866
13,20,5,13,16,4,3,5,3,0,0,1,1,0,0,0,0,12.388647,51.34242
12,20,5,19,15,3,3,5,3,0,0,1,0,0,0,0,0,13.7382,51.053252
29,20,5,13,16,4,3,3,2,0,0,1,1,0,0,0,0,12.377986,51.271066
13,20,5,13,13,4,3,1,3,0,0,1,1,0,0,0,0,12.394489,51.284854
13,20,5,4,15,2,3,0,3,0,1,1,0,0,0,0,1,12.387222,51.297362
12,20,5,13,14,4,3,5,3,0,0,1,1,0,0,0,0,13.761618,51.052084
12,20,5,13,13,4,3,6,4,0,0,1,0,1,0,0,0,13.783016,51.043484
12,20,5,13,19,4,3,0,6,0,0,1,1,0,0,0,0,13.709583,51.032941
25,20,5,4,19,2,3,0,1,0,1,1,0,0,0,0,0,14.093701,51.274829
22,20,5,13,15,4,2,0,7,0,0,1,0,0,0,0,1,13.071166,50.848443
25,20,5,4,14,2,2,0,7,0,0,1,0,0,0,0,0,14.455264,51.255498
21,20,5,18,16,2,3,5,3,0,0,1,1,0,0,0,0,12.808402,50.57943
11,20,5,13,10,4,3,5,2,0,0,1,1,0,0,0,0,12.8916,50.794071
11,20,5,13,21,4,3,0,1,2,0,1,0,0,0,0,0,12.927074,50.824797
27,20,5,4,10,2,2,1,5,0,0,1,0,0,0,1,0,13.367208,51.3042
13,20,5,12,16,3,3,0,1,0,0,1,0,0,0,0,0,12.357622,51.364278
23,20,5,19,19,3,2,9,1,0,0,1,0,0,0,0,0,12.475194,50.36491
29,20,5,18,10,2,3,5,3,0,0,1,0,0,0,0,1,12.573626,51.332495
25,20,5,12,9,3,3,5,3,0,0,1,1,0,0,0,0,14.243913,51.44346
12,20,5,4,15,2,3,0,1,0,1,1,0,0,0,0,0,13.692842,51.046676
12,20,5,12,11,3,3,1,5,0,0,1,1,0,0,0,0,13.69749,51.016971
12,20,5,4,11,2,2,0,1,0,1,1,0,0,0,0,0,13.829634,51.008468
12,20,5,4,7,2,2,5,3,0,0,1,1,0,0,0,0,13.718238,51.031419
12,20,5,12,6,3,2,5,3,0,0,1,1,0,0,0,0,13.751506,51.047222
21,20,5,12,10,3,3,0,7,0,0,1,0,0,0,0,0,12.786688,50.706666
29,20,5,18,15,2,3,5,3,0,0,1,1,0,0,0,0,12.729284,51.380308
12,20,5,3,19,1,3,8,7,0,0,1,0,0,0,0,0,13.706598,51.091477
28,20,5,11,9,2,3,5,3,0,1,1,1,0,0,0,0,13.944564,50.963194
12,20,5,3,19,1,2,0,1,0,0,1,0,0,0,0,0,13.728772,51.052127
12,20,5,11,14,2,2,5,2,0,1,1,1,0,0,0,0,13.748465,51.053541
12,20,5,11,10,2,3,5,3,0,1,1,1,0,0,0,0,13.771739,51.057543
12,20,5,3,17,1,3,5,3,0,0,1,1,0,0,0,0,13.728813,51.019675
13,20,5,17,2,1,3,1,1,2,0,1,1,0,0,0,0,12.415454,51.320838
13,20,5,10,12,1,3,5,3,0,0,1,0,0,0,0,0,12.43343,51.390415
12,20,5,3,13,1,3,0,7,0,0,1,0,0,0,0,0,13.703357,51.091536
27,20,5,10,16,1,2,5,3,0,1,1,1,0,0,0,0,13.286484,51.294574
27,20,5,10,10,1,2,0,7,0,0,1,0,0,0,0,0,13.620851,51.106308
13,20,5,2,20,7,3,3,2,1,1,1,1,0,0,0,0,12.383925,51.380578
12,20,5,10,17,1,2,0,1,0,1,1,0,0,0,0,0,13.712529,51.02621
12,20,5,10,16,1,2,8,1,0,1,1,0,0,0,0,0,13.803584,51.051078
12,20,5,10,11,1,3,0,1,0,0,1,0,0,0,0,0,13.750973,51.054114
13,20,5,17,19,1,2,5,3,0,0,1,1,0,0,0,0,12.329315,51.340053
12,20,5,10,17,1,3,3,6,0,0,1,1,0,0,0,0,13.700933,51.0941
12,20,5,10,16,1,3,0,1,0,1,1,0,0,0,0,0,13.782654,51.045414
22,20,5,10,14,1,3,0,7,0,0,1,0,0,0,0,0,13.335504,50.910293
13,20,5,18,17,2,3,5,3,0,0,1,0,0,0,1,0,12.351969,51.343763
11,20,5,10,9,1,3,0,1,0,0,1,0,0,0,0,0,12.904471,50.866256
23,20,5,9,13,7,2,5,3,0,0,1,1,0,0,0,0,12.061838,50.444204
25,20,5,17,17,1,3,0,1,0,0,1,0,0,0,0,0,14.268727,51.434607
29,20,5,9,14,7,2,0,7,0,0,1,0,0,0,0,0,12.555809,51.349727
27,20,5,2,17,7,3,7,1,0,1,1,0,0,0,0,0,13.461509,51.158278
27,20,5,9,19,7,3,9,1,0,0,1,0,0,0,0,0,13.269303,51.302451
12,20,5,2,18,7,3,2,6,0,1,1,1,0,0,0,0,13.762751,51.016514
28,20,5,9,16,7,3,9,1,0,0,1,0,0,0,0,0,13.948975,50.963365
27,20,5,9,12,7,3,0,1,0,0,1,0,0,0,0,0,13.654336,51.127821
27,20,5,9,17,7,3,0,7,0,0,1,0,0,0,0,0,13.527501,51.288611
12,20,5,19,10,3,3,0,3,0,0,1,1,0,0,0,0,13.686288,51.042434
12,20,5,9,16,7,3,0,1,0,0,1,0,0,0,0,0,13.708396,51.040705
13,20,5,18,8,2,3,3,2,0,0,1,1,0,0,0,0,12.381778,51.338631
12,20,5,9,16,7,3,0,1,0,0,1,0,0,0,0,0,13.812387,51.04654
22,20,5,9,12,7,3,5,3,0,0,1,1,0,0,0,0,13.336838,50.915457
11,20,5,9,8,7,3,0,7,0,0,1,0,0,0,0,1,12.837542,50.826859
22,20,5,2,9,7,3,1,5,0,1,1,1,0,0,0,0,13.344802,50.917276
30,20,5,8,10,6,3,4,2,0,0,1,1,0,0,0,0,12.332832,51.523426
24,20,5,1,2,6,3,0,7,2,0,1,0,0,0,0,0,12.543225,50.815267
13,20,5,8,11,6,3,5,3,0,0,1,1,0,0,0,0,12.324609,51.34009
11,20,5,19,18,3,2,0,1,0,0,1,0,0,0,0,0,12.949966,50.810234
13,20,5,8,17,6,3,1,5,0,0,1,1,0,0,0,0,12.3232,51.355137
26,20,5,8,6,6,2,5,3,0,0,1,1,0,0,0,0,14.654346,50.902644
27,20,5,8,19,6,3,0,1,0,0,1,0,0,0,0,0,13.256529,51.302581
12,20,5,8,17,6,3,1,1,0,0,1,0,0,0,0,1,13.692448,51.047644
24,20,5,18,16,2,3,4,6,0,0,1,1,0,0,0,0,12.536835,50.691199
27,20,5,1,18,6,2,0,7,0,0,1,0,0,0,0,0,13.255316,51.375327
28,20,5,17,15,1,3,1,5,0,0,1,1,0,0,0,0,13.584112,50.924441
12,20,5,8,13,6,3,5,3,0,0,1,0,0,0,0,1,13.720616,51.121693
12,20,5,8,16,6,3,5,3,0,0,1,1,0,0,0,0,13.756554,51.055088
12,20,5,17,12,1,3,0,1,0,0,1,0,0,0,0,0,13.829274,51.010608
12,20,5,8,17,6,2,0,1,0,0,1,0,0,0,0,0,13.80752,51.03492
28,20,5,1,0,6,3,0,1,2,0,1,0,0,0,0,0,13.965792,50.924916
12,20,5,17,13,1,3,3,6,0,0,1,0,0,0,0,0,13.85581,51.011374
13,20,5,7,17,5,3,4,2,0,0,1,1,0,0,0,0,12.429782,51.37959
27,20,5,1,15,6,3,6,6,0,0,1,0,1,0,0,0,13.564136,51.095984
12,20,5,1,18,6,3,1,5,0,0,1,1,0,0,0,0,13.861617,51.007263
12,20,5,1,12,6,3,0,1,0,0,1,0,0,0,0,0,13.756477,51.040389
12,20,5,1,16,6,3,4,6,0,0,1,0,0,0,0,0,13.733696,51.040347
13,20,5,7,17,5,3,5,3,0,0,1,1,0,0,0,0,12.330294,51.337825
30,20,5,7,14,5,3,5,3,0,0,1,1,0,0,0,0,12.477922,51.382292
25,20,5,19,14,3,3,1,5,0,0,1,1,0,0,0,0,14.1507,51.286696
25,20,5,7,11,5,3,3,6,0,0,1,1,0,0,0,0,14.093415,51.274598
26,20,5,7,18,5,2,5,3,0,0,1,1,0,0,0,0,14.654355,50.902639
29,20,4,30,12,5,3,5,2,0,0,1,0,0,0,0,1,12.374088,51.281483
11,20,5,19,14,3,3,4,5,0,0,1,1,0,0,0,0,12.865764,50.878363
12,20,5,7,16,5,2,8,1,0,0,1,0,0,0,0,0,13.683275,51.021644
13,20,4,30,14,5,3,5,3,0,0,1,1,0,0,0,0,12.419611,51.385045
12,20,5,7,17,5,3,3,6,0,0,1,1,0,0,0,0,13.777689,51.055498
12,20,5,7,9,5,3,5,3,0,0,1,1,0,0,0,0,13.766462,51.05645
29,20,4,30,16,5,3,4,6,0,0,1,0,0,0,0,0,12.330979,51.226829
13,20,4,30,7,5,3,3,6,0,0,1,1,0,0,0,0,12.347043,51.32889
13,20,5,6,8,4,3,5,3,0,0,1,1,0,0,0,0,12.326006,51.30727
12,20,5,17,9,1,3,3,6,0,0,1,1,0,0,0,0,13.805378,51.025446
27,20,5,6,14,4,3,5,3,0,0,1,1,0,0,0,0,13.57843,51.129859
12,20,5,6,13,4,3,0,1,0,0,1,0,0,0,0,0,13.646122,51.03997
12,20,5,6,17,4,3,5,3,0,0,1,1,0,0,0,0,13.88338,51.057851
12,20,5,6,18,4,3,0,7,0,0,1,0,0,0,0,0,13.776579,51.066691
13,20,5,22,1,6,3,1,1,2,0,1,1,0,0,0,0,12.410068,51.341221
25,20,6,3,16,4,3,5,3,0,0,1,1,0,0,0,0,14.096552,51.4581
24,20,6,3,7,4,3,4,6,0,0,1,0,0,0,0,0,12.442746,50.711221
27,20,5,30,15,7,3,8,1,0,0,1,0,0,0,0,0,13.697131,51.166792
12,20,5,21,21,5,3,0,7,2,0,1,0,0,0,0,0,13.841356,51.022215
30,20,6,5,11,6,2,0,1,0,0,1,0,0,0,0,0,13.001803,51.564361
12,20,5,28,7,5,3,5,2,0,1,1,1,0,0,0,0,13.760676,51.049199
27,20,6,3,19,4,2,1,1,0,0,1,1,0,0,0,0,13.65354,51.122713
13,20,5,29,15,6,3,3,5,0,0,1,1,0,0,0,0,12.292354,51.356751
12,20,5,21,17,5,3,5,2,0,0,1,1,0,0,0,0,13.746104,51.051738
12,20,6,5,13,6,3,5,3,0,0,1,1,0,0,0,0,13.682788,51.05508
12,20,5,27,7,4,3,5,3,0,0,1,1,0,0,0,0,13.831187,51.031131
26,20,6,5,21,6,3,6,6,2,0,1,0,1,0,0,0,14.938756,51.130475
13,20,5,27,15,4,2,0,1,0,0,1,0,0,0,0,0,12.30908,51.331033
13,20,5,24,20,1,3,0,1,1,1,1,0,0,0,0,0,12.40597,51.34221
12,20,6,3,18,4,3,3,2,0,0,1,1,0,0,0,0,13.825867,51.012074
28,20,5,29,8,6,3,0,1,0,0,1,0,0,0,0,0,13.92692,50.969976
27,20,5,21,18,5,2,5,3,0,0,1,1,0,0,0,0,13.604959,51.10492
12,20,6,5,6,6,3,2,5,0,1,1,1,0,0,0,0,13.784598,51.035206
11,20,5,27,11,4,3,0,7,0,0,1,0,0,0,0,0,12.923628,50.829013
12,20,5,23,15,7,3,0,1,0,0,1,0,0,0,0,0,13.674908,51.08212
26,20,5,21,21,5,2,0,1,1,0,1,0,0,0,0,0,14.598743,50.989617
12,20,6,3,19,4,3,0,2,0,0,1,0,0,0,0,0,13.762491,51.037447
12,20,6,3,17,4,3,0,1,0,0,1,0,0,0,0,0,13.870354,51.014733
13,20,5,21,20,5,3,0,1,1,0,1,0,0,0,0,0,12.317173,51.275196
21,20,6,3,7,4,3,0,7,1,0,1,0,1,0,0,0,12.777266,50.709216
12,20,5,21,20,5,3,5,3,2,0,1,0,0,0,0,1,13.678457,51.061145
13,20,5,26,8,3,2,0,1,0,0,1,0,0,0,0,1,12.34099,51.337869
22,20,6,3,15,4,3,2,6,0,0,1,1,0,0,0,0,13.360479,50.907854
24,20,6,3,13,4,3,2,6,0,0,1,1,0,0,0,0,12.546562,50.820632
27,20,5,21,12,5,3,0,1,0,0,1,0,0,0,0,0,13.654572,51.1213
13,20,6,4,9,5,1,0,1,0,0,1,0,0,0,0,0,12.293009,51.359322
11,20,6,3,13,4,3,6,7,0,0,1,0,1,0,0,0,12.915923,50.829468
11,20,6,3,13,4,2,0,1,0,0,1,0,0,0,0,0,12.965124,50.87292
11,20,5,25,17,2,2,0,2,0,0,1,1,0,0,0,0,12.895243,50.791529
24,20,6,2,18,3,2,8,7,0,0,1,0,0,0,0,0,12.613537,50.814652
30,20,5,29,14,6,3,4,6,0,0,1,0,0,0,0,1,13.176433,51.458507
13,20,6,2,8,3,3,5,2,0,0,1,0,0,0,0,0,12.376729,51.34305
28,20,5,22,16,6,2,0,1,0,1,1,0,0,0,0,0,13.54691,51.033821
13,20,6,2,18,3,2,1,1,0,0,1,1,0,0,0,0,12.378906,51.325103
13,20,5,29,6,6,2,4,2,0,0,1,1,0,0,0,0,12.378672,51.366448
21,20,5,21,17,5,3,1,5,0,0,1,1,0,0,0,0,12.715184,50.569485
28,20,6,5,11,6,3,5,3,0,0,1,1,0,0,0,0,13.939547,50.953595
25,20,5,27,14,4,3,5,3,0,0,1,1,0,0,0,0,14.486731,51.097
13,20,6,2,5,3,3,4,2,0,0,1,1,0,0,0,0,12.3588,51.365219
24,20,5,21,16,5,2,9,1,0,0,1,0,0,0,0,0,12.543925,50.595175
13,20,6,2,16,3,3,5,3,0,0,1,1,0,0,0,0,12.430333,51.349952
12,20,5,29,16,6,3,5,2,0,0,1,1,0,0,0,0,13.830605,51.000122
11,20,5,21,21,5,2,1,5,1,0,1,1,0,0,0,0,12.970169,50.806707
12,20,6,5,13,6,3,1,5,0,0,1,0,0,0,0,1,13.718408,51.077506
23,20,5,26,12,3,2,4,2,0,0,1,1,0,0,0,0,12.139413,50.493791
11,20,5,21,23,5,3,0,1,2,0,1,0,0,0,0,0,12.922814,50.830189
12,20,6,5,5,6,2,0,3,0,1,1,1,0,0,0,0,13.790688,51.013039
12,20,5,27,7,4,3,5,3,0,0,1,1,0,0,0,0,13.722048,51.08022
13,20,5,21,19,5,3,5,3,0,0,1,1,0,0,0,0,12.333967,51.31933
23,20,6,4,13,5,3,1,5,0,0,1,1,0,0,0,0,12.178165,50.419868
13,20,5,22,1,6,3,1,6,2,0,1,1,0,0,0,0,12.410191,51.341133
25,20,6,2,10,3,3,4,2,0,0,1,1,0,0,0,0,14.244213,51.435262
29,20,6,3,17,4,3,0,1,0,0,1,0,0,0,0,0,12.740752,51.366794
25,20,5,30,19,7,2,5,3,0,0,1,1,0,0,0,0,14.422535,51.176457
13,20,6,3,9,4,3,5,3,0,0,1,1,0,0,0,0,12.332949,51.338683
23,20,5,30,11,7,3,5,3,0,0,1,1,0,0,0,0,12.49733,50.380918
25,20,5,21,9,5,2,1,5,0,0,1,1,0,0,0,0,14.237397,51.436993
25,20,5,28,11,5,3,3,6,0,0,1,1,0,0,0,0,14.427998,51.181472
25,20,6,4,17,5,3,4,2,0,0,1,1,0,0,0,0,14.261556,51.440063
28,20,5,22,9,6,3,5,3,0,0,1,1,0,0,0,0,13.870418,50.98001
13,20,6,3,22,4,3,4,1,2,0,1,0,0,1,0,0,12.314981,51.308162
11,20,5,21,11,5,2,0,1,0,0,1,0,0,0,0,0,12.909769,50.837747
26,20,6,5,7,6,3,5,3,0,1,1,1,0,0,0,0,14.94851,51.145732
28,20,6,4,16,5,3,0,7,0,0,1,0,0,0,0,0,13.924641,50.958043
13,20,5,27,7,4,3,1,5,0,0,1,1,0,0,0,0,12.343604,51.319795
12,20,5,21,13,5,2,5,3,0,0,1,1,0,0,0,0,13.71842,51.0534
12,20,6,4,11,5,3,0,1,0,0,1,0,0,0,0,0,13.68916,51.055857
12,20,5,28,7,5,3,5,3,0,0,1,1,0,0,0,0,13.783092,51.043504
12,20,6,2,13,3,3,6,3,0,0,1,0,1,0,0,0,13.759577,51.027938
26,20,5,25,0,2,2,0,7,2,0,1,0,0,0,0,0,14.68823,51.004436
12,20,6,2,8,3,3,0,1,0,0,1,0,0,0,0,0,13.787108,51.015653
12,20,5,22,12,6,3,0,1,0,0,1,0,0,0,0,0,13.752154,51.061754
12,20,6,2,14,3,3,5,3,0,0,1,1,0,0,0,0,13.789749,51.045276
13,20,5,29,11,6,3,5,3,0,0,1,1,0,0,0,0,12.331443,51.349645
12,20,6,4,21,5,3,5,3,2,1,1,1,0,0,0,0,13.691996,51.049063
30,20,5,21,17,5,3,8,1,0,0,1,0,0,0,0,0,12.586181,51.604116
12,20,6,2,9,3,3,0,1,0,0,1,0,0,0,0,0,13.755746,51.047317
21,20,6,2,14,3,3,5,3,0,0,1,1,0,0,0,0,12.720339,50.697379
25,20,5,29,14,6,3,5,3,0,0,1,1,0,0,0,0,14.094789,51.455047
12,20,6,5,6,6,3,5,3,0,1,1,1,0,0,0,0,13.768248,51.047971
11,20,5,27,13,4,3,5,2,0,0,1,1,0,0,0,0,12.87688,50.8198
28,20,5,23,14,7,3,4,4,0,1,1,0,1,0,0,0,13.948995,50.964065
13,20,6,3,19,4,3,5,3,0,1,1,1,0,0,0,0,12.26797,51.356204
13,20,5,21,10,5,2,5,3,0,0,1,1,0,0,0,0,12.407526,51.351303
29,20,5,28,18,5,2,5,3,0,0,1,0,0,0,0,1,12.329429,51.217283
13,20,6,4,17,5,3,5,2,0,0,1,1,0,0,0,0,12.421674,51.332556
13,20,5,20,8,4,3,2,6,0,0,1,0,0,0,0,0,12.37634,51.350096
21,20,6,5,10,6,2,8,5,0,1,1,1,0,0,0,0,12.681172,50.614953
13,20,5,26,15,3,3,5,3,0,0,1,1,0,0,0,0,12.365708,51.363457
13,20,5,22,14,6,3,5,3,0,0,1,1,0,0,0,0,12.372984,51.301387
11,20,6,2,16,3,2,0,1,0,0,1,0,0,0,0,0,12.885555,50.839281
13,20,5,30,17,7,3,5,3,0,0,1,1,0,0,0,0,12.377569,51.357758
12,20,6,4,13,5,3,5,2,0,0,1,1,0,0,0,0,13.786009,51.059423
12,20,5,26,16,3,3,5,3,0,0,1,1,0,0,0,1,13.796829,51.041489
13,20,5,22,7,6,3,5,3,0,0,1,1,0,0,0,0,12.395801,51.363286
24,20,6,1,16,2,3,0,7,0,0,1,0,0,0,0,0,12.567343,50.753308
12,20,5,30,13,7,3,5,3,0,0,1,0,0,0,0,0,13.749095,51.064376
13,20,6,5,5,6,2,5,3,1,1,1,1,0,0,0,0,12.408662,51.359997
30,20,6,1,10,2,3,1,7,0,0,1,1,0,0,0,0,13.000053,51.564522