CSV=`UKREIS,UJAHR,UMONAT,UTAG,USTUNDE,UWOCHENTAG,UKATEGORIE,UART,UTYP,LICHT,USTRZUSTAND,IstRad,IstPKW,IstFuss,IstKrad,IstGkfz,IstSonstig,@lon,@lat
12,20,5,22,9,6,3,1,1,0,0,1,1,0,0,0,0,13.758055,51.032993
29,20,6,1,19,2,3,1,6,0,0,1,1,0,0,0,0,12.728745,51.37595
13,20,5,29,17,6,3,0,1,0,0,1,0,0,0,0,0,12.385966,51.363596
13,20,5,20,14,4,3,3,6,0,0,1,0,0,0,0,1,12.368855,51.320943
26,20,6,5,12,6,3,9,1,0,0,1,0,0,0,0,0,14.982645,51.13453
26,20,5,27,16,4,2,4,6,0,0,1,1,0,0,0,0,14.807062,50.886101
13,20,5,24,11,1,3,5,3,0,0,1,1,0,0,0,0,12.357011,51.32049
27,20,6,1,10,2,2,5,3,0,0,1,0,0,0,0,0,13.605033,51.104935
27,20,5,29,19,6,2,0,1,0,0,1,0,0,0,0,0,13.653768,51.122724
26,20,5,20,8,4,3,5,3,0,0,1,0,0,0,1,0,14.831449,51.049103
12,20,6,5,7,6,3,5,3,0,1,1,1,0,0,0,0,13.774999,51.042755
11,20,5,27,5,4,3,8,1,1,1,1,0,0,0,0,0,12.983538,50.832389
27,20,6,1,15,2,2,0,1,0,0,1,0,0,0,0,0,13.573284,51.118652
13,20,5,21,15,5,3,6,7,0,0,1,0,1,0,0,0,12.30723,51.330161
12,20,6,1,14,2,3,0,1,0,0,1,0,0,0,0,0,13.685798,51.083326
24,20,5,28,9,5,3,5,3,0,0,1,1,0,0,0,0,12.369382,50.769101
27,20,5,20,18,4,2,6,4,1,0,1,0,1,0,0,0,13.267707,51.31025
24,20,6,4,10,5,3,5,3,0,0,1,1,0,0,0,0,12.561587,50.684031
12,20,6,1,17,2,3,5,3,0,0,1,0,0,0,0,0,13.857719,50.998226
13,20,5,30,12,7,3,0,1,0,0,1,0,0,0,0,0,12.369137,51.356706
27,20,5,21,19,5,2,0,7,0,0,1,0,0,0,0,0,13.466459,51.250079
12,20,5,28,10,5,2,6,4,0,0,1,0,1,0,0,0,13.789804,51.027152
13,20,6,3,18,4,3,0,3,0,1,1,1,0,0,0,0,12.338104,51.327182
25,20,5,21,17,5,2,0,1,0,0,1,0,0,0,0,0,13.870852,51.246649
30,20,5,28,10,5,3,5,3,0,0,1,1,0,0,0,0,13.0011,51.56126
13,20,6,4,17,5,3,1,7,0,0,1,1,0,0,0,0,12.329772,51.366398
22,20,5,26,20,3,3,4,2,0,0,1,1,0,0,0,0,13.324101,50.871243
13,20,5,22,15,6,3,1,5,0,0,1,1,0,0,0,0,12.337145,51.329757
12,20,6,1,17,2,3,1,7,0,0,1,1,0,0,0,0,13.76179,51.058153
22,20,5,30,9,7,3,4,2,0,0,1,1,0,0,0,0,13.327202,50.903741
27,20,5,20,11,4,3,0,7,0,0,1,0,0,0,0,0,13.584223,51.132949
13,20,5,27,14,4,3,3,2,0,0,1,1,0,0,0,0,12.37371,51.331212
21,20,6,1,19,2,2,8,7,0,0,1,0,0,0,0,0,12.725011,50.428955
21,20,6,1,15,2,2,0,1,0,0,1,0,0,0,0,0,12.916155,50.630841
11,20,6,1,14,2,3,3,6,0,0,1,1,0,0,0,0,12.817121,50.816889
12,20,5,22,17,6,3,0,1,0,1,1,0,0,0,0,0,13.75529,51.065987
13,20,5,29,10,6,3,5,2,0,0,1,1,0,0,0,0,12.328494,51.336701
27,20,6,5,17,6,2,6,4,0,0,1,0,1,0,0,0,13.723841,51.212918
27,20,5,27,7,4,2,0,1,0,0,1,0,0,0,0,0,13.575901,51.117689
25,20,5,24,17,1,3,0,1,0,1,1,0,0,0,0,0,14.265394,51.442146
24,20,6,1,11,2,2,7,7,0,0,1,0,0,0,0,0,12.747791,50.814842
24,20,5,21,16,5,3,0,1,0,0,1,0,0,0,0,0,12.539571,50.833835
12,20,5,29,13,6,3,3,6,0,0,1,1,0,0,0,0,13.786572,51.059292
12,20,5,20,8,4,3,0,1,0,0,1,0,0,0,0,0,13.756712,51.026844
12,20,5,22,20,6,3,0,1,1,1,1,0,0,0,0,0,13.791018,51.02139
22,20,5,20,7,4,3,5,5,0,1,1,1,0,0,0,0,12.784715,51.055264
22,20,5,27,12,4,3,0,7,0,0,1,0,0,0,0,0,13.440493,50.969889
29,20,5,23,23,7,3,9,1,2,0,1,0,0,0,0,0,12.717932,51.103867
27,20,5,31,16,1,3,0,1,0,0,1,0,0,0,0,0,13.588819,51.125128
29,20,5,21,19,5,3,0,1,0,0,1,0,0,0,0,0,12.521889,51.349312
12,20,5,31,16,1,3,5,3,0,0,1,1,0,0,0,0,13.696939,51.080547
12,20,5,26,17,3,3,5,2,0,0,1,1,0,0,0,0,13.77379,51.046074
12,20,6,5,12,6,2,5,3,0,0,1,0,0,0,0,1,13.782914,51.035224
12,20,5,23,13,7,3,2,6,0,0,1,0,1,0,0,0,13.772123,51.03417
12,20,5,31,16,1,3,5,2,0,0,1,1,0,0,0,0,13.748464,51.053542
25,20,6,3,15,4,3,5,3,0,0,1,1,0,0,0,0,14.194985,51.437209
25,20,5,21,21,5,3,3,6,1,0,1,0,0,0,0,0,14.094296,51.452619
11,20,6,4,7,5,3,5,3,0,0,1,1,0,0,0,0,12.954932,50.830953
25,20,5,28,17,5,2,0,1,0,1,1,0,0,0,0,0,14.41596,51.17943
13,20,6,3,19,4,3,0,7,0,1,1,0,1,0,0,0,12.276705,51.381155
28,20,5,22,18,6,2,0,1,0,1,1,0,0,0,0,0,13.555415,51.01769
12,20,5,31,16,1,2,5,3,0,0,1,1,0,0,0,0,13.765036,51.053779
13,20,5,29,7,6,3,3,2,0,0,1,1,0,0,0,0,12.421614,51.343743
21,20,5,20,16,4,2,5,3,0,0,1,0,0,0,0,1,12.703247,50.612778
11,20,6,19,17,6,3,0,1,0,0,1,0,0,0,0,0,12.909771,50.837672
27,20,6,12,15,6,3,5,3,0,0,1,1,0,0,0,0,13.502209,51.153722
24,20,6,9,2,3,3,9,1,2,0,1,1,0,0,0,0,12.488532,50.672582
21,20,6,17,5,4,3,4,1,0,0,1,1,0,0,0,0,12.975106,50.710753
26,20,6,15,11,2,2,3,2,0,0,1,1,0,0,0,0,14.62492,51.49935
24,20,6,9,14,3,3,1,5,0,0,1,1,0,0,0,0,12.516882,50.616659
12,20,6,18,16,5,3,1,5,0,0,1,1,0,0,0,0,13.740977,51.036462
13,20,6,9,14,3,3,5,3,0,0,1,0,0,0,0,0,12.448525,51.390491
12,20,6,20,10,7,3,0,1,0,0,1,0,0,0,0,0,13.80111,51.038764
29,20,6,20,10,7,3,3,3,0,0,1,1,0,0,0,0,12.498283,51.134634
12,20,6,15,6,2,3,0,1,0,0,1,0,0,0,0,0,13.739527,51.019174
22,20,6,13,10,7,3,5,2,0,0,1,0,0,1,0,0,12.924465,51.156125
13,20,6,17,10,4,3,5,2,0,0,1,1,0,0,0,0,12.373638,51.330514
30,20,6,11,15,5,2,5,3,0,0,1,1,0,0,0,0,13.185941,51.313303
13,20,6,9,15,3,3,9,6,0,0,1,0,0,0,0,1,12.337536,51.396578
25,20,6,17,9,4,3,2,6,0,0,1,1,0,0,0,0,13.845109,51.183128
25,20,6,11,15,5,3,2,6,0,0,1,1,0,0,0,0,13.91557,51.093768
27,20,6,9,14,3,3,0,7,0,0,1,0,0,0,0,0,13.536465,51.287812
12,20,6,9,18,3,3,0,6,0,0,1,0,1,0,0,0,13.840579,50.999314
13,20,6,17,11,4,3,5,3,0,0,1,1,0,0,0,0,12.396467,51.309601
12,20,6,9,10,3,3,1,1,0,0,1,1,0,0,0,0,13.758487,51.033456
12,20,6,16,13,3,3,5,3,0,0,1,1,0,0,0,0,13.799571,51.041688
12,20,6,14,17,1,2,5,3,0,0,1,1,0,0,0,0,13.67391,51.041376
25,20,6,12,14,6,3,5,3,0,0,1,1,0,0,0,0,14.417847,51.167722
13,20,6,10,13,4,3,1,5,0,0,1,1,0,0,0,0,12.343097,51.328645
11,20,6,9,8,3,3,0,7,0,0,1,0,0,0,0,1,12.900729,50.82548
24,20,6,15,15,2,2,3,6,0,0,1,1,0,0,0,0,12.68722,50.790699
29,20,6,18,6,5,3,4,6,0,0,1,0,0,0,0,0,12.728227,51.241437
11,20,6,17,20,4,3,5,3,0,0,1,1,0,0,0,0,12.914948,50.836452
21,20,6,21,16,1,2,4,6,0,0,1,1,0,0,0,0,12.774429,50.779109
28,20,6,15,10,2,3,5,3,0,0,1,1,0,0,0,0,13.938109,50.959672
29,20,6,8,7,2,3,3,6,0,0,1,0,0,0,0,0,12.734487,51.36472
11,20,6,12,10,6,3,4,2,0,0,1,1,0,0,0,0,12.907263,50.863554
13,20,6,8,13,2,3,5,7,0,0,1,0,0,0,0,0,12.334241,51.319324
21,20,6,12,5,6,3,0,1,0,1,1,0,0,0,0,0,12.836534,50.787971
13,20,6,8,15,2,3,5,3,0,0,1,1,0,0,0,0,12.287729,51.357251
13,20,6,20,11,7,3,5,3,0,0,1,0,0,1,0,0,12.341202,51.325763
12,20,6,15,11,2,3,4,6,0,0,1,1,0,0,0,0,13.864413,51.014855
12,20,6,16,15,3,2,5,3,0,0,1,1,0,0,0,0,13.829732,51.000645
29,20,6,19,16,6,3,0,1,0,0,1,0,0,0,0,0,12.506428,51.127915
13,20,6,14,10,1,3,5,3,0,0,1,1,0,0,0,0,12.428661,51.3211
12,20,6,20,11,7,2,0,3,0,0,1,1,0,0,0,0,13.808875,51.052743
22,20,6,15,17,2,3,0,7,0,0,1,0,0,0,0,0,13.063557,50.860159
25,20,6,8,16,2,3,5,3,0,0,1,1,0,0,0,0,14.281858,51.431304
13,20,6,17,9,4,3,5,3,0,0,1,1,0,0,0,0,12.394684,51.318556
26,20,6,19,16,6,3,9,1,0,1,1,0,0,0,0,0,14.809666,50.871151
12,20,6,14,22,1,3,0,1,2,0,1,0,0,0,0,0,13.744402,51.056333
12,20,6,12,17,6,3,0,6,0,0,1,1,0,0,0,0,13.70981,51.098704
28,20,6,8,16,2,2,3,6,0,0,1,0,0,0,0,0,14.038997,50.955445
26,20,6,10,18,4,3,4,6,0,0,1,0,0,0,0,1,14.986162,51.130257
27,20,6,8,9,2,2,5,3,0,0,1,0,0,0,0,0,13.655746,51.101057
27,20,6,10,17,4,3,4,7,0,0,1,1,0,0,0,0,13.457487,51.417677
12,20,6,11,18,5,3,0,1,0,0,1,0,0,0,0,0,13.753126,51.064908
30,20,6,15,7,2,3,5,3,0,0,1,1,0,0,0,0,12.354495,51.524797
12,20,6,11,16,5,3,5,3,0,0,1,1,0,0,0,0,13.788283,51.035978
26,20,6,13,16,7,3,0,7,0,1,1,0,0,0,0,0,14.888575,50.95117
12,20,6,12,23,6,3,0,1,2,0,1,0,0,0,0,0,13.777962,51.052426
11,20,6,21,11,1,2,0,1,0,0,1,0,0,0,0,0,12.915003,50.836919
12,20,6,15,18,2,3,6,4,0,0,1,0,1,0,0,0,13.833219,51.026317
25,20,6,21,20,1,3,0,1,0,0,1,0,0,0,0,0,14.460554,51.196573
13,20,6,15,15,2,3,6,4,0,0,1,0,1,0,0,0,12.373451,51.31571
12,20,6,8,16,2,3,5,3,0,0,1,1,0,0,0,0,13.806322,51.036068
12,20,6,8,16,2,3,1,1,0,0,1,1,0,0,0,0,13.747059,51.071546
22,20,6,12,12,6,3,0,5,0,0,1,0,0,0,0,1,13.340121,50.91552
27,20,6,20,15,7,3,0,1,0,0,1,0,0,0,0,0,13.517443,51.295071
12,20,6,15,15,2,3,0,7,0,0,1,0,0,0,0,0,13.789422,51.024792
21,20,6,13,17,7,3,0,1,0,1,1,0,0,0,0,0,13.06939,50.744298
21,20,6,8,18,2,3,1,5,0,0,1,1,0,0,0,0,13.006018,50.581236
30,20,6,17,15,4,3,2,5,0,0,1,1,0,0,0,0,12.640201,51.457503
27,20,6,16,14,3,3,5,3,0,0,1,1,0,0,0,0,13.26974,51.299586
22,20,6,20,15,7,2,0,7,0,0,1,0,0,0,0,0,13.389215,50.911136
13,20,6,12,14,6,3,5,2,0,0,1,1,0,0,0,1,12.405853,51.344684
11,20,6,8,9,2,3,5,3,0,0,1,0,0,0,0,1,12.914972,50.828032
25,20,6,11,15,5,2,0,7,0,0,1,0,0,0,0,0,13.923825,51.253159
25,20,6,19,21,6,3,0,3,0,1,1,1,0,0,0,0,14.191047,51.124025
13,20,6,11,16,5,3,0,1,0,0,1,0,0,0,0,0,12.294541,51.358789
13,20,6,7,16,1,3,5,2,0,0,1,1,0,0,0,0,12.373639,51.330514
12,20,6,16,21,3,3,5,3,2,0,1,1,0,0,0,0,13.771185,51.024255
13,20,6,19,12,6,2,0,1,0,1,1,0,0,0,0,0,12.38946,51.291592
13,20,6,14,18,1,3,5,2,0,0,1,1,0,0,0,0,12.384897,51.338142
30,20,6,7,15,1,3,3,6,0,0,1,1,0,0,0,0,12.488931,51.374147
27,20,6,10,11,4,3,5,3,0,1,1,1,0,0,0,0,13.578268,51.124081
12,20,6,17,9,4,3,0,1,0,0,1,0,0,0,0,0,13.677667,51.046492
13,20,6,21,16,1,3,5,3,0,0,1,1,0,0,0,0,12.417094,51.344988
13,20,6,15,10,2,3,5,2,0,0,1,1,0,0,0,0,12.379333,51.343387
21,20,6,11,19,5,3,0,1,0,0,1,0,0,0,0,0,12.712806,50.732742
12,20,6,13,14,7,3,0,3,0,0,1,0,0,0,0,0,13.721316,51.032288
28,20,6,18,6,5,3,0,3,0,0,1,1,0,0,0,0,13.730515,50.981005
13,20,6,13,9,7,3,1,7,0,0,1,1,0,0,0,0,12.350392,51.335445
13,20,6,7,19,1,2,5,2,0,0,1,1,0,0,0,0,12.396075,51.310155
28,20,6,21,12,1,2,8,1,0,0,1,0,0,0,0,0,14.060661,50.935119
28,20,6,7,17,1,2,0,7,0,0,1,0,0,0,0,0,14.254018,50.97548
26,20,6,16,15,3,3,3,6,0,0,1,1,0,0,0,0,14.952805,51.149205
21,20,6,11,15,5,3,0,1,0,0,1,0,0,0,0,0,12.813069,50.684372
12,20,6,20,17,7,3,5,1,0,0,1,1,0,0,0,0,13.765319,51.055975
28,20,6,7,0,1,3,0,1,2,0,1,0,0,0,0,0,13.934344,50.950788
13,20,6,16,8,3,3,1,6,0,0,1,1,0,0,0,0,12.363451,51.362757
12,20,6,15,10,2,3,0,1,0,0,1,0,0,0,0,0,13.757612,51.024549
13,20,6,17,15,4,3,5,3,0,0,1,1,0,0,0,0,12.404969,51.336032
30,20,6,11,11,5,3,5,3,0,0,1,1,0,0,0,0,13.096668,51.302182
12,20,6,7,15,1,3,1,7,0,1,1,1,0,0,0,0,13.805068,51.025658
24,20,6,14,20,1,2,0,1,0,1,1,0,0,0,0,0,12.497492,50.721283
13,20,6,12,18,6,3,3,6,0,0,1,1,0,0,0,0,12.373333,51.311907
13,20,6,6,18,7,3,5,3,0,0,1,1,0,0,0,0,12.430384,51.321774
12,20,6,15,15,2,3,5,3,0,0,1,1,0,0,0,0,13.77977,51.044318
13,20,6,12,20,6,3,3,7,1,0,1,1,0,0,0,0,12.404735,51.345594
13,20,6,17,7,4,3,5,3,0,0,1,1,0,0,0,0,12.412474,51.317342
25,20,6,6,18,7,2,0,1,0,0,1,0,0,0,0,0,14.104775,51.278024
22,20,6,16,7,3,3,5,2,0,0,1,1,0,0,0,0,12.79694,51.050591
12,20,6,14,21,1,2,8,1,0,1,1,0,0,0,0,0,13.690472,51.014655
26,20,6,12,16,6,1,8,1,0,0,1,0,0,0,0,0,14.899535,51.209009
25,20,6,6,14,7,3,5,3,0,0,1,1,0,0,0,0,14.274407,51.447649
11,20,6,10,15,4,3,3,5,0,1,1,1,0,0,0,0,12.789765,50.812513
11,20,6,10,14,4,3,2,6,0,1,1,1,0,0,0,0,12.885794,50.843411
25,20,6,17,16,4,3,5,3,0,0,1,1,0,0,0,0,14.108645,51.273012
28,20,6,11,9,5,3,1,5,0,0,1,0,0,0,0,1,13.93516,50.961984
13,20,6,18,19,5,3,5,3,0,0,1,1,0,0,0,0,12.372986,51.30139
12,20,6,12,15,6,3,5,3,0,0,1,0,0,0,0,1,13.761625,51.052102
13,20,6,16,15,3,2,1,7,0,0,1,1,0,0,0,0,12.425204,51.343042
21,20,6,21,12,1,3,0,1,0,0,1,0,0,0,0,0,12.948196,50.668056
12,20,6,13,14,7,3,0,1,0,1,1,0,0,0,0,0,13.769304,51.024587
27,20,6,6,9,7,2,8,1,0,0,1,0,0,0,0,0,13.653168,51.102748
12,20,6,13,11,7,2,5,3,0,0,1,0,0,0,0,1,13.793653,51.028699
12,20,6,18,12,5,2,0,1,0,0,1,0,0,0,0,0,13.780543,51.135406
22,20,6,12,13,6,3,5,3,0,0,1,1,0,0,0,0,13.075525,50.855447
13,20,6,16,14,3,3,5,2,0,0,1,1,0,0,0,0,12.309207,51.32806
13,20,6,17,15,4,2,5,2,0,0,1,0,0,0,0,0,12.354877,51.33047
13,20,6,11,6,5,3,3,6,0,0,1,1,0,0,0,0,12.314459,51.348846
12,20,6,16,9,3,3,3,6,0,0,1,1,0,0,0,0,13.809049,51.052993
25,20,6,16,19,3,2,4,6,0,0,1,0,0,1,0,0,14.425298,51.177279
12,20,6,20,8,7,2,0,1,0,1,1,0,0,0,0,0,13.690652,51.053712
21,20,6,15,7,2,3,3,2,0,1,1,1,0,0,0,0,13.010085,50.57826
30,20,6,12,7,6,3,0,1,1,1,1,0,0,0,0,0,12.235657,51.401864
22,20,6,16,9,3,2,0,7,0,0,1,0,0,0,0,0,13.337358,50.918535
26,20,6,19,11,6,2,0,1,0,1,1,0,0,0,0,0,14.849489,51.321264
12,20,6,14,2,1,3,0,1,2,1,1,0,0,0,0,0,13.751845,51.063202
13,20,6,19,11,6,3,5,2,0,1,1,1,0,0,0,0,12.403272,51.338668
13,20,6,14,20,1,3,0,1,0,1,1,1,0,0,0,0,12.36509,51.361258
27,20,6,17,10,4,3,5,3,0,0,1,1,0,0,0,0,13.653796,51.109335
12,20,6,11,7,5,3,1,5,0,0,1,1,0,0,0,0,13.78208,51.050976
13,20,6,15,13,2,3,5,3,0,0,1,1,0,0,0,0,12.359284,51.337335
13,20,6,5,18,6,3,8,7,0,0,1,1,0,0,0,0,12.332937,51.322237
13,20,6,30,8,3,3,5,3,0,0,1,0,0,0,0,0,12.401555,51.347125
13,20,6,30,16,3,3,1,5,0,0,1,1,0,0,0,0,12.376833,51.343016
12,20,6,24,14,4,3,1,5,0,0,1,1,0,0,0,0,13.828632,51.010871
13,20,7,1,16,4,3,5,2,0,0,1,0,0,0,0,1,12.303124,51.314391
13,20,6,30,6,3,3,5,2,0,0,1,1,0,0,0,0,12.329204,51.335564
12,20,6,24,17,4,2,1,5,0,1,1,1,0,0,0,0,13.707377,51.029519
12,20,7,2,7,5,3,0,1,0,1,1,0,0,0,0,0,13.805324,51.011627
13,20,6,30,18,3,3,5,3,0,0,1,1,0,0,0,0,12.446017,51.346178
13,20,6,30,15,3,3,5,3,0,0,1,1,0,0,0,0,12.389334,51.291785
13,20,6,30,16,3,2,5,3,0,0,1,1,0,0,0,0,12.369154,51.341714
12,20,6,24,16,4,3,5,3,0,1,1,1,0,0,0,0,13.772632,51.04781
13,20,7,2,15,5,3,1,1,0,0,1,1,0,0,0,0,12.287896,51.312642
26,20,6,30,12,3,3,1,5,0,0,1,1,0,0,0,0,14.976573,51.145073
27,20,6,30,8,3,3,5,2,0,0,1,1,0,0,0,0,13.264902,51.303434
12,20,6,24,6,4,3,5,3,0,0,1,1,0,0,0,0,13.788284,51.035988
27,20,6,30,15,3,3,0,7,0,0,1,0,0,0,0,0,13.52928,51.291978
12,20,6,30,11,3,3,2,6,0,0,1,1,0,0,0,0,13.691276,51.052415
12,20,6,30,15,3,3,5,3,0,0,1,1,0,0,0,0,13.720446,51.039429
12,20,6,30,15,3,3,0,7,0,0,1,1,0,0,0,0,13.762122,51.06262
12,20,6,30,13,3,3,5,3,0,0,1,1,0,0,0,0,13.788284,51.035987
12,20,6,30,19,3,3,3,2,0,0,1,1,0,0,0,0,13.701994,51.036528
22,20,6,24,10,4,3,0,3,0,0,1,1,0,0,0,0,13.364183,50.903291
21,20,6,30,12,3,3,0,1,0,0,1,0,0,0,0,0,13.122039,50.673504
11,20,6,24,6,4,3,5,3,0,0,1,1,0,0,0,0,12.9133,50.843636
24,20,6,29,12,2,3,4,6,0,0,1,1,0,0,0,0,12.552512,50.669783
21,20,6,24,15,4,2,0,1,0,0,1,0,0,0,0,0,12.88447,50.721253
27,20,7,2,16,5,3,5,3,0,0,1,0,0,1,0,0,13.549785,51.147595
29,20,6,29,9,2,3,0,7,0,0,1,0,0,0,0,0,12.286073,51.150521
26,20,7,1,17,4,3,3,6,0,0,1,0,0,0,0,0,14.626693,51.512593
23,20,6,23,16,3,3,5,3,0,0,1,1,0,0,0,0,12.141543,50.492292
12,20,7,2,19,5,3,6,6,0,0,1,0,1,0,0,0,13.749158,51.074198
29,20,6,29,13,2,3,0,7,0,0,1,1,0,0,0,0,12.543406,51.354399
12,20,7,2,20,5,3,5,3,1,0,1,1,0,0,0,0,13.748922,51.051265
13,20,6,29,10,2,3,7,7,0,0,1,0,0,0,0,0,12.378485,51.307776
13,20,6,29,14,2,3,5,3,0,0,1,1,0,0,0,0,12.305027,51.41286
13,20,6,29,12,2,3,5,3,0,0,1,1,0,0,0,0,12.368696,51.357268
22,20,7,3,18,6,3,5,3,0,0,1,1,0,0,0,0,13.12835,51.123137
13,20,6,29,17,2,3,3,2,0,0,1,1,0,0,0,0,12.336952,51.329451
13,20,6,23,19,3,3,5,3,0,0,1,0,0,1,0,0,12.323089,51.327117
13,20,6,23,13,3,2,5,2,0,0,1,1,0,0,0,0,12.417447,51.316092
30,20,6,23,13,3,2,5,3,0,0,1,1,0,0,0,0,12.63203,51.456911
27,20,6,29,7,2,3,0,6,0,0,1,0,0,0,0,1,13.496255,51.106036
27,20,6,29,17,2,2,0,1,0,0,1,0,0,0,0,0,13.469825,51.164782
24,20,7,2,12,5,2,5,3,0,0,1,1,0,0,0,0,12.495683,50.704618
12,20,6,29,15,2,2,0,7,0,0,1,0,0,0,0,0,13.724002,51.080774
27,20,6,23,14,3,3,0,1,0,0,1,0,0,0,0,0,13.470133,51.163569
12,20,6,29,14,2,3,0,6,0,0,1,1,0,0,0,0,13.741865,51.023598
12,20,6,29,16,2,3,2,6,0,0,1,0,0,0,0,1,13.76807,51.021944
28,20,6,23,16,3,3,5,3,0,0,1,1,0,0,0,0,13.639528,51.019662
12,20,6,29,3,2,3,1,5,2,1,1,1,0,0,0,0,13.747553,51.072304
28,20,7,2,16,5,3,5,2,0,0,1,1,0,0,0,0,13.865769,50.970567
12,20,6,29,16,2,3,5,2,0,0,1,1,0,0,0,0,13.774274,51.032793
12,20,6,29,11,2,3,0,1,0,0,1,0,0,0,0,0,13.807995,51.011157
13,20,7,2,17,5,3,6,6,0,0,1,0,1,0,0,0,12.37183,51.362114
12,20,6,23,18,3,3,0,1,0,0,1,0,0,0,0,0,13.704972,51.027432
22,20,6,29,19,2,3,4,1,0,0,1,1,0,0,0,0,13.038518,50.874046
12,20,6,23,12,3,3,0,1,0,0,1,0,0,0,0,0,13.832638,51.029485
21,20,6,29,16,2,3,5,3,0,0,1,1,0,0,0,0,12.762447,50.556374
12,20,7,2,13,5,3,3,6,0,0,1,1,0,0,0,0,13.752736,51.059736
11,20,6,29,20,2,3,2,6,0,0,1,0,0,0,0,0,12.873476,50.783611
12,20,6,23,17,3,3,6,6,0,0,1,0,1,0,0,0,13.791197,51.013262
25,20,7,1,14,4,3,2,6,0,0,1,1,0,0,0,0,14.304975,51.340795
11,20,6,29,12,2,3,5,3,0,0,1,1,0,0,0,0,12.915586,50.829132
12,20,6,23,17,3,3,3,6,0,0,1,0,0,0,0,0,13.749671,51.043094
27,20,7,1,17,4,3,0,1,0,0,1,0,0,0,0,0,13.663701,51.097154
30,20,6,28,11,1,3,6,3,0,0,1,0,1,0,0,0,13.047709,51.237803
28,20,6,28,11,1,2,4,6,0,0,1,0,0,1,0,0,14.234604,50.981562
27,20,6,28,22,1,3,3,1,2,0,1,1,0,0,0,0,13.483871,51.166422
12,20,6,28,18,1,3,0,1,0,0,1,0,0,0,0,0,13.789635,51.125847
12,20,6,28,21,1,3,1,1,1,0,1,1,0,0,0,0,13.672404,51.042417
12,20,6,23,16,3,3,5,3,0,0,1,1,0,0,0,0,13.749864,51.075008
12,20,7,1,18,4,2,4,2,0,0,1,1,0,0,0,0,13.741435,51.023643
24,20,7,2,14,5,2,5,3,0,0,1,1,0,0,0,0,12.441974,50.721997
12,20,6,28,11,1,3,0,1,0,0,1,0,0,0,0,0,13.822141,51.029861
22,20,6,28,15,1,2,0,7,0,0,1,0,0,0,0,0,12.651631,50.9458
12,20,6,23,15,3,3,0,3,0,0,1,0,0,0,0,1,13.714497,51.035754
12,20,6,23,2,3,2,2,6,2,0,1,1,0,0,0,0,13.733395,51.051677
24,20,6,27,21,7,3,4,7,0,0,1,0,0,0,0,0,12.458216,50.695894
13,20,6,27,16,7,3,5,3,0,0,1,1,0,0,0,0,12.384968,51.298891
13,20,7,2,13,5,2,0,1,0,0,1,0,0,0,0,0,12.378702,51.345711
13,20,6,27,10,7,3,5,3,0,0,1,1,0,0,0,0,12.439138,51.352125
26,20,6,27,11,7,3,1,5,0,0,1,1,0,0,0,0,14.945359,51.149651
22,20,6,23,7,3,3,0,7,0,0,1,0,0,0,0,0,12.964192,50.987292
27,20,6,27,13,7,3,3,6,0,0,1,1,0,0,0,0,13.651963,51.098219
28,20,6,27,17,7,3,0,1,0,1,1,0,0,0,0,0,13.723966,50.999298
21,20,6,23,12,3,3,5,3,0,0,1,1,0,0,0,0,12.710782,50.433754
21,20,6,27,18,7,2,0,1,0,1,1,0,0,0,0,0,13.00039,50.752219
24,20,7,1,17,4,3,4,6,0,0,1,0,0,0,0,0,12.571402,50.694522
24,20,6,26,9,6,3,5,2,0,0,1,0,0,0,1,0,12.473114,50.826596
12,20,7,1,11,4,3,5,3,0,0,1,1,0,0,0,0,13.840647,51.023594
23,20,6,26,11,6,2,0,1,0,0,1,0,0,0,0,0,12.305576,50.621663
27,20,7,2,21,5,3,5,2,2,1,1,1,0,0,0,0,13.659857,51.096066
13,20,6,26,10,6,3,5,2,0,0,1,1,0,0,0,0,12.364187,51.344443
13,20,6,26,23,6,3,2,6,2,0,1,0,0,0,0,0,12.333266,51.297233
12,20,7,2,6,5,3,5,3,0,1,1,1,0,0,0,0,13.723256,51.049872
13,20,6,26,10,6,3,5,3,0,0,1,1,0,0,0,0,12.326548,51.308167
13,20,6,26,17,6,3,5,2,0,0,1,1,0,0,0,0,12.358017,51.33536
13,20,6,26,19,6,2,3,2,0,0,1,1,0,0,0,0,12.374118,51.303343
12,20,7,1,17,4,3,1,5,0,0,1,1,0,0,0,0,13.761224,51.025755
27,20,6,26,15,6,3,4,2,0,0,1,0,0,0,0,0,13.501971,51.352279
28,20,6,26,18,6,3,0,1,0,0,1,0,0,0,0,0,13.656352,51.010485
13,20,6,22,16,2,3,5,3,0,0,1,0,0,0,0,1,12.356212,51.355547
28,20,6,26,16,6,3,0,1,0,0,1,0,0,0,0,0,13.63586,51.017381
13,20,6,22,18,2,3,5,3,0,0,1,1,0,0,0,0,12.411599,51.34257
12,20,6,26,12,6,3,1,5,0,0,1,1,0,0,0,0,13.768469,51.047901