CSV=`UKREIS,UJAHR,UMONAT,UTAG,USTUNDE,UWOCHENTAG,UKATEGORIE,UART,UTYP,LICHT,USTRZUSTAND,IstRad,IstPKW,IstFuss,IstKrad,IstGkfz,IstSonstig,@lon,@lat
23,20,7,1,18,4,2,0,1,0,0,1,0,0,0,0,0,12.463032,50.507849
12,20,6,26,8,6,3,0,7,0,0,1,0,0,0,0,0,13.809164,51.050103
13,20,6,22,10,2,3,3,6,0,0,1,1,0,0,0,0,12.340876,51.318605
23,20,6,25,20,5,3,5,3,0,0,1,1,0,0,0,0,12.151829,50.495124
13,20,6,22,6,2,3,5,2,0,0,1,1,0,0,0,0,12.350527,51.332643
23,20,6,25,23,5,3,0,7,2,0,1,1,0,0,0,0,12.111781,50.490661
13,20,6,22,10,2,3,1,6,0,0,1,1,0,0,0,0,12.361607,51.363357
30,20,6,25,14,5,3,1,5,0,0,1,1,0,0,0,0,12.340974,51.527201
26,20,7,2,18,5,2,1,5,0,0,1,1,0,0,0,0,14.984018,51.16469
13,20,6,25,19,5,3,1,5,0,0,1,1,0,0,0,0,12.372484,51.332851
13,20,6,25,17,5,3,4,6,0,0,1,1,0,0,0,0,12.408038,51.344546
13,20,6,25,21,5,3,0,1,1,0,1,0,0,0,0,0,12.373646,51.333046
26,20,6,22,16,2,3,5,3,0,0,1,1,0,0,0,0,14.968869,51.169621
13,20,6,25,15,5,3,5,3,0,0,1,1,0,0,0,0,12.321815,51.328856
13,20,6,25,8,5,3,1,5,0,0,1,1,0,0,0,0,12.360777,51.341798
28,20,6,22,16,2,3,6,4,0,0,1,0,1,0,0,0,14.283023,50.972513
13,20,6,25,20,5,3,5,3,0,0,1,1,0,0,0,0,12.27761,51.314265
23,20,7,1,14,4,2,0,1,0,0,1,0,0,0,0,0,12.400833,50.506519
12,20,7,2,20,5,3,3,6,0,0,1,0,0,0,0,0,13.690035,51.061209
13,20,6,25,8,5,3,0,7,0,1,1,0,0,0,0,0,12.345684,51.327527
13,20,6,25,8,5,3,5,3,0,0,1,1,0,0,0,0,12.327646,51.326707
11,20,7,1,18,4,2,5,2,0,0,1,1,0,0,0,0,12.89842,50.802719
13,20,6,25,14,5,3,5,3,0,0,1,0,0,0,0,1,12.408699,51.359998
29,20,6,25,15,5,3,1,5,0,0,1,0,0,0,0,1,12.376457,51.282444
12,20,7,2,14,5,3,5,2,0,0,1,0,0,0,0,1,13.756561,51.055091
25,20,6,25,16,5,3,0,7,0,0,1,0,0,0,0,0,14.260559,51.435585
27,20,6,22,14,2,2,0,7,0,0,1,0,0,0,0,0,13.528231,51.293257
13,20,6,30,12,3,2,0,1,0,0,1,0,0,0,0,0,12.342727,51.350831
26,20,6,25,7,5,3,0,1,0,0,1,0,0,0,0,0,14.987042,51.152716
12,20,6,22,14,2,3,5,2,0,0,1,1,0,0,0,0,13.700914,51.04375
27,20,6,25,12,5,2,6,6,0,0,1,0,1,0,0,0,13.729005,51.214643
12,20,6,22,13,2,3,8,1,0,0,1,0,0,0,0,0,13.842337,51.021473
12,20,7,2,16,5,3,5,3,0,0,1,1,0,0,0,0,13.743874,51.040406
12,20,6,25,16,5,3,5,3,0,0,1,0,0,0,0,1,13.757838,51.05145
12,20,6,22,12,2,3,0,1,0,0,1,0,0,0,0,0,13.752111,51.07095
12,20,6,25,8,5,3,0,1,0,1,1,0,0,0,0,0,13.726571,51.046652
12,20,6,25,9,5,2,0,1,0,1,1,0,0,0,0,0,13.781505,51.053269
12,20,6,22,17,2,3,5,2,0,0,1,1,0,0,0,0,13.82349,51.034021
12,20,6,22,12,2,3,5,3,0,0,1,1,0,0,0,0,13.814891,51.017357
22,20,6,25,18,5,2,0,7,0,0,1,1,0,0,0,0,13.037371,51.068734
11,20,6,25,9,5,3,5,2,0,0,1,1,0,0,0,0,12.947757,50.813528
12,20,6,22,15,2,2,5,3,0,0,1,1,0,0,0,0,13.774877,51.038164
11,20,6,25,14,5,2,5,3,0,0,1,1,0,0,0,0,12.928523,50.830304
13,20,7,2,20,5,3,5,2,1,1,1,1,0,0,0,0,12.396291,51.307881
24,20,6,24,7,4,2,0,1,0,0,1,0,0,0,0,0,12.374191,50.731805
29,20,6,24,14,4,3,3,6,0,0,1,0,0,0,0,0,12.735231,51.370951
13,20,6,24,14,4,3,3,6,0,0,1,0,0,0,0,0,12.319881,51.344574
13,20,6,24,8,4,3,5,2,0,0,1,1,0,0,0,0,12.411543,51.342145
28,20,7,2,16,5,3,0,7,0,0,1,0,0,0,0,0,13.945058,50.958067
30,20,6,30,17,3,3,5,3,0,0,1,1,0,0,0,0,13.123031,51.48245
25,20,6,24,14,4,3,5,3,0,1,1,1,0,0,0,0,14.429371,51.179375
13,20,7,1,18,4,3,5,3,0,0,1,1,0,0,0,0,12.41529,51.316622
12,20,7,2,5,5,3,3,6,0,1,1,1,0,0,0,0,13.711454,51.033127
27,20,6,24,16,4,2,5,3,0,0,1,0,0,0,0,0,13.675389,51.104914
12,20,6,24,13,4,2,0,1,0,0,1,0,0,0,0,0,13.710925,51.052203
12,20,6,24,9,4,2,5,2,0,0,1,1,0,0,0,0,13.709365,51.081668
24,20,6,21,13,1,2,8,7,0,0,1,0,0,0,0,0,12.36599,50.707381
13,20,7,9,11,5,2,6,4,0,1,1,0,1,0,0,0,12.383226,51.342989
12,20,7,15,20,4,2,0,7,0,1,1,0,0,0,0,0,13.828185,50.998872
13,20,7,13,19,2,3,5,2,0,0,1,1,0,0,0,0,12.392544,51.287339
22,20,7,6,11,2,3,0,7,0,0,1,0,0,0,0,0,13.188473,51.066579
12,20,7,11,9,7,3,5,2,0,0,1,1,0,0,0,0,13.750745,51.047253
13,20,7,14,7,3,3,5,3,0,0,1,1,0,0,0,0,12.378042,51.337119
13,20,7,13,11,2,3,0,1,0,0,1,0,0,0,0,0,12.385929,51.364296
12,20,7,9,19,5,3,6,2,0,0,1,0,1,0,0,0,13.75928,51.060911
11,20,7,6,14,2,3,0,7,0,0,1,0,0,0,0,0,12.956384,50.87081
28,20,7,7,16,3,3,5,3,0,0,1,1,0,0,0,0,13.939057,50.958583
12,20,7,16,17,5,3,5,3,0,1,1,1,0,0,0,0,13.769764,51.044801
12,20,7,13,10,2,3,5,3,0,0,1,1,0,0,0,0,13.781983,51.036867
12,20,7,10,21,6,3,1,5,2,0,1,1,0,0,0,0,13.803571,51.025446
11,20,7,6,18,2,3,0,6,0,0,1,1,0,0,0,0,12.885673,50.821211
26,20,7,6,13,2,3,1,5,0,0,1,1,0,0,0,0,14.987807,51.149719
29,20,7,5,13,1,3,5,3,0,0,1,1,0,0,0,0,12.550563,51.171544
12,20,7,17,14,6,3,5,3,0,0,1,1,0,0,0,0,13.671137,51.053607
12,20,7,14,17,3,3,0,7,0,0,1,0,0,0,0,0,13.733545,51.051691
30,20,7,12,16,1,3,4,6,0,0,1,0,0,0,0,0,12.330125,51.531079
13,20,7,5,18,1,3,0,7,0,0,1,0,0,0,0,0,12.380651,51.371558
13,20,7,5,23,1,2,0,1,2,0,1,0,0,0,0,0,12.374566,51.339294
26,20,7,11,20,7,3,0,1,0,0,1,0,0,0,0,0,14.639112,51.512173
13,20,7,15,17,4,3,2,7,0,1,1,1,0,0,0,0,12.357247,51.345486
12,20,7,15,13,4,3,5,2,0,0,1,1,0,0,0,0,13.729522,51.045761
22,20,7,8,7,4,3,0,3,0,1,1,1,0,0,0,0,12.911061,51.158388
24,20,7,16,22,5,2,1,5,2,1,1,1,0,0,0,0,12.77437,50.854296
13,20,7,13,12,2,3,1,5,0,0,1,1,0,0,0,0,12.376025,51.318581
25,20,7,5,19,1,3,0,7,0,0,1,0,0,0,0,0,14.230733,51.434958
22,20,7,11,12,7,2,9,1,0,0,1,1,0,0,0,0,12.786241,51.023243
27,20,7,5,13,1,3,4,2,0,0,1,1,0,0,0,0,13.408313,51.296996
24,20,7,17,15,6,3,5,3,0,0,1,1,0,0,0,0,12.547297,50.811778
13,20,7,9,18,5,3,5,2,0,0,1,1,0,0,0,0,12.41356,51.33877
24,20,7,14,13,3,3,5,3,0,0,1,1,0,0,0,0,12.376393,50.733969
13,20,7,7,16,3,3,1,5,0,0,1,1,0,0,0,0,12.398657,51.332463
13,20,7,13,17,2,3,5,2,0,0,1,1,0,0,0,0,12.407387,51.325982
29,20,7,10,13,6,2,0,1,0,0,1,0,0,0,0,0,12.441866,51.157314
13,20,7,17,7,6,3,0,1,0,0,1,0,0,0,0,0,12.419636,51.348153
12,20,7,7,17,3,3,3,6,0,0,1,1,0,0,0,0,13.743959,51.07418
13,20,7,7,14,3,3,5,3,0,0,1,1,0,0,0,0,12.353995,51.350911
12,20,7,13,10,2,3,2,5,0,0,1,1,0,0,0,0,13.838311,51.004953
11,20,7,5,16,1,2,0,1,0,0,1,0,0,0,0,0,12.885155,50.80105
13,20,7,8,18,4,3,5,3,0,0,1,1,0,0,0,0,12.36855,51.317831
23,20,7,4,13,7,3,5,3,0,0,1,1,0,0,0,0,12.123491,50.522261
12,20,7,14,14,3,3,3,2,0,0,1,1,0,0,0,0,13.806572,51.037334
13,20,7,12,21,1,3,1,1,2,0,1,1,0,0,0,0,12.430255,51.343509
24,20,7,9,10,5,2,4,1,0,0,1,1,0,0,0,0,12.748696,50.825852
13,20,7,4,17,7,3,3,6,0,0,1,1,0,0,0,0,12.41248,51.34352
27,20,7,6,17,2,3,5,3,0,0,1,1,0,0,0,0,13.573949,51.119529
12,20,7,15,18,4,3,0,7,0,1,1,0,0,0,0,0,13.758479,51.029558
12,20,7,17,7,6,3,5,3,0,0,1,0,0,0,0,0,13.848456,51.010882
11,20,7,14,10,3,3,5,3,0,0,1,1,0,0,0,0,12.914268,50.837924
11,20,7,7,16,3,2,3,2,0,0,1,1,0,0,0,0,12.847825,50.825002
13,20,7,15,15,4,3,5,3,0,0,1,1,0,0,0,0,12.328751,51.31732
12,20,7,12,13,1,3,8,1,0,0,1,0,0,0,0,0,13.858754,51.001905
12,20,7,6,12,2,3,5,3,0,0,1,1,0,0,0,0,13.832744,51.020117
12,20,7,15,8,4,3,8,1,0,0,1,0,0,0,0,0,13.735122,51.046703
13,20,7,16,13,5,3,4,6,0,0,1,0,0,0,0,0,12.373744,51.343133
13,20,7,4,6,7,2,0,7,0,0,1,0,0,0,0,0,12.328958,51.330118
28,20,7,11,0,7,3,4,1,2,0,1,1,0,0,0,0,13.620825,51.013403
26,20,7,4,13,7,3,4,6,0,0,1,1,0,0,0,0,14.892207,51.03938
13,20,7,9,7,5,3,6,4,0,1,1,0,1,0,0,0,12.373203,51.310765
26,20,7,4,15,7,3,3,6,0,0,1,1,0,0,0,0,14.977549,51.164729
29,20,7,14,10,3,3,3,6,0,0,1,1,0,0,0,0,12.71875,51.22599
28,20,7,13,13,2,3,0,7,0,0,1,0,0,0,0,0,13.639154,50.886478
24,20,7,8,15,4,3,0,7,0,1,1,0,0,0,0,0,12.715932,50.8034
27,20,7,4,14,7,3,0,1,0,0,1,0,0,0,0,0,13.673091,51.169495
12,20,7,9,11,5,3,5,3,0,0,1,1,0,0,0,0,13.71583,51.054423
12,20,7,4,22,7,3,0,1,2,0,1,0,0,0,0,0,13.682453,51.060351
30,20,7,17,13,6,3,0,7,0,0,1,1,0,0,0,0,12.342021,51.52444
13,20,7,14,12,3,2,1,5,0,0,1,1,0,0,0,0,12.366993,51.328842
12,20,7,16,21,5,2,0,1,1,1,1,0,0,0,0,0,13.734989,51.052297
12,20,7,13,9,2,3,0,7,0,0,1,0,0,0,0,0,13.787223,51.054001
12,20,7,10,8,6,3,6,6,0,0,1,0,1,0,0,0,13.757768,51.062463
12,20,7,6,16,2,3,0,1,0,0,1,0,0,0,0,0,13.837971,51.024195
12,20,7,17,8,6,3,7,1,0,0,1,0,0,0,0,0,13.733206,51.057433
12,20,7,4,22,7,3,0,7,2,0,1,1,0,0,0,0,13.75199,51.062319
12,20,7,14,11,3,3,1,5,0,0,1,1,0,0,0,0,13.730482,51.039488
12,20,7,7,14,3,3,5,3,0,0,1,1,0,0,0,0,13.832677,51.020098
12,20,7,16,15,5,3,5,3,0,0,1,1,0,0,0,0,13.777196,51.060093
23,20,7,12,17,1,3,0,1,0,0,1,0,0,0,0,0,12.136892,50.496296
11,20,7,10,19,6,2,0,1,0,0,1,1,0,0,0,0,12.97557,50.79632
12,20,7,6,7,2,3,5,3,0,0,1,1,0,0,0,0,13.763349,51.116048
28,20,7,15,19,4,3,5,3,0,1,1,1,0,0,0,0,13.861165,50.980422
12,20,7,8,2,4,3,0,1,2,1,1,0,0,0,0,0,13.750444,51.071437
30,20,7,13,19,2,2,0,7,0,0,1,0,0,0,0,0,12.997827,51.559612
29,20,7,6,7,2,3,4,2,0,0,1,1,0,0,0,0,12.822024,51.136445
30,20,7,11,10,7,3,5,3,0,0,1,1,0,0,0,0,12.612522,51.456461
13,20,7,9,17,5,3,5,3,0,0,1,1,0,0,0,0,12.323715,51.327063
29,20,7,12,15,1,2,1,5,0,0,1,1,0,0,0,0,12.239444,51.337906
13,20,7,9,10,5,3,6,4,0,1,1,0,1,0,0,0,12.39037,51.324746
12,20,7,4,15,7,3,0,7,0,0,1,0,0,0,0,0,13.751753,51.067011
12,20,7,15,15,4,2,5,3,0,1,1,1,0,0,0,0,13.738613,51.039529
22,20,7,8,20,4,3,7,7,0,0,1,0,0,0,0,0,13.139789,51.024917
11,20,7,4,14,7,3,0,1,0,0,1,0,0,0,0,0,12.93916,50.832451
13,20,7,7,10,3,3,5,3,0,0,1,0,0,0,0,1,12.265912,51.307297
13,20,7,6,7,2,3,3,6,0,0,1,1,0,0,0,0,12.37634,51.348402
12,20,7,16,17,5,3,0,1,0,1,1,0,0,0,0,0,13.707892,51.078882
12,20,7,13,14,2,3,5,3,0,0,1,1,0,0,0,0,13.800993,51.003847
11,20,7,4,14,7,3,6,6,0,0,1,0,1,0,0,0,12.942002,50.840012
13,20,7,18,15,7,3,0,3,0,0,1,1,0,0,0,0,12.337435,51.332427
11,20,7,15,13,4,3,4,2,0,1,1,1,0,0,0,0,12.906766,50.786713
30,20,7,7,16,3,3,5,3,0,0,1,1,0,0,0,0,12.986846,51.551862
13,20,7,16,11,5,1,5,3,0,0,1,0,0,0,0,1,12.314422,51.330277
30,20,7,10,14,6,3,5,2,0,0,1,0,0,0,0,1,12.634683,51.45983
21,20,7,4,22,7,2,8,7,2,0,1,1,0,0,0,0,12.74494,50.738032
12,20,7,9,10,5,3,5,2,0,0,1,1,0,0,0,0,13.776371,51.046934
13,20,7,17,9,6,3,5,3,0,0,1,1,0,0,0,0,12.376785,51.320517
13,20,7,3,17,6,3,0,1,0,0,1,0,0,0,0,0,12.416651,51.323709
13,20,7,3,19,6,3,0,1,0,0,1,0,0,0,0,0,12.319932,51.330347
12,20,7,17,7,6,3,5,2,0,0,1,1,0,0,0,0,13.708638,51.047043
12,20,7,14,16,3,3,5,3,0,0,1,1,0,0,0,0,13.738248,51.03921
21,20,7,7,7,3,3,5,3,0,1,1,1,0,0,0,0,12.706488,50.592717
13,20,7,6,9,2,3,3,2,0,0,1,0,0,0,0,1,12.376615,51.346005
12,20,7,6,19,2,3,5,2,0,0,1,0,0,0,0,1,13.755926,51.055875
12,20,7,15,17,4,3,1,5,0,1,1,0,0,0,1,0,13.760259,51.026945
12,20,7,8,12,4,3,1,5,0,1,1,1,0,0,0,0,13.741454,51.049778
12,20,7,6,7,2,3,5,3,0,1,1,1,0,0,0,0,13.831289,51.002355
13,20,7,15,22,4,3,5,3,2,1,1,0,0,1,0,0,12.377094,51.357022
29,20,7,8,17,4,3,5,3,0,0,1,0,0,0,0,1,12.35947,51.292696
12,20,7,12,1,1,2,0,1,2,0,1,0,0,0,0,0,13.737467,51.033269
13,20,7,9,20,5,3,1,5,0,0,1,0,0,0,0,1,12.331039,51.320069
13,20,7,3,21,6,3,5,5,1,0,1,1,0,0,0,0,12.343386,51.324495
29,20,7,3,22,6,2,0,1,2,0,1,0,0,0,0,0,12.638513,51.150913
25,20,7,11,16,7,2,0,1,0,0,1,0,0,0,0,0,14.219918,51.440559
13,20,7,9,12,5,3,5,2,0,0,1,1,0,0,0,0,12.365247,51.323621
25,20,7,3,20,6,3,5,3,0,0,1,1,0,0,0,0,14.42616,51.183173
12,20,7,18,19,7,3,5,2,0,0,1,1,0,0,0,0,13.823721,51.012854
24,20,7,14,10,3,2,3,6,0,0,1,0,0,0,1,0,12.258897,50.806556
13,20,7,7,15,3,3,1,5,0,0,1,1,0,0,0,0,12.376558,51.369672
13,20,7,16,12,5,3,1,5,0,0,1,1,0,0,0,0,12.396581,51.34603
13,20,7,10,12,6,3,5,2,0,0,1,1,0,0,0,0,12.341722,51.318565
25,20,7,3,7,6,3,5,3,0,1,1,1,0,0,0,0,14.436612,51.179008
28,20,7,3,15,6,3,5,3,0,0,1,1,0,0,0,0,13.64726,51.003937
12,20,7,14,10,3,3,0,1,0,0,1,0,0,0,0,0,13.829726,51.000648
12,20,7,7,8,3,2,0,7,0,1,1,0,0,0,0,1,13.754879,51.070121
27,20,7,9,19,5,2,0,1,0,0,1,0,0,0,0,0,13.530758,51.127186
12,20,7,3,14,6,3,3,3,0,0,1,1,0,0,0,0,13.719217,51.07646
13,20,7,14,9,3,3,2,6,0,0,1,1,0,0,0,0,12.373799,51.32071
12,20,7,13,18,2,2,5,2,0,0,1,0,0,0,1,0,13.756561,51.055091
28,20,7,10,11,6,2,0,1,0,0,1,0,0,0,0,0,13.687874,50.935894
12,20,7,14,7,3,3,5,3,0,0,1,1,0,0,0,0,13.799313,51.026257
23,20,7,15,16,4,3,0,1,0,1,1,0,0,0,0,0,12.372574,50.332938
13,20,7,12,9,1,3,5,3,0,0,1,1,0,0,0,0,12.372984,51.301386
11,20,7,13,11,2,1,0,1,0,0,1,0,0,0,0,0,12.941902,50.824519
12,20,7,6,18,2,3,1,5,0,0,1,1,0,0,0,0,13.724362,51.090915
13,20,7,6,14,2,3,3,6,0,0,1,1,0,0,0,0,12.438477,51.380142
29,20,7,6,18,2,3,5,3,0,0,1,1,0,0,0,0,12.427231,51.274891
12,20,7,12,15,1,3,6,4,0,0,1,0,1,0,0,0,13.7382,51.053252
12,20,7,31,17,6,3,5,2,0,0,1,1,0,0,0,0,13.755895,51.055929
12,20,7,28,0,3,3,0,1,2,0,1,0,0,0,0,0,13.761943,51.051862
12,20,7,31,9,6,3,5,3,0,0,1,1,0,0,0,0,13.78883,51.043273
13,20,7,27,7,2,3,3,2,0,0,1,1,0,0,0,0,12.3872,51.326815
11,20,7,31,15,6,3,5,3,0,0,1,1,0,0,0,0,12.923895,50.835265
13,20,7,27,7,2,3,5,3,0,0,1,1,0,0,0,0,12.407566,51.351298
13,20,8,4,14,3,3,5,2,0,0,1,1,0,0,0,0,12.408199,51.335566
13,20,7,27,16,2,3,5,3,0,0,1,1,0,0,0,0,12.385773,51.37263
25,20,7,27,18,2,3,1,5,0,0,1,1,0,0,0,0,14.544618,51.221713
26,20,7,27,11,2,3,0,7,0,0,1,0,0,0,0,0,14.827517,51.293241
12,20,7,27,18,2,3,3,6,0,0,1,1,0,0,0,0,13.812738,50.998001
11,20,7,31,19,6,3,4,2,0,0,1,1,0,0,0,0,12.99582,50.779874
12,20,7,27,8,2,3,5,3,0,0,1,1,0,0,0,0,13.762734,51.088889
24,20,7,30,21,5,3,1,7,2,0,1,1,0,0,0,0,12.474391,50.782245
12,20,7,27,11,2,3,5,3,0,0,1,1,0,0,0,0,13.728069,51.048987
12,20,7,27,7,2,3,1,1,0,0,1,1,0,0,0,0,13.725804,51.050478
12,20,7,27,9,2,3,5,3,0,0,1,1,0,0,0,0,13.740986,51.06279
27,20,8,2,2,1,2,9,1,2,1,1,0,0,0,0,0,13.38018,51.317837
22,20,7,27,13,2,2,0,1,0,0,1,0,0,0,0,0,13.190347,51.063263
13,20,7,30,7,5,3,5,3,0,0,1,1,0,0,0,0,12.365525,51.339582
13,20,7,30,16,5,3,2,6,0,0,1,0,0,0,0,0,12.364156,51.371803
11,20,7,27,10,2,3,3,2,0,0,1,1,0,0,0,0,12.928167,50.835549
12,20,8,4,12,3,3,0,2,0,0,1,1,0,0,0,0,13.686286,51.042441
11,20,7,27,8,2,2,5,3,0,0,1,1,0,0,0,0,12.826655,50.819144
26,20,7,26,18,1,3,1,5,0,0,1,1,0,0,0,0,14.635708,51.494562
13,20,8,1,6,7,3,3,2,0,0,1,1,0,0,0,0,12.479194,51.345778
13,20,7,30,10,5,3,1,5,0,0,1,1,0,0,0,0,12.442966,51.331404
26,20,8,3,12,2,3,5,3,0,1,1,1,0,0,0,0,14.812578,50.906325
13,20,7,30,15,5,2,3,6,0,0,1,1,0,0,0,0,12.408441,51.337631
13,20,7,25,23,7,3,0,1,2,0,1,0,0,0,0,0,12.325604,51.312606
30,20,7,25,15,7,3,4,6,0,0,1,0,0,0,0,1,12.221509,51.39574
26,20,7,25,12,7,2,8,3,0,0,1,1,0,0,0,0,14.669675,51.09621
28,20,7,25,14,7,2,7,7,0,0,1,0,0,0,0,0,13.934016,50.995169
29,20,7,30,9,5,3,5,3,0,0,1,0,0,0,0,1,12.373097,51.286966
28,20,7,25,9,7,3,0,1,0,0,1,0,0,0,0,0,13.962166,50.963887
12,20,7,25,0,7,3,0,1,2,0,1,0,0,0,0,0,13.725022,51.080926
12,20,8,3,9,2,3,0,1,0,1,1,0,0,0,0,0,13.721251,51.029689
25,20,7,30,6,5,3,5,3,0,0,1,1,0,0,0,0,14.184691,51.13092
12,20,7,25,3,7,3,0,7,2,0,1,1,0,0,0,0,13.81909,51.031288
12,20,7,30,17,5,3,0,1,0,0,1,0,0,0,0,0,13.728633,51.085869
11,20,7,25,14,7,2,5,2,0,0,1,1,0,0,0,0,12.942785,50.841527
12,20,7,30,12,5,3,5,3,0,0,1,1,0,0,0,0,13.714253,51.02797
13,20,7,24,18,6,3,5,3,0,0,1,1,0,0,0,0,12.389613,51.321769
12,20,7,30,9,5,3,4,6,0,0,1,0,0,0,0,0,13.74674,51.053467
13,20,7,24,22,6,3,6,4,2,0,1,0,1,0,0,0,12.41087,51.344519
21,20,8,3,16,2,2,0,1,0,0,1,0,0,0,0,0,12.976024,50.713995
13,20,7,24,15,6,3,6,3,0,0,1,0,1,0,0,0,12.375868,51.307684
12,20,7,30,13,5,3,0,7,0,0,1,0,0,0,0,0,13.799331,51.056633
13,20,8,4,19,3,3,5,7,0,0,1,1,0,0,0,0,12.437012,51.327893
25,20,7,24,10,6,3,5,3,0,0,1,1,0,0,0,0,14.288605,51.096794
12,20,8,2,1,1,2,3,1,2,0,1,1,0,0,0,0,13.806723,51.052102
13,20,8,4,11,3,3,0,1,0,0,1,0,0,0,0,0,12.429004,51.344053
27,20,7,24,20,6,2,0,1,0,0,1,0,0,0,0,0,13.286368,51.308902
27,20,7,24,17,6,2,0,1,0,0,1,0,0,0,0,0,13.574018,51.119992
13,20,8,2,14,1,3,1,5,0,0,1,1,0,0,0,0,12.378013,51.368485
30,20,7,29,20,4,2,0,1,1,0,1,0,0,0,0,0,12.977859,51.569483
12,20,7,24,21,6,3,0,1,2,1,1,0,0,0,0,0,13.775771,51.050877
12,20,8,4,8,3,3,5,3,0,0,1,1,0,0,0,0,13.765108,51.066528
12,20,7,24,7,6,3,5,3,0,0,1,1,0,0,0,0,13.747949,51.068751
13,20,7,29,7,4,3,5,2,0,0,1,1,0,0,0,0,12.381605,51.331758
13,20,7,31,10,6,3,3,2,0,0,1,0,0,0,0,0,12.380944,51.34205
12,20,7,24,14,6,3,0,1,0,0,1,0,0,0,0,0,13.7957,51.042825
13,20,7,29,14,4,3,3,5,0,0,1,1,0,0,0,0,12.322164,51.342834
22,20,7,24,7,6,3,5,3,0,0,1,0,0,0,1,0,13.356446,50.908077
13,20,8,3,14,2,3,5,3,0,0,1,1,0,0,0,0,12.392052,51.338793
24,20,7,23,18,5,3,4,2,0,0,1,1,0,0,0,0,12.280236,50.747732
13,20,7,29,18,4,3,5,3,0,0,1,0,0,0,0,0,12.350093,51.364114
24,20,7,23,14,5,3,0,1,0,0,1,0,0,0,0,0,12.374884,50.755712
24,20,7,23,15,5,2,5,3,0,0,1,1,0,0,0,0,12.558941,50.82885
12,20,8,3,14,2,3,1,5,0,0,1,1,0,0,0,0,13.75647,51.065683
28,20,8,1,11,7,2,9,1,0,0,1,0,0,0,0,0,13.874477,50.972928
13,20,7,29,11,4,3,5,3,0,0,1,0,0,0,0,1,12.407726,51.356205
13,20,7,29,5,4,3,5,3,0,0,1,1,0,0,0,0,12.390556,51.386004
13,20,7,23,17,5,3,3,6,0,0,1,1,0,0,0,0,12.343172,51.32278
13,20,7,29,17,4,2,5,3,0,0,1,1,0,0,0,0,12.378522,51.336129
29,20,7,23,10,5,3,4,6,0,0,1,1,0,0,0,0,12.22302,51.309685
23,20,8,4,15,3,2,7,7,0,0,1,0,0,0,0,1,12.108944,50.329002
13,20,7,29,10,4,3,3,5,0,0,1,1,0,0,0,0,12.411158,51.342672
27,20,7,23,20,5,3,8,1,1,0,1,0,0,0,0,0,13.458744,51.148279
13,20,7,29,6,4,3,6,4,0,0,1,0,1,0,0,0,12.399767,51.398985
12,20,7,23,8,5,2,0,5,0,0,1,1,0,0,0,0,13.721891,51.032798
12,20,8,1,14,7,3,4,6,0,0,1,0,0,0,0,0,13.740246,51.053739
22,20,7,23,22,5,2,1,1,1,0,1,1,0,0,0,0,12.803828,50.897864
27,20,7,29,10,4,3,8,7,0,0,1,0,0,0,0,0,13.273881,51.304853
11,20,7,23,14,5,3,2,6,0,0,1,1,0,0,0,0,12.90593,50.835903
27,20,8,4,14,3,3,6,4,0,0,1,0,1,0,0,0,13.298511,51.306844
13,20,7,22,16,4,3,5,3,0,0,1,1,0,0,0,0,12.400151,51.319016
23,20,8,1,10,7,2,5,3,0,0,1,1,0,0,0,0,12.14304,50.510641
28,20,7,29,8,4,3,5,2,0,0,1,1,0,0,0,0,13.659708,51.008017
13,20,7,31,23,6,3,0,7,2,0,1,1,0,0,0,0,12.329987,51.330397
12,20,8,1,17,7,3,0,1,0,0,1,0,0,0,0,0,13.761718,51.054044
12,20,8,1,13,7,3,0,1,0,0,1,0,0,0,0,0,13.811767,51.020161
26,20,7,22,13,4,3,0,1,0,0,1,0,0,0,0,0,14.839824,51.293734
27,20,7,22,23,4,2,8,1,2,0,1,0,0,0,0,0,13.496313,51.174066
12,20,7,22,6,4,3,5,3,1,0,1,1,0,0,0,0,13.720968,51.055801
12,20,7,22,9,4,3,0,1,0,0,1,0,0,0,0,0,13.692956,51.046391
12,20,7,22,12,4,3,0,1,0,0,1,0,0,0,0,0,13.812852,51.046052
12,20,7,22,10,4,3,5,2,0,0,1,1,0,0,0,0,13.729457,51.045706
12,20,8,3,11,2,2,0,1,0,0,1,0,0,0,0,0,13.837524,51.02474
12,20,7,29,15,4,3,1,5,0,0,1,1,0,0,0,0,13.751313,51.067034
12,20,7,22,18,4,3,4,1,0,0,1,0,0,0,0,0,13.757434,51.045089
12,20,7,29,19,4,3,0,1,0,0,1,0,0,0,0,0,13.813015,51.019924
12,20,7,29,18,4,3,5,2,0,0,1,1,0,0,0,0,13.812606,51.019864
22,20,7,22,20,4,2,0,7,0,0,1,0,0,0,0,0,13.337069,50.91851
13,20,8,4,10,3,3,5,3,0,0,1,1,0,0,0,0,12.404965,51.336033
12,20,8,1,9,7,2,0,1,0,0,1,0,0,0,0,0,13.724583,51.053394
12,20,7,29,19,4,2,0,1,0,0,1,0,0,0,0,0,13.776931,51.06291
11,20,8,5,6,4,3,5,3,0,0,1,1,0,0,0,0,12.920406,50.85311
23,20,7,21,11,3,2,0,7,0,0,1,0,0,0,0,0,12.375832,50.505519