CSV=`UKREIS,UJAHR,UMONAT,UTAG,USTUNDE,UWOCHENTAG,UKATEGORIE,UART,UTYP,LICHT,USTRZUSTAND,IstRad,IstPKW,IstFuss,IstKrad,IstGkfz,IstSonstig,@lon,@lat
30,20,7,21,21,3,3,0,7,0,0,1,0,0,0,0,0,12.639393,51.457262
12,20,7,29,16,4,2,5,2,0,0,1,0,0,0,0,0,13.762501,51.044567
29,20,7,21,14,3,3,0,7,0,0,1,0,0,0,0,0,12.562993,51.318067
12,20,7,29,14,4,2,0,7,0,0,1,0,0,0,0,0,13.762855,51.048826
13,20,7,21,10,3,3,6,4,0,0,1,0,1,0,0,0,12.378817,51.343557
13,20,8,4,11,3,3,5,2,0,0,1,1,0,0,0,0,12.356982,51.336115
13,20,7,21,15,3,3,5,3,0,0,1,1,0,0,0,0,12.423298,51.314637
13,20,7,21,10,3,2,1,5,0,0,1,1,0,0,0,0,12.444501,51.326486
13,20,7,21,17,3,3,3,2,0,0,1,1,0,0,0,0,12.411422,51.342162
22,20,7,29,16,4,2,0,6,0,0,1,0,0,0,0,0,13.03766,50.995167
25,20,7,21,18,3,3,2,6,0,0,1,1,0,0,0,0,14.259716,51.442092
11,20,7,29,11,4,3,4,2,0,0,1,1,0,0,0,0,12.924427,50.821761
27,20,7,21,14,3,2,0,1,0,0,1,0,0,0,0,0,13.587212,51.129073
12,20,8,4,12,3,2,0,1,0,0,1,0,0,0,0,0,13.741309,51.053558
28,20,7,21,21,3,2,4,6,2,0,1,0,0,0,0,0,13.765043,50.964079
28,20,7,21,17,3,3,5,3,0,0,1,1,0,0,0,0,13.652093,51.027665
12,20,7,21,19,3,3,0,1,0,0,1,0,0,0,0,0,13.751943,51.062485
12,20,7,21,16,3,2,4,6,0,0,1,0,0,0,0,0,13.738796,51.054159
28,20,7,31,6,6,2,5,3,0,0,1,0,0,0,0,0,13.865162,50.965832
12,20,7,21,21,3,3,0,1,1,0,1,0,0,0,0,0,13.728241,51.056872
12,20,7,21,7,3,3,0,1,0,0,1,0,0,0,0,0,13.783256,51.050414
11,20,7,21,13,3,3,3,6,0,0,1,1,0,0,0,0,12.935729,50.815414
29,20,7,28,17,3,3,5,3,0,0,1,1,0,0,0,0,12.498751,51.134124
12,20,7,31,19,6,3,5,3,0,0,1,1,0,0,0,0,13.709397,51.081694
13,20,7,20,14,2,3,3,6,0,0,1,0,0,0,0,0,12.378282,51.375676
13,20,7,20,15,2,3,3,2,0,0,1,1,0,0,0,0,12.355457,51.381263
26,20,7,20,16,2,3,1,5,0,0,1,1,0,0,0,0,14.986399,51.151444
13,20,7,28,8,3,3,3,5,0,0,1,1,0,0,0,0,12.376114,51.330931
25,20,8,3,6,2,2,0,1,0,1,1,0,0,0,0,0,14.232075,51.12025
13,20,7,28,10,3,3,0,1,0,0,1,0,0,0,0,0,12.279379,51.311129
13,20,7,28,10,3,3,3,2,0,0,1,1,0,0,0,0,12.408261,51.340016
28,20,7,20,17,2,3,0,1,0,0,1,0,0,0,0,0,13.946891,50.937628
12,20,7,20,11,2,3,0,1,0,0,1,0,0,0,0,0,13.665396,51.060833
23,20,8,4,17,3,3,3,6,0,0,1,1,0,0,0,0,12.252725,50.322327
12,20,7,20,15,2,3,3,6,0,0,1,0,0,0,0,0,13.808464,51.010843
12,20,7,20,12,2,3,8,1,0,0,1,0,0,0,0,0,13.760043,51.027197
12,20,7,20,8,2,3,1,5,0,0,1,1,0,0,0,0,13.75867,51.029227
29,20,7,28,18,3,3,5,7,0,0,1,1,0,0,0,0,12.543445,51.354407
12,20,7,20,17,2,3,7,1,0,0,1,0,0,0,0,0,13.726811,51.052702
21,20,7,20,14,2,3,0,7,0,0,1,0,0,0,0,0,12.807271,50.600114
27,20,8,4,23,3,3,0,7,2,0,1,0,0,0,0,0,13.302937,51.294907
22,20,7,20,7,2,3,5,3,0,0,1,1,0,0,0,0,12.818101,50.878736
11,20,7,20,15,2,3,0,7,0,0,1,0,0,0,0,0,12.870347,50.8327
11,20,7,20,11,2,2,0,7,0,0,1,0,0,0,0,0,12.918981,50.85157
13,20,8,4,9,3,3,3,2,0,0,1,1,0,0,0,0,12.383908,51.380607
25,20,8,2,11,1,3,5,3,0,0,1,1,0,0,0,0,14.265478,51.437352
26,20,7,28,15,3,3,4,2,0,0,1,1,0,0,0,0,14.654875,51.499058
24,20,7,19,11,1,3,3,6,0,0,1,1,0,0,0,0,12.371352,50.753716
12,20,8,4,12,3,2,5,3,0,0,1,1,0,0,0,0,13.735067,51.01919
13,20,7,19,17,1,3,4,6,0,0,1,0,0,0,0,0,12.338078,51.395399
13,20,7,19,21,1,3,5,2,2,0,1,1,0,0,0,0,12.411943,51.353002
11,20,8,2,15,1,2,0,1,0,1,1,0,0,0,0,0,12.90327,50.839839
25,20,7,19,10,1,3,3,2,0,0,1,1,0,0,0,0,14.451254,51.190636
27,20,7,28,10,3,2,0,1,0,0,1,0,0,0,0,0,13.578169,51.124012
12,20,7,31,17,6,3,3,6,0,0,1,1,0,0,0,0,13.779185,51.031453
28,20,7,19,10,1,3,0,1,0,0,1,0,0,0,0,0,13.604612,50.971436
12,20,7,19,18,1,3,0,1,0,1,1,0,0,0,0,0,13.732019,51.079845
12,20,8,1,12,7,3,0,1,0,0,1,0,0,0,0,0,13.752699,51.058282
11,20,7,19,5,1,2,6,7,1,0,1,0,1,0,0,0,12.94103,50.83815
13,20,8,3,18,2,3,1,5,0,0,1,1,0,0,0,0,12.376741,51.375004
12,20,7,28,12,3,3,1,5,0,0,1,1,0,0,0,0,13.798171,51.004187
29,20,7,18,16,7,3,5,3,0,0,1,1,0,0,0,0,12.715615,51.229377
11,20,8,5,7,4,3,0,7,0,0,1,0,0,0,0,0,12.92283,50.810981
25,20,8,1,15,7,2,5,3,0,0,1,1,0,0,0,0,14.269482,51.433744
24,20,8,20,17,5,3,5,3,0,0,1,1,0,0,0,0,12.607704,50.664951
13,20,8,13,12,5,3,0,7,0,0,1,0,0,0,0,0,12.278607,51.317239
13,20,8,11,16,3,3,5,2,0,0,1,1,0,0,0,0,12.408572,51.352029
12,20,8,18,16,3,2,5,3,0,1,1,1,0,0,0,0,13.746581,51.053399
24,20,8,7,7,6,3,5,3,0,0,1,1,0,0,0,0,12.758736,50.824287
12,20,8,16,8,1,2,0,1,0,0,1,0,0,0,0,0,13.752234,51.063805
28,20,8,20,9,5,3,4,2,0,0,1,1,0,0,0,0,13.59469,51.040142
21,20,8,11,6,3,2,0,1,0,0,1,0,0,0,0,0,13.07562,50.750175
12,20,8,18,18,3,3,1,5,0,0,1,1,0,0,0,0,13.742837,51.049599
23,20,8,15,16,7,2,0,1,0,1,1,0,0,0,0,0,12.126463,50.495858
13,20,8,21,18,6,3,5,3,0,0,1,1,0,0,0,0,12.376753,51.320542
29,20,8,7,18,6,3,5,3,0,0,1,1,0,0,0,0,12.248196,51.163479
12,20,8,19,15,4,2,0,7,0,0,1,0,0,0,0,0,13.724613,51.0298
13,20,8,17,16,2,3,4,6,0,0,1,0,0,0,0,0,12.34471,51.323757
12,20,8,21,8,6,3,0,1,0,0,1,0,0,0,0,0,13.804197,51.032745
28,20,8,14,12,6,3,9,1,0,0,1,1,0,0,0,0,14.162934,50.946224
13,20,8,8,21,7,3,0,7,2,0,1,0,0,0,0,0,12.373664,51.332861
13,20,8,19,11,4,2,3,5,0,0,1,1,0,0,0,0,12.2586,51.344038
13,20,8,7,19,6,3,5,3,1,0,1,1,0,0,0,0,12.432697,51.32001
13,20,8,14,21,6,3,5,3,2,1,1,1,0,0,0,0,12.47943,51.350605
30,20,8,19,15,4,3,5,3,0,0,1,1,0,0,0,0,12.634877,51.455802
13,20,8,7,10,6,3,3,6,0,0,1,0,0,0,0,0,12.383332,51.328642
13,20,8,10,13,2,3,5,2,0,0,1,0,0,0,1,0,12.3358,51.327618
12,20,8,14,16,6,3,5,3,0,0,1,0,0,0,0,0,13.678379,51.056883
13,20,8,8,10,7,3,5,2,0,0,1,1,0,0,0,0,12.373729,51.331779
25,20,8,7,9,6,2,7,1,0,0,1,0,0,0,0,0,14.433687,51.093682
27,20,8,16,19,1,2,1,5,0,0,1,0,0,0,1,0,13.639469,51.105803
12,20,8,10,14,2,3,5,2,0,1,1,1,0,0,0,0,13.757135,51.049694
11,20,8,17,5,2,3,5,2,0,0,1,1,0,0,0,0,12.91687,50.84163
13,20,8,13,9,5,3,1,3,0,0,1,1,0,0,0,0,12.263143,51.313397
13,20,8,8,12,7,3,5,3,0,0,1,1,0,0,0,0,12.263554,51.324328
12,20,8,18,17,3,3,0,1,0,1,1,0,0,0,0,0,13.683049,51.059704
27,20,8,22,18,7,2,0,1,0,0,1,0,0,0,0,0,13.667999,51.097014
12,20,8,7,9,6,3,7,7,0,0,1,0,0,0,0,0,13.840213,51.024571
12,20,8,13,20,5,3,5,2,0,0,1,1,0,0,0,0,13.79234,51.05378
12,20,8,23,17,1,2,0,1,0,0,1,0,0,0,0,0,13.690044,51.05539
22,20,8,7,8,6,3,5,3,0,0,1,1,0,0,0,0,13.039195,50.914892
27,20,8,11,19,3,2,6,4,0,0,1,0,1,0,0,0,13.465504,51.154317
11,20,8,18,8,3,3,0,7,0,0,1,0,0,0,0,0,12.862189,50.819404
13,20,8,15,13,7,3,3,6,0,0,1,1,0,0,0,0,12.429823,51.37938
11,20,8,20,15,5,3,0,7,0,0,1,0,0,0,0,0,12.908718,50.840687
13,20,8,10,11,2,3,5,3,0,0,1,1,0,0,0,0,12.36774,51.358472
13,20,8,17,18,2,3,1,5,0,0,1,0,0,0,0,1,12.358569,51.364401
26,20,8,19,17,4,2,1,5,0,0,1,1,0,0,0,0,14.827499,50.903588
13,20,8,19,16,4,3,0,1,0,0,1,0,0,0,0,0,12.270069,51.312677
12,20,8,17,8,2,3,0,1,0,0,1,0,0,0,0,0,13.814481,51.020326
22,20,8,21,14,6,2,5,3,0,0,1,1,0,0,0,0,13.327149,50.903685
13,20,8,6,15,5,3,6,6,0,0,1,0,1,0,0,0,12.405571,51.3311
11,20,8,14,15,6,2,0,3,0,0,1,0,0,0,0,0,12.958943,50.836539
26,20,8,8,9,7,3,5,3,0,0,1,1,0,0,0,0,14.639357,51.494433
13,20,8,14,14,6,3,5,2,0,0,1,1,0,0,0,0,12.318417,51.331529
12,20,8,21,21,6,3,0,1,2,0,1,0,0,0,0,0,13.807539,51.035113
13,20,8,6,12,5,3,0,1,0,0,1,0,0,0,0,0,12.420829,51.319344
12,20,8,14,12,6,2,6,4,0,0,1,0,1,0,0,0,13.810526,51.036055
25,20,8,8,16,7,3,5,3,0,0,1,1,0,0,0,0,14.235546,51.438066
13,20,8,18,8,3,2,5,3,0,0,1,0,0,0,0,0,12.280747,51.312554
11,20,8,17,10,2,3,0,7,0,0,1,0,0,0,0,0,12.924059,50.835147
13,20,8,20,12,5,3,5,3,0,0,1,1,0,0,0,0,12.373334,51.392006
13,20,8,13,20,5,3,5,3,1,1,1,0,0,1,0,0,12.337479,51.331055
25,20,8,8,18,7,3,0,6,0,0,1,0,0,1,0,0,14.066563,51.439969
21,20,8,10,16,2,2,0,7,0,1,1,0,0,0,0,0,13.14927,50.649
12,20,8,18,15,3,3,8,6,0,0,1,1,0,0,0,0,13.738036,51.054367
21,20,8,10,19,2,3,9,1,0,0,1,0,0,0,0,0,13.027406,50.610981
13,20,8,11,18,3,3,5,3,0,0,1,1,0,0,0,0,12.374141,51.303608
12,20,8,18,19,3,3,3,6,0,0,1,0,0,0,0,0,13.697562,51.052814
12,20,8,16,20,1,3,0,7,1,0,1,0,0,0,0,0,13.757657,51.01895
13,20,8,6,16,5,3,5,3,0,0,1,1,0,0,0,1,12.384105,51.361313
25,20,8,20,12,5,3,0,1,0,0,1,0,0,0,0,0,14.424887,51.176922
11,20,8,10,6,2,2,3,6,0,0,1,1,0,0,0,0,12.89369,50.828992
21,20,8,18,17,3,2,0,1,0,0,1,0,0,0,0,0,12.825399,50.552038
13,20,8,21,17,6,3,5,2,0,0,1,0,0,0,0,1,12.361179,51.374094
28,20,8,6,23,5,2,9,1,2,0,1,0,0,0,0,0,14.165685,50.948072
22,20,8,22,11,7,3,1,5,0,1,1,1,0,0,0,0,13.036494,50.914356
27,20,8,6,10,5,2,0,7,0,0,1,1,0,0,0,0,13.3015,51.059853
22,20,8,20,10,5,3,1,5,0,0,1,1,0,0,0,0,12.979912,50.984024
11,20,8,13,16,5,3,0,7,0,0,1,0,0,0,0,0,12.916834,50.810244
13,20,8,17,9,2,3,1,1,0,0,1,1,0,0,0,0,12.372627,51.353721
27,20,8,15,14,7,2,5,3,0,0,1,1,0,0,0,0,13.261919,51.302863
12,20,8,6,16,5,3,6,4,0,0,1,0,1,0,0,0,13.704828,51.025094
13,20,8,19,13,4,3,0,1,0,0,1,0,0,0,0,0,12.3709,51.292149
12,20,8,6,15,5,3,5,2,0,0,1,1,0,0,0,0,13.729108,51.050967
12,20,8,12,10,4,2,5,3,0,0,1,0,0,0,0,0,13.760246,51.066783
13,20,8,18,16,3,3,5,3,0,0,1,1,0,0,0,0,12.399707,51.400722
12,20,8,10,10,2,3,0,7,0,1,1,0,0,0,0,0,13.712838,51.080997
24,20,8,19,8,4,2,0,7,0,0,1,0,0,0,0,0,12.642733,50.777566
13,20,8,12,13,4,2,5,3,0,0,1,1,0,0,0,0,12.38493,51.378819
21,20,8,19,19,4,3,0,7,0,0,1,1,0,0,0,0,12.765443,50.579553
13,20,8,10,22,2,3,5,3,2,0,1,1,0,0,0,0,12.374522,51.335831
27,20,8,17,16,2,2,0,1,0,0,1,0,0,0,0,0,13.572953,51.118272
12,20,8,21,15,6,2,5,2,0,0,1,1,0,0,0,0,13.803025,51.036902
30,20,8,11,9,3,3,5,3,0,0,1,0,0,0,0,0,12.998367,51.560003
28,20,8,23,0,1,2,0,7,2,0,1,0,0,0,0,0,13.587154,51.035575
12,20,8,6,8,5,3,5,3,0,0,1,1,0,0,0,0,13.757847,51.051448
12,20,8,8,17,7,2,1,5,0,0,1,1,0,0,0,0,13.752206,51.065136
13,20,8,11,7,3,3,5,3,0,0,1,0,0,0,0,0,12.408918,51.387312
12,20,8,18,7,3,2,6,4,0,1,1,0,1,0,0,0,13.724914,51.057707
12,20,8,16,17,1,3,1,5,0,0,1,1,0,0,0,0,13.795313,51.024973
27,20,8,22,18,7,3,5,3,0,1,1,1,0,0,0,0,13.654865,51.100349
22,20,8,6,9,5,2,5,3,0,0,1,0,0,0,0,0,13.344133,50.91524
12,20,8,13,7,5,2,0,1,0,0,1,0,0,0,0,0,13.744448,51.066304
12,20,8,9,17,1,2,4,1,0,0,1,0,0,0,0,1,13.746574,51.053399
11,20,8,11,8,3,3,0,1,0,0,1,0,0,0,0,0,12.81393,50.816778
13,20,8,20,0,5,2,0,1,2,0,1,0,0,0,0,0,12.384962,51.298891
25,20,8,13,10,5,2,5,3,0,0,1,0,0,0,0,0,14.446586,51.177094
25,20,8,11,12,3,3,5,3,0,0,1,1,0,0,0,0,14.442394,51.186286
12,20,8,18,16,3,2,1,5,0,0,1,1,0,0,0,0,13.692474,51.072908
13,20,8,15,20,7,3,5,3,0,0,1,1,0,0,0,0,12.365544,51.339617
13,20,8,12,8,4,3,5,3,0,0,1,1,0,0,0,0,12.370824,51.336353
12,20,8,19,23,4,3,1,7,2,0,1,1,0,0,0,0,13.812442,51.044218
13,20,8,10,13,2,3,1,5,0,0,1,1,0,0,0,0,12.378481,51.321113
29,20,8,17,12,2,2,5,3,0,0,1,0,0,0,1,0,12.744639,51.373547
12,20,8,14,0,6,2,0,1,2,0,1,0,0,0,0,0,13.786046,51.05064
29,20,8,17,15,2,3,0,1,0,0,1,1,0,0,0,0,12.434628,51.091559
28,20,8,15,17,7,3,6,4,0,0,1,0,1,0,0,0,13.93308,50.953328
28,20,8,21,7,6,3,0,6,0,0,1,0,0,0,0,1,13.620864,50.978209
25,20,8,14,17,6,3,0,1,0,0,1,0,0,0,0,0,14.265757,51.436232
13,20,8,19,21,4,3,5,3,2,0,1,1,0,0,0,0,12.344386,51.332212
24,20,8,5,14,4,3,5,2,0,0,1,1,0,0,0,0,12.372675,50.727584
28,20,8,12,16,4,3,0,2,0,0,1,1,0,0,0,0,13.87211,50.979045
27,20,8,9,16,1,1,5,2,0,0,1,1,0,0,0,0,13.584164,51.161588
27,20,8,10,9,2,3,5,3,0,1,1,1,0,0,0,0,13.294522,51.301942
12,20,8,17,17,2,2,0,1,0,1,1,0,0,0,0,0,13.683036,51.059715
13,20,8,5,19,4,3,0,7,0,0,1,0,0,0,0,0,12.361561,51.338502
12,20,8,8,1,7,3,0,1,2,0,1,0,0,0,0,0,13.751617,51.077033
13,20,8,11,6,3,3,3,2,0,0,1,1,0,0,0,0,12.392579,51.348435
26,20,8,18,20,3,3,0,7,2,0,1,0,0,0,0,0,14.980948,51.138311
22,20,8,8,0,7,2,8,6,2,0,1,1,0,0,0,0,13.317268,50.865078
13,20,8,18,1,3,3,3,7,2,0,1,1,0,0,0,0,12.376688,51.355969
12,20,8,10,8,2,3,5,2,0,0,1,1,0,0,0,0,13.805382,51.025452
11,20,8,17,21,2,3,5,2,2,1,1,1,0,0,0,0,12.90025,50.838622
13,20,8,5,16,4,3,5,3,0,0,1,1,0,0,0,0,12.367588,51.331386
30,20,8,11,10,3,2,5,3,0,0,1,0,0,0,0,1,12.222393,51.396908
11,20,8,16,18,1,3,5,3,0,0,1,1,0,0,0,0,12.896379,50.835161
12,20,8,22,1,7,3,0,1,2,0,1,0,0,0,0,0,13.750981,51.066269
13,20,8,5,16,4,2,6,6,0,0,1,0,1,0,0,0,12.347548,51.328809
25,20,8,5,9,4,3,5,3,0,0,1,1,0,0,0,0,14.4312,51.177875
28,20,8,5,13,4,3,5,3,0,0,1,0,0,0,0,0,13.939558,50.964185
28,20,8,13,13,5,3,0,7,0,0,1,0,0,0,0,0,14.213859,51.025428
12,20,8,11,11,3,3,0,1,0,0,1,0,0,0,0,0,13.752095,51.061957
12,20,8,5,16,4,3,5,3,0,0,1,1,0,0,0,0,13.787457,51.059055
25,20,8,19,8,4,3,5,3,0,0,1,1,0,0,0,0,14.44433,51.177152
12,20,8,15,0,7,3,0,1,2,1,1,0,0,0,0,0,13.72498,51.057757
12,20,8,21,9,6,3,0,1,0,0,1,0,0,0,0,0,13.752449,51.036838
12,20,8,5,18,4,2,2,2,0,0,1,1,0,0,0,0,13.806802,51.052112
13,20,8,19,10,4,3,3,2,0,0,1,1,0,0,0,0,12.368592,51.317851
21,20,8,5,16,4,3,5,3,0,0,1,1,0,0,0,0,13.010939,50.586169
27,20,8,10,15,2,2,0,1,0,1,1,0,0,0,0,0,13.72699,51.206922
12,20,8,17,8,2,3,1,5,0,0,1,1,0,0,0,0,13.787403,51.048452
13,20,8,10,9,2,3,3,7,0,0,1,0,0,0,0,1,12.392311,51.305972
11,20,8,8,21,7,2,0,1,2,0,1,0,0,0,0,0,12.923256,50.829538
13,20,8,19,14,4,3,0,1,0,0,1,0,0,1,0,0,12.380696,51.341398
24,20,8,8,19,7,3,0,7,0,0,1,0,0,0,0,0,12.49331,50.837789
13,20,8,18,13,3,3,5,2,0,1,1,1,0,0,0,0,12.38168,51.331775
24,20,8,16,13,1,3,9,1,0,0,1,0,0,0,0,0,12.5054,50.732189
13,20,8,20,12,5,3,5,3,0,0,1,1,0,1,0,0,12.404136,51.319028
11,20,8,5,13,4,3,0,7,0,0,1,0,0,0,0,0,12.909897,50.82957
25,20,8,13,11,5,3,4,6,0,0,1,1,0,0,0,0,14.148848,51.436896
12,20,9,8,16,3,3,0,1,0,0,1,0,0,0,0,0,13.757935,51.032868
29,20,9,4,9,6,3,0,7,0,1,1,0,0,0,0,0,12.358016,51.284373
13,20,9,4,13,6,2,0,1,0,0,1,0,0,0,0,0,12.370436,51.361137
12,20,9,7,20,2,2,5,3,1,0,1,1,0,0,0,0,13.688944,51.05796
13,20,8,26,14,4,3,5,3,0,0,1,1,0,0,0,0,12.372729,51.35364
13,20,9,4,9,6,3,5,3,0,0,1,1,0,0,0,0,12.370824,51.336353
12,20,9,9,7,4,3,5,2,0,0,1,1,0,0,0,0,13.755927,51.055875
27,20,8,26,13,4,3,0,1,0,0,1,0,0,0,0,0,13.679715,51.159052
13,20,9,4,10,6,3,5,3,0,0,1,1,0,0,0,0,12.36376,51.337697
13,20,9,4,6,6,3,5,3,1,0,1,1,0,0,0,0,12.386788,51.359068
12,20,9,4,10,6,3,5,2,0,0,1,1,0,0,0,0,13.729458,51.045705
12,20,9,4,12,6,3,5,3,0,0,1,1,0,0,0,0,13.861224,51.014341
12,20,8,26,8,4,3,0,1,0,0,1,0,0,0,0,0,13.728774,51.086081
13,20,9,7,18,2,3,5,3,0,0,1,1,0,0,0,0,12.365634,51.339576
11,20,9,4,11,6,3,1,5,0,0,1,1,0,0,0,0,12.918639,50.841452
11,20,9,4,12,6,3,0,2,0,0,1,0,0,0,0,1,12.888456,50.80499
12,20,8,26,11,4,3,2,6,0,0,1,0,0,0,0,1,13.7496,51.064885
11,20,9,4,17,6,2,5,2,0,0,1,1,0,0,0,0,12.901687,50.832163
13,20,9,5,14,7,3,5,2,0,0,1,1,0,0,0,0,12.374052,51.334244
24,20,8,25,6,3,3,5,3,0,0,1,1,0,0,0,0,12.666221,50.811897
22,20,9,4,14,6,2,5,3,0,0,1,1,0,0,0,0,13.033427,50.913872
13,20,9,3,9,5,3,5,3,0,0,1,1,0,0,0,0,12.36348,51.362863
30,20,8,25,8,3,2,0,6,0,0,1,0,0,0,0,0,13.117448,51.292292
13,20,9,3,15,5,3,5,2,0,0,1,1,0,0,0,0,12.321909,51.35004
30,20,9,7,9,2,3,5,3,0,0,1,0,0,0,0,1,12.221999,51.39738
25,20,9,3,16,5,3,4,2,0,0,1,1,0,0,0,0,14.021342,51.153092
26,20,9,3,15,5,2,4,2,0,0,1,1,0,0,0,0,14.795806,51.138767
12,20,9,3,17,5,3,5,2,0,0,1,1,0,0,0,0,13.775552,51.045362
30,20,8,25,16,3,2,5,3,0,0,1,0,0,0,0,0,12.329214,51.536894
12,20,9,3,16,5,3,5,2,0,0,1,0,0,0,0,1,13.800091,51.057433
12,20,9,3,17,5,3,0,1,0,0,1,0,0,0,0,0,13.751184,51.060166
12,20,9,7,14,2,3,1,1,0,0,1,1,0,0,0,0,13.781316,51.123986
12,20,9,3,15,5,3,3,3,0,0,1,1,0,0,0,0,13.712898,51.046422
12,20,9,3,17,5,2,2,2,0,0,1,1,0,0,0,0,13.846165,50.999102
12,20,9,7,11,2,2,1,1,0,0,1,1,0,0,0,0,13.710719,51.079164
22,20,9,3,10,5,2,7,7,0,0,1,0,0,0,0,0,13.070683,51.203502
13,20,8,25,10,3,3,5,3,0,0,1,1,0,0,0,0,12.347367,51.350491
21,20,9,3,14,5,2,0,7,0,0,1,0,0,0,0,0,12.799629,50.540367
26,20,9,5,16,7,3,3,1,0,0,1,1,0,0,0,0,14.638552,51.50038
12,20,9,8,8,3,3,5,2,0,0,1,1,0,0,0,0,13.757183,51.049807
22,20,9,3,2,5,2,0,7,2,0,1,0,0,0,0,0,12.974421,50.988648
22,20,9,7,14,2,3,5,3,0,0,1,1,0,0,0,0,13.344443,50.922557
13,20,9,2,8,4,3,5,2,0,0,1,1,0,0,0,0,12.31777,51.350119
12,20,9,9,16,4,3,5,3,0,0,1,0,0,0,0,1,13.758001,51.052257
13,20,8,25,9,3,2,5,3,0,0,1,1,0,0,0,0,12.308362,51.274017
13,20,9,2,14,4,3,5,3,0,0,1,0,0,0,0,0,12.424067,51.319967
26,20,8,25,13,3,3,5,3,0,0,1,1,0,0,0,0,14.826174,50.899076
12,20,9,9,7,4,3,5,3,0,0,1,0,0,0,0,1,13.811868,51.011431
26,20,8,25,17,3,2,4,2,0,0,1,0,0,0,1,0,14.851387,51.049742
13,20,9,2,17,4,3,0,1,0,0,1,0,0,0,0,0,12.346373,51.328808
25,20,9,2,12,4,2,5,3,0,0,1,1,0,0,0,0,14.263047,51.439823
27,20,9,2,14,4,3,4,6,0,0,1,0,0,0,0,1,13.564108,51.178548
12,20,9,2,13,4,3,0,1,0,0,1,0,0,0,0,0,13.725174,51.076988
12,20,9,2,15,4,2,5,3,0,0,1,0,0,1,0,0,13.782978,51.043493
12,20,9,2,10,4,3,5,2,0,0,1,1,0,0,0,0,13.781445,51.043898
28,20,8,25,8,3,3,5,3,0,0,1,1,0,0,0,0,13.939795,50.964175
12,20,9,2,16,4,3,0,1,0,0,1,0,0,0,0,0,13.757936,51.049611
29,20,9,8,13,3,1,0,7,0,0,1,0,0,0,0,0,12.494899,51.115773
12,20,8,25,6,3,3,5,2,0,0,1,1,0,0,0,0,13.798615,51.012479
12,20,9,2,11,4,3,5,2,0,0,1,1,0,0,0,0,13.823155,51.008082
12,20,8,25,22,3,2,0,1,2,0,1,0,0,0,0,0,13.8043,51.048368
27,20,9,5,19,7,2,0,1,1,0,1,0,0,0,0,0,13.60714,51.0995
11,20,9,2,13,4,2,5,3,0,0,1,0,0,0,0,1,12.93528,50.831053
12,20,8,25,12,3,3,0,1,0,0,1,0,0,0,0,0,13.776332,51.052738
13,20,9,1,10,3,2,0,7,0,0,1,0,0,0,0,0,12.369269,51.322253
12,20,9,5,11,7,3,5,2,0,0,1,1,0,0,0,0,13.835827,51.026816
29,20,9,1,18,3,2,5,3,0,0,1,1,0,0,0,0,12.492341,51.111553
29,20,9,1,9,3,3,5,3,0,0,1,1,0,0,0,0,12.489732,51.120265
13,20,9,1,12,3,3,5,2,0,0,1,1,0,0,0,0,12.385049,51.338303
29,20,9,1,7,3,2,0,1,0,1,1,0,0,0,1,0,12.371437,51.292876
12,20,9,5,12,7,2,0,1,0,1,1,0,0,0,0,0,13.814224,51.05492
22,20,9,8,15,3,3,5,3,0,0,1,1,0,0,0,0,13.036368,50.972383
30,20,9,6,16,1,2,5,1,0,0,1,1,0,0,0,0,13.005279,51.327303
13,20,9,1,13,3,2,5,3,0,0,1,1,0,0,0,0,12.448344,51.383012
11,20,9,7,7,2,3,0,1,0,0,1,0,0,0,0,0,12.833468,50.820737
12,20,9,8,11,3,3,0,1,0,0,1,0,0,0,0,0,13.813722,51.045066
30,20,9,1,14,3,2,5,3,0,0,1,1,0,0,0,0,12.997808,51.55889
12,20,9,7,13,2,3,5,2,0,0,1,1,0,0,0,0,13.690583,51.053807
22,20,8,25,19,3,2,0,7,0,0,1,0,0,0,0,0,12.886553,51.068018
12,20,9,9,16,4,3,0,1,0,0,1,0,0,0,0,0,13.753756,51.066385
22,20,8,25,9,3,3,5,1,0,0,1,1,0,0,0,0,13.341676,50.921708
26,20,9,1,13,3,2,5,3,0,0,1,1,0,0,0,0,14.866026,51.145263
27,20,9,6,10,1,3,0,1,0,0,1,0,0,0,0,0,13.286455,51.308918
27,20,9,1,16,3,3,4,6,0,0,1,0,0,0,0,0,13.321999,51.298578
27,20,9,1,17,3,2,0,7,0,0,1,0,0,0,0,0,13.649738,51.098677
11,20,8,25,11,3,3,5,3,0,0,1,0,0,0,0,1,12.932473,50.834308
12,20,9,1,17,3,3,5,3,0,0,1,1,0,0,0,0,13.785329,51.035943
22,20,8,25,16,3,2,5,3,0,0,1,1,0,0,0,0,13.341155,50.920216
12,20,9,1,16,3,3,5,2,0,0,1,1,0,0,0,0,13.797373,51.02421
23,20,8,31,17,2,3,5,3,0,1,1,1,0,0,0,0,12.122696,50.496699
13,20,9,7,14,2,2,0,7,0,0,1,0,0,0,0,0,12.385007,51.338305
12,20,9,6,18,1,3,0,1,0,0,1,0,0,0,0,0,13.758077,51.052354