CSV=`UKREIS,UJAHR,UMONAT,UTAG,USTUNDE,UWOCHENTAG,UKATEGORIE,UART,UTYP,LICHT,USTRZUSTAND,IstRad,IstPKW,IstFuss,IstKrad,IstGkfz,IstSonstig,@lon,@lat
30,20,8,31,9,2,3,5,3,0,1,1,1,0,0,0,0,13.000037,51.561028
30,20,8,31,12,2,2,0,7,0,0,1,0,0,0,0,0,12.98376,51.554726
29,20,8,31,15,2,3,5,3,0,0,1,1,0,0,0,0,12.721863,51.22061
13,20,8,24,18,2,3,0,1,0,0,1,0,0,0,0,0,12.374118,51.303343
13,20,8,31,14,2,3,2,2,0,0,1,1,0,0,0,0,12.37694,51.343762
22,20,9,5,18,7,3,0,7,1,1,1,0,0,0,0,0,13.324597,50.875091
24,20,8,24,14,2,3,1,5,0,0,1,1,0,0,0,0,12.633071,50.778353
13,20,8,31,16,2,2,0,1,0,1,1,0,0,0,0,0,12.406231,51.341444
13,20,8,31,10,2,3,5,3,0,0,1,1,0,0,0,0,12.304847,51.313438
13,20,8,31,17,2,3,5,3,0,1,1,1,0,0,0,0,12.362689,51.333409
13,20,8,24,17,2,3,3,6,0,0,1,1,0,0,0,0,12.332253,51.32273
13,20,9,7,18,2,3,3,5,0,0,1,1,0,0,0,0,12.336147,51.330283
27,20,8,31,10,2,3,4,6,0,0,1,0,0,0,1,0,13.264412,51.321202
27,20,8,31,14,2,3,3,6,0,0,1,0,0,0,0,0,13.625641,51.104096
12,20,8,31,14,2,3,0,1,0,1,1,0,0,0,0,0,13.72942,51.040268
24,20,9,4,9,6,3,0,1,0,0,1,0,0,0,0,0,12.464974,50.693447
27,20,9,8,14,3,3,0,1,0,0,1,0,0,0,0,0,13.647962,51.109097
22,20,9,6,10,1,3,5,3,0,0,1,1,0,0,0,0,13.320483,50.915725
12,20,8,31,17,2,3,8,7,0,0,1,0,0,0,0,0,13.738735,51.054078
27,20,8,31,16,2,2,3,6,0,0,1,0,0,0,0,0,13.476261,51.161351
12,20,9,7,12,2,3,3,6,0,0,1,1,0,0,0,0,13.725012,51.080925
12,20,8,31,14,2,3,0,1,0,1,1,0,0,0,0,0,13.725348,51.081065
11,20,8,31,21,2,3,0,1,2,0,1,0,0,0,0,0,12.890268,50.835668
13,20,8,24,15,2,3,0,1,0,0,1,0,0,0,0,0,12.374118,51.303343
22,20,8,31,16,2,2,0,1,0,1,1,0,0,0,0,0,12.984739,50.996374
24,20,9,4,22,6,3,1,5,2,0,1,1,0,0,0,0,12.472571,50.680318
21,20,9,7,18,2,3,1,5,0,0,1,1,0,0,0,0,13.013212,50.675752
12,20,9,9,17,4,3,2,2,0,0,1,1,0,0,0,0,13.788579,51.04328
13,20,8,24,19,2,3,5,3,0,0,1,1,0,0,0,0,12.342683,51.332277
13,20,9,7,5,2,3,5,2,1,0,1,1,0,0,0,0,12.378959,51.345124
22,20,9,6,17,1,3,0,6,0,0,1,1,0,0,0,0,13.079592,50.843257
12,20,8,30,11,1,3,0,1,0,1,1,0,0,0,0,0,13.722154,51.07738
12,20,8,30,14,1,3,5,3,0,1,1,1,0,0,0,0,13.858612,51.001816
22,20,8,30,3,1,3,0,7,2,0,1,0,0,0,0,0,13.323057,50.906577
13,20,8,24,16,2,3,5,3,0,0,1,1,0,0,0,0,12.398324,51.339218
13,20,8,24,23,2,2,5,3,2,0,1,0,0,0,0,1,12.421264,51.353014
29,20,8,29,1,7,2,7,1,2,0,1,0,0,0,0,0,12.356572,51.280264
13,20,8,29,2,7,2,0,7,2,0,1,0,0,0,0,0,12.349911,51.332306
26,20,8,29,13,7,3,5,3,0,0,1,1,0,0,0,0,14.801516,50.895463
27,20,8,29,15,7,3,7,7,0,0,1,0,0,0,0,0,13.656208,51.128198
27,20,8,24,14,2,3,4,2,0,0,1,1,0,0,0,0,13.270846,51.29851
12,20,8,24,18,2,3,5,3,0,0,1,1,0,0,0,0,13.709526,51.042682
22,20,8,29,18,7,2,0,7,0,0,1,0,0,0,0,0,12.986858,50.975372
25,20,9,7,15,2,3,5,3,0,0,1,0,0,0,0,1,14.231054,51.437238
24,20,9,5,13,7,3,0,1,0,1,1,0,0,0,0,0,12.50747,50.74077
13,20,8,28,7,6,3,5,3,0,1,1,1,0,0,0,0,12.395238,51.312905
12,20,9,8,5,3,3,5,3,1,0,1,1,0,0,0,0,13.775197,51.032837
13,20,8,28,7,6,3,4,2,0,1,1,1,0,0,0,0,12.327172,51.329637
13,20,9,4,22,6,3,5,2,2,0,1,1,0,0,0,0,12.362659,51.321043
29,20,9,8,14,3,3,5,2,0,0,1,0,0,0,0,0,12.745061,51.373856
13,20,8,28,13,6,3,5,3,0,0,1,1,0,0,0,0,12.307038,51.323066
12,20,9,7,16,2,2,0,1,0,0,1,0,0,0,0,0,13.851494,51.004595
25,20,8,28,10,6,2,5,3,0,1,1,1,0,0,0,0,14.42312,51.177054
13,20,9,4,14,6,3,3,2,0,0,1,1,0,0,0,0,12.382079,51.332573
12,20,8,28,17,6,3,5,2,0,0,1,1,0,0,0,0,13.795469,51.042915
12,20,8,28,19,6,3,0,1,0,1,1,0,0,0,0,0,13.816595,51.030741
11,20,9,7,15,2,3,1,5,0,0,1,1,0,0,0,0,12.905155,50.838834
12,20,8,28,16,6,3,3,6,0,0,1,0,0,0,0,0,13.802396,51.022146
12,20,9,7,11,2,3,6,7,0,0,1,0,1,0,0,0,13.714175,51.04724
12,20,8,24,16,2,3,0,1,0,0,1,0,0,0,0,0,13.739159,51.050227
12,20,8,28,15,6,3,5,3,0,0,1,1,0,0,0,0,13.786336,51.028538
12,20,8,24,17,2,3,5,3,0,0,1,1,0,0,0,0,13.803429,51.030801
12,20,9,9,18,4,3,0,1,0,0,1,0,0,0,0,0,13.831351,51.018276
22,20,8,28,16,6,3,0,7,0,1,1,0,0,0,0,0,12.813648,50.90464
11,20,8,28,11,6,3,5,3,0,1,1,1,0,0,0,0,12.988409,50.840095
30,20,8,27,12,5,3,5,3,0,0,1,1,0,0,0,0,12.587929,51.598407
13,20,8,27,17,5,3,6,4,0,0,1,0,1,0,0,0,12.408593,51.346727
12,20,9,9,10,4,2,5,3,0,0,1,1,0,0,0,0,13.761586,51.031716
11,20,8,24,13,2,3,0,6,0,0,1,1,0,0,0,0,12.908456,50.795794
13,20,8,27,16,5,3,5,3,0,0,1,1,0,0,0,0,12.407628,51.339306
13,20,9,7,16,2,3,5,3,0,0,1,0,0,0,0,1,12.384355,51.360156
13,20,9,8,18,3,3,1,5,0,0,1,1,0,0,0,0,12.367457,51.362106
30,20,8,23,3,1,3,0,1,2,0,1,0,0,0,0,0,13.047553,51.236603
27,20,8,27,16,5,2,0,7,0,0,1,0,0,0,0,0,13.520797,51.286372
13,20,9,7,7,2,3,3,6,0,0,1,1,0,0,0,0,12.355867,51.370166
12,20,8,27,15,5,3,5,3,0,0,1,1,0,0,0,0,13.820401,51.006269
12,20,8,27,10,5,3,8,1,0,0,1,0,0,0,0,0,13.793551,51.008211
13,20,8,23,23,1,3,0,7,2,0,1,0,0,0,0,0,12.303142,51.35312
13,20,9,4,2,6,3,0,7,2,1,1,0,0,0,0,0,12.334261,51.319307
25,20,9,8,16,3,3,5,3,0,0,1,1,0,0,0,0,14.245433,51.435115
24,20,9,5,17,7,3,4,2,0,1,1,1,0,0,0,0,12.493962,50.71581
12,20,9,7,20,2,2,6,4,2,0,1,0,1,0,0,0,13.763277,51.03826
29,20,9,5,14,7,3,4,2,0,0,1,1,0,0,0,0,12.604438,51.329097
26,20,8,23,16,1,2,5,3,0,1,1,1,0,0,0,0,14.586844,51.006897
21,20,9,8,15,3,2,4,2,0,0,1,1,0,0,0,0,13.347565,50.655453
12,20,9,12,20,7,3,0,1,2,0,1,0,0,0,0,0,13.729377,51.070397
25,20,9,16,18,4,3,0,7,0,0,1,0,0,0,0,0,14.282029,51.526118
25,20,9,21,17,2,3,3,2,0,0,1,1,0,0,0,0,14.134356,51.154378
11,20,9,19,20,7,3,1,5,2,0,1,1,0,0,0,0,12.917321,50.842189
13,20,9,11,3,6,3,0,7,2,0,1,0,0,0,0,0,12.353879,51.33021
12,20,9,16,17,4,3,2,1,0,0,1,1,0,0,0,0,13.812879,50.987264
13,20,9,23,15,4,3,5,3,0,0,1,1,0,0,0,0,12.395773,51.3633
13,20,9,17,7,5,3,5,3,0,0,1,0,0,0,0,1,12.325759,51.319197
12,20,9,23,18,4,2,0,1,1,1,1,0,0,0,0,0,13.752412,51.064056
13,20,9,18,10,6,3,1,1,0,0,1,1,0,0,0,0,12.404312,51.326767
12,20,9,16,13,4,3,5,3,0,0,1,1,0,0,0,0,13.796851,51.049988
12,20,9,22,17,3,3,5,3,0,0,1,0,0,0,0,0,13.753088,51.059074
13,20,9,11,16,6,3,0,7,0,0,1,0,0,0,0,0,12.399386,51.299849
12,20,9,16,18,4,3,0,1,0,1,1,0,0,0,0,0,13.728144,51.061023
26,20,9,20,15,1,3,0,1,0,0,1,0,0,0,0,0,14.981378,51.145555
12,20,9,23,17,4,3,0,1,0,1,1,0,0,0,0,0,13.744774,51.051419
12,20,9,16,20,4,3,0,7,2,0,1,1,0,0,0,0,13.74369,51.049998
21,20,9,17,12,5,3,4,6,0,0,1,1,0,0,0,0,12.776332,50.714764
13,20,9,21,18,2,3,1,3,0,0,1,1,0,0,0,0,12.400167,51.333643
29,20,9,11,17,6,3,5,2,0,0,1,1,0,0,0,0,12.527557,51.364415
12,20,9,22,14,3,3,0,1,0,0,1,0,0,0,0,0,13.735162,51.047158
13,20,9,11,18,6,3,5,3,0,0,1,1,0,0,0,0,12.374633,51.34798
13,20,9,15,5,3,2,5,3,2,0,1,1,0,0,0,0,12.407528,51.351303
26,20,9,11,5,6,2,5,3,2,0,1,1,0,0,0,0,14.989392,51.153842
24,20,9,12,21,7,3,0,7,2,0,1,0,0,0,0,0,12.445552,50.841324
13,20,9,15,19,3,3,4,6,0,0,1,0,0,0,0,1,12.308374,51.263419
22,20,9,17,16,5,3,5,3,0,0,1,1,0,0,0,0,13.121541,50.974503
12,20,9,19,11,7,3,5,2,0,0,1,1,0,0,0,0,13.676526,51.063811
30,20,9,15,13,3,2,5,2,0,0,1,0,0,0,0,1,12.349241,51.523641
13,20,9,17,16,5,3,3,6,0,0,1,1,0,0,0,0,12.417099,51.346669
13,20,9,19,18,7,3,5,2,1,0,1,1,0,0,0,0,12.331441,51.349659
28,20,9,11,18,6,2,7,7,0,0,1,0,1,0,0,0,13.869911,50.969056
12,20,9,24,16,5,3,5,3,0,0,1,0,1,0,0,0,13.775444,51.045426
12,20,9,12,11,7,3,5,2,0,0,1,1,0,0,0,0,13.771096,51.02985
13,20,9,16,10,4,3,5,2,0,0,1,1,0,0,0,0,12.378503,51.335815
28,20,9,11,6,6,3,0,1,0,0,1,0,0,0,0,0,13.634771,51.021405
13,20,9,15,9,3,3,5,2,0,0,1,1,0,0,0,0,12.414342,51.345089
25,20,9,15,23,3,2,0,1,2,0,1,0,0,0,0,0,13.920309,51.109797
12,20,9,22,11,3,3,2,6,0,0,1,1,0,0,0,0,13.717299,51.055678
26,20,9,15,14,3,3,5,3,0,0,1,1,0,0,0,0,14.981165,51.145609
25,20,9,15,12,3,3,5,3,0,0,1,1,0,0,0,0,14.425658,51.17864
12,20,9,11,17,6,3,6,7,0,0,1,0,1,0,0,0,13.757763,51.075895
11,20,9,21,0,2,2,0,7,2,0,1,0,0,0,0,0,12.902611,50.830367
12,20,9,11,7,6,3,5,2,0,0,1,1,0,0,0,0,13.756561,51.055092
12,20,9,25,15,6,3,0,2,0,0,1,1,0,0,0,0,13.683413,51.042429
13,20,9,18,6,6,3,5,3,0,0,1,1,0,0,0,0,12.37665,51.357136
12,20,9,15,13,3,3,0,1,0,0,1,0,0,0,0,0,13.834314,50.999322
12,20,9,22,14,3,2,4,1,0,0,1,1,0,0,0,0,13.827614,51.053176
12,20,9,11,16,6,3,5,3,0,0,1,1,0,0,0,0,13.786994,51.051759
12,20,9,15,5,3,3,0,1,2,0,1,0,0,0,0,0,13.847309,51.004024
12,20,9,20,15,1,3,1,5,0,0,1,1,0,0,0,0,13.699391,51.035023
12,20,9,11,9,6,3,5,3,0,0,1,1,0,0,0,0,13.751509,51.047221
21,20,9,18,17,6,3,8,1,0,0,1,1,0,0,0,0,13.101999,50.763848
12,20,9,18,16,6,3,5,2,0,0,1,1,0,0,0,0,13.683414,51.042429
12,20,9,15,21,3,3,0,1,2,0,1,0,0,0,0,0,13.804807,51.032566
22,20,9,11,14,6,3,5,3,0,0,1,1,0,0,0,0,13.189549,50.886443
25,20,9,24,13,5,3,1,5,0,0,1,1,0,0,0,0,14.269685,51.445293
13,20,9,22,12,3,3,5,2,0,0,1,1,0,0,0,0,12.381182,51.342712
27,20,9,12,4,7,2,0,1,2,0,1,0,0,0,0,0,13.586075,51.113155
12,20,9,15,16,3,2,5,3,0,0,1,1,0,0,0,0,13.773604,51.048726
23,20,9,16,14,4,3,4,1,0,0,1,1,0,0,0,0,12.393995,50.489201
25,20,9,21,19,2,2,7,7,2,0,1,0,0,0,0,0,14.405697,51.183998
25,20,9,17,10,5,3,4,2,0,0,1,1,0,0,0,0,13.918644,51.125666
12,20,9,24,16,5,3,0,7,0,0,1,0,1,0,0,0,13.72577,51.061936
29,20,9,17,16,5,3,5,3,0,0,1,1,0,0,0,0,12.772634,51.286225
13,20,9,22,16,3,3,1,5,0,0,1,1,0,0,0,0,12.427996,51.321605
22,20,9,12,12,7,2,0,1,0,0,1,0,0,0,0,0,13.124501,50.970281
12,20,9,15,8,3,3,6,6,0,0,1,0,1,0,0,0,13.81044,51.051148
13,20,9,16,19,4,3,0,1,2,0,1,0,0,0,0,0,12.340938,51.337842
12,20,9,21,9,2,3,6,4,0,0,1,0,1,0,0,0,13.733261,51.039799
21,20,9,11,20,6,2,9,1,2,0,1,0,0,0,0,0,12.982768,50.714464
13,20,9,18,11,6,3,0,7,0,0,1,0,0,0,0,0,12.369166,51.338129
30,20,9,10,16,5,3,3,7,0,0,1,1,0,0,0,0,12.622803,51.464188
29,20,9,10,14,5,2,0,7,0,0,1,0,0,0,0,0,12.385566,51.216015
13,20,9,10,10,5,3,5,3,0,0,1,0,0,0,0,1,12.367408,51.332009
28,20,9,22,7,3,3,5,2,0,0,1,1,0,0,0,0,13.932258,50.969466
13,20,9,10,6,5,3,3,6,1,0,1,1,0,0,0,0,12.396465,51.306055
24,20,9,14,16,2,3,5,3,0,0,1,1,0,0,0,0,12.395084,50.817924
13,20,9,10,16,5,3,5,3,0,0,1,1,0,0,0,0,12.282283,51.309661
12,20,9,25,15,6,3,1,5,0,0,1,1,0,0,0,0,13.798074,51.010486
13,20,9,18,15,6,3,5,3,0,0,1,1,0,0,0,0,12.386452,51.299091
12,20,9,23,16,4,3,1,5,0,0,1,1,0,0,0,0,13.700558,51.087117
26,20,9,23,14,4,3,4,2,0,0,1,1,0,0,0,0,14.717734,50.959848
12,20,9,22,15,3,3,0,7,0,0,1,0,0,0,0,1,13.752015,51.009517
13,20,9,10,22,5,2,4,6,2,0,1,0,0,0,0,0,12.373662,51.332882
13,20,9,14,8,2,2,2,6,0,0,1,0,0,0,0,1,12.395313,51.31258
13,20,9,20,15,1,3,5,3,0,0,1,1,0,0,0,0,12.364188,51.344442
13,20,9,10,16,5,3,5,3,0,0,1,0,0,0,0,1,12.453542,51.354702
27,20,9,17,18,5,3,0,1,0,0,1,0,0,0,0,0,13.621547,51.105385
21,20,9,18,14,6,2,0,7,0,0,1,0,0,0,0,0,12.630629,50.601801
12,20,9,23,16,4,3,5,3,0,1,1,1,0,0,0,0,13.767509,51.042568
13,20,9,16,17,4,3,4,2,0,0,1,1,0,0,0,0,12.363786,51.371137
26,20,9,10,16,5,3,5,7,0,0,1,1,0,0,0,0,14.967957,51.144177
13,20,9,14,22,2,3,1,7,2,0,1,1,0,0,0,0,12.448673,51.345645
13,20,9,19,11,7,3,5,2,0,0,1,1,0,0,0,0,12.263164,51.344626
12,20,9,10,16,5,3,5,3,0,0,1,1,0,0,0,0,13.670695,51.04227
27,20,9,24,7,5,2,5,3,0,0,1,0,0,0,0,0,13.487238,51.16637
12,20,9,10,12,5,3,0,7,0,0,1,0,0,0,0,0,13.699417,51.038057
21,20,9,20,18,1,2,1,5,0,0,1,1,0,0,0,0,12.772471,50.700174
12,20,9,10,8,5,3,0,7,0,1,1,0,0,0,0,0,13.728449,51.056602
13,20,9,24,20,5,3,4,2,2,0,1,1,0,0,0,0,12.316599,51.33292
24,20,9,17,16,5,3,2,6,0,0,1,1,0,0,0,0,12.475453,50.692458
13,20,9,16,13,4,3,5,3,0,0,1,0,0,0,0,0,12.376727,51.343044
13,20,9,21,20,2,3,4,6,2,0,1,1,0,0,0,0,12.377279,51.327196
12,20,9,10,7,5,3,0,1,0,0,1,0,0,0,0,0,13.784316,51.059299
11,20,9,24,19,5,2,0,5,2,0,1,1,0,0,0,0,12.925169,50.824994
13,20,9,17,15,5,3,5,3,0,0,1,1,0,0,0,0,12.367501,51.388464
13,20,9,22,13,3,3,5,2,0,0,1,1,0,0,0,0,12.333793,51.324621
12,20,9,12,23,7,2,0,1,2,0,1,0,0,0,0,0,13.761044,51.068228
13,20,9,14,16,2,3,1,5,0,0,1,1,0,0,0,0,12.373208,51.308516
13,20,9,16,17,4,3,5,3,0,0,1,1,0,0,0,0,12.328142,51.320351
12,20,9,10,20,5,2,0,6,1,0,1,0,0,0,1,0,13.776684,51.051805
24,20,9,18,16,6,3,0,3,0,0,1,0,0,1,0,0,12.537405,50.810473
28,20,9,14,17,2,3,0,1,0,0,1,0,0,0,0,0,13.944927,50.953645
12,20,9,22,16,3,3,5,3,0,0,1,1,0,0,0,0,13.717066,51.052608
24,20,9,9,11,4,3,3,2,0,0,1,1,0,0,0,0,12.48457,50.701208
27,20,9,14,11,2,2,5,3,0,0,1,1,0,0,0,0,13.661991,51.107744
24,20,9,9,8,4,3,5,3,0,0,1,1,0,0,0,0,12.392744,50.826245
12,20,9,17,12,5,3,0,1,0,0,1,0,0,0,0,0,13.731059,51.05365
28,20,9,25,12,6,3,0,3,0,1,1,0,0,0,0,1,13.94388,50.960299
13,20,9,18,15,6,2,5,2,0,0,1,1,0,0,0,0,12.363971,51.371736
28,20,9,23,19,4,2,0,1,2,1,1,0,0,0,0,0,13.931334,50.973287
12,20,9,14,6,2,3,3,2,0,0,1,1,0,0,0,0,13.708951,51.047236
12,20,9,14,21,2,3,0,1,2,0,1,0,0,0,0,0,13.824547,51.033742
27,20,9,20,17,1,3,4,1,0,0,1,1,0,0,0,0,13.637324,51.104447
29,20,9,9,15,4,2,0,7,0,0,1,0,0,0,0,0,12.437978,51.225496
12,20,9,23,16,4,2,5,2,0,1,1,1,0,0,0,0,13.755771,51.047248
12,20,9,23,9,4,3,5,3,0,0,1,0,0,0,0,0,13.740963,51.059728
12,20,9,14,21,2,3,0,1,2,0,1,0,0,0,0,0,13.772643,51.046527
13,20,9,9,12,4,3,5,2,0,0,1,1,0,0,0,0,12.387164,51.326839
11,20,9,20,12,1,3,0,3,0,0,1,1,0,0,0,0,12.930979,50.807165
13,20,9,24,9,5,3,5,3,0,0,1,0,0,0,0,1,12.262836,51.347868
23,20,9,17,17,5,2,0,1,0,0,1,0,0,0,0,0,12.120782,50.486711
13,20,9,12,21,7,3,5,3,2,0,1,1,0,0,0,0,12.376545,51.350422
12,20,9,14,10,2,3,3,5,0,0,1,1,0,0,0,0,13.731101,51.091152
13,20,9,9,21,4,3,3,5,2,0,1,1,0,0,0,0,12.402021,51.332347
12,20,9,19,16,7,2,0,1,0,0,1,0,0,0,0,0,13.725226,51.05318
13,20,9,16,15,4,3,0,7,0,0,1,0,0,0,0,0,12.373794,51.305202
13,20,9,9,14,4,3,3,2,0,0,1,1,0,0,0,0,12.335818,51.327643
13,20,9,19,15,7,3,5,7,0,0,1,1,0,0,0,0,12.369661,51.290548
13,20,9,9,7,4,3,5,2,0,0,1,0,0,0,0,1,12.300214,51.350844
12,20,9,24,11,5,3,0,1,0,0,1,0,0,0,0,0,13.687397,51.083574
30,20,9,17,16,5,3,3,2,0,0,1,1,0,0,0,0,12.58392,51.59138
13,20,9,22,14,3,3,5,3,0,0,1,1,0,0,0,0,12.401012,51.341198
12,20,9,12,13,7,2,3,6,0,0,1,0,0,0,0,0,13.757884,51.051824
12,20,9,21,14,2,2,0,7,0,0,1,0,0,0,0,0,13.835038,51.020871
13,20,9,9,8,4,3,5,2,0,0,1,1,0,0,0,0,12.30153,51.315206
23,20,9,23,13,4,2,6,7,0,0,1,0,1,0,0,0,12.12947,50.504426
30,20,9,13,2,1,3,0,6,2,0,1,1,0,0,0,0,12.999018,51.55159
28,20,9,22,14,3,2,0,7,0,0,1,0,0,0,0,0,13.940253,50.963018
26,20,9,9,19,4,2,0,7,0,0,1,0,0,0,0,0,14.781261,50.894192
12,20,9,25,8,6,3,1,6,0,1,1,1,0,0,0,0,13.742546,51.033658
12,20,9,23,8,4,3,0,1,0,0,1,0,0,0,0,0,13.703833,51.038319
12,20,9,22,15,3,2,0,1,0,0,1,0,0,0,0,0,13.814155,51.055128
12,20,9,20,14,1,3,0,3,0,0,1,1,0,0,0,0,13.778668,51.058845
25,20,9,9,15,4,2,9,1,0,0,1,0,0,0,0,0,14.371592,51.431579
26,20,9,13,19,1,2,0,1,1,0,1,0,0,0,0,0,14.995718,51.144545
12,20,9,25,22,6,2,0,3,2,0,1,1,0,0,0,0,13.755527,51.050048
12,20,9,18,6,6,3,5,2,0,0,1,1,0,0,0,0,13.713144,51.05028
12,20,9,23,11,4,3,0,1,0,0,1,0,0,0,0,0,13.772729,51.046491
27,20,9,13,15,1,3,0,6,0,0,1,0,0,0,0,0,13.615657,51.102881
12,20,9,13,18,1,3,0,1,0,0,1,0,0,0,0,0,13.745328,51.063037
13,20,9,19,15,7,3,5,3,0,0,1,1,0,0,0,0,12.338779,51.337218
25,20,9,9,15,4,2,0,1,0,0,1,0,0,0,0,0,14.240506,51.097948
26,20,9,24,12,5,3,9,6,0,0,1,0,0,0,0,1,14.993021,51.159175
13,20,9,22,12,3,3,5,3,0,0,1,1,0,0,0,0,12.309338,51.349846
13,20,9,24,12,5,3,0,1,0,0,1,0,0,0,0,0,12.37632,51.336851
13,20,9,17,8,5,3,5,3,0,0,1,1,0,0,0,0,12.384197,51.364775
22,20,9,23,13,4,2,6,4,0,0,1,0,1,0,0,0,13.070253,50.822046
25,20,9,16,18,4,2,9,1,0,0,1,0,0,0,0,0,13.901469,51.114011
12,20,9,9,6,4,3,5,3,0,0,1,1,0,0,0,0,13.749167,51.052517
12,20,9,17,8,5,3,5,2,0,0,1,1,0,0,0,0,13.774504,51.060627
12,20,9,9,12,4,3,5,3,0,0,1,0,0,1,0,0,13.791015,51.012873
12,20,9,17,16,5,2,5,2,0,0,1,0,0,1,0,0,13.803289,51.021638
12,20,9,9,7,4,3,5,3,0,0,1,1,0,0,0,0,13.724321,51.036936
13,20,9,30,18,4,3,0,7,1,0,1,1,0,0,0,0,12.378026,51.30959
27,20,10,3,14,7,2,0,1,0,0,1,0,0,0,0,0,13.623953,51.278572
13,20,10,9,14,6,2,5,3,0,1,1,1,0,0,0,0,12.371515,51.320828
13,20,10,1,18,5,3,5,3,1,0,1,1,0,0,0,0,12.373375,51.352729
25,20,10,7,15,4,3,4,2,0,0,1,1,0,0,0,0,14.247919,51.439581
13,20,9,29,19,3,3,3,5,2,0,1,1,0,0,0,0,12.371656,51.338694
13,20,9,29,18,3,3,1,3,0,0,1,1,0,0,0,0,12.406046,51.346284
12,20,10,5,15,2,3,5,3,0,1,1,1,0,0,0,0,13.736879,51.047521
13,20,9,29,9,3,3,5,3,0,0,1,1,0,0,0,0,12.372979,51.301377
13,20,10,2,19,6,3,5,2,2,0,1,1,0,0,0,0,12.405752,51.331754
12,20,10,9,14,6,3,0,1,0,0,1,0,0,0,0,0,13.787942,51.030159
27,20,10,8,15,5,3,5,3,0,0,1,1,0,0,0,0,13.569563,51.154462
25,20,10,6,10,3,3,0,1,0,0,1,0,0,0,0,0,14.048274,51.230319
13,20,10,1,17,5,2,5,3,0,0,1,0,0,0,0,1,12.372998,51.309715
13,20,9,29,6,3,3,5,3,0,0,1,1,0,0,0,0,12.421426,51.379224
11,20,10,5,14,2,3,5,3,0,0,1,1,0,0,0,0,12.90546,50.843967
13,20,10,10,15,7,3,5,3,0,0,1,1,0,0,0,0,12.385166,51.342721
13,20,9,29,14,3,3,5,2,0,0,1,1,0,0,0,0,12.398305,51.339217
12,20,10,2,11,6,3,6,4,0,0,1,0,1,0,0,0,13.722236,51.063318
12,20,10,8,8,5,3,5,2,0,0,1,1,0,0,0,0,13.743149,51.072873
13,20,9,29,14,3,3,5,3,0,0,1,1,0,0,0,0,12.279277,51.325972
11,20,10,10,20,7,3,5,3,2,0,1,1,0,0,0,0,12.923246,50.832958
13,20,9,29,14,3,3,5,3,0,0,1,1,0,0,0,0,12.342713,51.372378
25,20,9,29,8,3,3,5,3,1,1,1,1,0,0,0,0,14.099279,51.28135
26,20,9,30,13,4,3,6,4,0,0,1,0,1,0,0,0,14.984764,51.149826
13,20,10,3,17,7,3,0,7,0,0,1,0,0,0,0,1,12.406947,51.338107
13,20,10,7,11,4,3,5,3,0,0,1,1,0,0,0,0,12.263807,51.306887
26,20,9,29,13,3,3,5,3,0,0,1,1,0,0,0,0,14.98891,51.158491
11,20,10,2,20,6,2,0,1,2,0,1,0,0,0,0,0,12.939329,50.833316
13,20,10,7,9,4,3,2,2,0,0,1,1,0,0,0,0,12.343105,51.322657
13,20,10,5,16,2,3,5,3,0,0,1,1,0,0,0,0,12.326557,51.334694
25,20,9,30,19,4,3,7,7,2,0,1,0,0,0,0,0,14.281624,51.239285
21,20,10,3,18,7,2,0,7,0,0,1,0,0,0,0,0,12.768958,50.71566
13,20,10,9,21,6,3,5,3,2,1,1,1,0,0,0,0,12.372185,51.331444
13,20,10,1,7,5,3,5,2,0,0,1,1,0,0,0,0,12.386391,51.360532
25,20,9,29,16,3,3,1,5,0,0,1,1,0,0,0,0,14.442544,51.182407
27,20,9,29,14,3,3,4,6,0,0,1,1,0,0,0,0,13.446377,51.414021
24,20,10,10,10,7,3,0,7,0,1,1,1,0,0,0,0,12.631581,50.757255
12,20,9,29,7,3,3,1,3,1,0,1,1,0,0,0,0,13.812305,51.011441
27,20,10,5,14,2,3,8,1,0,1,1,0,0,0,0,0,13.567462,51.157486
12,20,10,9,14,6,3,5,2,0,0,1,1,0,0,0,0,13.737631,51.074372
13,20,10,8,10,5,3,5,3,0,0,1,0,0,0,0,1,12.393335,51.356807
30,20,10,6,15,3,3,5,3,0,0,1,1,0,0,0,0,12.49281,51.371538
12,20,9,29,18,3,3,3,6,0,0,1,0,0,0,0,0,13.732469,51.050979
11,20,10,5,17,2,3,5,3,0,0,1,1,0,0,0,0,12.950656,50.830178
28,20,10,10,14,7,3,0,1,0,1,1,0,0,0,0,0,13.935601,50.967308
12,20,9,29,13,3,3,0,1,0,0,1,0,0,0,0,0,13.729144,51.045605
12,20,10,1,20,5,3,0,1,2,0,1,0,0,0,0,0,13.725395,51.06208
12,20,10,4,14,1,3,7,7,0,0,1,0,0,0,0,0,13.839758,51.025818
11,20,9,29,17,3,3,4,2,0,0,1,1,0,0,0,0,12.932787,50.807363
12,20,10,2,16,6,3,0,1,0,0,1,0,0,0,0,0,13.811089,51.013439