CSV=`UKREIS,UJAHR,UMONAT,UTAG,USTUNDE,UWOCHENTAG,UKATEGORIE,UART,UTYP,LICHT,USTRZUSTAND,IstRad,IstPKW,IstFuss,IstKrad,IstGkfz,IstSonstig,@lon,@lat
23,20,9,28,16,2,3,5,3,0,0,1,1,0,0,0,0,12.46834,50.35863
13,20,9,28,18,2,3,5,3,0,0,1,1,0,0,0,0,12.423635,51.355066
13,20,10,7,17,4,3,5,3,0,1,1,1,0,0,0,0,12.355918,51.343757
12,20,10,1,1,5,3,8,1,2,0,1,0,0,0,0,0,13.880682,51.03608
25,20,9,28,15,2,3,5,3,0,0,1,1,0,0,0,0,14.269286,51.452069
12,20,9,30,15,4,3,5,2,0,0,1,1,0,0,0,0,13.767781,51.026081
22,20,10,3,16,7,2,6,7,0,0,1,0,1,0,0,0,13.491946,50.732751
30,20,10,1,13,5,1,5,2,0,0,1,1,0,0,0,0,12.322494,51.521451
12,20,10,7,20,4,3,0,1,1,0,1,0,0,0,0,0,13.758058,51.052305
13,20,10,9,11,6,2,5,3,0,1,1,1,0,0,0,0,12.372085,51.356866
30,20,10,1,18,5,2,5,3,1,0,1,1,0,0,0,0,12.993386,51.365562
13,20,10,11,19,1,3,3,5,2,1,1,1,0,0,0,0,12.404827,51.336044
12,20,9,28,14,2,3,5,3,0,0,1,1,0,0,0,0,13.705721,51.090569
13,20,10,2,13,6,3,2,6,0,0,1,1,0,0,0,0,12.328124,51.333481
12,20,10,9,7,6,3,5,3,0,1,1,1,0,0,0,0,13.767808,51.059751
27,20,10,8,13,5,3,0,1,0,0,1,0,0,0,0,0,13.451741,51.420172
12,20,10,1,14,5,3,5,2,0,0,1,1,0,0,0,0,13.803118,51.047466
12,20,9,28,8,2,3,3,2,0,0,1,0,0,0,0,0,13.793252,51.038017
11,20,10,5,13,2,3,0,1,0,1,1,0,0,0,0,0,12.88339,50.833129
12,20,9,28,16,2,3,1,5,0,0,1,1,0,0,0,0,13.776005,51.045257
12,20,10,2,18,6,3,3,2,1,0,1,0,0,0,0,0,13.725505,51.070118
12,20,10,1,9,5,3,5,2,0,0,1,0,0,0,0,1,13.738152,51.047041
12,20,10,1,18,5,3,5,3,2,0,1,1,0,0,0,0,13.763976,51.06659
12,20,10,6,9,3,3,0,2,0,0,1,1,0,0,0,0,13.708975,51.047222
12,20,9,28,12,2,3,5,3,0,0,1,1,0,0,0,0,13.822276,50.997788
30,20,10,9,13,6,3,0,1,0,1,1,0,0,0,0,0,12.999765,51.556463
12,20,10,2,9,6,3,5,1,0,0,1,1,0,0,0,0,13.751702,51.066962
26,20,9,27,15,1,2,0,1,0,0,1,0,0,0,0,0,14.867766,51.367365
21,20,9,30,13,4,3,3,6,0,0,1,1,0,0,0,0,12.811616,50.626084
13,20,10,3,11,7,3,5,3,0,0,1,1,0,0,0,0,12.34071,51.331005
12,20,10,1,8,5,3,6,6,0,0,1,0,1,0,0,0,13.808654,51.025427
30,20,10,1,17,5,2,1,7,0,0,1,1,0,0,0,0,13.005075,51.556925
12,20,10,5,13,2,3,0,1,0,1,1,0,0,0,0,0,13.810247,51.022793
13,20,10,5,6,2,3,5,3,1,1,1,1,0,0,0,0,12.393174,51.336937
27,20,9,27,15,1,3,5,3,0,0,1,1,0,0,0,0,13.339479,51.311735
12,20,10,3,15,7,3,6,7,0,0,1,0,1,0,0,0,13.740383,51.056464
13,20,10,9,7,6,2,5,2,0,1,1,1,0,0,0,0,12.323555,51.328721
13,20,10,1,18,5,3,5,3,1,0,1,1,0,0,0,0,12.412058,51.335378
12,20,9,27,15,1,3,0,1,0,0,1,0,0,0,0,0,13.776807,51.064237
21,20,9,27,18,1,3,5,3,0,0,1,1,0,0,0,0,12.714332,50.565268
12,20,10,5,5,2,3,5,3,2,0,1,1,0,0,0,0,13.771848,51.046864
13,20,10,2,10,6,3,5,3,0,0,1,1,0,0,0,0,12.252645,51.328572
27,20,10,8,10,5,2,5,3,0,0,1,1,0,0,0,0,13.629602,51.104976
27,20,10,1,15,5,2,5,3,0,0,1,1,0,0,0,0,13.584488,51.129606
29,20,10,1,16,5,3,0,5,0,0,1,1,0,0,0,0,12.370843,51.288389
13,20,10,10,4,7,2,0,7,2,1,1,0,0,0,0,1,12.387213,51.326892
12,20,10,2,14,6,3,5,3,0,0,1,1,0,0,0,0,13.800475,50.99926
13,20,10,8,9,5,3,5,2,0,0,1,1,0,0,0,0,12.37371,51.331194
13,20,9,26,10,7,3,5,2,0,1,1,1,0,0,0,0,12.373647,51.333036
28,20,10,6,19,3,3,0,1,2,0,1,0,0,0,0,0,13.935764,50.973891
28,20,10,4,14,1,3,6,4,0,0,1,0,1,0,0,0,13.941074,50.962234
11,20,10,10,10,7,2,5,3,0,0,1,1,0,0,0,0,12.912401,50.816955
12,20,10,2,13,6,3,5,3,0,0,1,1,0,0,0,0,13.747206,51.071961
24,20,10,7,14,4,3,7,7,0,0,1,0,0,0,0,0,12.382084,50.810852
12,20,9,26,13,7,3,0,2,0,1,1,1,0,0,0,0,13.687444,51.056769
25,20,10,3,15,7,3,3,6,0,0,1,1,0,0,0,0,14.419162,51.190938
11,20,10,2,15,6,3,5,2,0,0,1,1,0,0,0,0,12.904891,50.835817
13,20,10,7,23,4,3,0,1,2,1,1,0,0,0,0,0,12.377731,51.308068
26,20,10,5,7,2,3,5,3,0,0,1,1,0,0,0,0,14.814458,50.909355
22,20,10,3,3,7,2,8,1,2,0,1,0,0,0,0,0,13.322986,50.873357
30,20,10,1,11,5,3,5,7,0,0,1,1,0,0,0,0,12.490834,51.37393
12,20,10,7,14,4,3,4,1,0,0,1,1,0,0,0,0,13.805833,51.141537
12,20,10,5,11,2,3,5,2,0,0,1,1,0,0,0,0,13.718884,51.059666
30,20,10,11,1,1,3,1,1,2,0,1,1,0,0,0,0,12.654477,51.466694
24,20,10,2,6,6,2,0,1,2,0,1,0,0,0,0,0,12.687102,50.793138
12,20,10,9,7,6,3,0,1,0,1,1,0,0,0,0,0,13.726533,51.0458
25,20,10,1,16,5,3,0,7,0,0,1,1,0,0,0,0,14.435854,51.169679
12,20,10,2,7,6,3,5,2,0,0,1,1,0,0,0,0,13.79534,51.042921
30,20,10,10,20,7,3,4,6,2,0,1,0,0,1,0,0,12.936204,51.28089
24,20,10,8,7,5,3,0,7,0,0,1,1,0,0,0,0,12.491293,50.729392
12,20,10,8,10,5,3,5,3,0,0,1,0,0,0,0,1,13.825905,51.012058
12,20,10,1,14,5,3,1,7,0,0,1,1,0,0,0,0,13.747743,51.02299
12,20,10,6,8,3,3,3,2,0,0,1,1,0,0,0,0,13.708958,51.047232
13,20,9,25,12,6,3,2,6,0,0,1,0,0,0,0,0,12.305405,51.326682
12,20,10,2,13,6,3,5,2,0,0,1,1,0,0,0,0,13.775807,51.050803
29,20,10,5,17,2,2,5,3,0,0,1,1,0,0,0,0,12.355598,51.273456
12,20,10,8,15,5,2,5,2,0,0,1,1,0,0,0,0,13.755933,51.055895
13,20,9,25,17,6,3,5,3,0,0,1,0,0,0,0,1,12.373688,51.326019
13,20,9,29,17,3,3,5,3,0,0,1,1,0,0,0,0,12.397458,51.345996
13,20,10,7,16,4,3,3,6,0,1,1,1,0,0,0,0,12.407457,51.351242
13,20,9,30,7,4,3,5,3,0,0,1,1,0,0,0,0,12.377925,51.374997
26,20,10,5,6,2,3,4,6,1,0,1,0,0,0,0,0,14.951391,51.151541
11,20,10,3,3,7,3,0,1,2,0,1,0,0,0,0,0,12.87331,50.819455
27,20,10,9,10,6,2,5,2,0,1,1,1,0,0,0,0,13.26867,51.304054
30,20,10,24,11,7,2,5,3,0,0,1,1,0,0,0,0,12.373307,51.433306
27,20,10,20,7,3,2,5,3,0,0,1,1,0,0,0,0,13.731064,51.214193
12,20,10,20,8,3,3,5,3,0,0,1,0,0,0,0,0,13.734484,51.088361
27,20,10,23,11,6,3,0,1,0,0,1,0,0,0,0,0,13.286919,51.308998
22,20,10,20,13,3,3,5,3,0,0,1,1,0,0,0,0,13.329446,50.914831
13,20,10,27,8,3,3,5,2,0,0,1,1,0,0,0,0,12.321815,51.328856
12,20,10,23,0,6,3,0,1,2,0,1,0,0,0,0,0,13.657692,51.049237
30,20,10,19,16,2,3,3,6,0,0,1,1,0,0,0,0,12.654339,51.466612
13,20,10,19,11,2,3,5,3,0,0,1,1,0,0,0,0,12.372399,51.349649
12,20,10,19,6,2,3,5,3,1,0,1,1,0,0,0,0,13.75544,51.050001
12,20,10,23,7,6,3,0,1,2,1,1,0,0,0,0,0,13.728467,51.056583
12,20,10,27,13,3,2,5,3,0,0,1,1,0,0,0,0,13.8434,51.017873
12,20,10,23,12,6,3,3,6,0,1,1,0,0,1,0,0,13.751321,51.042439
13,20,10,18,16,1,3,1,5,0,0,1,1,0,0,0,0,12.315925,51.332595
28,20,10,18,4,1,3,0,7,2,1,1,0,0,0,0,1,13.628174,50.979845
13,20,10,24,18,7,3,0,1,2,0,1,0,0,0,0,0,12.368453,51.337651
12,20,10,18,1,1,3,0,3,2,0,1,1,0,0,0,0,13.749029,51.033974
29,20,10,26,18,2,2,0,7,2,0,1,0,0,0,0,0,12.367829,51.266315
12,20,10,23,6,6,2,5,3,2,0,1,1,0,0,0,0,13.718169,51.018818
11,20,10,23,12,6,3,2,6,0,0,1,0,0,0,1,0,12.89679,50.870172
13,20,10,17,0,7,3,0,7,2,1,1,0,0,0,0,0,12.373728,51.326921
24,20,10,22,21,5,3,8,6,2,0,1,1,0,0,0,0,12.512639,50.784991
13,20,10,24,14,7,3,5,3,0,0,1,1,0,0,0,0,12.327366,51.373331
25,20,10,17,16,7,3,7,1,0,0,1,0,0,0,0,0,14.242252,51.437884
25,20,10,17,12,7,3,0,1,0,1,1,0,0,0,0,0,14.428205,51.178689
12,20,10,17,22,7,2,0,1,2,0,1,0,0,0,0,0,13.776575,51.066738
12,20,10,17,15,7,3,5,2,0,0,1,0,0,0,0,0,13.648666,51.090838
29,20,10,22,10,5,2,5,2,0,0,1,1,0,0,0,0,12.524751,51.218361
26,20,10,27,16,3,3,2,6,1,0,1,1,0,0,0,0,14.824334,51.288363
13,20,10,22,8,5,3,0,1,0,0,1,0,0,0,0,0,12.414436,51.345098
24,20,10,27,16,3,3,0,1,1,0,1,0,0,0,0,0,12.476999,50.762901
13,20,10,22,17,5,3,5,2,0,0,1,0,0,0,1,0,12.309223,51.328047
13,20,10,16,19,6,3,0,7,2,1,1,0,0,0,0,0,12.377148,51.332981
13,20,10,16,15,6,3,5,3,0,1,1,1,0,0,0,0,12.331277,51.332292
13,20,10,16,5,6,3,0,1,2,1,1,0,0,0,0,0,12.349123,51.370262
29,20,10,16,19,6,3,6,7,2,0,1,0,1,0,0,0,12.735694,51.241926
29,20,10,16,13,6,3,5,3,0,0,1,1,0,0,0,0,12.174405,51.314426
25,20,10,16,13,6,3,1,5,0,1,1,1,0,0,0,0,14.43625,51.174762
28,20,10,16,9,6,3,5,3,0,1,1,1,0,0,0,0,13.927945,50.98073
12,20,10,16,9,6,2,6,7,0,1,1,0,1,0,0,0,13.72729,51.097767
12,20,10,16,18,6,3,5,3,2,1,1,1,0,0,0,0,13.702183,51.034929
12,20,10,22,9,5,3,5,2,0,0,1,1,0,0,0,0,13.697819,51.032605
12,20,10,16,7,6,3,0,1,0,0,1,0,0,0,0,0,13.766734,51.082904
12,20,10,22,9,5,3,3,6,0,0,1,1,0,0,0,0,13.76419,51.03086
12,20,10,16,16,6,3,6,4,0,1,1,0,1,0,0,0,13.748948,51.051433
12,20,10,16,9,6,3,5,2,0,1,1,1,0,0,0,0,13.777825,51.054334
12,20,10,22,11,5,2,0,1,0,0,1,0,0,0,0,0,13.740269,51.038514
27,20,10,24,11,7,3,5,2,0,0,1,0,0,0,0,0,13.514712,51.294491
11,20,10,16,21,6,3,5,3,2,1,1,1,0,0,0,0,12.905905,50.832756
28,20,10,24,11,7,3,0,1,0,1,1,0,0,0,0,0,13.597174,51.031868
11,20,10,16,15,6,3,5,3,0,1,1,1,0,0,0,0,12.917717,50.842987
28,20,10,26,6,2,3,5,3,0,0,1,1,0,0,0,0,13.860845,50.980435
13,20,10,15,7,5,3,5,2,2,1,1,1,0,0,0,0,12.387172,51.326868
13,20,10,15,17,5,3,5,2,1,1,1,1,0,0,0,0,12.321907,51.350029
12,20,10,28,14,4,3,0,1,0,1,1,0,0,0,0,0,13.755076,51.025773
21,20,10,22,14,5,2,0,7,0,0,1,0,0,0,0,0,13.075441,50.683991
12,20,10,24,17,7,3,3,6,0,0,1,0,0,0,0,0,13.740054,51.055998
13,20,10,15,6,5,3,0,7,1,1,1,0,0,0,0,0,12.314835,51.353558
13,20,10,15,8,5,3,5,3,0,1,1,1,0,0,0,1,12.308744,51.35595
13,20,10,15,16,5,3,0,1,1,1,1,0,0,0,0,0,12.343063,51.322581
13,20,10,15,19,5,2,5,3,2,1,1,1,0,0,0,0,12.376923,51.356649
13,20,10,21,7,4,3,2,2,1,1,1,1,0,0,0,0,12.333729,51.324542
29,20,10,27,11,3,3,1,3,0,0,1,1,0,0,0,0,12.220447,51.299797
13,20,10,15,11,5,3,5,2,0,1,1,1,0,0,0,0,12.38924,51.338358
13,20,10,15,16,5,3,5,3,0,0,1,1,0,0,0,0,12.441015,51.304543
12,20,10,15,16,5,3,5,2,1,1,1,1,0,0,0,0,13.699023,51.071359
27,20,10,27,13,3,3,5,3,0,0,1,1,0,0,0,0,13.528289,51.289559
12,20,10,15,15,5,3,2,5,0,1,1,1,0,0,0,0,13.706051,51.043653
12,20,10,25,9,1,3,5,3,0,0,1,0,0,0,0,0,13.707722,51.077471
12,20,10,15,6,5,3,5,3,2,1,1,1,0,0,0,0,13.753346,51.050371
12,20,10,24,22,7,3,5,2,2,0,1,0,0,0,1,0,13.777456,51.057684
12,20,10,15,5,5,3,5,3,2,1,1,1,0,0,0,0,13.720607,51.049331
13,20,10,26,4,2,3,5,3,1,1,1,1,0,0,0,0,12.430848,51.362792
12,20,10,21,7,4,3,0,7,1,0,1,0,0,0,0,0,13.708492,51.046937
12,20,10,15,15,5,3,0,7,0,1,1,0,0,0,0,0,13.730871,51.053868
12,20,10,15,18,5,3,5,3,2,1,1,1,0,0,0,0,13.825905,51.012058
11,20,10,15,11,5,3,6,7,0,1,1,0,1,0,0,0,12.919464,50.834771
13,20,10,28,22,4,3,5,3,2,0,1,1,0,0,0,0,12.434344,51.32943
12,20,10,24,9,7,3,5,2,0,1,1,1,0,0,0,0,13.729458,51.045705
21,20,10,25,17,1,2,0,1,1,1,1,0,0,0,0,0,12.766168,50.620664
12,20,10,21,15,4,3,5,3,0,0,1,1,0,0,0,0,13.746864,51.069885
22,20,10,24,2,7,3,0,7,2,1,1,0,0,0,0,0,13.347237,50.922676
12,20,10,21,13,4,3,4,6,0,0,1,0,0,0,0,0,13.808114,51.053554
13,20,10,27,12,3,3,5,3,0,0,1,1,0,0,0,0,12.384858,51.37887
11,20,10,25,10,1,3,6,4,0,0,1,0,1,0,0,0,12.919199,50.773877
11,20,10,21,18,4,2,5,3,1,0,1,1,0,0,0,0,12.912091,50.83834
12,20,10,27,11,3,3,3,2,0,0,1,0,0,0,1,0,13.800493,51.027389
13,20,10,13,12,3,3,5,2,0,0,1,1,0,0,0,0,12.382826,51.317586
13,20,10,13,17,3,3,5,2,0,0,1,1,0,0,0,0,12.371335,51.346275
13,20,10,13,12,3,3,6,7,0,0,1,0,1,0,0,0,12.363181,51.378707
30,20,10,26,9,2,3,3,6,0,0,1,0,0,0,0,1,12.991007,51.561489
13,20,10,20,8,3,3,3,7,0,0,1,1,0,0,0,0,12.431633,51.344033
13,20,10,13,15,3,2,5,3,0,0,1,1,0,0,0,0,12.305525,51.35184
13,20,10,28,9,4,3,3,6,0,0,1,1,0,0,0,0,12.326875,51.341878
13,20,10,20,23,3,3,5,2,2,1,1,1,0,0,0,0,12.419115,51.315628
13,20,10,13,20,3,3,1,5,2,0,1,1,0,0,0,0,12.397638,51.345979
24,20,10,23,12,6,3,0,1,0,0,1,0,0,0,0,0,12.479249,50.717161
25,20,10,13,15,3,3,0,7,0,0,1,0,0,0,0,0,14.424134,51.175906
26,20,10,26,5,2,3,0,1,2,1,1,0,0,0,0,0,14.674114,51.098823
25,20,10,13,7,3,3,5,3,1,0,1,1,0,0,0,0,14.245235,51.098618
27,20,10,13,7,3,3,5,2,1,0,1,1,0,0,0,0,13.265693,51.303597
12,20,10,13,14,3,3,0,1,0,0,1,0,0,0,0,0,13.713936,51.032224
13,20,10,23,21,6,3,0,7,2,0,1,0,0,0,0,0,12.354745,51.350935
13,20,10,20,22,3,3,4,6,2,0,1,0,0,0,0,1,12.430195,51.321838
24,20,10,12,23,2,3,0,1,2,1,1,0,0,0,0,0,12.458504,50.717133
24,20,10,12,14,2,2,0,3,0,0,1,0,0,0,0,1,12.636023,50.744568
13,20,10,20,15,3,3,2,6,0,0,1,1,0,0,0,0,12.381854,51.331765
29,20,10,27,18,3,2,6,1,2,0,1,0,1,0,0,0,12.384943,51.236255
13,20,10,12,10,2,3,5,3,0,1,1,1,0,0,0,0,12.262883,51.347865
26,20,10,20,18,3,3,4,6,0,0,1,1,0,0,0,0,14.670215,50.98224
12,20,10,27,7,3,3,0,1,0,1,1,0,0,0,0,0,13.80524,51.042489
13,20,10,12,14,2,3,5,3,0,0,1,1,0,0,0,0,12.305116,51.326871
25,20,10,20,12,3,3,5,3,0,0,1,1,0,0,0,0,14.441028,51.176164
27,20,10,12,7,2,3,0,7,0,1,1,0,0,0,0,0,13.584041,51.142835
25,20,10,20,8,3,3,5,3,0,0,1,0,0,0,0,1,14.431312,51.177884
13,20,10,26,7,2,3,3,6,1,1,1,1,0,0,0,0,12.382406,51.303821
12,20,10,12,19,2,2,5,2,2,0,1,1,0,0,0,0,13.728374,51.05664
12,20,10,12,20,2,3,5,3,2,1,1,1,0,0,0,0,13.812597,51.010994
12,20,10,12,14,2,2,0,1,0,1,1,0,0,0,0,0,13.770522,51.041372
27,20,10,20,12,3,3,5,3,0,0,1,1,0,0,0,0,13.2688,51.300784
12,20,10,26,11,2,3,5,3,0,0,1,1,0,0,0,0,13.780968,51.019234
24,20,10,24,8,7,3,5,3,0,0,1,1,0,0,0,0,12.741737,50.864618
13,20,10,31,23,7,3,1,1,1,1,1,1,0,0,0,0,12.408246,51.351651
12,20,11,2,8,2,3,5,3,0,0,1,1,0,0,0,0,13.842215,51.018932
13,20,11,4,15,4,3,3,6,0,0,1,0,0,0,0,0,12.389793,51.287611
13,20,11,16,7,2,3,3,6,0,0,1,1,0,0,0,0,12.370493,51.390549
12,20,11,12,15,5,3,0,7,0,0,1,0,0,0,0,0,13.733428,51.046286
26,20,10,31,23,7,2,8,1,2,0,1,0,0,0,0,0,14.631024,51.511674
13,20,11,17,12,3,3,5,2,0,0,1,1,0,0,0,0,12.436084,51.326258
13,20,11,13,5,6,3,5,3,2,0,1,1,0,0,0,0,12.39618,51.363281
12,20,11,11,15,4,3,5,3,0,0,1,1,0,0,0,0,13.766031,51.019218
13,20,11,11,10,4,2,0,1,0,1,1,0,0,0,0,0,12.374127,51.303389
12,20,10,31,0,7,3,0,1,2,1,1,0,0,0,0,0,13.709031,51.047188
25,20,11,17,12,3,3,4,2,0,0,1,1,0,0,0,0,14.245311,51.438727
12,20,10,31,17,7,2,5,3,2,1,1,1,0,0,0,0,13.723299,51.040501
13,20,11,3,8,3,3,1,5,0,0,1,1,0,0,0,0,12.371432,51.337304
12,20,11,5,15,5,3,1,5,0,0,1,1,0,0,0,0,13.797274,51.041924
12,20,11,17,9,3,2,1,5,0,0,1,1,0,0,0,0,13.722463,51.02986
30,20,10,30,10,6,2,5,3,0,1,1,1,0,0,0,0,12.653474,51.465848
12,20,11,5,15,5,2,0,4,0,0,1,1,1,0,0,0,13.741804,51.023604
12,20,11,17,13,3,3,5,2,0,0,1,1,0,0,0,0,13.77456,51.033104
12,20,11,13,14,6,3,5,2,0,0,1,0,0,0,1,0,13.779861,51.044255
12,20,11,3,18,3,3,0,7,2,0,1,0,0,0,0,0,13.78132,51.037093
24,20,11,6,18,6,3,1,2,2,0,1,1,0,0,0,0,12.495685,50.704623
12,20,11,2,7,2,3,0,1,0,1,1,0,0,0,0,0,13.776599,51.066474
13,20,11,16,8,2,3,5,2,0,1,1,1,0,0,0,0,12.378321,51.334563
12,20,11,12,6,5,3,1,5,1,0,1,1,0,0,0,0,13.768501,51.020414
13,20,10,30,11,6,3,5,2,0,1,1,1,0,0,0,0,12.411163,51.3421
13,20,11,12,13,5,3,3,5,0,0,1,1,0,0,0,0,12.404084,51.331625
12,20,11,10,12,3,3,6,4,0,0,1,0,1,0,0,0,13.772479,51.050882
13,20,11,6,15,6,3,5,3,0,0,1,0,0,0,0,0,12.348295,51.328672
13,20,10,30,15,6,2,5,3,0,1,1,1,0,0,0,0,12.426674,51.343468
12,20,11,2,7,2,2,1,5,0,1,1,1,0,0,0,0,13.781804,51.051108
13,20,11,4,15,4,3,5,2,0,0,1,1,0,0,0,0,12.376729,51.319634
25,20,11,16,7,2,3,5,3,1,1,1,1,0,0,0,0,14.268778,51.452457
25,20,11,9,15,2,3,6,4,0,0,1,0,1,0,0,0,13.901055,51.132976
30,20,11,5,14,5,3,5,3,0,0,1,1,0,0,0,0,12.262956,51.513495
13,20,11,17,16,3,3,5,3,2,1,1,1,0,0,0,0,12.373378,51.363017
13,20,10,30,7,6,3,5,2,2,1,1,0,0,0,0,1,12.373702,51.332839
12,20,11,6,7,6,3,5,3,0,0,1,1,0,0,0,0,13.716919,51.080794
13,20,10,30,13,6,3,5,3,0,1,1,1,0,0,0,0,12.367743,51.358477
12,20,11,16,10,2,2,0,1,0,1,1,0,0,0,0,0,13.647499,51.078958
13,20,11,11,14,4,3,3,6,0,1,1,0,0,0,0,0,12.371517,51.320845
26,20,11,8,12,1,3,0,1,0,0,1,0,0,0,0,0,14.985557,51.130209
27,20,11,17,17,3,3,5,3,2,1,1,1,0,0,0,0,13.444143,51.412229
12,20,11,13,12,6,3,1,5,0,0,1,1,0,0,0,0,13.738863,51.013385
13,20,11,10,16,3,3,5,3,1,0,1,1,0,0,0,0,12.373322,51.311671
24,20,11,3,11,3,3,6,7,0,0,1,0,1,0,0,0,12.466979,50.700759
12,20,11,11,9,4,3,0,1,0,1,1,0,0,0,0,0,13.836093,51.062091
29,20,11,7,16,7,2,3,6,0,0,1,0,0,0,0,0,12.326617,51.213334
13,20,10,30,5,6,3,6,4,1,1,1,0,1,0,0,0,12.479219,51.344929
12,20,11,17,16,3,3,0,1,2,1,1,0,0,0,0,0,13.770881,51.04593
12,20,11,2,7,2,2,5,3,0,1,1,1,0,0,0,0,13.797699,51.042336
27,20,11,7,10,7,3,0,1,0,0,1,0,0,0,0,0,13.314012,51.195076
12,20,11,2,8,2,3,4,2,0,1,1,1,0,0,0,0,13.759438,51.051173
12,20,11,15,15,1,3,1,5,0,0,1,1,0,0,0,0,13.761686,51.025165
25,20,11,12,7,5,3,8,1,0,1,1,0,0,0,0,0,14.473132,51.214665
26,20,11,6,19,6,3,0,1,2,0,1,0,0,0,0,0,14.98467,51.158001
12,20,11,19,8,5,3,1,6,0,1,1,1,0,0,0,0,13.723875,51.077236
12,20,11,16,7,2,3,5,3,2,1,1,1,0,0,0,0,13.685535,51.084488
13,20,11,16,15,2,3,5,3,0,0,1,1,0,0,0,0,12.387781,51.381322
13,20,11,2,20,2,2,0,7,2,0,1,0,0,0,0,0,12.376324,51.349923
12,20,11,12,15,5,2,5,3,0,0,1,1,0,0,0,0,13.799414,51.056606
12,20,10,30,7,6,3,0,1,0,1,1,0,0,0,0,0,13.694159,51.04339
13,20,11,9,13,2,3,5,2,0,0,1,1,0,0,0,0,12.407331,51.34549
12,20,10,30,15,6,3,5,3,0,1,1,1,0,0,0,0,13.851304,51.063148
13,20,11,13,17,6,3,1,7,2,0,1,1,0,0,0,0,12.341516,51.325562
12,20,11,11,16,4,3,5,3,0,0,1,1,0,0,0,0,13.677593,51.058969
12,20,11,8,14,1,3,5,3,0,0,1,1,0,0,0,0,13.853266,51.002415
12,20,10,30,9,6,3,0,1,0,1,1,0,0,0,0,0,13.735051,51.054003
12,20,10,30,5,6,3,0,7,1,1,1,0,0,0,0,0,13.755238,51.045901
13,20,11,17,20,3,2,3,2,2,0,1,1,0,0,0,0,12.506097,51.350464
12,20,10,30,11,6,3,0,1,0,1,1,0,0,0,0,0,13.808373,51.038164
26,20,11,13,11,6,3,2,6,0,0,1,1,0,0,0,0,14.979906,51.1517
13,20,11,10,15,3,3,6,6,0,0,1,0,1,0,0,0,12.380085,51.360209
12,20,11,5,13,5,3,3,2,0,0,1,1,0,0,0,0,13.777474,51.057507
12,20,11,17,16,3,2,0,7,1,1,1,0,0,0,0,0,13.732507,51.050976
13,20,11,12,13,5,3,5,5,0,0,1,1,0,0,0,0,12.368942,51.345807
12,20,11,17,15,3,3,5,3,0,1,1,1,0,0,0,0,13.641893,51.081071
12,20,11,13,15,6,3,0,1,0,0,1,0,0,0,0,0,13.743596,51.111065
26,20,11,10,9,3,3,5,3,0,0,1,1,0,0,0,0,14.981641,51.170061
24,20,11,1,8,1,2,9,7,0,0,1,0,0,0,0,0,12.564348,50.819672
12,20,11,12,15,5,3,5,3,0,0,1,1,0,0,0,0,13.749151,51.033548
13,20,11,2,9,2,3,4,6,0,1,1,0,0,0,0,0,12.359043,51.356972
23,20,11,9,9,2,2,0,1,0,1,1,0,0,0,0,0,12.233485,50.281274
27,20,11,6,17,6,2,6,4,2,0,1,0,1,0,0,0,13.467323,51.158097
12,20,11,10,16,3,3,5,2,1,0,1,1,0,0,0,0,13.774526,51.060546
13,20,11,6,9,6,2,5,2,0,0,1,1,0,0,0,0,12.40882,51.325581
13,20,11,1,12,1,3,0,1,0,1,1,0,0,0,0,0,12.369541,51.290369
26,20,11,14,9,7,3,5,3,0,0,1,1,0,0,0,0,14.815924,51.287916
12,20,11,12,23,5,3,5,2,2,1,1,1,0,0,0,0,13.681646,51.052415
13,20,11,9,11,2,3,5,2,0,0,1,1,0,0,0,0,12.419663,51.357449
12,20,11,6,5,6,3,5,3,2,0,1,1,0,0,0,0,13.716911,51.093498
13,20,11,2,15,2,3,5,2,0,0,1,1,0,0,0,0,12.401864,51.380885
12,20,11,11,7,4,3,0,7,1,1,1,1,0,0,0,0,13.746297,51.078573
29,20,10,29,10,5,3,0,1,0,1,1,0,0,0,0,0,12.499151,51.125046
11,20,11,14,14,7,2,3,2,0,0,1,1,0,0,0,0,12.898376,50.802733
12,20,11,16,7,2,3,0,1,0,1,1,0,0,0,0,0,13.792599,51.047662
12,20,11,9,8,2,3,5,3,0,0,1,1,0,0,0,0,13.765837,51.065791
13,20,10,29,8,5,3,0,1,0,1,1,0,0,0,0,0,12.414368,51.345088
13,20,10,29,15,5,3,1,5,0,0,1,1,0,0,0,0,12.377015,51.336966
12,20,11,13,18,6,3,5,3,2,0,1,0,0,0,0,0,13.721927,51.086453
13,20,11,3,17,3,3,5,3,2,0,1,1,0,0,0,0,12.339477,51.326703
26,20,11,7,19,7,2,0,1,2,0,1,0,0,0,0,0,14.578536,51.403396