CSV=`UKREIS,UJAHR,UMONAT,UTAG,USTUNDE,UWOCHENTAG,UKATEGORIE,UART,UTYP,LICHT,USTRZUSTAND,IstRad,IstPKW,IstFuss,IstKrad,IstGkfz,IstSonstig,@lon,@lat
13,20,10,29,7,5,3,5,3,0,1,1,1,0,0,0,0,12.30769,51.311975
11,20,11,8,14,1,3,6,4,0,0,1,0,1,0,0,0,12.882213,50.807112
12,20,11,5,15,5,3,5,2,0,0,1,1,0,0,0,0,13.781763,51.043878
22,20,11,3,9,3,3,0,1,0,0,1,0,0,0,0,0,12.975897,50.98746
27,20,11,2,16,2,3,1,7,1,0,1,1,0,0,0,0,13.547686,51.284329
13,20,11,6,15,6,3,5,2,0,0,1,1,0,0,0,0,12.321956,51.350026
13,20,10,29,15,5,2,5,2,0,0,1,1,0,0,0,0,12.434455,51.32497
12,20,11,1,14,1,3,0,1,0,0,1,0,0,0,0,0,13.840821,51.008602
11,20,11,5,11,5,2,6,4,0,0,1,0,1,0,0,0,12.908038,50.794424
13,20,11,16,9,2,3,5,3,0,0,1,1,0,0,0,0,12.416733,51.329804
12,20,11,12,15,5,3,5,2,0,0,1,1,0,0,0,0,13.884187,51.058282
12,20,11,1,15,1,2,0,7,0,0,1,0,0,0,0,0,13.778143,51.036875
11,20,11,16,16,2,3,2,6,2,0,1,1,0,0,0,0,12.885496,50.843341
12,20,11,17,14,3,2,0,1,0,0,1,0,0,0,0,0,13.808047,51.038341
21,20,11,10,9,3,2,0,7,0,2,1,0,0,0,0,0,12.750598,50.719688
12,20,11,19,16,5,3,5,3,1,0,1,1,0,0,0,0,13.746184,51.06352
12,20,10,29,11,5,3,5,3,0,1,1,1,0,0,0,0,13.733628,51.044924
12,20,11,1,14,1,3,3,6,0,0,1,1,0,0,0,0,13.803212,51.051759
12,20,11,14,8,7,3,5,7,0,1,1,1,0,0,0,0,13.820656,51.063389
13,20,11,4,15,4,2,5,2,0,0,1,1,0,0,0,0,12.367508,51.388466
12,20,11,9,15,2,3,5,2,0,0,1,1,0,0,0,0,13.701518,51.046893
12,20,10,29,10,5,2,0,1,0,1,1,0,0,0,0,0,13.773227,51.043144
12,20,10,29,13,5,3,5,3,0,0,1,1,0,0,0,0,13.738263,51.039227
29,20,11,9,6,2,3,0,1,2,0,1,0,0,0,0,0,12.757182,51.186719
12,20,11,6,16,6,3,0,1,1,0,1,0,0,0,0,0,13.785888,51.01513
13,20,11,13,17,6,3,5,7,2,0,1,1,0,0,0,0,12.381558,51.336673
12,20,11,4,8,4,3,1,7,0,0,1,1,0,0,0,0,13.817425,51.012412
27,20,11,11,16,4,3,0,1,2,0,1,0,0,0,0,0,13.674854,51.100811
12,20,11,8,16,1,3,5,3,2,0,1,1,0,0,0,0,13.758696,51.049469
25,20,11,5,15,5,3,3,2,0,0,1,1,0,0,0,0,14.441229,51.177443
22,20,10,29,16,5,3,5,3,0,0,1,1,0,0,0,0,13.107712,51.122973
13,20,11,5,18,5,3,3,6,2,0,1,1,0,0,0,0,12.363959,51.344365
29,20,11,17,5,3,2,5,3,2,0,1,1,0,0,0,0,12.231883,51.332032
12,20,11,11,18,4,3,0,1,2,0,1,0,0,0,0,0,13.753028,51.058741
12,20,11,17,15,3,3,5,2,0,0,1,1,0,0,0,0,13.786288,51.028557
23,20,11,12,9,5,2,0,1,0,0,1,0,0,0,0,0,12.154321,50.492571
12,20,11,10,6,3,3,2,2,2,0,1,1,0,0,0,0,13.768168,51.047956
27,20,11,7,13,7,3,5,3,0,0,1,1,0,0,0,0,13.653015,51.098499
13,20,10,28,17,4,3,0,1,2,1,1,0,0,0,0,0,12.408379,51.336001
12,20,11,15,13,1,2,0,1,0,1,1,0,0,0,0,0,13.837229,51.038392
13,20,11,16,12,2,3,5,3,0,0,1,1,0,0,0,0,12.366698,51.340551
27,20,11,2,17,2,3,5,3,1,1,1,1,0,0,0,0,13.528147,51.294541
27,20,11,12,15,5,3,0,7,0,1,1,0,0,0,0,0,13.462822,51.14748
12,20,11,2,9,2,3,0,1,0,1,1,0,0,0,0,0,13.827674,51.016332
11,20,11,10,7,3,3,1,5,1,0,1,1,0,0,0,0,12.936025,50.819546
13,20,10,28,12,4,3,5,2,0,0,1,1,0,0,0,0,12.317116,51.331037
12,20,11,14,15,7,3,0,7,0,0,1,0,0,0,0,0,13.764326,51.050344
13,20,11,4,9,4,3,3,6,0,0,1,0,0,0,0,0,12.332975,51.338772
12,20,11,16,8,2,3,0,1,0,0,1,0,0,0,0,0,13.752175,51.063719
13,20,11,23,9,2,3,5,3,0,1,1,1,0,0,0,0,12.408661,51.359994
13,20,12,8,16,3,3,2,2,1,0,1,1,0,0,0,0,12.393498,51.398245
12,20,12,9,9,4,3,0,1,0,0,1,0,0,0,0,0,13.708972,51.047224
24,20,12,1,14,3,3,0,1,0,1,1,0,0,0,0,0,12.386051,50.817083
13,20,12,8,16,3,3,5,2,2,0,1,1,0,0,0,0,12.409088,51.340732
13,20,12,8,12,3,3,5,2,0,0,1,0,0,0,0,1,12.356999,51.336124
12,20,11,23,22,2,3,0,3,2,0,1,0,0,0,0,0,13.79393,51.050403
25,20,12,8,10,3,3,6,6,0,0,1,0,1,0,0,0,14.262749,51.441339
25,20,11,27,16,6,3,1,7,1,0,1,0,0,0,0,0,14.450276,51.189627
12,20,12,15,20,3,3,0,1,2,0,1,0,0,0,0,0,13.776356,51.067704
12,20,11,23,6,2,3,5,3,0,1,1,0,0,1,0,0,13.792562,51.059411
13,20,11,26,10,5,3,5,3,0,0,1,1,0,0,0,0,12.368761,51.361249
22,20,11,24,6,3,3,4,6,1,0,1,1,0,0,0,0,13.120928,51.124635
12,20,12,14,10,2,3,5,3,0,0,1,0,0,0,0,1,13.747539,51.031009
27,20,12,8,6,3,3,0,1,2,2,1,0,0,0,0,0,13.631066,51.118288
12,20,12,2,8,4,2,5,3,0,0,1,1,0,0,0,0,13.726597,51.031553
12,20,11,23,7,2,2,5,3,2,1,1,1,0,0,0,0,13.745247,51.026828
28,20,12,10,6,5,3,0,1,2,2,1,0,0,0,0,0,13.649921,51.026229
12,20,12,8,13,3,3,0,7,0,0,1,0,0,0,0,0,13.812701,50.997999
12,20,12,8,7,3,3,5,3,2,0,1,1,0,0,0,0,13.763714,51.05172
22,20,12,8,5,3,3,2,2,2,0,1,1,0,0,0,0,13.351783,50.911594
25,20,11,28,22,7,3,0,1,2,0,1,0,0,0,0,0,14.132697,51.461145
12,20,11,26,13,5,2,5,2,0,0,1,0,0,0,0,0,13.75036,51.065586
13,20,12,12,16,7,3,0,1,1,1,1,0,0,0,0,0,12.414467,51.345115
11,20,12,8,21,3,3,0,1,2,1,1,0,0,0,0,0,12.913754,50.834243
24,20,11,22,15,1,2,0,1,0,0,1,0,0,0,0,0,12.486873,50.717929
27,20,11,28,23,7,2,0,1,2,0,1,0,0,0,0,0,13.654607,51.121529
13,20,11,22,16,1,3,5,2,1,0,1,1,0,0,0,0,12.411379,51.331018
12,20,12,9,16,4,3,0,1,1,1,1,0,0,0,0,0,13.751989,51.062325
13,20,11,22,17,1,3,5,2,1,0,1,1,0,0,0,0,12.385464,51.376098
13,20,12,7,12,2,3,2,2,0,0,1,1,0,0,0,0,12.344311,51.329302
27,20,11,25,13,4,3,1,5,0,0,1,1,0,0,0,0,13.2636,51.303508
13,20,12,15,15,3,3,5,3,0,0,1,1,0,0,0,0,12.392622,51.291739
13,20,12,7,7,2,2,0,1,1,0,1,0,0,0,0,0,12.381984,51.383281
13,20,11,22,20,1,3,0,1,2,0,1,1,1,0,0,0,12.377367,51.37288
26,20,12,7,19,2,3,5,3,2,0,1,1,0,0,0,0,14.977337,51.150468
26,20,12,7,12,2,3,0,1,0,0,1,0,0,0,0,0,14.976358,51.144862
13,20,12,1,15,3,2,3,6,0,0,1,1,0,0,0,0,12.346235,51.350814
12,20,11,22,13,1,3,0,7,0,0,1,0,0,0,0,0,13.751559,51.050733
30,20,11,28,8,7,3,0,1,0,0,1,0,0,0,0,0,13.098377,51.306996
13,20,11,26,6,5,3,5,3,2,0,1,1,0,0,0,0,12.331194,51.37198
12,20,11,24,8,3,3,5,3,0,0,1,0,0,0,1,0,13.721459,51.055629
13,20,12,14,6,2,3,5,2,2,0,1,1,0,0,0,0,12.463207,51.333888
30,20,11,21,13,7,3,5,3,0,0,1,1,0,0,0,0,12.490467,51.375721
25,20,11,28,7,7,2,2,2,0,1,1,1,0,0,0,0,14.182417,51.129346
12,20,11,26,7,5,3,0,1,1,0,1,0,0,0,0,0,13.784372,51.034974
13,20,11,23,9,2,3,5,2,0,0,1,1,0,0,0,0,12.380369,51.366187
26,20,12,12,8,7,3,5,3,0,0,1,1,0,0,0,0,14.819084,50.898408
12,20,12,9,16,4,3,0,7,0,0,1,1,0,0,0,0,13.7942,51.043958
11,20,12,14,14,2,2,0,7,0,0,1,0,0,0,0,0,12.852411,50.824074
12,20,11,28,10,7,3,3,6,0,0,1,1,0,0,0,0,13.791445,51.026502
12,20,12,10,7,5,3,5,3,2,0,1,1,0,0,0,0,13.837864,51.024325
12,20,11,21,15,7,3,5,2,0,0,1,1,0,0,0,0,13.708963,51.047229
25,20,11,27,17,6,3,0,1,2,0,1,0,0,0,0,0,14.267857,51.43333
12,20,11,21,14,7,2,4,6,0,0,1,0,0,0,0,0,13.840198,51.024469
13,20,12,5,15,7,3,2,6,0,0,1,0,0,0,0,0,12.389763,51.338444
13,20,11,25,22,4,3,5,3,2,0,1,1,0,0,0,0,12.400011,51.330157
13,20,12,5,10,7,2,1,5,0,0,1,1,0,0,0,0,12.378985,51.364429
13,20,12,5,18,7,3,5,3,2,0,1,1,0,0,0,0,12.395609,51.333444
12,20,12,1,6,3,3,5,3,2,1,1,1,0,0,0,0,13.730707,51.05002
30,20,12,5,10,7,2,5,3,0,0,1,1,0,0,0,0,12.485648,51.372087
12,20,11,25,7,4,3,0,1,0,2,1,0,0,0,0,0,13.75082,51.022524
28,20,12,15,20,3,3,0,1,2,0,1,0,0,0,0,0,13.540273,51.050627
13,20,12,5,17,7,2,2,6,2,0,1,1,0,0,0,0,12.399529,51.371311
12,20,12,3,5,5,3,5,3,2,0,1,1,0,0,0,0,13.78533,51.035942
30,20,12,9,17,4,3,3,2,2,1,1,1,0,0,0,0,12.372249,51.438258
22,20,11,24,14,3,3,5,3,0,0,1,1,0,0,0,0,13.024665,51.073372
28,20,12,5,15,7,3,5,3,0,1,1,1,0,0,0,0,14.068528,51.060228
12,20,12,5,11,7,3,5,3,0,0,1,1,0,0,0,0,13.801838,51.042501
28,20,11,28,13,7,3,6,4,0,0,1,0,1,0,0,0,13.855539,50.978074
13,20,12,10,19,5,3,5,3,2,1,1,1,0,0,0,0,12.331411,51.349657
12,20,11,26,18,5,2,0,1,2,0,1,0,0,0,0,0,13.748737,51.032918
30,20,11,20,17,6,3,5,3,1,0,1,1,0,0,0,0,12.633746,51.457089
29,20,12,9,20,4,3,0,1,2,1,1,0,0,0,0,0,12.428365,51.255494
13,20,11,25,16,4,3,5,2,1,0,1,1,0,0,0,0,12.334096,51.319359
13,20,11,20,6,6,3,5,2,0,0,1,1,0,0,0,0,12.377296,51.333091
12,20,11,23,5,2,3,0,7,2,1,1,0,0,0,0,0,13.843785,51.014008
13,20,12,8,12,3,3,1,2,0,0,1,1,0,0,0,0,12.308362,51.274017
23,20,12,1,8,3,3,5,3,0,1,1,1,0,0,0,0,12.282505,50.552054
13,20,11,20,8,6,3,6,6,0,0,1,0,1,0,0,0,12.484363,51.335116
13,20,11,27,16,6,3,5,2,2,0,1,1,0,0,0,0,12.368011,51.358031
30,20,12,4,7,6,2,5,3,0,0,1,0,0,0,0,1,12.997881,51.558916
29,20,12,15,12,3,2,5,3,0,0,1,1,0,0,0,0,12.71193,51.236128
30,20,12,4,13,6,3,1,7,0,0,1,1,0,0,0,0,12.986025,51.553424
13,20,12,9,18,4,3,5,3,2,1,1,1,0,0,0,0,12.368616,51.318808
13,20,12,11,17,6,3,5,3,2,1,1,1,0,0,0,0,12.42392,51.318388
13,20,12,4,10,6,3,5,7,0,0,1,1,0,0,0,0,12.377844,51.329145
13,20,11,20,14,6,3,5,3,0,0,1,1,0,0,0,0,12.481169,51.334667
12,20,11,25,15,4,3,0,1,0,0,1,0,0,0,0,0,13.751993,51.062312
24,20,12,14,18,2,3,0,1,2,1,1,0,0,0,0,0,12.375707,50.726119
13,20,12,4,19,6,3,6,6,2,0,1,0,1,0,0,0,12.316704,51.330907
12,20,12,3,6,5,3,4,6,2,0,1,0,0,0,0,0,13.753837,51.077361
13,20,11,26,16,5,3,5,3,2,0,1,1,0,0,0,0,12.479437,51.350605
11,20,11,24,6,3,3,5,3,2,0,1,1,0,0,0,0,12.8203,50.864575
13,20,11,26,7,5,3,5,3,1,0,1,1,0,0,0,0,12.39635,51.310237
28,20,11,24,9,3,2,5,3,0,0,1,1,0,0,0,0,13.865276,50.969511
13,20,12,4,18,6,2,1,5,2,0,1,1,0,0,0,0,12.404361,51.326755
13,20,12,2,15,4,3,3,2,0,0,1,0,0,0,0,0,12.428455,51.379698
27,20,11,20,14,6,3,4,6,0,0,1,1,0,0,0,0,13.583687,51.129243
13,20,12,10,9,5,3,5,3,0,1,1,1,0,0,0,0,12.363208,51.369101
26,20,11,28,10,7,3,5,3,0,0,1,1,0,0,0,0,14.984237,51.149365
13,20,12,9,16,4,3,1,5,2,1,1,1,0,0,0,0,12.406627,51.334154
13,20,12,12,15,7,2,6,4,0,0,1,0,1,0,0,0,12.389971,51.331132
11,20,12,2,7,4,3,5,3,0,0,1,1,0,0,0,0,12.904933,50.835776
12,20,11,20,14,6,3,4,1,0,0,1,1,0,0,0,0,13.727076,51.039127
13,20,11,27,11,6,3,2,2,0,0,1,1,0,0,0,0,12.323531,51.328683
13,20,12,8,15,3,3,1,1,0,0,1,1,0,0,0,0,12.375604,51.309009
12,20,11,20,17,6,3,1,1,2,0,1,1,0,0,0,0,13.72951,51.030081
12,20,11,28,14,7,3,0,1,0,0,1,0,0,0,0,0,13.739221,51.032004
13,20,12,8,6,3,3,5,3,2,0,1,1,0,0,0,0,12.375215,51.364637
24,20,11,19,15,5,2,0,1,0,0,1,0,0,0,0,0,12.483848,50.717985
13,20,11,27,11,6,3,5,2,0,0,1,1,0,0,0,0,12.366108,51.336249
12,20,12,4,5,6,3,5,3,2,1,1,1,0,0,0,0,13.7772,51.060056
22,20,12,4,15,6,3,5,3,0,0,1,1,0,0,0,0,12.957378,51.110759
11,20,12,4,18,6,3,0,1,2,1,1,0,0,0,0,0,12.893699,50.846695
28,20,12,1,16,3,3,0,7,0,1,1,0,0,0,0,0,13.93357,50.959516
21,20,11,27,15,6,2,5,3,0,1,1,1,0,0,0,0,12.810821,50.631214
13,20,12,3,21,5,3,5,3,2,0,1,1,0,0,0,0,12.39759,51.369593
12,20,12,3,8,5,3,5,3,0,1,1,1,0,0,0,0,13.800726,51.042951
30,20,11,19,14,5,3,5,3,0,0,1,1,0,0,0,0,12.328734,51.532326
12,20,12,11,7,6,3,0,1,0,0,1,0,0,0,0,0,13.718866,51.087833
12,20,11,24,8,3,3,1,5,0,0,1,1,0,0,0,0,13.703998,51.04418
25,20,12,14,9,2,2,0,1,0,1,1,0,0,0,0,0,14.431471,51.054829
13,20,12,2,9,4,3,5,3,0,0,1,1,0,0,0,0,12.381676,51.331775
12,20,12,3,8,5,3,0,1,1,2,1,0,0,0,0,0,13.667949,51.070836
12,20,12,10,17,5,3,7,1,2,0,1,0,0,0,0,0,13.734869,51.048723
12,20,11,28,13,7,3,5,3,0,0,1,1,0,0,0,0,13.808899,51.05275
26,20,12,9,15,4,3,0,1,0,1,1,0,0,0,0,0,14.979061,51.15127
28,20,11,19,15,5,3,3,2,0,0,1,1,0,0,0,0,13.859343,50.984893
13,20,12,11,9,6,3,3,2,0,0,1,1,0,0,0,0,12.368913,51.341891
13,20,12,1,13,3,3,5,3,0,1,1,1,0,0,0,0,12.387481,51.357059
13,20,12,23,16,4,2,5,3,2,1,1,1,0,0,0,0,12.301026,51.354847
13,20,12,22,13,3,3,5,3,0,0,1,1,0,0,0,0,12.308362,51.274017
12,20,12,22,9,3,3,0,1,0,1,1,0,0,0,0,0,13.721723,51.07767
11,20,12,22,13,3,2,3,6,0,0,1,0,0,0,1,0,12.861247,50.83237
13,20,12,29,8,3,3,1,7,0,1,1,0,0,0,0,1,12.354157,51.382114
13,20,12,23,13,4,3,5,3,0,1,1,1,0,0,0,0,12.381963,51.304408
30,20,12,21,13,2,3,5,3,0,0,1,0,0,0,0,1,12.627291,51.547231
13,20,12,21,9,2,3,0,1,0,2,1,0,0,0,0,0,12.348293,51.328671
12,20,12,29,14,3,3,0,1,0,1,1,0,0,0,0,0,13.74353,51.02348
12,20,12,28,15,2,3,3,6,0,0,1,1,0,0,0,0,13.74958,51.0578
22,20,12,21,16,2,3,0,7,2,0,1,0,0,0,0,0,13.308151,51.029954
13,20,12,23,6,4,3,5,2,2,1,1,1,0,0,0,0,12.366726,51.367276
11,20,12,21,11,2,3,4,2,0,1,1,1,0,0,0,0,12.919433,50.845242
30,20,12,19,9,7,2,0,1,0,2,1,0,0,0,0,0,12.332267,51.524717
13,20,12,19,8,7,3,0,1,0,2,1,0,0,0,0,0,12.380236,51.329796
13,20,12,19,12,7,3,2,3,0,0,1,1,0,0,0,0,12.373214,51.308483
28,20,12,29,10,3,3,0,2,0,1,1,1,0,0,0,0,13.861235,50.976857
24,20,12,29,8,3,3,0,1,0,2,1,0,0,0,0,0,12.500483,50.721539
28,20,12,19,12,7,3,2,6,0,1,1,0,0,0,0,0,13.711809,50.922259
12,20,12,29,10,3,3,0,1,0,2,1,0,0,0,0,0,13.778725,51.050238
24,20,12,18,15,6,3,5,3,0,0,1,1,0,0,0,0,12.51841,50.61668
13,20,12,23,19,4,3,5,3,2,1,1,1,0,0,0,0,12.334228,51.319455
13,20,12,30,19,4,3,5,3,2,0,1,1,0,0,0,0,12.338424,51.327174
29,20,12,26,11,7,3,5,3,0,0,1,0,0,0,0,0,12.354623,51.264232
13,20,12,18,8,6,3,5,3,0,0,1,1,0,0,0,0,12.369927,51.355835
12,20,12,30,10,4,3,5,3,0,1,1,1,0,0,0,0,13.805389,51.039057
28,20,12,18,12,6,3,0,1,0,1,1,0,0,0,0,0,13.956449,50.960437
12,20,12,18,8,6,3,5,3,0,1,1,1,0,0,0,0,13.76443,51.015745
12,20,12,18,13,6,3,8,1,0,1,1,0,0,0,0,0,13.706002,51.028233
12,20,12,18,16,6,3,0,7,1,1,1,1,0,0,0,0,13.747171,51.076856
12,20,12,29,6,3,3,0,1,1,2,1,0,0,0,0,0,13.705439,51.034246
22,20,12,18,15,6,2,0,1,0,0,1,0,0,0,0,0,13.192387,51.178261
27,20,12,23,12,4,3,5,3,0,1,1,0,0,0,0,1,13.735172,51.294638
30,20,12,17,17,5,3,5,3,2,1,1,1,0,0,0,0,12.998128,51.565425
12,20,12,23,22,4,3,5,3,2,1,1,1,0,0,0,0,13.798183,51.023822
13,20,12,17,13,5,3,1,5,0,0,1,1,0,0,0,0,12.273339,51.321717
13,20,12,17,12,5,3,6,6,0,0,1,0,1,0,0,0,12.411876,51.351091
26,20,12,30,22,4,3,1,5,2,0,1,1,0,0,0,0,14.642791,51.505148
13,20,12,17,13,5,2,5,2,0,0,1,1,0,0,0,0,12.372283,51.349605
25,20,12,29,18,3,2,0,1,2,1,1,0,0,0,0,0,14.1193,51.286084
25,20,12,17,17,5,3,5,3,2,0,1,1,0,0,0,0,14.250174,51.44182
26,20,12,17,19,5,3,1,5,2,0,1,1,0,0,0,0,14.974017,51.166155
26,20,12,17,20,5,2,0,1,2,1,1,0,0,0,0,0,14.978277,51.146102
12,20,12,29,5,3,3,0,1,2,2,1,0,0,0,0,0,13.758734,51.061293
12,20,12,17,12,5,3,5,3,0,0,1,1,0,0,0,0,13.751499,51.047224
30,20,12,16,12,4,3,5,3,0,0,1,1,0,0,0,0,12.999002,51.551639
13,20,12,16,17,4,3,1,5,2,0,1,1,0,0,0,0,12.408326,51.32713
13,20,12,16,20,4,2,5,2,2,0,1,0,0,0,0,1,12.406825,51.338123
28,20,12,16,16,4,2,0,1,2,1,1,0,0,0,0,0,13.957987,50.962731
12,20,12,16,12,4,2,0,1,0,0,1,0,0,0,0,0,13.831974,51.009863
29,20,12,29,17,3,2,4,2,2,1,1,1,0,0,0,0,12.694498,51.05457
12,20,12,29,5,3,2,0,1,2,2,1,0,0,0,0,0,13.779455,51.040942
27,20,12,29,11,3,3,0,1,0,2,1,0,0,0,0,0,13.464094,51.153422
11,20,12,16,13,4,3,1,5,0,0,1,1,0,0,0,0,12.916818,50.841569
30,19,1,0,17,3,3,5,3,2,0,1,1,0,0,0,0,12.998172,51.545511
13,19,1,0,7,5,2,4,2,2,0,1,1,0,0,0,0,12.376512,51.314942
27,19,1,0,19,3,2,5,3,2,1,1,1,0,0,0,0,13.300351,51.304162
25,19,1,0,12,4,3,0,3,0,2,1,1,0,0,0,0,14.313464,51.094486
13,19,1,0,19,5,3,2,2,2,2,1,1,0,0,0,0,12.475466,51.318399
28,19,1,0,10,2,3,3,1,0,1,1,1,0,0,0,0,13.654397,51.011202
25,19,1,0,12,2,3,5,3,0,1,1,1,0,0,0,0,13.917113,51.117897
13,19,1,0,17,2,3,5,3,2,1,1,1,0,0,0,0,12.377012,51.344505
24,19,1,0,7,4,3,5,3,1,0,1,1,0,0,0,0,12.388611,50.826588
13,19,1,0,6,4,3,5,3,2,0,1,1,0,0,0,0,12.338267,51.335387
12,19,1,0,20,2,3,5,3,2,0,1,1,0,0,0,0,13.716484,51.077623
12,19,1,0,8,2,3,2,6,0,0,1,1,0,0,0,0,13.752947,51.073858
12,19,1,0,17,2,3,5,3,2,0,1,1,0,0,0,0,13.723757,51.045383
12,19,1,0,9,2,3,5,3,0,0,1,1,0,0,0,0,13.728944,51.059338
12,19,1,0,14,2,2,0,7,0,0,1,0,0,0,0,0,13.73897,51.065872
30,19,1,0,19,1,1,2,6,2,0,1,1,0,0,0,0,13.066416,51.265404
25,19,1,0,8,7,2,3,6,0,0,1,1,0,0,0,0,14.020082,51.242982
28,19,2,0,23,7,3,2,6,2,2,1,1,0,0,0,0,14.111276,51.042583
25,19,1,0,17,5,3,0,1,2,1,1,0,0,0,0,0,14.327278,51.097097
27,19,1,0,13,5,3,5,3,0,0,1,1,0,0,0,0,13.493714,51.166858
27,19,2,0,16,6,3,5,3,1,1,1,1,0,0,0,0,13.304008,51.303872
13,19,1,0,16,4,3,5,3,1,0,1,1,0,0,0,0,12.377004,51.344504
12,19,1,0,7,4,3,2,2,2,1,1,1,0,0,0,0,13.746099,51.057482
12,19,1,0,16,3,3,5,2,1,1,1,1,0,0,0,0,13.752941,51.073851
24,19,1,0,6,2,3,5,3,2,1,1,1,0,0,0,0,12.708206,50.758228
30,19,1,0,16,2,2,0,1,0,2,1,0,0,0,0,0,12.991804,51.561583
13,19,1,0,8,2,3,5,2,0,0,1,1,0,0,0,0,12.396636,51.353596
25,19,1,0,19,4,3,3,2,2,1,1,1,0,0,0,0,14.248864,51.43494
12,19,1,0,12,2,3,5,3,0,0,1,1,0,0,0,0,13.701588,51.030593
12,19,1,0,6,2,3,5,3,1,1,1,1,0,0,0,0,13.752955,51.073867
25,19,1,0,18,2,3,5,3,2,0,1,1,0,0,0,0,13.916435,51.115302
26,19,1,0,14,2,1,8,1,0,0,1,0,0,0,0,0,14.801735,51.028908
27,19,1,0,8,2,3,0,1,0,2,1,0,0,0,0,0,13.458357,51.140071
27,19,1,0,20,1,2,0,1,2,1,1,0,0,0,0,0,13.447338,51.409478
23,19,1,0,5,5,3,0,1,2,2,1,0,0,0,0,0,12.171935,50.43164
27,19,1,0,9,7,3,5,3,0,1,1,1,0,0,0,0,13.388445,51.298046
13,19,1,0,9,5,3,5,3,0,1,1,0,0,0,0,1,12.371554,51.376036
26,19,1,0,7,5,3,6,4,1,2,1,0,1,0,0,0,14.834806,51.291856
27,19,1,0,10,5,3,5,3,0,0,1,1,0,0,0,0,13.525466,51.288781
12,19,1,0,18,5,3,0,7,2,0,1,1,0,0,0,0,13.703089,51.08926
12,19,2,0,14,2,3,5,3,0,0,1,1,0,0,0,0,13.763468,51.000084
12,19,2,0,14,2,2,6,7,0,0,1,0,1,0,0,0,13.741297,51.064741
11,19,3,0,17,2,3,5,3,1,1,1,1,0,0,0,0,12.915292,50.828965
12,19,3,0,16,6,3,5,2,0,0,1,1,0,0,0,0,13.69189,51.084306
26,19,3,0,17,3,1,0,7,1,1,1,0,0,0,0,0,14.638858,51.502305
28,19,2,0,16,1,3,7,7,0,0,1,0,0,0,0,0,13.970796,50.915614
12,19,3,0,15,4,3,5,2,0,0,1,1,0,0,0,0,13.702221,51.032878
22,19,2,0,13,1,2,0,1,0,0,1,0,0,0,0,0,13.209313,50.803153
28,19,3,0,16,3,3,5,3,0,1,1,1,0,0,0,0,13.754402,50.892552
13,19,3,0,13,1,3,5,3,0,1,1,1,0,0,0,0,12.395375,51.341141
22,19,3,0,8,3,2,5,3,0,1,1,0,0,0,1,0,13.32205,50.867301
24,19,3,0,18,2,3,5,3,2,1,1,1,0,0,0,0,12.481941,50.714622
26,19,2,0,8,7,1,3,6,0,0,1,1,0,0,0,0,14.6607,51.292448
28,19,3,0,15,5,3,2,5,0,0,1,1,0,0,0,0,13.639284,50.988397
26,19,2,0,14,6,3,2,6,0,0,1,1,0,0,0,0,14.963533,51.140828
26,19,2,0,13,6,3,5,3,0,0,1,1,0,0,0,0,14.830807,51.292025
28,19,2,0,12,6,3,5,3,0,0,1,1,0,0,0,0,13.538714,51.049642
30,19,3,0,7,6,3,3,2,0,0,1,1,0,0,0,0,12.971134,51.434198
24,19,2,0,6,5,3,0,3,1,0,1,1,0,0,0,0,12.38398,50.715585
22,19,3,0,7,4,3,0,1,0,2,1,0,0,0,0,0,12.99927,50.883326
12,19,2,0,7,5,3,8,1,0,0,1,0,0,0,0,0,13.855913,51.018849
12,19,3,0,17,6,3,0,1,0,1,1,0,0,0,0,0,13.707972,51.08437
12,19,3,0,20,6,3,0,1,2,1,1,0,0,0,0,0,13.704225,51.01813
30,19,3,0,22,4,3,1,5,2,0,1,1,0,0,0,0,12.504718,51.38306
22,19,3,0,19,6,2,2,6,1,1,1,1,0,0,0,0,12.962878,50.995831
28,19,2,0,14,5,2,0,1,0,0,1,0,0,0,0,0,13.570402,50.978286
22,19,2,0,10,5,3,3,2,0,0,1,1,0,0,0,0,12.801866,50.908533
28,19,2,0,15,3,3,0,7,0,1,1,0,0,0,0,0,13.663085,50.895276
12,19,2,0,6,3,3,5,3,2,0,1,1,0,0,0,0,13.723094,51.045593
29,19,2,0,14,4,2,5,3,0,0,1,1,0,0,0,0,12.695938,51.205016
29,19,2,0,15,4,3,5,2,0,0,1,1,0,0,0,0,12.490873,51.12354
26,19,2,0,13,4,3,0,1,0,0,1,0,0,0,0,0,14.516251,51.4468
27,19,2,0,16,4,3,4,1,0,0,1,0,0,0,0,1,13.632985,51.11202
12,19,2,0,10,4,3,5,3,0,0,1,0,0,0,0,0,13.736819,51.063083
11,19,2,0,11,4,2,0,1,0,0,1,0,0,0,0,0,12.912884,50.867619
25,19,2,0,5,3,2,7,1,2,0,1,0,0,0,0,0,14.22787,51.418239