CSV=`UKREIS,UJAHR,UMONAT,UTAG,USTUNDE,UWOCHENTAG,UKATEGORIE,UART,UTYP,LICHT,USTRZUSTAND,IstRad,IstPKW,IstFuss,IstKrad,IstGkfz,IstSonstig,@lon,@lat
27,19,2,0,15,3,2,5,3,0,0,1,1,0,0,0,0,13.511116,51.16904
22,19,2,0,15,7,2,4,6,0,0,1,1,0,0,0,0,13.189919,50.843145
23,19,2,0,6,6,3,3,2,2,1,1,1,0,0,0,0,12.253108,50.614946
13,19,2,0,9,6,3,3,6,0,0,1,1,0,0,0,0,12.386953,51.376159
24,19,2,0,16,2,3,3,6,0,0,1,1,0,0,0,0,12.529004,50.823388
27,19,2,0,15,6,3,5,2,0,1,1,1,0,0,0,0,13.448726,51.409657
13,19,2,0,6,2,3,5,2,1,0,1,1,0,0,0,0,12.264041,51.316523
25,19,2,0,15,2,2,5,3,0,0,1,1,0,0,0,0,14.35283,51.200949
13,19,3,0,15,6,3,5,3,0,0,1,1,0,0,0,0,12.358649,51.341975
27,19,2,0,20,2,3,3,6,2,0,1,1,0,0,0,0,13.518788,51.348436
12,19,3,0,7,4,3,5,3,0,0,1,1,0,0,0,0,13.713859,51.080387
28,19,2,0,7,5,3,5,3,0,2,1,1,0,0,0,0,13.767425,50.949319
30,19,2,0,8,4,2,3,6,0,1,1,0,0,0,0,1,12.624683,51.583602
12,19,2,0,15,6,3,4,6,0,0,1,1,0,0,0,0,13.880276,51.006776
13,19,2,0,7,4,2,3,6,0,1,1,0,0,0,0,0,12.395143,51.342123
29,19,2,0,9,5,2,5,2,0,0,1,1,0,0,0,0,12.773304,51.356962
13,19,2,0,15,5,3,5,3,0,0,1,1,0,0,0,0,12.398832,51.352658
12,19,2,0,20,4,3,3,6,2,0,1,1,0,0,0,0,13.754144,51.075164
11,19,2,0,9,5,3,5,2,0,0,1,1,0,0,0,0,12.928243,50.835498
25,19,2,0,5,4,2,5,3,2,0,1,1,0,0,0,0,14.342491,51.068444
12,19,2,0,10,4,3,5,3,0,0,1,1,0,0,0,0,13.747545,51.051699
13,19,2,0,16,3,3,5,2,0,0,1,1,0,0,0,0,12.371219,51.34444
30,19,3,0,19,5,3,4,2,2,0,1,1,0,0,0,0,12.486524,51.37665
25,19,2,0,6,3,3,5,3,1,0,1,1,0,0,0,0,14.133882,51.152853
25,19,2,0,6,3,3,4,2,1,0,1,1,0,0,0,0,14.600512,51.129025
12,19,2,0,10,3,3,5,3,0,0,1,1,0,0,0,0,13.878474,51.05996
30,19,2,0,9,2,3,5,3,0,0,1,1,0,0,0,0,12.649235,51.464235
25,19,2,0,14,2,2,5,3,0,0,1,1,0,0,0,0,14.447937,51.181504
28,19,3,0,13,2,3,5,3,0,1,1,1,0,0,0,0,13.936648,50.953161
12,19,3,0,6,2,3,3,6,1,0,1,1,0,0,0,0,13.704034,51.035203
22,19,3,0,6,2,3,5,3,1,0,1,1,0,0,0,0,13.33609,50.913536
12,19,3,0,7,4,3,5,2,0,0,1,0,0,0,0,1,13.697648,51.022528
12,19,3,0,1,4,3,5,3,2,0,1,1,0,0,0,0,13.743458,51.047593
30,19,4,0,13,3,3,4,2,0,0,1,1,0,0,0,0,12.618232,51.457333
29,19,4,0,10,3,2,2,6,0,0,1,0,0,0,0,0,12.555622,51.023061
30,19,4,0,11,3,2,5,3,0,0,1,0,0,0,1,0,12.995622,51.557603
27,19,4,0,6,3,3,5,3,0,0,1,0,0,0,1,0,13.522306,51.286603
12,19,3,0,6,2,3,6,4,0,0,1,0,1,0,0,0,13.717445,51.077215
12,19,3,0,15,2,3,5,2,0,0,1,0,0,0,0,1,13.73993,51.064549
13,19,4,0,20,2,3,4,6,2,0,1,0,0,0,0,0,12.376413,51.344447
12,19,3,0,16,2,3,5,3,0,0,1,0,0,0,0,1,13.690103,51.072733
21,19,4,0,18,2,3,5,3,0,0,1,1,0,0,0,0,13.359535,50.650996
26,19,3,0,17,1,2,0,1,1,0,1,0,0,0,0,0,14.705667,50.853772
23,19,4,0,15,1,2,0,1,0,0,1,0,0,0,0,0,12.154648,50.505774
11,19,4,0,15,3,3,5,3,0,0,1,1,0,0,0,0,12.919545,50.823338
29,19,4,0,14,1,3,1,3,0,0,1,1,0,0,0,0,12.742671,51.187603
26,19,4,0,13,1,3,5,3,0,0,1,1,0,0,0,0,14.643351,51.506571
25,19,4,0,15,1,2,3,2,0,0,1,1,0,0,0,0,14.183821,51.237858
26,19,3,0,13,7,2,0,1,0,0,1,0,0,0,0,0,14.604605,50.988853
27,19,4,0,19,1,3,0,1,0,0,1,0,0,0,0,0,13.534475,51.29027
29,19,4,0,14,2,3,5,3,0,0,1,0,0,0,0,0,12.360505,51.273751
28,19,3,0,13,7,3,6,4,0,0,1,0,1,0,0,0,13.758391,50.945289
28,19,3,0,18,7,3,0,1,1,0,1,0,0,0,0,0,13.571571,50.87873
25,19,4,0,18,2,3,3,6,0,0,1,0,0,0,1,0,13.833592,51.187574
12,19,3,0,4,7,3,5,3,2,0,1,1,0,0,0,0,13.688395,51.040819
12,19,3,0,15,7,3,5,2,0,0,1,1,0,0,0,0,13.768671,51.117244
22,19,3,0,14,7,2,6,7,0,0,1,0,1,0,0,0,13.049354,50.904421
21,19,4,0,16,1,2,5,3,0,0,1,1,0,0,0,0,13.272949,50.685668
22,19,4,0,10,2,2,5,3,0,0,1,1,0,0,0,0,13.268526,50.784267
27,19,4,0,14,1,2,0,7,0,0,1,0,0,0,0,0,13.594209,51.144838
29,19,3,0,15,6,3,5,2,0,0,1,1,0,0,0,0,12.37727,51.272607
28,19,4,0,7,7,3,5,3,0,0,1,1,0,0,0,0,14.152621,50.917797
12,19,4,0,23,1,3,0,1,2,0,1,0,0,0,0,0,13.765921,51.006776
27,19,4,0,12,7,3,5,3,0,0,1,1,0,0,0,0,13.387012,51.420335
25,19,3,0,19,6,3,3,2,2,0,1,1,0,0,0,0,14.437223,51.173112
28,19,4,0,11,7,3,3,6,0,0,1,1,0,0,0,0,13.985126,50.98494
27,19,4,0,17,7,3,5,3,0,0,1,1,0,0,0,0,13.49373,51.166857
28,19,3,0,14,6,3,2,6,0,0,1,1,0,0,0,0,14.009507,50.899289
27,19,4,0,12,7,3,5,3,0,0,1,1,0,0,0,0,13.634909,51.107466
28,19,4,0,14,7,3,8,1,0,0,1,0,0,0,0,0,13.585515,50.945977
27,19,3,0,13,6,3,0,1,0,0,1,0,0,0,0,0,13.580831,51.129428
12,19,4,0,14,7,3,5,3,0,0,1,1,0,0,0,0,13.783764,51.009566
12,19,4,0,9,7,3,5,2,0,0,1,1,0,0,0,0,13.739055,51.074025
27,19,4,0,13,7,3,5,3,0,0,1,0,0,0,0,1,13.22601,51.352652
22,19,3,0,16,6,3,5,3,0,0,1,1,0,0,0,0,13.306553,50.902834
28,19,4,0,1,7,2,0,6,2,0,1,1,0,0,0,0,13.658414,50.910115
23,19,3,0,17,5,3,2,1,1,0,1,1,0,0,0,0,12.456179,50.356221
28,19,4,0,14,7,2,8,1,0,0,1,0,0,0,0,0,13.802001,50.857587
29,19,4,0,14,6,3,5,3,0,0,1,1,0,0,0,0,12.634279,51.152444
26,19,4,0,14,6,3,4,2,0,0,1,1,0,0,0,0,14.538503,51.545827
11,19,4,0,22,7,2,5,3,2,0,1,0,0,0,0,0,12.932204,50.839759
25,19,3,0,12,5,2,3,2,0,0,1,0,0,0,1,0,14.070401,51.376081
23,19,4,0,15,6,3,0,1,0,0,1,0,0,0,0,0,12.150207,50.491651
27,19,3,0,21,5,2,5,3,2,0,1,1,0,0,0,0,13.583599,51.135205
27,19,3,0,14,5,2,5,3,0,0,1,1,0,0,0,0,13.684665,51.264041
13,19,4,0,21,6,3,5,3,2,0,1,1,0,0,0,0,12.342492,51.338466
12,19,4,0,6,6,3,5,3,0,0,1,1,0,0,0,0,13.716656,51.03781
29,19,4,0,14,6,3,0,7,0,0,1,1,0,0,0,0,12.217905,51.300098
12,19,4,0,10,6,2,5,3,0,0,1,1,0,0,0,0,13.687951,51.061976
25,19,4,0,0,6,3,8,1,2,0,1,0,0,0,0,0,13.83219,51.187506
13,19,4,0,15,5,3,5,3,0,0,1,1,0,0,0,0,12.39358,51.335424
24,19,4,0,16,5,3,5,3,0,0,1,1,0,0,0,0,12.480979,50.736862
21,19,4,0,13,6,2,9,1,0,0,1,0,0,0,0,0,13.163639,50.773008
11,19,4,0,12,6,3,0,7,0,0,1,0,0,0,0,0,12.904824,50.826048
25,19,4,0,19,5,3,3,6,0,0,1,1,0,0,0,0,13.94028,51.130218
21,19,4,0,13,6,2,0,1,0,0,1,0,0,0,0,0,12.97331,50.489113
27,19,4,0,8,5,3,5,3,0,0,1,1,0,0,0,0,13.6957,51.095268
12,19,4,0,15,5,3,5,2,0,0,1,0,0,0,0,1,13.761304,51.083384
25,19,4,0,17,5,3,5,3,0,0,1,1,0,0,0,0,14.312758,51.094674
12,19,4,0,13,5,3,3,2,0,0,1,1,0,0,0,0,13.726057,51.05873
13,19,4,0,7,4,2,1,3,0,0,1,0,0,0,0,1,12.373781,51.344392
12,19,4,0,16,5,3,5,3,0,0,1,1,0,0,0,0,13.730759,51.024544
12,19,4,0,19,5,3,5,3,0,0,1,1,0,0,0,0,13.727295,51.058004
28,19,4,0,17,4,3,1,5,0,0,1,1,0,0,0,0,13.576807,50.817191
13,19,3,0,13,3,3,5,3,0,0,1,1,0,0,0,0,12.344842,51.339183
28,19,4,0,14,4,2,3,2,0,0,1,0,0,0,0,1,13.632042,50.982436
11,19,4,0,14,4,3,5,2,0,0,1,1,0,0,0,0,12.915341,50.829178
11,19,4,0,16,4,3,3,6,0,0,1,1,0,0,0,0,12.927111,50.834475
13,19,4,0,15,4,3,5,3,0,0,1,1,0,0,0,0,12.392668,51.348375
29,19,4,0,16,4,2,5,3,0,0,1,1,0,0,0,0,12.556576,51.334746
24,19,3,0,11,2,2,8,1,0,0,1,0,0,0,0,0,12.564547,50.646063
13,19,4,0,6,3,3,3,6,1,0,1,0,0,0,0,1,12.358731,51.342061
26,19,4,0,19,3,3,5,3,1,0,1,0,0,0,0,1,14.973846,51.159782
26,19,4,0,15,3,2,3,6,0,0,1,1,0,0,0,0,14.986545,51.145104
26,19,4,0,8,3,3,5,3,0,0,1,1,0,0,0,0,14.974994,51.143752
12,19,4,0,7,4,3,4,6,0,0,1,0,0,0,0,0,13.717636,51.077139
12,19,4,0,8,4,3,5,2,0,0,1,0,0,0,0,1,13.788138,51.005744
12,19,4,0,17,4,3,5,3,0,0,1,1,0,0,0,0,13.741805,51.028902
12,19,4,0,7,4,3,5,3,0,0,1,1,0,0,0,0,13.815761,51.054162
12,19,4,0,8,4,3,6,7,0,0,1,0,1,0,0,0,13.775636,51.110545
12,19,4,0,18,4,3,0,1,0,0,1,0,0,0,0,0,13.741307,51.045918
21,19,4,0,16,4,3,5,3,0,0,1,1,0,0,1,0,12.995105,50.711061
25,19,4,0,6,3,3,3,6,0,0,1,0,0,0,0,1,14.03019,51.145188
29,19,4,0,14,2,3,5,2,0,0,1,1,0,0,0,0,12.39948,51.272771
28,19,4,0,15,3,3,0,1,0,0,1,0,0,0,0,0,13.934458,50.967379
27,19,4,0,12,3,2,0,1,0,0,1,0,0,0,0,0,13.650984,51.105787
12,19,4,0,16,3,3,5,2,0,0,1,1,0,0,0,0,13.878438,51.05996
21,19,3,0,15,1,3,2,6,0,0,1,1,0,0,0,0,13.168277,50.653784
12,19,4,0,15,3,3,5,2,0,0,1,1,0,0,0,0,13.736829,51.06309
27,19,4,0,11,2,2,5,3,0,0,1,1,0,0,0,0,13.666484,51.104646
12,19,4,0,7,2,3,5,3,0,0,1,1,0,0,0,0,13.718005,51.038791
12,19,4,0,6,3,2,5,2,0,0,1,0,0,0,1,0,13.735726,51.09973
28,19,4,0,15,2,2,3,6,0,0,1,1,0,0,0,0,13.79535,50.920399
21,19,4,0,1,3,3,0,7,2,0,1,0,0,0,0,0,12.882412,50.691199
27,19,4,0,8,2,2,5,2,0,0,1,0,0,0,1,0,13.701423,51.111459
30,19,3,0,0,1,3,0,1,2,0,1,0,0,0,0,0,12.679146,51.591997
13,19,3,0,20,1,2,0,1,2,0,1,0,0,0,0,0,12.442397,51.292558
27,19,4,0,7,2,3,5,2,0,0,1,1,0,0,0,0,13.291621,51.306113
27,19,3,0,18,6,2,5,3,2,1,1,1,0,0,0,0,13.212909,51.242816
30,19,3,0,16,7,2,5,3,0,0,1,0,0,1,0,0,12.351143,51.530048
12,19,3,0,17,6,3,5,3,0,1,1,1,0,0,0,0,13.735347,51.029295
12,19,4,0,20,2,3,5,3,2,0,1,1,0,0,0,0,13.726523,51.032097
21,19,3,0,15,6,3,5,3,0,1,1,1,0,0,0,0,12.994676,50.531645
26,19,3,0,16,7,3,0,1,0,0,1,0,0,0,0,0,14.718942,51.494781
25,19,3,0,11,7,2,2,6,0,0,1,0,0,0,0,0,14.292781,51.441667
26,19,3,0,8,7,3,5,3,0,0,1,1,0,0,0,0,14.970192,51.151015
26,19,3,0,19,5,3,5,3,2,1,1,1,0,0,0,0,14.639868,51.503211
28,19,3,0,16,7,3,3,6,0,0,1,1,0,0,0,0,13.863466,50.941556
25,19,3,0,11,5,3,3,6,0,0,1,1,0,0,0,0,14.430704,51.074785
12,19,3,0,12,7,3,5,3,0,0,1,1,0,0,0,0,13.690437,51.082461
24,19,4,0,6,7,2,4,2,2,0,1,1,0,0,0,0,12.476566,50.720396
12,19,3,0,12,7,3,5,2,0,0,1,1,0,0,0,0,13.736836,51.063095
29,19,4,0,5,7,2,5,2,1,0,1,1,0,0,0,0,12.492654,51.124691
27,19,3,0,14,5,3,5,3,0,0,1,1,0,0,0,0,13.69465,51.096046
27,19,4,0,21,7,3,8,1,2,0,1,0,0,0,0,0,13.556704,51.061482
21,19,3,0,15,5,3,5,3,0,1,1,1,0,0,0,0,12.788298,50.554935
23,19,3,0,12,6,3,5,3,0,0,1,1,0,0,0,0,12.280107,50.616813
12,19,4,0,5,7,2,0,1,2,0,1,0,0,0,0,0,13.724422,51.043644
29,19,3,0,7,4,3,5,2,0,0,1,1,0,0,0,0,12.37725,51.272607
26,19,3,0,16,4,3,3,2,0,0,1,1,0,0,0,0,14.67152,51.034766
23,19,3,0,19,6,1,2,6,2,0,1,1,0,0,0,0,12.051273,50.544069
25,19,3,0,13,4,2,3,2,0,0,1,1,0,0,0,0,13.827319,51.181621
25,19,3,0,7,6,3,5,3,0,0,1,1,0,0,0,0,14.050451,51.143509
12,19,4,0,17,6,3,1,7,0,1,1,1,0,0,0,0,13.726573,51.085888
12,19,4,0,9,6,3,1,5,0,0,1,1,0,0,0,0,13.724419,51.088292
13,19,3,0,10,3,3,5,2,0,0,1,1,0,0,0,0,12.392677,51.334022
11,19,3,0,17,6,3,5,2,0,0,1,1,0,0,0,0,12.926642,50.845713
26,19,4,0,8,5,3,5,3,0,0,1,1,0,0,0,0,14.825611,51.298666
25,19,4,0,5,5,3,4,6,2,0,1,1,0,0,0,0,13.996692,51.284701
28,19,4,0,14,5,2,5,2,0,0,1,0,0,1,0,0,13.90845,50.956847
12,19,4,0,15,5,3,5,3,0,0,1,1,0,0,0,0,13.719368,51.0764
12,19,3,0,14,3,3,5,3,0,0,1,1,0,0,0,0,13.743433,51.064517
12,19,3,0,17,5,3,5,2,1,1,1,1,0,0,0,0,13.793794,51.0018
23,19,4,0,16,4,3,5,3,0,0,1,1,0,0,0,0,12.146525,50.492949
13,19,4,0,20,4,3,5,3,2,0,1,1,0,0,0,0,12.34489,51.339194
24,19,3,0,14,4,3,0,1,0,0,1,0,0,0,0,0,12.496713,50.714804
30,19,3,0,15,4,2,3,6,0,0,1,1,0,0,0,0,12.38172,51.553074
13,19,3,0,21,4,2,5,3,1,1,1,1,0,0,0,0,12.353289,51.340837
27,19,4,0,18,4,3,0,1,0,0,1,0,0,0,0,0,13.652262,51.105633
28,19,6,0,8,3,3,0,1,0,0,1,0,0,0,0,0,14.221388,50.927023
27,19,6,0,11,3,3,5,3,0,0,1,1,0,0,0,0,13.631116,51.118214
24,19,5,0,13,5,3,6,7,0,0,1,0,1,0,0,0,12.760559,50.79121
12,19,6,0,17,3,3,1,5,0,0,1,1,0,0,0,0,13.736619,51.042493
12,19,5,0,15,5,3,6,4,0,0,1,0,1,0,0,0,13.789372,51.118296
22,19,6,0,15,3,3,5,3,0,0,1,1,0,0,0,0,13.406343,50.844217
24,19,5,0,14,4,3,5,3,0,0,1,1,0,0,0,0,12.483716,50.720302
11,19,6,0,5,3,2,5,3,0,0,1,1,0,0,0,0,12.804161,50.846037
13,19,5,0,9,4,3,5,3,0,0,1,1,0,0,0,0,12.326809,51.337797
13,19,5,0,12,4,1,3,2,0,0,1,0,0,0,1,0,12.343746,51.338944
24,19,6,0,8,2,3,4,2,0,0,1,1,0,0,0,0,12.478187,50.678728
27,19,5,0,16,5,3,0,1,0,0,1,0,0,0,0,0,13.534287,51.297081
12,19,6,0,13,6,2,3,2,0,0,1,0,0,0,1,0,13.78372,51.009598
12,19,5,0,8,4,3,0,1,0,0,1,0,0,0,0,0,13.745102,51.049522
30,19,6,0,17,2,3,5,3,0,0,1,1,0,0,0,0,12.995906,51.557623
22,19,6,0,17,6,2,0,1,0,0,1,0,0,0,0,0,12.682535,50.973149
27,19,5,0,15,4,2,5,3,0,1,1,1,0,0,0,0,13.322405,51.318343
21,19,5,0,14,5,3,5,3,0,0,1,1,0,0,0,0,12.92875,50.625899
24,19,5,0,14,4,3,5,3,0,0,1,1,0,0,0,0,12.640975,50.75521
26,19,6,0,11,2,3,5,3,0,0,1,1,0,0,0,0,14.977393,51.148336
13,19,5,0,21,4,2,5,3,2,1,1,1,0,0,0,0,12.394474,51.314546
26,19,5,0,17,4,3,6,4,0,0,1,0,1,0,0,0,14.60793,50.978766
25,19,5,0,14,4,3,0,3,0,0,1,0,0,1,0,0,13.894593,51.13185
25,19,5,0,20,3,3,8,6,0,0,1,1,0,0,0,0,13.94354,51.133165
28,19,6,0,7,2,3,0,1,2,0,1,0,0,0,0,0,13.873766,50.966294
25,19,5,0,5,4,1,5,3,2,0,1,1,0,0,0,0,14.291835,51.415099
25,19,5,0,16,3,3,8,7,0,0,1,0,0,0,0,0,14.380462,51.145837
22,19,6,0,10,2,3,4,6,0,0,1,0,0,0,0,0,13.33766,50.920452
12,19,5,0,7,4,3,5,2,0,0,1,1,0,0,0,0,13.695608,51.043239
13,19,6,0,23,5,2,3,2,2,0,1,1,0,0,0,0,12.344894,51.339195
25,19,5,0,17,3,2,5,3,0,0,1,1,0,0,0,0,14.324513,51.151237
28,19,5,0,6,3,2,5,3,0,0,1,1,0,0,0,0,13.934463,50.967405
26,19,5,0,19,3,3,3,2,0,0,1,1,0,0,0,0,14.642087,51.505301
13,19,6,0,14,5,3,5,3,0,0,1,1,0,0,0,0,12.421434,51.308322
27,19,5,0,8,3,3,0,1,0,0,1,0,0,0,0,1,13.654239,51.105482
12,19,5,0,14,3,3,4,6,0,0,1,0,0,0,0,0,13.774687,51.110145
27,19,5,0,10,3,2,0,1,0,0,1,0,0,0,0,0,13.293944,51.310438
27,19,5,0,14,3,3,5,3,0,0,1,1,0,0,0,0,13.275928,51.316826
27,19,5,0,20,3,2,0,7,0,0,1,0,0,0,0,0,13.424318,51.123333
27,19,6,0,17,5,3,5,3,0,0,1,0,0,1,0,0,13.28415,51.067624
12,19,5,0,8,3,3,5,2,0,0,1,1,0,0,0,0,13.681252,51.061852
12,19,6,0,17,5,2,0,7,0,0,1,0,0,0,0,0,13.692918,51.081784
26,19,6,0,15,1,3,5,3,0,0,1,1,0,0,0,0,14.930173,51.018442
12,19,6,0,15,5,3,3,6,0,0,1,1,0,0,0,0,13.739121,51.064249
11,19,5,0,13,3,2,0,7,0,0,1,0,0,0,0,0,12.785613,50.794283
29,19,5,0,7,2,3,5,3,0,0,1,0,0,1,0,0,12.504332,51.12767
22,19,6,0,18,5,3,3,2,0,0,1,0,0,0,0,0,13.108971,50.855581
21,19,6,0,17,5,2,5,3,0,0,1,1,0,0,0,0,13.031028,50.522883
28,19,5,0,20,2,2,0,1,2,0,1,0,0,0,0,0,14.025108,50.881051
11,19,6,0,14,1,3,4,6,0,0,1,0,0,0,0,0,12.916736,50.829879
13,19,6,0,14,4,3,5,3,0,0,1,1,0,0,0,0,12.395134,51.339158
13,19,5,0,19,2,3,0,5,0,0,1,1,0,0,0,0,12.446737,51.361361
13,19,6,0,10,4,3,5,3,0,0,1,1,0,0,0,0,12.344879,51.339192
26,19,5,0,15,2,3,5,3,0,0,1,1,0,0,0,0,14.809862,50.893108
11,19,5,0,13,2,3,0,1,0,0,1,0,0,0,0,0,12.920426,50.825374
26,19,6,0,13,4,3,5,3,0,0,1,1,0,0,0,0,14.781864,50.899256
25,19,5,0,10,2,3,3,6,0,0,1,1,0,0,0,0,14.457538,51.245749
28,19,5,0,7,2,3,5,3,0,0,1,1,0,0,0,0,13.870837,50.965462
25,19,6,0,15,4,3,4,2,0,0,1,1,0,0,0,0,14.227903,51.424502
25,19,6,0,19,4,3,1,5,1,1,1,1,0,0,0,0,14.402017,51.132147
29,19,6,0,13,7,2,1,5,0,0,1,1,0,0,0,0,12.23498,51.23313
12,19,5,0,14,2,3,0,6,0,1,1,0,0,0,0,1,13.805597,50.993443
12,19,5,0,17,2,3,5,3,0,1,1,1,0,0,0,0,13.735511,51.072963
28,19,6,0,13,4,2,6,4,0,0,1,0,1,0,0,0,13.944665,50.939318
11,19,5,0,7,2,3,5,3,0,0,1,0,0,0,0,1,12.924502,50.832499
27,19,6,0,16,4,3,5,3,0,0,1,1,0,0,0,0,13.564402,51.161433
28,19,6,0,13,7,2,0,7,0,0,1,0,0,0,0,0,13.729025,50.951166
25,19,5,0,21,1,2,0,1,0,0,1,0,0,0,0,0,14.393691,51.097081
21,19,6,0,14,4,3,5,3,0,0,1,1,0,0,0,0,12.7037,50.725147
26,19,5,0,16,6,3,5,3,0,0,1,1,0,0,0,0,14.805235,50.90907
13,19,5,0,13,6,3,3,2,0,0,1,1,0,0,0,0,12.416324,51.31164
28,19,5,0,13,6,2,0,1,0,0,1,0,0,0,0,0,14.165307,50.925864
13,19,5,0,5,6,2,5,3,0,1,1,1,0,0,0,0,12.393017,51.334466
28,19,5,0,15,6,3,0,6,0,0,1,0,0,0,0,1,13.950591,50.957663
27,19,5,0,14,6,2,5,3,0,0,1,1,0,0,0,0,13.700762,51.091664
12,19,5,0,7,6,3,0,1,0,0,1,0,0,0,0,0,13.696937,51.043383
12,19,5,0,8,6,3,6,7,0,0,1,0,1,0,0,0,13.746866,51.064862
13,19,6,0,18,3,3,5,2,0,0,1,1,0,0,0,0,12.369339,51.344157
13,19,6,0,6,3,3,5,3,0,0,1,1,0,0,0,0,12.373736,51.344394
12,19,5,0,16,1,2,5,3,0,0,1,1,0,0,0,0,13.710451,51.104618
13,19,6,0,16,3,3,4,3,0,0,1,1,0,0,0,0,12.276725,51.320775
13,19,6,0,17,3,3,5,3,0,0,1,1,0,0,0,0,12.376516,51.314831
11,19,5,0,21,6,3,4,2,0,0,1,1,0,0,0,0,12.926535,50.791726
11,19,5,0,14,6,2,5,3,0,0,1,1,0,0,0,0,12.927425,50.834561
24,19,5,0,6,5,3,5,3,0,0,1,1,0,0,0,0,12.524656,50.826921
24,19,5,0,9,5,3,0,5,0,0,1,1,0,0,0,0,12.391845,50.83336
13,19,6,0,9,3,2,3,2,0,0,1,0,0,0,1,0,12.399827,51.362061
26,19,6,0,11,3,3,5,3,0,0,1,1,0,0,0,0,14.811859,50.897993
13,19,5,0,16,5,2,5,3,0,0,1,1,0,0,0,0,12.300228,51.340435
29,19,5,0,16,5,2,2,6,0,0,1,0,0,0,0,0,12.577222,51.042584
13,19,5,0,15,5,3,5,3,0,0,1,1,0,0,0,0,12.344877,51.339191
25,19,6,0,17,3,3,3,2,0,0,1,1,0,0,0,0,14.388418,51.095667
26,19,5,0,12,5,3,0,1,0,0,1,0,0,0,0,0,14.64649,51.509055
28,19,5,0,10,5,3,2,6,0,0,1,1,0,0,0,0,13.769212,50.950915
12,19,5,0,19,7,3,6,4,0,0,1,0,1,0,0,0,13.739256,51.066057
26,19,5,0,16,5,2,4,6,0,0,1,0,0,0,0,0,14.58412,51.412817
26,19,5,0,19,5,2,0,1,0,0,1,0,0,0,0,0,14.564931,51.547591
12,19,5,0,12,7,3,8,7,0,0,1,0,0,0,0,0,13.723625,51.04298
12,19,6,0,13,3,3,5,3,0,0,1,1,0,0,0,0,13.742036,51.064674
25,19,5,0,15,5,3,0,1,0,0,1,0,0,0,0,0,13.916724,51.115402
25,19,5,0,22,5,3,1,5,2,0,1,1,0,0,0,0,14.241033,51.375327
25,19,5,0,17,5,2,5,3,0,0,1,1,0,0,0,0,14.494827,51.110506
21,19,5,0,15,7,2,3,1,0,0,1,0,0,1,0,0,12.607969,50.513512
13,19,5,0,18,4,3,2,2,0,0,1,1,0,0,0,0,12.331945,51.335914
29,19,6,0,17,2,2,5,3,0,0,1,1,0,0,0,0,12.758884,51.241948
12,19,5,0,15,5,3,2,1,0,0,1,0,0,0,0,0,13.936237,51.039476
24,19,5,0,7,6,3,5,3,0,0,1,1,0,0,0,0,12.597138,50.871588
24,19,5,0,7,6,3,0,1,0,0,1,0,0,0,0,0,12.632318,50.78281
12,19,6,0,13,2,3,7,7,0,0,1,0,0,0,0,0,13.802601,50.994865
12,19,6,0,16,2,3,0,6,0,0,1,0,0,0,0,0,13.739359,51.078319
27,19,5,0,20,4,2,5,3,0,0,1,1,0,0,0,0,13.567614,51.150965
22,19,5,0,17,5,2,8,1,0,0,1,0,0,0,0,0,13.085459,50.800095
13,19,5,0,17,6,3,3,6,0,0,1,0,0,0,0,1,12.358522,51.341953
13,19,5,0,11,6,3,3,6,0,0,1,0,0,0,0,1,12.359001,51.342062
13,19,5,0,11,6,3,4,2,0,0,1,1,0,0,0,0,12.373425,51.314812
22,19,6,0,22,2,2,7,1,2,1,1,0,0,0,0,0,13.022101,51.068698
29,19,5,0,12,6,3,5,3,0,0,1,1,0,0,0,0,12.556665,51.312823
30,19,5,0,7,4,3,3,2,0,0,1,1,0,0,0,0,12.662424,51.463869
25,19,5,0,21,6,2,0,7,2,0,1,0,0,0,0,0,14.246989,51.383776
13,19,5,0,13,4,2,0,3,0,0,1,1,0,0,0,0,12.432017,51.299785
23,19,4,0,15,3,3,2,6,0,0,1,1,0,0,0,0,12.308234,50.630412
13,19,5,0,8,4,3,5,3,0,0,1,0,0,0,0,1,12.416385,51.350021
27,19,5,0,19,6,2,0,1,0,0,1,0,0,0,0,0,13.583204,51.134911
27,19,5,0,19,6,2,0,1,0,0,1,0,0,0,0,0,13.512543,51.137359
29,19,4,0,17,3,2,4,2,0,0,1,1,0,0,0,0,12.798729,51.124104
12,19,5,0,13,6,3,3,6,0,0,1,1,0,0,0,0,13.726118,51.058755
25,19,5,0,6,4,3,5,3,0,0,1,1,0,0,0,0,14.441268,51.141332
25,19,6,0,9,1,3,5,3,0,0,1,1,0,0,0,0,14.175565,51.364922
12,19,5,0,11,6,2,3,6,0,0,1,0,0,0,0,1,13.744762,51.049131
27,19,5,0,18,4,3,2,3,0,0,1,1,0,0,0,0,13.577352,51.125616
28,19,6,0,15,1,3,7,1,0,0,1,0,0,0,0,0,13.949832,50.931381
28,19,4,0,12,3,2,0,1,0,1,1,0,0,0,0,0,14.006508,50.959813
27,19,4,0,9,3,3,5,2,0,0,1,1,0,0,0,0,13.548173,51.251452
12,19,4,0,18,3,3,5,3,0,1,1,1,0,0,0,0,13.704081,51.029618
12,19,4,0,14,3,3,5,2,0,0,1,1,0,0,0,0,13.68083,51.048679
13,19,5,0,9,5,2,3,2,0,1,1,1,0,0,0,0,12.326807,51.337798
12,19,4,0,10,3,2,0,7,0,0,1,0,0,0,0,0,13.680383,51.023271
12,19,5,0,12,4,2,5,3,0,0,1,1,0,0,0,0,13.885011,51.060983