CSV=`UKREIS,UJAHR,UMONAT,UTAG,USTUNDE,UWOCHENTAG,UKATEGORIE,UART,UTYP,LICHT,USTRZUSTAND,IstRad,IstPKW,IstFuss,IstKrad,IstGkfz,IstSonstig,@lon,@lat
21,19,4,0,18,3,2,4,2,0,0,1,1,0,0,0,0,12.883408,50.698719
21,19,5,0,7,4,3,5,3,0,1,1,1,0,0,0,0,12.746275,50.744698
26,19,5,0,13,5,3,1,5,0,1,1,1,0,0,0,0,14.963164,51.328218
25,19,5,0,13,5,2,0,7,0,0,1,0,0,0,0,0,14.388268,51.09561
22,19,4,0,14,3,3,3,2,0,0,1,1,0,0,0,0,13.130928,51.123025
28,19,5,0,17,5,2,5,2,0,0,1,0,0,0,0,1,13.934735,50.968883
28,19,5,0,7,5,3,0,1,0,1,1,0,0,0,0,0,13.931074,50.960138
28,19,5,0,6,5,3,5,3,0,1,1,1,0,0,0,0,13.933097,50.948788
30,19,5,0,10,3,3,5,3,0,0,1,0,0,0,0,1,12.482757,51.375285
12,19,5,0,14,5,3,6,4,0,0,1,0,1,0,0,0,13.705263,51.04179
26,19,5,0,9,3,3,5,3,0,1,1,1,0,0,0,0,14.784018,50.899119
25,19,4,0,0,2,3,8,1,2,0,1,0,0,0,0,0,14.104289,51.280095
28,19,5,0,17,3,3,5,3,0,1,1,1,0,0,0,0,13.991382,51.035443
22,19,5,0,12,5,3,5,3,0,1,1,1,0,0,0,0,13.337266,50.914059
27,19,4,0,15,2,3,0,1,0,1,1,0,0,0,0,0,13.599426,51.119785
12,19,5,0,8,3,3,5,3,0,1,1,1,0,0,0,0,13.695655,51.043244
12,19,5,0,8,3,3,5,3,0,1,1,1,0,0,0,0,13.728949,51.059334
12,19,4,0,13,2,3,5,3,0,1,1,1,0,0,0,0,13.734665,51.0741
13,19,6,0,12,6,3,5,2,0,0,1,1,0,0,0,0,12.353428,51.341157
29,19,5,0,14,4,3,3,2,0,1,1,1,0,0,0,0,12.821766,51.119989
13,19,5,0,17,4,2,5,2,0,0,1,1,0,0,0,0,12.275111,51.323178
12,19,4,0,8,2,2,5,3,0,1,1,1,0,0,0,0,13.747042,51.063694
25,19,5,0,17,4,2,5,1,0,1,1,1,0,0,0,0,13.790574,51.182877
25,19,5,0,6,4,3,5,3,0,0,1,1,0,0,0,0,14.102998,51.278789
12,19,4,0,10,2,2,6,6,0,1,1,0,1,0,0,0,13.748483,51.063413
26,19,6,0,12,6,3,5,3,0,0,1,1,0,0,0,0,14.725536,51.472726
25,19,6,0,16,6,3,3,2,0,0,1,0,0,0,0,1,13.834502,51.192232
12,19,5,0,14,4,2,5,3,0,1,1,1,0,0,0,0,13.780372,51.06683
11,19,4,0,13,2,3,0,7,0,1,1,1,0,0,0,0,12.908679,50.827024
12,19,5,0,7,4,3,6,6,0,0,1,0,1,0,0,0,13.74038,51.064713
26,19,5,0,13,2,3,4,2,0,0,1,1,0,0,0,0,14.544565,51.036679
26,19,5,0,6,2,3,5,3,0,0,1,1,0,0,0,0,14.539685,51.544319
12,19,5,0,11,4,3,5,2,0,1,1,0,0,0,0,1,13.735511,51.072963
26,19,4,0,12,1,3,5,3,0,0,1,1,0,0,0,0,14.723104,50.879273
25,19,4,0,16,1,3,8,6,0,0,1,1,0,0,0,0,13.787058,51.183777
27,19,4,0,14,1,3,5,3,0,0,1,1,0,0,0,0,13.442884,51.419634
28,19,6,0,14,6,3,5,7,0,0,1,1,0,0,0,0,13.940415,50.951722
28,19,4,0,14,7,3,5,2,0,0,1,1,0,0,0,0,13.916132,50.956793
29,19,5,0,14,1,3,0,1,0,0,1,0,0,0,0,0,12.38318,51.273062
29,19,5,0,9,3,3,5,3,0,0,1,1,0,0,0,0,12.431652,51.262842
12,19,6,0,9,6,3,0,7,0,0,1,0,0,0,0,0,13.731501,51.034962
24,19,5,0,13,1,3,5,3,0,0,1,1,0,0,0,0,12.467336,50.673386
26,19,5,0,12,3,3,0,7,0,0,1,0,0,0,0,0,14.960875,51.150326
28,19,5,0,7,3,3,1,5,0,0,1,1,0,0,0,0,13.787708,50.977576
12,19,5,0,8,3,3,0,5,0,0,1,0,0,0,0,1,13.701831,51.031758
23,19,4,0,8,6,3,2,6,0,0,1,1,0,0,0,0,12.141197,50.50514
22,19,6,0,22,6,2,0,7,2,0,1,0,0,0,0,0,13.129081,50.968289
29,19,5,0,14,1,3,2,2,0,0,1,0,0,1,0,0,12.518966,51.29461
26,19,5,0,10,1,2,0,7,0,0,1,0,0,0,0,0,14.799534,50.945831
26,19,4,0,17,6,2,5,3,0,0,1,1,0,0,0,0,14.857393,50.987116
24,19,6,0,16,5,3,0,7,0,0,1,0,0,0,0,0,12.627349,50.766169
26,19,5,0,15,1,3,4,6,0,0,1,0,0,0,0,0,14.617387,51.507834
30,19,6,0,19,5,3,5,3,0,0,1,1,0,0,0,0,12.492644,51.379691
27,19,5,0,8,1,2,0,7,0,0,1,0,0,0,0,0,13.449232,51.417484
13,19,5,0,10,2,3,5,7,0,0,1,1,0,0,0,0,12.365039,51.376147
13,19,5,0,16,2,3,5,3,0,0,1,1,0,0,0,0,12.382609,51.314947
26,19,6,0,7,5,3,4,2,0,0,1,1,0,0,0,0,14.64222,51.497216
24,19,4,0,9,5,2,0,7,0,0,1,0,0,0,0,0,12.244954,50.750512
21,19,5,0,13,1,3,1,7,0,0,1,1,0,0,0,0,12.734787,50.708708
25,19,5,0,18,2,3,5,3,0,0,1,0,0,1,0,0,14.492616,51.097969
30,19,4,0,19,5,3,9,1,0,0,1,0,0,0,0,0,12.985726,51.559814
28,19,6,0,14,5,3,5,3,0,0,1,1,0,0,0,0,13.999749,50.990967
24,19,5,0,22,7,3,0,1,2,0,1,0,0,0,0,0,12.449374,50.72032
13,19,4,0,7,5,2,5,2,0,0,1,1,0,0,0,0,12.39189,51.346429
12,19,5,0,12,2,2,5,3,0,0,1,1,0,0,0,0,13.735519,51.072953
12,19,6,0,15,5,3,0,1,0,1,1,0,0,0,0,0,13.701789,51.090944
25,19,4,0,0,5,3,0,1,2,0,1,0,0,0,0,0,13.981311,51.099706
28,19,5,0,5,7,3,0,7,0,0,1,0,0,0,0,0,13.649449,50.998624
30,19,5,0,9,1,2,0,7,0,0,1,0,1,0,0,0,12.227443,51.47092
12,19,4,0,9,5,3,3,6,0,0,1,1,0,0,0,0,13.694068,51.043082
21,19,5,0,22,7,2,8,1,2,0,1,0,0,0,0,0,13.075786,50.66104
12,19,4,0,13,5,3,5,2,0,0,1,1,0,0,0,0,13.79644,51.000082
12,19,4,0,20,5,2,3,7,2,0,1,0,0,0,0,0,13.796715,51.075092
12,19,4,0,14,5,3,5,3,0,0,1,1,0,0,0,0,13.776256,51.067441
13,19,6,0,7,4,3,3,2,0,0,1,1,0,0,0,0,12.358626,51.341971
22,19,4,0,19,5,3,4,6,1,0,1,1,0,0,0,0,12.949238,50.986379
23,19,5,0,12,6,2,1,1,0,0,1,1,0,0,0,0,12.288274,50.562396
25,19,6,0,17,4,3,5,3,0,0,1,1,0,0,0,0,14.410327,51.193083
24,19,4,0,19,4,3,0,7,0,0,1,0,0,0,0,0,12.474798,50.711748
30,19,5,0,13,6,3,5,3,0,0,1,1,0,0,0,0,13.137877,51.289544
28,19,6,0,10,4,3,2,2,0,0,1,1,0,0,0,0,14.219043,51.026581
26,19,5,0,18,7,2,0,1,0,1,1,0,0,0,0,0,14.668831,51.2228
12,19,6,0,6,4,2,5,3,0,0,1,1,0,0,0,0,13.705153,51.085177
12,19,6,0,7,4,3,5,2,0,0,1,1,0,0,0,0,13.723204,51.033943
28,19,5,0,5,7,3,8,1,0,1,1,0,0,0,0,0,13.945666,50.899604
13,19,4,0,17,4,3,3,2,0,0,1,1,0,0,0,0,12.353518,51.341177
13,19,5,0,7,6,3,5,2,0,0,1,1,0,0,0,0,12.39534,51.339209
12,19,5,0,10,7,2,4,6,0,0,1,0,0,0,0,0,13.690413,51.082469
25,19,4,0,16,4,2,5,3,0,0,1,1,0,0,0,0,14.128668,51.285078
25,19,4,0,12,4,3,5,3,0,0,1,1,0,0,0,0,13.833643,51.172808
24,19,6,0,22,4,3,8,1,2,0,1,0,0,0,0,0,12.719641,50.755723
25,19,5,0,20,6,3,5,3,0,0,1,1,0,0,0,0,13.915457,51.115029
25,19,5,0,18,6,3,2,2,0,0,1,0,0,0,0,0,13.792563,51.167388
22,19,5,0,5,7,2,8,1,1,0,1,0,0,0,0,0,13.018621,51.04269
24,19,5,0,6,6,3,5,2,0,0,1,1,0,0,0,0,12.493918,50.70534
22,19,6,0,6,4,3,0,7,0,0,1,1,0,0,0,0,13.322503,50.91084
25,19,5,0,10,6,3,3,6,0,0,1,0,0,1,0,0,14.414908,51.223498
12,19,5,0,15,6,3,3,2,0,0,1,1,0,0,0,0,13.71544,51.099332
11,19,4,0,11,4,2,4,2,0,0,1,1,0,0,0,0,12.923546,50.860205
11,19,4,0,18,4,3,5,2,0,0,1,1,0,0,0,0,12.958248,50.865268
21,19,5,0,16,6,2,5,3,0,0,1,1,0,0,0,0,12.870231,50.619781
24,19,5,0,14,5,2,8,1,0,0,1,0,0,0,0,0,12.642096,50.835504
12,19,5,0,11,6,3,0,1,0,0,1,0,0,0,0,0,13.690955,51.078451
12,19,5,0,15,6,2,5,3,0,0,1,1,0,0,0,0,13.791794,51.125536
28,19,4,0,19,3,3,0,6,1,0,1,1,0,0,0,0,13.563889,51.043813
22,19,5,0,22,6,2,0,7,2,0,1,0,0,0,0,0,12.804907,51.048329
29,19,7,0,8,4,2,5,2,0,0,1,1,0,0,0,0,12.596238,51.275778
28,19,6,0,5,3,3,5,3,1,0,1,1,0,0,0,0,13.584777,50.983477
13,19,7,0,13,4,3,5,3,0,0,1,1,0,0,0,0,12.302493,51.342602
12,19,6,0,13,3,3,5,3,0,0,1,1,0,0,0,0,13.707019,51.041396
25,19,7,0,2,4,2,9,1,2,0,1,0,0,0,0,0,14.355909,51.152856
28,19,7,0,19,4,2,5,2,0,0,1,1,0,0,0,0,13.524499,50.989134
12,19,6,0,10,3,3,5,3,0,0,1,1,0,0,0,0,13.724949,51.04389
12,19,6,0,16,3,3,3,6,0,0,1,0,0,0,0,0,13.732824,51.061141
26,19,7,0,15,4,3,5,3,0,0,1,1,0,0,0,0,14.772061,51.304281
27,19,7,0,11,4,3,0,7,0,0,1,0,0,0,0,0,13.434472,51.329814
12,19,7,0,20,4,3,0,1,1,1,1,0,0,0,0,0,13.764499,51.021261
21,19,7,0,13,4,2,0,1,0,0,1,0,0,0,0,0,12.837708,50.739815
21,19,7,0,13,4,3,5,3,0,0,1,1,0,0,0,0,12.787083,50.539208
12,19,8,0,10,3,3,5,2,0,0,1,0,0,0,1,0,13.773573,51.01418
23,19,7,0,17,3,2,4,1,0,0,1,0,0,0,0,1,12.339693,50.300774
26,19,7,0,15,3,3,4,1,0,0,1,1,0,0,0,0,14.889512,50.945497
30,19,7,0,15,3,3,5,3,0,0,1,1,0,0,0,0,12.640407,51.461671
26,19,7,0,16,3,3,5,3,0,0,1,1,0,0,0,0,14.791587,50.899718
29,19,7,0,15,3,3,5,2,0,0,1,1,0,0,0,0,12.739853,51.382134
13,19,6,0,8,2,3,5,2,0,0,1,1,0,0,0,0,12.382658,51.314946
30,19,6,0,8,2,3,3,2,0,0,1,1,0,0,0,0,12.24588,51.388931
13,19,7,0,9,3,3,5,3,0,0,1,1,0,0,0,0,12.480664,51.332718
12,19,7,0,13,3,3,0,1,0,0,1,0,0,0,0,0,13.813194,50.988794
28,19,7,0,13,3,3,3,6,0,0,1,0,0,1,0,0,13.62158,50.982087
12,19,7,0,16,3,2,5,3,0,0,1,0,0,0,0,1,13.752965,51.073878
11,19,8,0,10,3,2,5,3,0,0,1,1,0,0,0,0,12.927452,50.833357
12,19,6,0,6,2,3,3,6,0,0,1,1,0,0,0,0,13.762467,51.085056
12,19,7,0,12,3,3,0,4,0,0,1,0,1,0,0,0,13.733833,51.075187
13,19,7,0,20,3,3,5,3,0,0,1,1,0,0,0,0,12.426702,51.303617
21,19,7,0,1,3,2,8,1,2,0,1,0,0,0,0,0,13.035844,50.77054
29,19,7,0,18,3,2,4,2,0,0,1,1,0,0,0,0,12.38074,51.092136
26,19,6,0,15,2,2,5,3,0,0,1,1,0,0,0,0,14.805878,50.916361
27,19,8,0,12,5,2,0,6,0,0,1,1,0,0,0,0,13.69968,51.09244
21,19,7,0,23,3,2,9,1,2,0,1,0,0,0,0,0,12.983069,50.465897
11,19,7,0,15,3,3,3,6,0,0,1,1,0,0,0,0,12.945752,50.851511
25,19,6,0,18,2,3,5,3,0,0,1,1,0,0,0,0,14.569323,51.148638
28,19,6,0,12,2,3,5,2,0,0,1,1,0,0,0,0,13.936604,50.953096
23,19,7,0,15,2,2,3,6,0,0,1,1,0,0,0,0,12.159995,50.599853
27,19,6,0,11,2,3,5,3,0,0,1,1,0,0,0,0,13.569512,51.146486
12,19,7,0,8,3,3,4,1,0,0,1,0,0,0,0,0,13.739275,51.066281
12,19,7,0,11,3,3,5,3,0,0,1,0,0,0,0,1,13.768902,51.099524
29,19,7,0,14,2,3,3,2,0,0,1,1,0,0,0,0,12.647339,51.05483
21,19,8,0,20,6,2,0,1,0,0,1,0,0,0,0,0,12.620978,50.600203
13,19,7,0,20,2,3,0,7,1,0,1,1,0,0,0,0,12.373851,51.344389
30,19,7,0,18,1,3,5,3,0,0,1,1,0,0,0,0,12.232692,51.46419
26,19,7,0,14,2,3,0,1,0,1,1,0,0,0,0,0,14.982778,51.122809
25,19,7,0,0,2,3,0,7,2,0,1,0,0,0,0,0,14.440674,51.180577
12,19,6,0,14,2,3,5,2,0,0,1,1,0,0,0,0,13.746858,51.064661
27,19,8,0,12,6,3,5,3,0,0,1,1,0,0,0,0,13.307627,51.203231
27,19,8,0,8,2,3,5,3,0,0,1,1,0,0,0,0,13.530747,51.281326
11,19,7,0,19,3,3,4,6,0,0,1,0,0,0,0,0,12.89936,50.824363
12,19,7,0,17,2,3,0,1,0,0,1,0,0,0,0,0,13.80055,51.147918
11,19,7,0,11,3,3,5,3,0,0,1,1,0,0,0,0,12.915571,50.829123
26,19,8,0,22,2,3,0,1,2,0,1,0,0,0,0,0,14.970802,51.153937
25,19,7,0,2,7,2,0,1,2,0,1,0,0,0,0,0,14.441085,51.180524
28,19,7,0,12,7,3,0,1,0,0,1,0,0,0,0,0,13.677254,50.879788
13,19,6,0,17,1,3,5,2,0,0,1,1,0,0,0,0,12.345003,51.375176
21,19,7,0,19,7,2,5,3,0,1,1,1,0,0,0,0,12.887707,50.77128
28,19,8,0,17,3,3,5,3,0,0,1,1,0,0,0,0,13.939566,50.953677
26,19,6,0,15,1,3,5,3,0,0,1,1,0,0,0,0,14.949977,51.148423
12,19,6,0,11,1,3,0,1,0,0,1,0,0,0,0,0,13.719869,51.076197
13,19,7,0,17,2,3,4,2,0,0,1,1,0,0,0,0,12.331937,51.335913
12,19,6,0,14,1,3,0,1,0,0,1,0,0,0,0,0,13.841685,51.094472
27,19,6,0,11,1,3,2,6,0,0,1,0,0,0,0,0,13.374214,51.063587
27,19,7,0,22,1,3,5,3,2,0,1,0,0,0,0,0,13.300994,51.303923
13,19,7,0,18,2,3,3,2,1,0,1,1,0,0,0,0,12.337669,51.335379
30,19,7,0,15,6,2,3,6,0,0,1,0,0,0,0,1,13.03823,51.280967
21,19,6,0,17,1,3,3,6,0,0,1,1,0,0,0,0,13.014912,50.584714
27,19,7,0,10,1,3,0,1,0,0,1,0,0,0,0,0,13.573704,51.163688
26,19,7,0,9,2,3,5,3,0,0,1,1,0,0,0,0,14.809219,50.887073
29,19,7,0,17,6,3,3,6,0,0,1,1,0,0,0,0,12.64305,51.340445
13,19,6,0,20,7,3,0,1,0,0,1,0,0,0,0,0,12.382467,51.314948
30,19,6,0,13,7,1,5,3,0,0,1,1,0,0,0,0,13.070618,51.292317
26,19,7,0,9,2,2,3,2,0,0,1,1,0,0,0,0,14.711918,51.50212
12,19,7,0,13,1,3,5,3,0,0,1,1,0,0,0,0,13.705249,51.051019
13,19,6,0,10,7,3,6,4,0,0,1,0,1,0,0,0,12.409186,51.316981
13,19,7,0,9,6,3,5,2,0,0,1,1,0,0,0,0,12.401535,51.324169
27,19,7,0,8,2,3,0,1,0,0,1,0,0,0,0,0,13.698312,51.093423
21,19,7,0,11,1,3,0,7,0,0,1,0,0,0,0,0,12.810726,50.579904
26,19,6,0,9,7,2,0,3,0,0,1,1,0,0,0,0,14.805259,50.908979
23,19,8,0,7,5,2,5,3,0,0,1,0,0,0,0,1,11.926126,50.53989
26,19,6,0,1,7,3,8,1,2,0,1,1,0,0,0,0,14.573764,51.54655
12,19,7,0,9,2,3,0,1,0,0,1,0,0,0,0,0,13.725707,51.056787
25,19,7,0,17,6,3,3,6,0,0,1,1,0,0,0,0,14.592777,51.191519
23,19,7,0,14,7,3,0,7,0,0,1,0,0,0,0,0,12.109555,50.497679
12,19,6,0,13,7,3,5,3,0,0,1,1,0,0,0,0,13.727758,51.043764
28,19,7,0,12,6,2,0,1,0,0,1,0,0,0,0,0,13.676816,50.878255
12,19,7,0,16,6,3,5,3,0,0,1,1,0,0,0,0,13.742033,51.064674
11,19,7,0,17,2,3,4,6,0,0,1,0,0,0,0,0,12.919748,50.830011
27,19,7,0,10,7,2,0,1,0,0,1,0,0,0,0,0,13.632187,51.107877
12,19,8,0,12,1,2,0,3,0,0,1,0,0,0,0,0,13.638521,51.069243
29,19,6,0,18,1,3,4,2,0,0,1,1,0,0,0,0,12.419859,51.192044
30,19,7,0,12,5,3,5,3,0,0,1,1,0,0,0,0,12.627489,51.458088
29,19,6,0,17,6,3,0,1,0,0,1,0,0,0,0,0,12.611778,51.335889
26,19,6,0,13,6,2,0,7,0,0,1,0,0,0,0,0,14.797636,50.928301
21,19,7,0,8,7,2,4,2,0,0,1,1,0,0,0,0,12.719854,50.721618
13,19,7,0,7,5,3,4,3,0,0,1,1,0,0,0,0,12.271657,51.384096
30,19,7,0,20,5,3,5,3,0,0,1,1,0,0,0,0,12.984083,51.554651
26,19,6,0,22,6,3,4,6,2,0,1,0,0,0,0,0,14.603214,51.526902
23,19,7,0,14,6,2,9,7,0,0,1,0,0,0,0,0,12.416452,50.501187
26,19,7,0,9,5,3,5,3,0,0,1,0,0,0,0,0,14.823438,50.902503
25,19,7,0,10,5,3,5,3,0,0,1,1,0,0,0,0,13.997688,51.09537
28,19,6,0,18,6,3,5,3,0,0,1,1,0,0,0,0,13.652652,51.028633
25,19,6,0,4,1,2,2,6,2,0,1,0,0,0,0,0,14.242714,51.378492
13,19,7,0,17,6,3,5,3,0,0,1,0,0,0,0,1,12.265883,51.31679
25,19,7,0,22,5,3,0,3,1,0,1,1,0,0,0,0,14.437661,51.180955
25,19,6,0,8,1,3,4,2,0,0,1,1,0,0,0,0,14.432214,51.091705
28,19,7,0,14,5,3,6,4,0,0,1,0,1,0,0,0,14.034266,50.954232
12,19,6,0,17,6,2,5,3,0,0,1,1,0,0,0,0,13.757395,51.02523
28,19,6,0,19,1,2,0,1,0,0,1,0,0,0,0,0,13.716039,50.993075
12,19,7,0,22,5,3,0,7,2,0,1,0,0,0,0,0,13.689217,51.082868
12,19,7,0,9,5,3,5,3,0,0,1,1,0,0,0,0,13.744224,51.057408
27,19,8,0,18,6,2,0,1,0,0,1,0,0,0,0,0,13.506053,51.352816
12,19,6,0,19,1,3,3,6,0,0,1,0,0,0,0,0,13.82363,51.044678
25,19,7,0,10,6,3,4,2,0,0,1,1,0,0,0,0,14.253001,51.439188
12,19,6,0,12,6,3,5,3,0,0,1,1,0,0,0,0,13.718563,51.039471
23,19,8,0,9,4,2,0,1,0,0,1,0,0,0,0,0,12.366181,50.503748
22,19,6,0,5,6,3,5,3,0,0,1,1,0,0,0,0,13.011562,50.864669
21,19,6,0,13,6,3,5,3,0,0,1,1,0,0,0,0,12.972749,50.490401
12,19,8,0,13,3,3,5,3,0,0,1,1,0,0,0,0,13.680622,51.062033
21,19,6,0,16,1,3,8,1,0,0,1,0,0,0,0,0,12.797489,50.694385
27,19,7,0,14,6,3,5,3,0,0,1,1,0,0,0,0,13.57583,51.152398
22,19,6,0,11,1,3,0,1,0,0,1,0,0,0,0,0,13.181374,50.987745
13,19,6,0,19,5,3,4,2,0,0,1,1,0,0,0,0,12.362101,51.342534
25,19,8,0,8,3,3,5,3,0,0,1,1,0,0,0,0,14.451577,51.178844
25,19,7,0,8,4,3,5,3,0,0,1,1,0,0,0,0,14.106589,51.281867
12,19,7,0,10,6,2,0,1,0,0,1,0,0,0,0,0,13.733392,51.039253
21,19,7,0,18,6,3,5,3,0,0,1,1,0,0,0,0,12.868785,50.576647
11,19,7,0,5,6,2,5,2,0,0,1,1,0,0,0,0,12.883319,50.816961
25,19,6,0,9,5,3,0,7,0,0,1,0,0,0,0,0,13.94852,51.325001
28,19,7,0,14,4,3,0,1,0,0,1,0,0,0,0,0,13.912858,50.956648
23,19,6,0,11,7,3,4,2,0,0,1,1,0,0,0,0,12.367546,50.470663
30,19,8,0,10,7,2,5,3,0,0,1,1,0,0,0,0,12.280318,51.435411
28,19,7,0,6,4,3,0,7,0,0,1,0,0,0,0,0,13.657505,51.006864
12,19,7,0,8,4,3,2,5,0,0,1,0,0,0,0,1,13.733677,51.039615
12,19,7,0,16,4,3,3,6,0,0,1,0,0,0,0,0,13.768064,51.097475
25,19,6,0,13,5,3,3,2,0,0,1,1,0,0,0,0,14.518808,51.099833
24,19,7,0,19,5,3,2,5,0,0,1,1,0,0,0,1,12.734029,50.852076
12,19,7,0,16,4,2,0,1,0,0,1,0,0,0,0,0,13.600185,51.094118
28,19,6,0,14,5,3,2,7,0,0,1,1,0,0,0,1,14.074013,51.051687
29,19,6,0,19,7,3,3,6,0,0,1,1,0,0,0,0,12.608166,51.149688
13,19,7,0,9,5,3,4,2,0,0,1,1,0,0,0,0,12.35358,51.340901
12,19,6,0,21,5,3,0,1,1,1,1,0,0,0,0,0,13.696775,51.043363
13,19,7,0,6,5,3,5,3,0,0,1,1,0,0,0,0,12.373749,51.344394
24,19,7,0,12,3,2,8,1,0,0,1,0,0,0,0,0,12.529299,50.813737
12,19,6,0,16,5,2,0,1,0,0,1,0,0,0,0,0,13.612004,51.044566
13,19,7,0,5,5,3,4,6,0,0,1,0,0,0,0,0,12.414417,51.313009
26,19,7,0,16,5,3,5,3,0,0,1,0,0,0,0,1,14.613308,51.508104
13,19,7,0,21,3,3,5,3,1,0,1,1,0,0,0,0,12.395017,51.342771
22,19,6,0,7,5,2,0,1,0,1,1,0,0,0,0,0,13.089257,51.148459
25,19,6,0,10,7,3,5,3,0,0,1,1,0,0,0,0,14.429858,51.180978
21,19,6,0,16,5,2,3,2,0,0,1,1,0,0,0,0,12.871585,50.585022
12,19,6,0,20,7,3,5,2,0,0,1,1,0,0,0,0,13.693102,51.081978
11,19,6,0,12,5,3,5,3,0,0,1,1,0,0,0,0,12.917003,50.82981
12,19,7,0,14,5,3,5,3,0,0,1,1,0,0,0,0,13.727763,51.043762
25,19,7,0,10,3,3,3,2,0,0,1,1,0,0,0,0,14.090774,51.293953
11,19,6,0,11,7,3,5,3,0,0,1,0,0,0,0,1,12.959126,50.812597
24,19,6,0,18,4,2,5,3,0,0,1,1,0,0,0,0,12.58697,50.881313
27,19,7,0,12,3,3,0,1,0,0,1,0,0,0,0,0,13.561737,51.176227
26,19,8,0,17,1,3,0,1,0,0,1,0,0,0,0,0,14.998361,51.169971
27,19,7,0,11,3,3,5,3,0,1,1,1,0,0,0,0,13.580874,51.129592
27,19,8,0,16,5,3,5,3,0,0,1,1,0,0,0,0,13.372878,51.325935
13,19,6,0,5,4,3,5,3,1,0,1,1,0,0,0,0,12.395017,51.342768
12,19,7,0,16,3,3,4,2,0,0,1,1,0,0,0,0,13.692457,51.083329
12,19,7,0,6,3,3,5,3,0,0,1,1,0,0,0,0,13.722069,51.046459
26,19,6,0,13,4,3,0,7,0,0,1,0,0,0,0,0,14.634945,51.537182
30,19,6,0,14,6,3,0,3,0,0,1,1,0,0,0,0,13.177681,51.313852
30,19,8,0,7,2,2,5,3,0,0,1,1,0,0,0,0,12.692724,51.466821
13,19,6,0,19,6,3,3,2,0,0,1,1,0,0,0,0,12.370039,51.344293
12,19,6,0,10,4,3,5,3,0,0,1,1,0,0,0,0,13.70702,51.041396
12,19,7,0,16,4,3,5,3,0,0,1,1,0,0,0,0,13.839667,51.126039
12,19,6,0,10,4,3,3,6,0,0,1,1,0,0,0,0,13.74665,51.057155
12,19,6,0,17,4,3,5,3,0,0,1,1,0,0,0,0,13.723834,51.045218
22,19,7,0,10,4,2,4,1,0,0,1,1,0,0,0,0,13.072771,50.842928
12,19,6,0,10,4,2,6,4,0,0,1,0,1,0,0,0,13.709213,51.084311
21,19,7,0,8,4,3,3,6,0,0,1,1,0,0,0,0,13.392588,50.646715
26,19,8,0,16,3,3,6,4,0,0,1,0,1,0,0,0,14.531076,51.071595
25,19,6,0,12,6,3,5,3,0,0,1,1,0,0,0,0,14.102992,51.278781
25,19,6,0,13,6,3,5,3,0,0,1,1,0,0,0,0,14.4524,51.178609
23,19,7,0,12,3,3,5,3,0,0,1,0,0,0,0,0,12.364211,50.440934
24,19,7,0,17,3,2,5,3,0,0,1,1,0,0,0,0,12.489724,50.737802
24,19,7,0,16,2,3,3,6,0,0,1,1,0,0,0,0,12.546227,50.598414
30,19,7,0,14,2,3,3,6,0,0,1,1,0,0,0,0,12.336079,51.530663
25,19,6,0,13,6,3,5,3,0,0,1,1,0,0,0,0,14.279372,51.096954
30,19,7,0,17,2,3,5,3,0,0,1,0,0,0,0,1,13.144561,51.365383
13,19,7,0,16,2,3,8,1,0,0,1,1,0,0,0,0,12.348487,51.339876
12,19,6,0,22,6,2,6,4,1,0,1,0,1,0,0,0,13.727546,51.071462
12,19,6,0,8,6,3,5,3,0,0,1,0,0,0,0,1,13.79684,51.135959
23,19,6,0,18,3,3,4,2,0,0,1,1,0,0,0,0,12.114055,50.439621
25,19,6,0,14,3,2,3,2,0,0,1,1,0,0,0,0,13.898672,51.141354
26,19,6,0,23,3,3,9,1,2,0,1,0,0,0,0,0,14.610378,50.934752
28,19,7,0,11,3,3,5,3,0,0,1,0,0,0,0,0,13.932958,50.948664
12,19,7,0,22,2,3,0,1,2,1,1,0,0,0,0,0,13.733897,51.07511
11,19,8,0,10,6,3,5,3,0,0,1,1,0,0,0,0,12.873768,50.856976
12,19,7,0,10,3,3,5,3,0,0,1,0,0,0,0,1,13.71808,51.035877
28,19,8,0,14,4,3,0,1,0,1,1,0,0,0,0,0,13.870989,50.965332
23,19,6,0,13,5,2,2,6,0,0,1,1,0,0,0,0,12.372283,50.573834
12,19,6,0,14,3,3,5,3,0,0,1,1,0,0,0,0,13.802662,50.987787
12,19,6,0,7,3,3,0,7,0,0,1,0,0,0,0,0,13.720866,51.09258
22,19,7,0,9,3,3,3,6,0,0,1,1,0,0,0,0,13.001653,50.874241
27,19,6,0,7,3,2,0,1,0,0,1,0,0,0,0,0,13.591433,51.089063
28,19,7,0,11,1,3,5,2,0,0,1,1,0,0,0,0,14.253343,50.985627
12,19,8,0,13,3,2,5,3,0,0,1,1,0,0,0,0,13.747039,51.063695
24,19,7,0,19,2,3,0,1,0,0,1,0,0,0,0,0,12.490238,50.736279
29,19,6,0,5,5,2,4,2,0,0,1,1,0,0,0,0,12.353054,51.187438
29,19,6,0,16,5,3,5,3,0,0,1,1,0,0,0,0,12.250509,51.170157
24,19,7,0,21,2,3,8,1,2,0,1,0,0,0,0,0,12.386958,50.714303
12,19,7,0,12,1,3,0,1,0,0,1,0,0,0,0,0,13.736404,51.063837
12,19,7,0,12,1,3,0,1,0,0,1,0,0,0,0,0,13.729007,51.059943
23,19,6,0,12,2,3,5,3,0,0,1,1,0,0,0,0,12.124657,50.496967