CSV=`UKREIS,UJAHR,UMONAT,UTAG,USTUNDE,UWOCHENTAG,UKATEGORIE,UART,UTYP,LICHT,USTRZUSTAND,IstRad,IstPKW,IstFuss,IstKrad,IstGkfz,IstSonstig,@lon,@lat
25,19,6,0,15,5,3,5,3,0,0,1,1,0,0,0,0,14.433433,51.181223
26,19,7,0,12,2,3,5,3,0,0,1,1,0,0,0,0,14.927856,51.205399
13,19,6,0,17,2,3,5,3,0,0,1,1,0,0,0,0,12.370549,51.376067
13,19,6,0,11,2,3,5,3,0,0,1,1,0,0,0,0,12.391084,51.376249
28,19,7,0,10,2,3,0,7,0,0,1,0,0,0,0,0,14.186156,50.911654
27,19,6,0,8,5,3,0,1,0,0,1,0,0,0,0,0,13.291552,51.306037
26,19,6,0,9,2,2,5,3,0,0,1,1,0,0,0,0,14.580345,50.999929
28,19,7,0,14,2,3,5,3,0,0,1,1,0,0,0,0,13.888562,50.977133
30,19,7,0,23,7,3,0,1,2,0,1,0,0,0,0,0,12.983701,51.554574
12,19,8,0,19,5,3,4,6,0,0,1,0,0,0,0,0,13.732453,51.061025
27,19,7,0,15,2,2,0,1,0,0,1,0,0,0,0,0,13.530935,51.28619
26,19,7,0,16,7,3,4,3,0,0,1,1,0,0,0,0,14.963408,51.361866
27,19,6,0,10,5,3,3,2,0,0,1,1,0,0,0,0,13.568882,51.147904
12,19,7,0,13,2,3,5,2,0,0,1,1,0,0,0,0,13.730684,51.030414
25,19,6,0,6,2,3,5,3,0,0,1,1,0,0,0,0,14.119479,51.289072
12,19,7,0,16,2,3,5,3,0,0,1,1,0,0,0,0,13.807572,51.151207
12,19,7,0,14,2,3,0,1,0,0,1,0,0,0,0,0,13.715758,51.036906
25,19,6,0,22,2,3,4,2,2,0,1,1,0,0,0,0,13.921367,51.119107
27,19,6,0,11,2,3,5,3,0,0,1,1,0,0,0,0,13.279064,51.322192
21,19,6,0,20,5,3,8,1,0,0,1,0,0,0,0,0,12.670544,50.747205
24,19,8,0,8,6,3,8,1,0,0,1,0,0,0,0,0,12.38612,50.817308
27,19,7,0,13,7,2,5,3,0,0,1,1,0,0,0,0,13.500361,51.167376
22,19,6,0,19,5,2,5,3,0,0,1,1,0,0,0,0,12.81111,50.918681
27,19,7,0,18,7,2,0,1,0,0,1,0,0,0,0,0,13.615744,51.11364
11,19,7,0,6,2,3,5,2,0,0,1,1,0,0,0,0,12.910304,50.829903
28,19,7,0,10,7,2,3,1,0,0,1,0,0,0,0,1,13.548577,51.031442
12,19,6,0,7,2,3,5,2,0,0,1,1,0,0,0,0,13.72323,51.08981
11,19,7,0,8,2,3,5,2,0,0,1,1,0,0,0,0,12.908067,50.833057
12,19,6,0,15,2,3,5,3,0,0,1,1,0,0,0,0,13.724619,51.088072
12,19,8,0,1,1,3,0,1,2,0,1,0,0,0,0,0,13.661748,51.078354
30,19,7,0,18,1,3,3,6,0,0,1,0,0,1,0,0,13.004722,51.481617
21,19,6,0,7,5,3,5,3,0,0,1,1,0,0,0,0,13.01476,50.581522
29,19,7,0,17,1,2,0,7,0,0,1,0,0,0,0,0,12.604006,51.020979
12,19,6,0,10,2,2,0,5,0,0,1,1,0,0,0,0,13.719734,51.094224
30,19,7,0,19,1,1,5,3,0,0,1,1,0,0,0,0,13.192514,51.367681
21,19,6,0,6,2,2,0,7,0,0,1,0,0,0,0,0,13.00526,50.735777
12,19,8,0,12,6,3,5,3,0,0,1,1,0,0,0,0,13.881711,50.994691
23,19,7,0,14,6,3,0,7,0,0,1,0,0,0,0,0,12.304281,50.543074
21,19,6,0,16,5,2,4,2,0,0,1,1,0,0,0,0,13.045399,50.620057
26,19,8,0,13,3,3,5,3,0,0,1,1,0,0,0,0,14.973629,51.150078
21,19,6,0,11,2,2,3,2,0,0,1,1,0,0,0,0,12.603529,50.492703
27,19,7,0,4,1,2,0,1,2,1,1,0,0,0,0,0,13.273983,51.057166
28,19,7,0,20,1,3,0,1,1,0,1,0,0,0,0,0,13.583128,50.970967
13,19,8,0,16,3,3,1,5,0,0,1,1,0,0,0,0,12.385016,51.344389
12,19,8,0,19,5,3,5,2,0,0,1,1,0,0,0,0,13.696274,51.022403
29,19,7,0,8,6,3,5,3,0,0,1,1,0,0,0,0,12.479677,51.123668
13,19,7,0,11,7,3,5,3,0,0,1,0,0,0,0,0,12.3577,51.341814
30,19,6,0,10,4,3,3,2,0,0,1,1,0,0,0,0,13.105234,51.296732
30,19,6,0,12,1,3,3,6,0,1,1,0,0,0,0,0,12.938498,51.468303
30,19,6,0,11,1,2,6,2,0,1,1,0,1,0,0,0,12.995347,51.527886
12,19,8,0,1,3,3,4,1,2,0,1,1,0,0,0,0,13.725497,51.072688
29,19,6,0,6,4,3,5,3,0,0,1,1,0,0,0,0,12.722368,51.232479
12,19,7,0,12,7,3,3,2,0,0,1,1,0,0,0,0,13.76953,51.010123
29,19,6,0,17,4,2,5,3,0,0,1,1,0,0,0,0,12.808376,51.127026
12,19,7,0,11,7,3,0,1,0,0,1,0,0,0,0,0,13.832911,51.037079
29,19,6,0,8,4,3,1,1,0,0,1,1,0,0,0,0,12.59301,51.277041
26,19,6,0,22,1,3,0,7,2,0,1,0,0,0,0,0,14.612024,51.513169
13,19,6,0,14,4,2,4,6,0,0,1,0,0,0,0,0,12.290649,51.334628
27,19,7,0,10,6,3,3,6,0,0,1,1,0,0,0,0,13.339197,51.267422
24,19,8,0,13,5,3,1,7,0,0,1,1,0,0,0,0,12.488758,50.738072
12,19,8,0,8,2,3,6,4,0,0,1,0,1,0,0,0,13.85365,51.062158
12,19,7,0,13,6,2,5,3,0,0,1,1,0,0,0,0,13.726521,51.126985
26,19,6,0,15,4,3,5,3,0,0,1,1,0,0,0,0,14.761671,51.245859
25,19,6,0,5,4,3,8,6,0,0,1,1,0,0,0,0,14.137448,51.138456
12,19,8,0,12,3,3,5,3,0,0,1,1,0,0,0,0,13.747041,51.063695
13,19,7,0,18,6,3,5,3,0,0,1,1,0,0,0,0,12.344909,51.339198
21,19,8,0,6,5,3,3,6,0,0,1,1,0,0,0,0,13.113959,50.691777
12,19,6,0,11,4,3,0,1,0,0,1,0,0,0,0,0,13.715363,51.099408
30,19,8,0,16,1,3,3,6,0,0,1,1,0,0,0,0,12.868938,51.650101
22,19,6,0,10,4,3,0,3,0,0,1,1,0,0,0,0,13.357253,50.911266
13,19,7,0,12,6,3,3,6,0,0,1,0,0,0,0,0,12.347347,51.339604
25,19,7,0,21,6,3,9,1,0,0,1,0,0,0,0,0,14.315057,51.094058
24,19,7,0,15,5,2,5,3,0,0,1,1,0,0,0,0,12.75638,50.859551
28,19,6,0,22,7,3,5,3,2,0,1,0,0,1,0,0,13.936255,50.957866
11,19,6,0,9,4,2,6,4,0,0,1,0,1,0,0,0,12.921716,50.794483
27,19,7,0,17,6,2,5,3,0,0,1,1,0,0,0,0,13.709463,51.141355
11,19,8,0,19,5,3,5,3,0,0,1,1,0,0,0,0,12.957064,50.831619
23,19,7,0,19,5,2,0,1,0,0,1,0,0,0,0,0,12.141583,50.54657
29,19,7,0,21,5,3,5,3,1,0,1,1,0,0,0,0,12.570797,51.33049
28,19,7,0,13,6,2,0,1,0,1,1,1,0,0,0,0,13.63292,51.026752
28,19,7,0,13,6,3,8,1,0,1,1,0,0,0,0,0,13.750969,50.944414
24,19,6,0,7,3,2,0,1,0,0,1,0,0,0,0,0,12.51198,50.669412
12,19,6,0,19,7,2,5,3,0,0,1,1,0,0,0,0,13.718963,51.096605
25,19,8,0,17,5,2,8,1,0,0,1,0,0,0,0,0,14.013591,51.348531
12,19,7,0,13,6,3,6,2,0,1,1,0,1,0,0,0,13.750614,51.071292
26,19,7,0,8,5,2,0,3,0,0,1,1,0,0,0,0,14.501358,51.059161
12,19,7,0,11,6,2,0,1,0,0,1,0,0,0,0,0,13.707042,51.041743
30,19,6,0,20,3,3,4,2,0,0,1,1,0,0,0,0,12.347011,51.465104
11,19,6,0,21,7,3,5,2,1,0,1,1,0,0,0,0,12.928081,50.835493
22,19,7,0,13,6,3,0,1,0,1,1,0,0,0,0,0,12.993627,50.984169
13,19,6,0,8,3,3,5,3,0,0,1,0,0,1,0,0,12.395146,51.339168
13,19,6,0,8,3,3,3,2,0,0,1,1,0,0,0,0,12.368645,51.314649
12,19,7,0,15,5,3,0,1,0,0,1,0,0,0,0,0,13.738895,51.044335
11,19,7,0,17,6,3,5,3,0,0,1,1,0,0,0,0,12.899997,50.824734
30,19,6,0,12,3,3,0,1,0,0,1,0,0,0,0,0,12.230387,51.393355
12,19,7,0,7,5,3,5,2,0,0,1,1,0,0,0,0,13.840702,51.03217
30,19,6,0,6,6,3,5,3,0,0,1,1,0,0,0,0,12.969232,51.493965
12,19,8,0,17,1,2,5,3,0,0,1,1,0,0,0,0,13.720919,51.092509
12,19,7,0,13,5,2,5,3,0,0,1,1,0,0,0,0,13.733313,51.076005
30,19,8,0,20,2,3,5,3,2,0,1,1,0,0,0,0,12.998105,51.565435
27,19,8,0,14,5,2,0,1,0,0,1,0,0,0,0,0,13.621968,51.111647
29,19,7,0,16,5,3,5,3,0,0,1,1,0,0,0,0,12.421072,51.27353
29,19,6,0,7,6,3,5,3,0,0,1,1,0,0,0,0,12.492201,51.124482
26,19,7,0,11,5,3,0,7,0,0,1,0,0,0,0,0,14.861664,50.925265
27,19,8,0,5,1,3,8,1,1,0,1,0,0,0,0,0,13.360318,51.32852
22,19,7,0,11,5,3,5,2,0,0,1,0,0,0,0,1,13.337073,50.901904
29,19,6,0,8,6,2,5,3,0,0,1,1,0,0,0,0,12.36377,51.283311
13,19,6,0,12,6,3,5,3,0,0,1,1,0,0,0,0,12.397149,51.33086
11,19,7,0,11,5,3,5,3,0,0,1,1,0,0,0,0,12.91456,50.818191
28,19,6,0,13,3,3,5,2,0,0,1,1,0,0,0,0,14.359579,50.924825
13,19,8,0,15,3,3,3,2,0,0,1,1,0,0,0,0,12.385491,51.37614
27,19,7,0,15,5,3,5,3,0,0,1,1,0,0,0,0,13.68494,51.104168
27,19,7,0,10,5,3,0,1,0,0,1,0,0,0,0,0,13.645282,51.106356
12,19,7,0,13,5,3,5,2,0,0,1,1,0,0,0,0,13.765836,51.006166
28,19,8,0,12,6,3,0,1,0,0,1,0,0,0,0,0,13.676804,50.878244
25,19,6,0,18,6,2,5,3,0,0,1,0,0,1,0,0,14.047054,51.361882
28,19,6,0,7,6,3,5,2,0,0,1,1,0,0,0,0,13.99191,51.035398
30,19,7,0,22,4,3,4,6,2,0,1,1,0,0,0,0,12.512361,51.42098
30,19,7,0,6,4,3,5,3,0,0,1,1,0,0,0,0,12.443367,51.51672
12,19,10,0,16,6,3,5,2,0,0,1,1,0,0,0,0,13.737266,51.085515
13,19,9,0,13,2,3,4,2,0,0,1,1,0,0,0,0,12.331927,51.335912
29,19,9,0,10,4,3,5,3,0,0,1,1,0,0,0,0,12.431365,51.259631
26,19,10,0,9,3,3,5,3,0,0,1,1,0,0,0,0,14.640586,51.503827
25,19,8,0,13,5,3,3,6,0,0,1,0,0,0,0,1,14.089893,51.263428
13,19,9,0,16,4,3,5,2,0,0,1,1,0,0,0,0,12.342498,51.338353
13,19,9,0,12,2,3,2,2,0,0,1,1,0,0,0,0,12.380209,51.375789
26,19,9,0,19,2,3,0,1,2,1,1,0,0,0,0,0,14.820558,51.397079
26,19,8,0,16,5,3,3,2,0,0,1,1,0,0,0,0,14.635525,51.49948
27,19,8,0,10,5,3,5,3,0,0,1,1,0,0,0,0,13.5319,51.289515
12,19,9,0,15,2,3,0,3,0,1,1,1,0,0,0,0,13.78221,51.113455
12,19,8,0,8,5,3,5,3,0,0,1,1,0,0,0,0,13.735519,51.072953
11,19,9,0,16,4,3,5,3,0,0,1,1,0,0,0,0,12.932737,50.845943
26,19,10,0,14,5,2,5,3,0,0,1,0,0,0,0,0,14.639894,51.503201
12,19,8,0,15,5,3,3,6,0,0,1,1,0,0,0,0,13.815528,51.05375
12,19,10,0,20,6,3,2,2,2,0,1,1,0,0,0,0,13.745646,51.049321
12,19,8,0,6,5,3,5,3,0,0,1,0,0,0,0,1,13.721523,51.04723
21,19,8,0,16,5,2,0,1,0,0,1,0,0,0,0,0,13.045535,50.744934
22,19,9,0,13,2,2,5,3,0,0,1,1,0,0,0,0,12.960214,50.985555
22,19,8,0,12,6,3,5,3,0,0,1,1,0,0,0,0,13.078348,50.849554
26,19,10,0,13,5,3,0,1,0,0,1,0,0,0,0,0,14.812155,50.895081
13,19,8,0,14,4,3,0,1,0,0,1,0,0,0,0,0,12.437393,51.350981
13,19,10,0,6,3,3,5,3,2,0,1,1,0,0,0,0,12.405957,51.313915
12,19,10,0,16,4,2,5,2,0,0,1,1,0,0,0,0,13.828782,51.058544
13,19,8,0,5,4,3,4,6,2,1,1,0,0,0,0,0,12.394878,51.354923
29,19,9,0,17,3,3,0,7,0,1,1,0,0,0,0,0,12.844183,51.341096
30,19,8,0,12,4,2,5,3,0,0,1,1,0,0,0,0,12.997995,51.547201
27,19,10,0,12,5,2,5,3,0,0,1,1,0,0,0,0,13.49015,51.164876
12,19,8,0,9,7,3,5,3,0,0,1,1,0,0,0,0,13.701996,51.032498
12,19,10,0,11,2,3,4,2,0,0,1,1,0,0,0,0,13.702454,51.090465
25,19,8,0,13,4,2,1,5,0,0,1,1,0,0,0,0,13.982548,51.132213
25,19,8,0,7,4,2,0,1,0,1,1,0,0,0,0,0,13.916934,51.115586
29,19,8,0,6,5,2,5,3,0,0,1,1,0,0,0,0,12.775614,51.451338
12,19,10,0,10,7,3,5,3,0,0,1,1,0,0,0,0,13.706633,51.019625
12,19,10,0,6,5,3,5,3,2,0,1,1,0,0,0,0,13.724418,51.033049
22,19,10,0,0,1,2,0,1,2,0,1,0,0,0,0,0,13.012833,50.861257
12,19,10,0,16,5,3,3,7,0,0,1,1,0,0,0,0,13.750431,51.063153
27,19,9,0,20,1,3,0,1,2,1,1,0,0,0,0,0,13.580382,51.127335
27,19,9,0,9,3,3,3,2,0,0,1,0,0,0,1,0,13.719151,51.217654
27,19,9,0,13,3,3,5,3,0,0,1,1,0,0,0,0,13.668783,51.104064
13,19,8,0,7,4,3,3,2,0,0,1,0,0,0,0,1,12.394302,51.336809
22,19,9,0,9,1,2,0,1,0,0,1,0,0,0,0,0,13.123596,50.964807
11,19,10,0,19,7,3,0,7,2,0,1,1,0,0,0,0,12.939318,50.820867
12,19,8,0,20,4,2,5,3,0,0,1,1,0,0,0,0,13.7051,51.044441
21,19,9,0,10,1,3,5,3,0,0,1,1,0,0,0,0,12.844993,50.694893
11,19,9,0,16,3,3,0,7,0,0,1,0,0,0,0,0,12.958118,50.830588
27,19,10,0,7,4,3,0,6,1,1,1,0,0,0,0,1,13.56508,51.127047
30,19,8,0,17,4,3,5,3,0,1,1,1,0,0,0,0,12.482764,51.375287
11,19,10,0,15,5,3,5,2,0,1,1,1,0,0,0,0,12.926426,50.83391
24,19,8,0,19,6,2,8,7,1,0,1,0,0,0,0,0,12.441388,50.722304
29,19,9,0,13,2,3,0,3,0,1,1,0,0,0,0,1,12.508416,51.135753
29,19,8,0,15,3,1,9,7,0,0,1,0,0,0,0,0,12.877045,51.214235
25,19,9,0,13,2,3,9,1,0,0,1,0,0,0,0,0,14.325634,51.096959
24,19,10,0,11,2,2,5,3,0,0,1,1,0,0,0,0,12.574275,50.73867
13,19,8,0,11,3,3,5,7,0,0,1,1,0,0,0,0,12.276725,51.320775
26,19,8,0,12,4,3,6,6,0,0,1,0,1,0,0,0,14.820864,51.289354
26,19,8,0,20,4,3,4,2,1,0,1,1,0,0,0,0,14.98141,51.119046
26,19,8,0,13,3,3,5,3,0,0,1,1,0,0,0,0,14.669514,51.090158
12,19,10,0,7,2,3,5,3,0,0,1,1,0,0,0,0,13.729813,51.082709
29,19,10,0,12,4,3,5,2,0,0,1,1,0,0,0,0,12.369435,51.272538
27,19,9,0,9,7,3,5,3,0,0,1,1,0,0,0,0,13.580895,51.129589
27,19,9,0,13,2,3,0,7,0,0,1,0,0,0,0,0,13.481401,51.163391
27,19,9,0,21,2,3,0,1,2,1,1,0,0,0,0,0,13.634808,51.10748
30,19,10,0,11,1,2,3,6,0,0,1,1,0,0,0,0,12.626621,51.429925
28,19,8,0,14,3,2,5,3,0,0,1,1,0,0,0,0,13.87134,50.970571
30,19,10,0,7,4,2,3,6,0,1,1,1,0,0,0,0,12.215048,51.3945
13,19,8,0,7,6,3,3,2,0,0,1,1,0,0,0,0,12.392334,51.34538
28,19,8,0,20,3,3,8,1,2,1,1,0,0,0,0,0,13.663651,51.0045
12,19,9,0,15,6,3,0,1,0,1,1,0,0,0,0,0,13.690198,51.073823
25,19,10,0,13,5,2,5,3,0,0,1,1,0,0,0,0,14.394494,51.179637
27,19,8,0,5,4,2,5,3,1,0,1,1,0,0,0,0,13.249091,51.311374
12,19,8,0,7,3,3,5,2,0,0,1,1,0,0,0,0,13.704873,51.036349
21,19,9,0,5,2,2,5,3,2,0,1,1,0,0,0,0,13.16664,50.652487
25,19,10,0,6,4,2,4,6,1,1,1,0,1,0,0,0,14.23349,51.412784
12,19,8,0,20,3,3,5,3,2,1,1,0,0,0,0,0,13.727195,51.05804
21,19,9,0,16,2,2,0,1,0,1,1,0,0,0,0,0,12.921449,50.625111
28,19,8,0,17,4,3,5,3,0,0,1,1,0,0,0,0,13.938299,50.95793
25,19,10,0,16,3,3,4,2,0,0,1,1,0,0,0,0,14.428536,51.16878
28,19,10,0,14,4,3,5,3,0,0,1,1,0,0,0,0,13.856454,50.969259
27,19,8,0,8,4,3,0,7,0,0,1,0,0,0,0,0,13.485276,51.164639
22,19,9,0,7,5,3,1,6,0,1,1,1,0,0,0,0,13.096597,51.132582
30,19,9,0,1,6,3,0,1,2,1,1,0,0,0,0,0,13.085362,51.295048
12,19,8,0,22,6,3,5,2,2,0,1,1,0,0,0,0,13.752005,51.062975
24,19,9,0,13,1,3,9,1,0,0,1,1,0,0,0,0,12.514457,50.794857
27,19,10,0,16,7,3,5,2,0,0,1,1,0,0,0,0,13.27936,51.295824
12,19,10,0,7,4,3,0,1,1,1,1,0,0,0,0,0,13.68966,51.069271
29,19,9,0,7,1,2,5,3,0,0,1,1,0,0,0,0,12.592442,51.329529
29,19,9,0,16,1,3,0,7,0,0,1,1,0,0,0,0,12.285808,51.15361
13,19,10,0,14,4,1,5,3,0,0,1,0,0,0,1,0,12.420254,51.414255
12,19,10,0,12,4,2,5,2,0,0,1,1,0,0,0,0,13.883742,51.060825
13,19,9,0,12,6,3,4,2,0,1,1,1,0,0,0,0,12.39429,51.336779
25,19,9,0,22,1,2,0,1,2,0,1,0,0,0,0,0,14.318036,51.093245
27,19,9,0,15,1,3,5,2,0,0,1,1,0,0,0,0,13.298063,51.05692
28,19,10,0,13,7,2,2,6,0,0,1,1,0,0,0,0,14.105189,50.961473
12,19,9,0,19,1,3,0,1,1,0,1,0,0,0,0,0,13.681249,51.061853
29,19,10,0,18,3,3,5,3,1,0,1,1,0,0,0,0,12.699922,51.055588
28,19,10,0,6,2,3,5,2,2,0,1,1,0,0,0,0,13.668994,51.015859
12,19,10,0,7,3,3,5,3,0,0,1,1,0,0,0,0,13.707015,51.041398
25,19,9,0,13,6,3,5,3,0,0,1,1,0,0,0,0,14.438113,51.169241
22,19,8,0,11,6,3,0,7,0,0,1,0,0,0,0,0,12.95509,51.157084
30,19,9,0,21,3,3,5,3,2,0,1,1,0,0,0,0,12.640386,51.461666
28,19,9,0,7,6,3,5,3,0,1,1,1,0,0,0,0,13.649142,51.006647
23,19,9,0,9,7,3,3,2,0,0,1,1,0,0,0,0,12.082057,50.543936
25,19,10,0,20,4,3,3,6,2,0,1,1,0,0,0,0,14.393652,51.097073
12,19,8,0,9,2,3,0,1,0,1,1,0,0,0,0,0,13.706917,51.02913
13,19,10,0,16,3,3,5,3,0,0,1,0,0,0,0,0,12.360033,51.342164
12,19,10,0,7,4,3,6,4,0,0,1,0,1,0,0,0,13.716821,51.036438
12,19,9,0,9,6,3,0,2,0,0,1,0,0,0,0,1,13.704746,51.046297
23,19,9,0,14,7,3,4,6,0,0,1,1,0,0,0,0,12.14704,50.460249
13,19,10,0,14,3,3,5,3,0,1,1,1,0,0,0,0,12.379277,51.375814
30,19,9,0,14,7,3,0,6,0,0,1,1,0,0,0,0,13.013319,51.318477
23,19,8,0,5,3,3,0,2,2,0,1,1,0,0,0,0,12.298859,50.551506
23,19,8,0,11,1,3,1,5,0,0,1,1,0,0,0,0,12.338168,50.300656
25,19,10,0,7,3,3,2,6,0,0,1,1,0,0,0,0,13.906588,51.12726
13,19,9,0,15,7,3,5,2,0,0,1,1,0,0,0,0,12.404706,51.320814
13,19,8,0,16,5,3,4,6,0,0,1,0,0,0,0,0,12.3941,51.351174
25,19,9,0,10,7,2,3,6,0,0,1,1,0,0,0,0,14.351897,51.1477
28,19,10,0,5,6,3,5,3,2,0,1,0,0,0,0,1,13.654846,51.010475
13,19,8,0,20,1,2,5,3,1,0,1,1,0,0,0,0,12.348915,51.375161
29,19,10,0,17,1,3,8,1,2,1,1,0,0,0,0,0,12.547456,51.164357
13,19,9,0,10,5,3,5,3,0,0,1,1,0,0,0,0,12.395375,51.341121
25,19,9,0,14,7,3,4,2,0,0,1,1,0,0,0,0,14.404071,51.179796
28,19,10,0,15,5,3,6,6,0,0,1,0,1,0,0,0,13.93991,50.957334
12,19,9,0,4,7,3,0,1,2,0,1,0,0,0,0,0,13.736848,51.071484
27,19,10,0,12,3,2,0,1,0,1,1,0,0,0,0,0,13.567195,51.162033
30,19,8,0,4,3,2,3,6,1,0,1,0,0,0,0,1,12.971893,51.415326
12,19,9,0,17,7,2,6,4,0,0,1,1,1,0,0,0,13.770906,51.115746
13,19,9,0,11,1,3,3,2,0,0,1,0,0,0,0,0,12.365146,51.376152
25,19,8,0,17,1,3,3,2,0,0,1,1,0,0,0,0,14.070461,51.37614
27,19,10,0,15,1,3,0,1,0,0,1,0,0,0,0,0,13.238811,51.256994
25,19,9,0,7,5,3,0,7,0,0,1,0,0,0,0,0,14.223184,51.103278
11,19,10,0,11,2,3,5,2,0,0,1,1,0,0,0,0,12.92654,50.833817
13,19,10,0,16,6,3,5,2,0,0,1,1,0,0,0,0,12.353513,51.341176
13,19,10,0,15,5,3,3,6,0,0,1,1,0,0,0,0,12.28813,51.381401
24,19,9,0,16,6,3,0,7,0,0,1,1,0,0,0,0,12.528137,50.622409
12,19,10,0,7,3,3,5,3,0,0,1,1,0,0,0,0,13.750749,51.063111
21,19,10,0,10,4,3,0,1,0,0,1,0,0,0,0,0,13.014625,50.580392
25,19,8,0,11,1,3,4,6,0,0,1,0,0,0,0,0,14.471612,51.208441
28,19,8,0,13,3,3,5,3,0,0,1,1,0,0,0,0,13.5375,51.052161
30,19,10,0,7,2,3,5,3,0,0,1,1,0,0,0,0,12.968403,51.571661
12,19,10,0,8,3,3,5,3,0,0,1,0,0,0,1,0,13.761304,51.083384
21,19,9,0,15,5,3,3,6,0,0,1,1,0,0,0,0,12.93227,50.666324
12,19,9,0,21,3,3,2,1,2,0,1,0,0,0,0,1,13.751775,51.062988
27,19,9,0,15,6,3,3,6,0,0,1,0,0,0,0,1,13.523872,51.287972
28,19,9,0,10,6,3,5,3,0,0,1,0,0,0,0,1,13.787001,50.763838
12,19,8,0,18,1,3,2,3,0,0,1,0,0,0,0,1,13.737656,51.061461
28,19,9,0,14,6,1,5,3,0,0,1,0,0,0,1,0,13.848398,50.981268
24,19,10,0,13,2,3,4,2,0,0,1,1,0,0,0,0,12.469702,50.720225
21,19,8,0,17,3,3,0,1,0,1,1,0,0,0,0,0,12.746872,50.74195
30,19,9,0,11,4,2,0,1,0,1,1,0,0,0,0,0,12.995952,51.362919
30,19,9,0,8,4,3,5,3,0,0,1,0,0,0,0,1,12.623026,51.457882
22,19,8,0,17,3,3,5,2,0,0,1,1,0,0,0,0,13.348354,50.911553
24,19,10,0,16,3,2,6,4,0,0,1,0,1,0,0,0,12.757083,50.863002
13,19,9,0,20,4,3,5,3,2,1,1,1,0,0,0,0,12.297506,51.337323
27,19,10,0,17,3,3,0,2,1,0,1,1,0,0,0,0,13.63527,51.107414
30,19,10,0,11,2,3,5,3,0,0,1,1,0,0,0,0,12.336145,51.534253
23,19,8,0,21,7,2,0,7,2,0,1,0,0,0,0,0,12.125987,50.49407
26,19,10,0,19,6,3,0,1,2,0,1,0,0,0,0,0,14.529689,51.537428
26,19,9,0,18,5,2,0,1,0,0,1,0,0,0,0,0,14.758471,51.515509
30,19,10,0,14,2,3,5,3,0,0,1,1,0,0,0,0,12.482763,51.375287
29,19,10,0,12,2,2,3,2,0,0,1,1,0,0,0,0,12.549547,51.235466
12,19,9,0,15,1,3,5,3,0,0,1,1,0,0,0,0,13.703815,51.087783
30,19,9,0,14,4,3,0,3,0,1,1,1,0,0,0,0,12.241901,51.403999
12,19,10,0,6,2,3,5,3,0,0,1,0,0,0,0,1,13.774084,51.112605
26,19,10,0,15,2,3,6,6,0,0,1,0,1,0,0,0,14.793402,50.899607
26,19,9,0,10,4,2,0,1,0,1,1,0,0,0,0,0,14.68746,51.541868
27,19,9,0,8,2,3,3,6,0,0,1,1,0,0,0,0,13.554291,51.173636
29,19,10,0,10,3,3,5,3,0,0,1,0,0,1,0,0,12.544422,51.351707
22,19,10,0,14,3,3,0,7,0,0,1,0,0,0,0,0,13.078361,50.849519
13,19,8,0,14,2,3,5,2,0,0,1,1,0,0,0,0,12.394482,51.394674
13,19,9,0,13,4,3,5,2,0,0,1,1,0,0,0,0,12.393414,51.344513
11,19,8,0,7,6,3,0,2,0,0,1,0,0,0,0,1,12.926642,50.845713
26,19,10,0,19,5,2,3,2,2,0,1,1,0,0,0,0,14.971465,51.145979
28,19,9,0,10,4,3,3,6,0,1,1,0,0,1,0,0,13.655268,50.993514
12,19,9,0,14,4,3,1,3,0,1,1,0,0,0,0,1,13.705728,51.051249
12,19,9,0,7,4,3,5,3,0,1,1,1,0,0,0,0,13.73583,51.072599
26,19,10,0,18,3,3,5,3,2,0,1,1,0,0,0,0,14.972515,51.161928
12,19,10,0,18,4,2,5,3,2,0,1,1,0,0,0,0,13.706389,51.045669
12,19,9,0,14,4,3,5,2,0,0,1,0,0,0,0,1,13.703619,51.034665
12,19,9,0,17,4,3,3,2,0,0,1,1,0,0,0,0,13.740256,51.064668
27,19,10,0,14,7,3,5,3,0,0,1,1,0,0,0,0,13.640176,51.106628
12,19,9,0,16,4,2,5,3,0,0,1,0,0,0,0,1,13.716498,51.077616
26,19,9,0,14,4,3,5,3,0,0,1,0,0,0,0,1,14.963376,51.344663
12,19,8,0,7,2,3,0,1,1,0,1,0,0,0,0,0,13.812477,51.063798
25,19,9,0,7,4,2,4,2,0,0,1,1,0,0,0,0,14.428095,51.180869
27,19,10,0,14,4,3,3,6,0,0,1,1,0,0,0,0,13.4853,51.154504
28,19,9,0,18,4,2,2,6,0,0,1,1,0,0,0,0,14.243396,50.947665
12,19,9,0,23,2,3,4,6,2,0,1,0,0,0,0,0,13.72716,51.057901
12,19,8,0,13,6,3,0,1,0,0,1,0,0,0,0,0,13.700089,51.015992
24,19,9,0,13,4,3,5,3,0,0,1,1,0,0,0,0,12.494552,50.739332
23,19,9,0,15,3,2,0,3,0,0,1,1,0,0,0,0,12.312573,50.538361
12,19,9,0,10,4,3,5,2,0,0,1,0,0,0,1,0,13.756115,51.077136
12,19,10,0,14,5,3,5,3,0,0,1,1,0,0,0,0,13.679205,51.06289
21,19,10,0,15,1,3,3,6,0,0,1,1,0,0,0,0,12.654887,50.717874
24,19,8,0,8,5,2,8,1,0,0,1,0,0,0,0,0,12.741079,50.854768
12,19,10,0,8,4,3,5,3,0,1,1,1,0,0,0,0,13.729387,51.070389
24,19,8,0,9,5,3,0,3,0,1,1,1,0,0,0,0,12.754091,50.864539