CSV=`UKREIS,UJAHR,UMONAT,UTAG,USTUNDE,UWOCHENTAG,UKATEGORIE,UART,UTYP,LICHT,USTRZUSTAND,IstRad,IstPKW,IstFuss,IstKrad,IstGkfz,IstSonstig,@lon,@lat
13,19,9,0,10,3,3,5,3,0,0,1,1,0,0,0,0,12.377367,51.37587
12,19,10,0,8,3,2,5,3,0,0,1,1,0,0,0,0,13.738077,51.089983
25,19,9,0,9,1,3,5,3,0,0,1,1,0,0,0,0,13.958247,51.331859
29,19,8,0,16,5,3,0,7,0,0,1,0,0,0,0,0,12.597511,51.33089
22,19,9,0,18,4,1,2,6,0,0,1,1,0,0,0,0,12.927593,51.069615
13,19,8,0,8,5,3,3,2,0,0,1,1,0,0,0,0,12.376278,51.31483
21,19,8,0,5,2,2,3,6,2,0,1,0,0,0,0,1,12.697167,50.440013
26,19,9,0,16,3,3,2,6,0,0,1,0,0,0,0,1,14.64059,51.50383
26,19,9,0,14,3,3,5,3,0,0,1,0,0,0,0,0,14.629442,51.506408
26,19,10,0,19,6,3,4,2,2,0,1,1,0,0,0,0,14.617524,51.5078
12,19,10,0,10,7,3,5,3,0,0,1,1,0,0,0,0,13.773134,51.113896
25,19,10,0,11,1,3,5,3,0,0,1,1,0,0,0,0,14.251169,51.285796
30,19,10,0,7,2,2,5,3,0,0,1,1,0,0,0,0,12.632326,51.547837
12,19,10,0,10,2,3,5,3,0,0,1,1,0,0,0,0,13.689487,51.067658
25,19,10,0,14,6,3,1,5,0,0,1,1,0,0,0,0,13.91334,51.114495
12,19,9,0,15,3,3,0,1,0,0,1,0,0,0,0,0,13.72282,51.074688
26,19,10,0,2,1,2,8,1,2,0,1,0,0,0,0,0,14.654298,51.514668
12,19,9,0,10,3,3,0,1,0,0,1,0,0,0,0,0,13.784443,51.067064
27,19,8,0,9,5,3,5,3,0,0,1,1,0,0,0,0,13.453054,51.416216
13,19,8,0,15,1,3,3,2,0,0,1,1,0,0,0,0,12.313065,51.37672
11,19,9,0,8,3,3,5,2,0,0,1,1,0,0,0,0,12.909352,50.830824
24,19,10,0,8,2,3,8,7,0,0,1,0,0,0,0,0,12.474812,50.720481
12,19,8,0,10,5,3,5,2,0,0,1,1,0,0,0,0,13.662798,51.049457
28,19,9,0,13,1,2,5,3,0,1,1,1,0,0,0,0,13.835773,50.922668
12,19,8,0,14,5,2,5,2,0,0,1,1,0,0,0,0,13.736115,51.072285
23,19,10,0,18,6,3,7,7,2,0,1,0,0,0,0,0,12.012166,50.509442
26,19,8,0,19,1,3,1,5,1,0,1,1,0,0,0,0,14.823349,50.89813
21,19,10,0,10,1,3,3,6,0,0,1,1,0,0,0,0,12.648146,50.720823
28,19,10,0,15,2,3,3,6,0,0,1,0,0,0,0,1,13.673647,50.839519
13,19,9,0,5,3,3,5,3,2,0,1,1,0,0,0,0,12.285797,51.330929
24,19,9,0,7,2,2,0,2,0,0,1,0,0,0,1,0,12.478839,50.713234
29,19,10,0,8,7,3,5,3,0,0,1,1,0,0,0,0,12.608316,51.337898
13,19,9,0,19,3,3,3,2,1,0,1,0,0,0,0,1,12.443678,51.359926
26,19,8,0,12,1,3,5,3,0,0,1,1,0,0,0,0,14.7625,51.018488
12,19,10,0,16,4,3,0,1,0,0,1,0,0,0,0,0,13.701746,51.090973
26,19,10,0,20,7,2,3,6,2,0,1,1,0,0,0,0,14.557977,51.548129
13,19,9,0,8,2,3,5,3,0,0,1,1,0,0,0,0,12.365047,51.376147
28,19,9,0,12,3,3,0,1,0,0,1,0,0,0,0,0,14.217478,50.927899
27,19,9,0,7,3,2,5,2,0,0,1,1,0,0,0,0,13.534989,51.294399
25,19,10,0,18,6,3,4,2,0,1,1,1,0,0,0,0,14.248905,51.434976
24,19,8,0,15,4,3,5,3,0,0,1,1,0,0,0,0,12.386183,50.714466
25,19,8,0,2,1,2,0,1,2,0,1,0,0,0,0,0,14.331071,51.261679
12,19,9,0,11,3,3,5,2,0,0,1,1,0,0,0,0,13.722172,51.054043
12,19,9,0,6,3,3,5,2,0,1,1,1,0,0,0,0,13.731225,51.034357
25,19,10,0,12,3,3,4,2,0,0,1,1,0,0,0,0,14.248913,51.434982
28,19,8,0,15,1,3,2,6,0,0,1,1,0,0,0,0,13.94972,50.977766
13,19,8,0,16,4,3,5,3,0,0,1,1,0,0,0,0,12.364698,51.343129
12,19,9,0,13,2,2,5,2,0,0,1,0,0,0,1,0,13.738305,51.068959
23,19,9,0,8,3,3,3,6,0,0,1,1,0,0,0,0,12.334399,50.309129
21,19,9,0,15,3,2,3,2,0,0,1,1,0,0,0,0,12.817943,50.639088
28,19,8,0,15,1,3,8,1,0,0,1,0,0,0,0,0,13.797264,50.939339
12,19,10,0,10,6,2,5,3,0,0,1,0,0,0,0,1,13.731076,51.034444
28,19,8,0,14,4,3,5,3,0,0,1,1,0,0,0,0,13.955313,50.882544
26,19,8,0,3,7,3,0,1,2,0,1,0,0,0,0,0,14.630939,51.505994
28,19,8,0,16,4,3,5,2,0,0,1,1,0,0,0,0,13.657586,51.00695
12,19,8,0,16,1,3,0,1,0,0,1,0,0,0,0,0,13.746651,51.063798
30,19,10,0,15,1,3,3,6,0,1,1,0,0,0,0,0,12.659234,51.466819
13,19,10,0,18,5,3,5,3,2,1,1,0,0,0,0,1,12.39259,51.334094
13,19,10,0,15,5,3,6,4,0,1,1,0,1,0,0,0,12.346788,51.339601
21,19,8,0,11,1,3,0,1,0,0,1,0,0,0,0,0,12.970604,50.470349
12,19,8,0,8,4,3,5,2,0,0,1,0,0,0,0,1,13.772179,51.015017
13,19,10,0,15,5,3,3,2,0,1,1,1,0,0,0,0,12.424599,51.304656
25,19,10,0,9,6,3,5,3,0,0,1,1,0,0,0,0,14.236256,51.452571
12,19,8,0,6,4,3,5,2,0,0,1,1,0,0,0,0,13.786502,51.068402
23,19,10,0,20,1,3,5,7,0,1,1,1,0,0,0,0,12.11077,50.494241
26,19,9,0,12,1,3,0,1,0,0,1,0,0,0,0,0,14.625955,51.02815
25,19,9,0,15,1,3,0,1,0,0,1,0,0,0,0,0,14.013303,51.181697
30,19,8,0,14,7,3,3,6,0,0,1,1,0,0,0,0,12.470642,51.483504
30,19,8,0,13,3,2,5,3,0,0,1,1,0,0,0,0,12.568618,51.425095
22,19,9,0,16,2,3,5,2,0,0,1,1,0,0,0,0,13.011348,51.178396
13,19,9,0,6,2,3,5,3,0,0,1,1,0,0,0,0,12.461084,51.367446
21,19,8,0,12,7,3,5,3,0,0,1,1,0,0,0,0,12.753527,50.725061
25,19,8,0,11,3,3,5,3,0,0,1,1,0,0,0,0,14.431468,51.055523
12,19,9,0,16,1,3,5,3,0,0,1,1,0,0,0,0,13.672391,51.017235
25,19,8,0,8,3,2,3,2,0,0,1,1,0,0,0,0,14.434559,51.171017
27,19,9,0,6,2,3,4,6,2,1,1,0,0,0,0,0,13.297697,51.31212
28,19,8,0,16,3,3,3,6,0,0,1,1,0,0,0,0,13.930854,50.979014
22,19,9,0,15,1,3,0,6,0,0,1,1,0,0,0,0,12.705793,50.930855
12,19,8,0,14,3,3,2,2,0,0,1,1,0,0,0,0,13.701698,51.030929
28,19,10,0,15,5,2,5,3,0,0,1,1,0,0,0,0,14.241116,50.96772
26,19,9,0,12,3,3,0,7,0,1,1,0,0,0,0,1,14.508813,51.061563
12,19,9,0,14,2,3,5,2,0,1,1,0,0,0,0,1,13.762443,51.08502
27,19,10,0,11,4,3,5,3,0,0,1,1,0,0,0,0,13.580899,51.129589
12,19,8,0,8,7,2,5,2,0,0,1,0,0,0,0,0,13.74718,51.06366
22,19,10,0,19,4,3,5,2,2,0,1,1,0,0,0,0,13.242628,50.901712
22,19,8,0,14,3,3,2,6,0,0,1,1,0,0,0,0,12.853846,50.987143
22,19,8,0,21,3,2,3,3,1,0,1,1,0,0,0,0,13.400862,50.871465
22,19,8,0,15,3,2,0,7,0,0,1,0,0,0,0,0,13.329125,50.922424
22,19,9,0,0,1,1,0,7,2,0,1,1,0,0,0,0,12.948777,51.040333
21,19,10,0,15,6,2,5,3,0,0,1,1,0,0,0,0,12.767881,50.692089
25,19,10,0,21,6,3,7,7,2,0,1,0,0,0,0,0,14.337537,51.178645
29,19,9,0,14,7,3,4,2,0,0,1,1,0,0,0,0,12.385536,51.241022
30,19,10,0,16,5,3,5,3,0,0,1,1,0,0,0,0,12.479528,51.374098
23,19,8,0,18,3,3,4,2,0,0,1,0,0,0,0,1,12.397707,50.423453
11,19,8,0,10,3,3,5,2,0,0,1,1,0,0,0,0,12.93619,50.845314
11,19,8,0,10,7,2,3,6,0,0,1,1,0,0,0,0,12.816341,50.840638
24,19,8,0,18,2,3,4,6,0,0,1,0,0,0,0,0,12.52063,50.675204
13,19,9,0,7,1,3,5,3,0,0,1,1,0,0,0,0,12.445652,51.350654
21,19,10,0,16,3,3,5,3,0,0,1,1,0,0,0,0,12.965507,50.662195
24,19,8,0,19,2,3,0,1,0,0,1,0,0,0,0,0,12.707551,50.754192
28,19,9,0,23,7,2,8,1,2,0,1,0,0,0,0,0,13.983112,50.836168
12,19,10,0,17,2,3,5,2,2,0,1,1,0,0,0,0,13.719239,51.076451
28,19,10,0,12,3,2,5,3,0,0,1,0,0,0,1,0,13.863909,50.972539
28,19,8,0,18,2,3,5,3,0,0,1,1,0,0,0,0,13.943334,50.944191
12,19,9,0,12,7,3,5,2,0,0,1,1,0,0,0,0,13.739292,51.068349
12,19,10,0,15,7,3,5,2,0,0,1,1,0,0,0,0,13.884814,51.060929
28,19,9,0,12,1,3,0,1,0,0,1,0,0,0,0,0,13.581978,51.003432
25,19,10,0,5,4,2,3,6,2,1,1,0,0,0,1,0,13.946955,51.126771
24,19,9,0,14,6,3,3,6,0,0,1,0,0,0,0,1,12.609894,50.668179
25,19,10,0,17,4,3,6,7,0,0,1,0,1,0,0,0,14.215686,51.423973
29,19,9,0,18,2,3,5,3,0,0,1,1,0,0,0,0,12.49268,51.124701
30,19,8,0,13,6,2,5,3,0,0,1,0,0,0,0,1,12.591292,51.592701
12,19,8,0,16,2,3,2,2,0,0,1,1,0,0,0,0,13.705079,51.037085
24,19,9,0,18,6,2,5,3,0,0,1,1,0,0,0,0,12.459277,50.706993
12,19,10,0,9,4,3,0,1,0,1,1,0,0,0,0,0,13.737878,51.029028
29,19,9,0,16,6,3,5,3,0,0,1,1,0,0,0,0,12.230317,51.309096
29,19,9,0,0,7,2,2,6,2,0,1,0,0,0,0,0,12.604386,51.134401
30,19,10,0,12,5,2,5,3,0,0,1,1,0,0,0,0,12.597171,51.589921
28,19,10,0,16,7,3,3,6,0,0,1,0,0,0,0,0,13.777798,50.961315
25,19,9,0,0,7,2,0,1,2,0,1,0,0,0,0,0,14.40437,51.157513
13,19,8,0,18,6,3,5,3,0,0,1,1,0,0,0,0,12.529596,51.327674
26,19,9,0,15,6,3,5,3,0,0,1,1,0,0,0,0,14.815465,51.293849
11,19,10,0,12,5,3,5,3,0,0,1,1,0,0,0,0,12.944192,50.848567
25,19,8,0,16,1,3,3,6,0,0,1,0,0,0,0,0,14.551338,51.286632
27,19,10,0,12,7,3,0,1,0,0,1,0,0,0,0,0,13.474014,51.157165
12,19,8,0,11,1,3,4,1,0,0,1,0,0,0,0,0,13.721891,51.046478
13,19,10,0,15,3,3,5,2,0,0,1,1,0,0,0,0,12.395162,51.339181
13,19,8,0,6,7,3,0,1,0,0,1,0,0,0,0,0,12.385781,51.376143
12,19,8,0,1,1,3,5,3,2,0,1,1,0,0,0,0,13.746707,51.051396
22,19,9,0,12,7,3,0,5,0,0,1,1,0,0,0,0,13.1006,51.125328
12,19,8,0,12,1,2,5,2,0,1,1,0,0,1,0,0,13.741591,51.046474
12,19,9,0,10,6,3,5,2,0,0,1,1,0,0,0,0,13.721663,51.047277
22,19,9,0,12,7,3,5,3,0,0,1,1,0,0,0,0,13.091423,51.124892
25,19,10,0,20,6,3,4,2,2,0,1,1,0,0,0,0,14.430423,51.180972
26,19,10,0,15,3,3,5,3,0,0,1,1,0,0,0,0,14.972202,51.164204
12,19,9,0,14,6,3,5,2,0,0,1,1,0,0,0,0,13.715946,51.036966
11,19,9,0,15,7,3,0,7,0,1,1,0,0,0,0,0,12.877636,50.887231
21,19,8,0,13,1,2,3,2,0,0,1,1,0,0,0,0,12.733714,50.563821
11,19,9,0,18,6,2,0,7,0,0,1,0,0,0,0,0,12.867311,50.881093
12,19,10,0,15,4,3,0,2,0,0,1,1,0,0,0,0,13.755521,51.076628
27,19,8,0,14,6,3,5,3,0,0,1,1,0,0,0,0,13.496411,51.166774
25,19,10,0,18,3,3,5,3,2,0,1,1,0,0,0,0,14.441268,51.141334
11,19,8,0,22,1,2,8,1,2,1,1,0,0,0,0,0,12.915148,50.829072
12,19,10,0,16,3,3,0,1,0,0,1,0,0,0,0,0,13.70194,51.090841
21,19,8,0,13,1,1,3,6,0,0,1,0,0,1,0,0,12.512758,50.475961
12,19,10,0,16,3,3,5,3,0,0,1,1,0,0,0,0,13.793607,51.12919
12,19,9,0,13,2,2,0,1,0,0,1,0,0,0,0,0,13.804044,50.994895
12,19,8,0,9,6,2,5,2,0,0,1,1,0,0,0,0,13.724414,51.033051
11,19,10,0,15,3,3,5,3,0,0,1,1,0,0,0,0,12.927381,50.828606
27,19,8,0,9,7,2,2,6,0,0,1,1,0,0,0,0,13.444841,51.291855
12,19,8,0,20,6,3,5,3,0,0,1,1,0,0,0,0,13.824029,51.057813
24,19,9,0,11,5,3,0,2,0,0,1,1,0,0,0,0,12.486872,50.722348
28,19,9,0,11,6,3,3,6,0,0,1,1,0,0,0,0,13.944795,50.956964
30,19,9,0,13,5,2,0,7,0,0,1,0,0,0,0,0,12.623974,51.457842
29,19,9,0,7,5,3,5,3,0,0,1,1,0,0,0,0,12.505098,51.130054
12,19,9,0,14,6,3,5,3,0,0,1,1,0,0,0,0,13.701796,51.059181
12,19,8,0,14,6,3,5,3,0,0,1,1,0,0,0,0,13.874679,51.060557
12,19,9,0,14,6,2,1,1,0,0,1,1,0,0,0,0,13.609763,51.07866
11,19,8,0,16,6,3,5,3,0,0,1,1,0,0,0,0,12.90311,50.825377
26,19,8,0,17,7,3,8,6,0,0,1,0,0,0,0,0,14.645481,51.508455
28,19,10,0,13,1,3,0,1,0,0,1,0,0,0,0,0,13.935157,50.967302
28,19,10,0,13,6,2,0,7,0,0,1,0,0,0,0,0,13.889596,50.946551
28,19,9,0,10,5,2,2,6,0,0,1,1,0,0,0,0,13.97267,50.950866
12,19,10,0,11,1,3,0,1,0,0,1,0,0,0,0,0,13.763834,51.087363
28,19,9,0,19,4,3,1,1,1,0,1,1,0,0,0,0,13.655636,51.004858
28,19,9,0,14,5,3,5,2,0,0,1,1,0,0,0,0,13.933491,50.966773
27,19,9,0,7,5,3,5,3,0,0,1,1,0,0,0,0,13.665452,51.104879
28,19,8,0,9,7,2,5,3,0,0,1,1,0,0,0,0,14.239133,50.946502
27,19,9,0,12,5,2,6,4,0,0,1,0,1,0,0,0,13.474095,51.163836
11,19,10,0,17,6,2,4,2,0,0,1,1,0,0,0,0,12.943207,50.831384
12,19,10,0,6,2,2,5,3,2,0,1,1,0,0,0,0,13.689307,51.067714
27,19,9,0,20,5,2,0,7,2,0,1,1,0,0,0,0,13.448591,51.412965
13,19,8,0,14,5,3,4,3,0,0,1,0,0,0,0,0,12.411943,51.314637
22,19,10,0,15,5,2,5,3,0,0,1,1,0,0,0,0,13.107555,51.122988
13,19,9,0,9,2,3,6,3,0,0,1,0,1,0,0,0,12.358697,51.34199
12,19,10,0,13,4,3,2,6,0,0,1,1,0,0,0,0,13.75761,51.063327
29,19,10,0,11,3,3,5,2,0,0,1,1,0,0,0,0,12.494743,51.125497
29,19,9,0,15,2,3,5,3,0,0,1,1,0,0,0,0,12.377616,51.271804
26,19,9,0,7,5,3,5,3,0,0,1,1,0,0,0,0,14.643374,51.506593
25,19,9,0,11,5,2,5,3,0,0,1,1,0,0,0,0,14.435715,51.171939
28,19,9,0,12,5,3,5,2,0,0,1,1,0,0,0,0,14.150717,50.990501
24,19,10,0,6,3,2,4,2,1,0,1,1,0,0,0,0,12.452064,50.844442
23,19,8,0,13,7,3,5,2,0,0,1,1,0,0,0,0,12.12306,50.512306
25,19,10,0,16,6,3,5,3,0,0,1,1,0,0,0,0,14.006843,51.245504
26,19,11,0,14,5,3,5,3,0,0,1,1,0,0,0,0,14.812775,50.903765
27,19,11,0,12,5,3,0,1,0,0,1,0,0,0,0,0,13.382515,51.301569
28,19,11,0,16,5,3,0,1,1,0,1,0,0,0,0,0,13.931094,50.95948
28,19,11,0,7,5,2,8,1,1,2,1,0,0,0,0,0,13.913922,50.898443
22,19,11,0,16,5,3,0,7,2,0,1,0,0,0,0,0,13.446998,50.880217
22,19,11,0,17,5,3,5,3,2,0,1,1,0,0,0,0,13.104994,51.122398
11,19,11,0,16,5,3,3,2,1,0,1,1,0,0,0,0,12.927798,50.834965
27,19,11,0,22,4,2,5,3,2,0,1,1,0,0,0,0,13.293988,51.310414
12,19,11,0,6,4,3,0,1,1,1,1,0,0,0,0,0,13.700109,51.016003
13,19,11,0,13,3,3,5,3,0,0,1,0,0,0,0,1,12.338298,51.335387
25,19,11,0,12,3,2,2,6,0,0,1,1,0,0,0,0,14.401398,51.179841
28,19,11,0,8,3,3,5,3,0,0,1,1,0,0,0,0,13.650981,51.001221
12,19,11,0,20,3,3,3,3,2,0,1,1,0,0,0,0,13.886896,51.063056
29,19,11,0,16,2,3,3,2,0,0,1,1,0,0,0,0,12.481722,51.069473
12,19,11,0,14,2,3,5,2,0,0,1,1,0,0,0,0,13.750646,51.071327
12,19,11,0,13,2,3,5,3,0,0,1,1,0,0,0,0,13.790419,51.119099
27,19,11,0,15,1,3,5,3,0,0,1,1,0,0,0,0,13.636695,51.27356
22,19,11,0,20,1,3,2,6,2,0,1,1,0,0,0,0,13.215456,50.877841
30,19,11,0,14,6,3,3,2,0,0,1,0,0,0,1,0,12.486512,51.376646
25,19,11,0,19,6,2,4,2,2,0,1,1,0,0,0,0,14.106607,51.273241
25,19,11,0,6,6,3,3,2,1,0,1,1,0,0,0,0,14.040278,51.175983
12,19,11,0,17,6,2,0,1,1,0,1,0,0,0,0,0,13.742602,51.057378
12,19,11,0,11,6,3,0,1,0,0,1,0,0,0,0,0,13.8094,51.064747
24,19,11,0,6,5,3,4,2,0,0,1,1,0,0,0,0,12.426255,50.692608
22,19,11,0,0,5,2,0,1,2,1,1,0,0,0,0,0,12.794076,51.050745
21,19,11,0,11,5,3,3,2,0,0,1,1,0,0,0,0,13.017307,50.594482
26,19,11,0,9,4,2,0,7,0,0,1,0,0,0,0,0,14.824951,51.291631
12,19,11,0,17,4,3,0,5,2,0,1,1,0,0,0,0,13.699823,51.043683
23,19,11,0,9,3,3,5,3,0,0,1,1,0,0,0,0,12.136346,50.507067
13,19,11,0,19,3,3,5,3,2,1,1,1,0,0,0,0,12.326816,51.337794
28,19,11,0,11,3,3,5,3,0,0,1,1,0,0,0,0,13.934467,50.967423
12,19,11,0,15,3,3,6,4,0,0,1,0,1,0,0,0,13.720611,51.034742
12,19,11,0,4,3,3,5,3,2,0,1,0,0,0,0,1,13.777806,51.012784
28,19,11,0,5,3,2,4,6,1,0,1,0,0,0,0,0,13.856227,50.968693
29,19,11,0,12,2,1,2,6,0,0,1,1,0,0,0,0,12.66131,51.359698
28,19,11,0,18,2,3,0,1,1,1,1,0,0,0,0,0,13.866268,50.963252
27,19,11,0,11,2,3,5,3,0,0,1,1,0,0,0,0,13.581781,51.131361
12,19,11,0,6,2,3,5,3,2,1,1,1,0,0,0,0,13.718044,51.038824
26,19,11,0,14,1,3,2,6,0,0,1,1,0,0,0,0,14.725849,51.541908
29,19,11,0,19,7,3,0,1,2,0,1,0,0,0,0,0,12.556698,51.158326
28,19,11,0,9,7,3,5,3,0,1,1,1,0,0,0,0,13.652514,50.99594
28,19,11,0,15,7,2,5,3,0,0,1,1,0,0,0,0,13.858653,50.976361
11,19,11,0,13,7,3,0,7,0,0,1,0,1,0,0,0,12.919404,50.830101
24,19,11,0,19,6,2,8,1,2,1,1,1,0,0,0,0,12.449737,50.720028
13,19,11,0,11,6,3,5,3,0,0,1,1,0,0,0,0,12.452254,51.350337
27,19,11,0,13,6,3,5,3,0,0,1,1,0,0,0,0,13.295841,51.303263
11,19,11,0,16,6,2,3,6,1,0,1,0,0,0,1,0,12.925762,50.786231
29,19,10,0,7,4,3,0,3,0,1,1,1,0,0,0,0,12.724931,51.383954
27,19,11,0,10,5,3,3,6,0,0,1,1,0,0,0,0,13.525486,51.251978
12,19,11,0,13,5,3,0,1,0,0,1,0,0,0,0,0,13.775155,51.110338
12,19,11,0,6,5,2,5,3,2,1,1,1,0,0,0,0,13.701992,51.032486
29,19,11,0,7,4,3,5,3,1,0,1,1,0,0,0,0,12.410033,51.198009
13,19,11,0,23,4,2,5,3,2,0,1,1,0,0,0,0,12.370882,51.344101
28,19,11,0,11,4,3,0,7,0,0,1,0,0,0,0,0,13.934455,50.965583
22,19,11,0,15,4,3,5,3,0,1,1,1,0,0,0,0,13.33776,50.919674
12,19,11,0,8,3,3,7,7,0,0,1,0,0,0,0,0,13.734733,51.126072
12,19,11,0,7,3,2,5,2,1,0,1,1,0,0,0,0,13.691109,51.042651
24,19,11,0,20,2,3,0,1,2,1,1,0,0,0,0,0,12.490263,50.736193
29,19,11,0,6,2,3,5,3,2,1,1,1,0,0,0,0,12.736206,51.372655
29,19,11,0,16,2,3,5,3,0,0,1,1,0,0,0,0,12.505101,51.130064
26,19,11,0,6,2,3,3,2,2,1,1,1,0,0,0,0,14.970382,51.150832
22,19,11,0,7,2,3,5,3,1,0,1,1,0,0,0,0,13.104808,51.122179
23,19,11,0,13,1,3,3,6,0,0,1,1,0,0,0,0,12.189682,50.493363
11,19,12,0,15,1,3,8,7,0,0,1,0,0,0,0,0,12.852827,50.881451
26,19,11,0,4,7,2,0,1,2,0,1,0,0,0,0,0,14.934358,51.028213
29,19,12,0,7,7,2,5,2,1,0,1,1,0,0,0,0,12.377241,51.272608
28,19,12,0,18,7,2,0,1,2,1,1,0,0,0,0,0,13.873267,50.9398
12,19,12,0,17,7,3,0,1,2,1,1,0,0,0,0,0,13.750652,51.071333
22,19,12,0,15,7,3,5,3,0,1,1,1,0,0,0,0,13.336063,50.91353
23,19,11,0,15,6,3,5,3,0,0,1,1,0,0,0,0,12.432445,50.354319
13,19,11,0,16,6,3,7,7,2,1,1,0,0,0,0,0,12.410678,51.34997
13,19,12,0,8,6,3,3,6,0,0,1,0,0,0,0,0,12.357752,51.341823
27,19,11,0,8,6,3,5,3,0,0,1,0,0,0,0,1,13.580978,51.129777
12,19,11,0,16,6,3,5,2,0,0,1,1,0,0,0,0,13.730781,51.030034
29,19,12,0,9,6,2,5,3,0,0,1,1,0,0,0,0,12.486947,51.121477
25,19,12,0,16,6,3,5,3,2,1,1,1,0,0,0,0,14.104055,51.279888
22,19,11,0,19,6,2,8,1,2,0,1,0,0,0,0,0,13.345625,50.895725
27,19,12,0,16,6,2,0,1,2,0,1,0,0,0,0,0,13.566745,51.152319
12,19,12,0,9,6,3,5,3,0,0,1,1,0,0,0,0,13.734181,51.029357
12,19,12,0,5,6,3,5,2,2,0,1,1,0,0,0,0,13.737919,51.061597
22,19,12,0,11,6,3,0,3,0,0,1,1,0,0,0,0,13.074549,50.852457
13,19,11,0,6,5,3,4,2,2,1,1,1,0,0,0,0,12.331961,51.335916
11,19,12,0,11,6,3,2,6,0,0,1,1,0,0,0,0,12.807323,50.805457
30,19,12,0,10,5,2,4,2,0,0,1,1,0,0,0,0,13.108313,51.303621
12,19,12,0,13,5,3,5,3,0,0,1,1,0,0,0,0,13.768257,51.015701
12,19,11,0,15,5,3,5,3,0,1,1,1,0,0,0,0,13.731234,51.024837
23,19,12,0,16,4,3,0,7,0,0,1,0,0,0,0,0,12.11553,50.520814
12,19,11,0,7,5,3,5,3,1,1,1,1,0,0,0,0,13.700581,51.032182
24,19,12,0,7,4,2,5,3,1,0,1,1,0,0,0,0,12.784198,50.853897
29,19,12,0,17,4,3,5,3,2,0,1,1,0,0,0,0,12.792657,51.261973
13,19,12,0,16,4,3,5,3,0,0,1,1,0,0,0,0,12.331961,51.335916
25,19,12,0,18,4,3,5,3,2,1,1,1,0,0,0,0,13.821484,51.17001
28,19,12,0,14,4,3,5,2,0,0,1,1,0,0,0,0,13.876168,50.968407
28,19,12,0,13,4,3,7,7,0,0,1,0,0,0,0,0,13.906825,50.88928
27,19,12,0,8,4,3,5,3,0,0,1,1,0,0,0,0,13.575055,51.13837
30,19,11,0,8,3,3,3,2,0,1,1,1,0,0,0,0,12.649248,51.464238
24,19,12,0,6,3,3,4,2,2,1,1,1,0,0,0,0,12.476608,50.720388
26,19,12,0,5,3,3,0,3,2,2,1,1,0,0,0,0,14.843027,50.910128
25,19,12,0,16,3,3,3,2,1,0,1,1,0,0,0,0,14.422874,51.168211
12,19,12,0,17,3,3,2,6,2,0,1,1,0,0,0,0,13.74694,51.065696
12,19,12,0,17,3,2,5,3,2,0,1,1,0,0,0,0,13.725002,51.043915
27,19,12,0,6,3,2,5,2,2,1,1,0,0,0,0,1,13.54713,51.129413
12,19,12,0,16,3,2,2,2,1,0,1,1,0,0,0,0,13.678713,51.063226
12,19,11,0,13,3,3,3,2,0,0,1,1,0,0,0,0,13.738388,51.063962
12,19,11,0,12,3,3,6,4,0,0,1,0,1,0,0,0,13.724996,51.044803
13,19,12,0,5,2,3,5,3,2,0,1,1,0,0,0,0,12.395014,51.342782
30,19,11,0,11,2,2,5,3,0,1,1,1,0,0,0,0,12.995621,51.557603
12,19,12,0,15,2,3,4,6,0,0,1,0,0,0,0,0,13.641343,51.086352
12,19,12,0,15,1,3,5,3,0,1,1,1,0,0,0,0,13.700447,51.029074
28,19,11,0,13,2,3,5,2,0,1,1,1,0,0,0,0,13.861552,50.974235
24,19,11,0,17,7,3,9,1,2,0,1,0,0,0,0,0,12.3785,50.784563
28,19,11,0,20,7,2,0,1,2,1,1,0,0,0,0,0,13.849779,50.980996
22,19,11,0,13,2,3,4,2,0,1,1,1,0,0,0,0,13.338413,50.913483
24,19,11,0,5,6,2,5,3,2,1,1,1,0,0,0,0,12.464981,50.70894
12,19,11,0,12,1,3,5,3,0,0,1,1,0,0,0,0,13.72042,51.051239
12,19,11,0,10,7,3,5,3,0,0,1,1,0,0,0,0,13.742025,51.064675
27,19,11,0,5,6,2,3,6,2,1,1,0,0,0,1,0,13.544342,51.194698
30,19,11,0,14,5,3,5,3,0,0,1,1,0,0,0,0,13.000789,51.554886
24,19,11,0,14,6,3,0,1,0,0,1,0,0,0,0,0,12.484465,50.760207
23,19,11,0,23,6,3,5,3,2,1,1,1,0,0,0,0,12.168463,50.414851
13,19,11,0,7,5,3,3,2,0,1,1,1,0,0,0,0,12.270993,51.317605
25,19,11,0,22,5,3,7,7,2,1,1,0,0,0,0,0,14.235669,51.410005
27,19,11,0,10,5,3,5,2,0,0,1,1,0,0,0,0,13.581032,51.129761
23,19,12,0,13,2,2,5,3,0,1,1,1,0,0,0,0,12.102307,50.532549
25,19,12,0,11,2,3,5,3,0,0,1,1,0,0,0,0,14.244221,51.381412
11,19,12,0,15,1,3,8,7,0,1,1,0,0,0,0,0,13.032541,50.801904
24,19,12,0,9,6,3,4,2,0,1,1,0,0,0,0,1,12.567233,50.819391
29,19,12,0,6,6,3,4,6,2,1,1,0,0,0,0,0,12.59255,51.348857
26,19,12,0,12,6,2,2,6,0,1,1,1,0,0,0,0,14.834806,51.291856