CSV=`UKREIS,UJAHR,UMONAT,UTAG,USTUNDE,UWOCHENTAG,UKATEGORIE,UART,UTYP,LICHT,USTRZUSTAND,IstRad,IstPKW,IstFuss,IstKrad,IstGkfz,IstSonstig,@lon,@lat
28,19,12,0,12,6,3,0,1,0,0,1,0,0,0,0,0,14.132467,50.925844
12,19,12,0,17,6,3,5,2,2,0,1,1,0,0,0,0,13.741165,51.046279
22,19,12,0,9,6,2,5,3,0,1,1,1,0,0,0,0,13.050636,51.11814
30,19,12,0,10,5,3,0,3,0,0,1,1,0,0,0,0,12.995058,51.557462
25,19,12,0,7,5,3,0,1,1,2,1,0,0,0,0,0,14.433926,51.04746
12,19,12,0,6,5,3,5,2,2,0,1,1,0,0,0,0,13.731793,51.025268
24,19,12,0,11,4,3,5,3,0,0,1,1,0,0,0,0,12.515523,50.676179
28,19,12,0,15,4,3,5,3,0,1,1,0,0,0,0,0,13.865378,50.960831
12,19,12,0,14,4,3,5,3,0,0,1,1,0,0,0,0,13.646138,51.08484
22,19,12,0,7,4,3,5,3,2,0,1,1,0,0,0,0,13.416625,50.937722
30,19,12,0,14,3,3,5,3,0,0,1,1,0,0,0,0,12.479514,51.374093
28,19,12,0,9,3,3,3,6,0,0,1,1,0,0,0,0,13.904584,50.966115
12,19,12,0,17,3,3,5,3,2,0,1,1,0,0,0,0,13.672389,51.017235
12,19,12,0,15,3,3,6,4,0,0,1,0,1,0,0,0,13.724996,51.044802
12,19,12,0,14,3,3,5,3,0,0,1,1,0,0,0,0,13.700559,51.059345
12,19,12,0,8,3,3,5,3,0,1,1,0,0,0,0,1,13.731071,51.034434
12,19,12,0,16,3,3,5,2,2,0,1,1,0,0,0,0,13.720667,51.049287
13,19,12,0,10,2,3,5,3,0,1,1,1,0,0,0,0,12.37647,51.314942
24,19,12,0,15,2,2,4,2,0,0,1,1,0,0,0,0,12.63839,50.777401
13,19,12,0,14,2,3,5,3,0,0,1,1,0,0,0,0,12.439122,51.294849
12,19,12,0,17,2,3,5,3,2,0,1,1,0,0,0,0,13.733383,51.038969
13,19,12,0,17,7,3,5,3,2,1,1,1,0,0,0,0,12.373437,51.314923
12,19,12,0,15,6,2,5,3,0,1,1,1,0,0,0,0,13.682373,51.036321
12,19,12,0,7,6,2,6,4,2,0,1,0,1,0,0,0,13.738908,51.044345
12,19,12,0,17,6,3,5,2,2,1,1,1,0,0,0,0,13.759454,51.080721
28,19,12,0,5,5,3,3,6,2,0,1,1,0,0,0,0,13.784592,50.97467
26,19,12,0,18,2,3,5,3,2,0,1,1,0,0,0,0,14.795097,50.899508
12,19,12,0,8,5,3,3,2,0,1,1,1,0,0,0,0,13.713289,51.0812
24,19,12,0,1,1,2,0,7,2,0,1,0,0,0,0,0,12.720605,50.791859
26,19,12,0,12,4,3,5,3,0,0,1,1,0,0,0,0,14.807484,50.89908
27,19,12,0,13,1,2,5,3,0,0,1,1,0,0,0,0,13.300356,51.30416
12,19,12,0,16,4,2,5,3,2,0,1,1,0,0,0,0,13.718037,51.035896
12,19,12,0,16,4,3,6,4,1,0,1,0,1,0,0,0,13.752833,51.062931
12,19,12,0,18,4,3,5,2,2,0,1,1,0,0,0,0,13.729849,51.082673
26,19,12,0,6,7,3,5,3,2,1,1,1,0,0,0,0,14.967639,51.331119
12,19,12,0,20,4,3,0,7,2,0,1,0,0,0,0,0,13.764222,51.089408
30,19,12,0,18,3,2,3,6,2,0,1,1,0,0,0,0,13.165448,51.25207
22,19,12,0,10,6,3,0,7,0,1,1,0,0,0,0,0,13.116121,51.119791
29,19,12,0,7,2,3,5,3,2,1,1,1,0,0,0,0,12.606593,51.338815
30,19,12,0,17,2,2,5,2,2,1,1,0,0,0,1,0,12.99685,51.557509
25,19,12,0,18,2,3,4,6,2,1,1,0,0,0,0,0,14.399467,51.208391
25,19,12,0,15,2,3,6,4,0,0,1,0,1,0,0,0,14.17606,51.125495
28,19,12,0,7,2,3,0,1,2,1,1,0,0,0,0,0,13.959199,50.956282
27,19,12,0,7,2,3,0,1,0,1,1,0,0,0,0,0,13.580396,51.127282
12,19,12,0,17,2,3,6,4,2,1,1,0,1,0,0,0,13.760142,51.023377
12,19,12,0,8,2,3,5,3,0,0,1,1,0,0,0,0,13.72136,51.041766
12,19,12,0,7,2,2,5,3,1,1,1,1,0,0,0,0,13.74203,51.064674
13,19,12,0,23,3,2,0,7,2,1,1,0,0,0,0,0,12.406319,51.319399
11,19,12,0,15,2,3,5,3,0,0,1,1,0,0,0,0,12.957702,50.813198
26,19,12,0,8,3,2,0,7,0,1,1,0,0,0,0,0,14.68557,51.343271
25,19,12,0,1,1,3,6,6,2,0,1,0,1,0,0,0,13.895787,51.157096
26,19,12,0,11,1,3,7,7,0,0,1,0,0,0,0,0,14.745838,51.288804
21,19,12,0,10,3,2,7,7,0,1,1,0,1,0,0,0,12.724296,50.662683
13,19,1,0,11,5,3,6,4,0,0,1,0,1,0,0,0,12.326164,51.302341
12,19,1,0,4,4,3,0,7,2,0,1,0,0,0,0,0,13.72656,51.031518
13,19,1,0,12,6,3,4,2,0,1,1,1,0,0,0,0,12.338061,51.369607
13,19,1,0,18,6,3,5,3,2,1,1,1,0,0,0,0,12.383868,51.351986
12,19,1,0,18,3,2,0,1,2,1,1,0,0,0,0,0,13.785019,51.029053
24,19,1,0,13,6,3,6,7,0,1,1,0,1,0,0,0,12.546981,50.827915
13,19,1,0,13,6,3,5,3,0,1,1,1,0,0,0,0,12.371104,51.339789
12,19,1,0,7,6,3,0,1,0,1,1,0,0,0,0,0,13.806171,51.011482
29,19,1,0,13,6,3,5,3,0,1,1,1,0,0,0,0,12.245555,51.162041
27,19,1,0,7,2,3,0,1,0,2,1,0,0,0,0,0,13.292005,51.297944
13,19,1,0,7,4,3,5,3,1,1,1,1,0,0,0,0,12.373453,51.322102
12,19,1,0,15,5,3,0,7,0,0,1,1,0,0,0,0,13.76382,51.044043
12,19,1,0,15,6,3,5,3,0,1,1,1,0,0,0,0,13.749142,51.057671
12,19,1,0,18,3,3,5,3,2,0,1,1,0,0,0,0,13.725166,51.050253
24,19,1,0,15,4,2,5,3,0,0,1,1,0,0,0,0,12.388488,50.8072
30,19,1,0,11,7,3,5,3,0,0,1,1,0,0,0,0,12.591869,51.598623
27,19,1,0,16,3,3,5,3,2,1,1,1,0,0,0,0,13.229481,51.233184
13,19,1,0,14,3,3,3,6,0,1,1,0,0,0,0,1,12.405856,51.344533
13,19,1,0,16,5,3,1,5,1,0,1,1,0,0,0,0,12.366461,51.332001
25,19,1,0,14,7,3,5,3,0,1,1,1,0,0,0,0,14.240677,51.437644
13,19,1,0,17,5,3,5,3,2,0,1,1,0,0,0,0,12.377912,51.334019
13,19,1,0,6,3,3,5,2,2,0,1,1,0,0,0,0,12.376898,51.325104
12,19,1,0,16,6,3,3,2,2,1,1,1,0,0,0,0,13.749178,51.03359
12,19,1,0,18,5,3,2,2,2,0,1,1,0,0,0,0,13.78116,51.043022
27,19,1,0,12,5,3,0,7,0,1,1,0,0,0,0,0,13.267263,51.303338
12,19,1,0,10,5,3,5,3,0,1,1,1,0,0,0,0,13.78949,51.018324
12,19,1,0,8,2,2,0,1,0,2,1,0,0,0,0,0,13.769966,51.049373
25,19,1,0,9,2,2,8,1,0,1,1,0,0,0,0,0,14.261165,51.434032
27,19,1,0,14,2,3,4,5,0,1,1,1,0,0,0,0,13.57507,51.122723
12,19,1,0,18,6,3,6,6,1,0,1,0,1,0,0,0,13.664366,51.04608
28,19,1,0,14,2,2,9,1,0,0,1,0,0,0,0,0,13.71456,51.000331
13,19,1,0,0,1,3,1,1,2,1,1,1,0,0,0,0,12.377052,51.366702
12,19,1,0,7,4,3,5,3,2,2,1,1,0,0,0,0,13.809205,51.047392
12,19,1,0,16,4,3,5,2,2,1,1,1,0,0,0,0,13.777627,51.056081
12,19,1,0,17,7,3,5,3,2,1,1,1,0,0,0,0,13.791342,51.046753
13,19,1,0,7,2,3,0,1,0,2,1,0,0,0,0,0,12.402666,51.327325
12,19,1,0,6,5,3,5,3,2,0,1,1,0,0,0,0,13.756571,51.055095
12,19,1,0,18,3,3,5,2,2,1,1,1,0,0,0,0,13.717883,51.053169
12,19,1,0,1,1,3,7,1,2,1,1,0,0,0,0,0,13.748007,51.068744
13,19,1,0,9,2,3,1,1,0,2,1,1,0,0,0,0,12.376823,51.360959
30,19,1,0,11,6,3,5,3,0,1,1,1,0,0,0,0,12.996274,51.558207
25,19,1,0,11,2,2,4,2,0,0,1,1,0,0,0,0,14.45396,51.189944
12,19,1,0,7,5,3,5,3,0,0,1,1,0,0,0,0,13.709913,51.028587
12,19,1,0,14,2,3,5,3,0,1,1,1,0,0,0,0,13.775624,51.045362
11,19,1,0,14,6,3,0,7,0,0,1,1,0,0,0,0,12.882765,50.80581
24,19,1,0,9,3,3,1,3,0,1,1,1,0,0,0,0,12.459819,50.720063
13,19,1,0,17,3,3,3,6,1,1,1,1,0,0,0,0,12.363055,51.330192
24,19,1,0,14,5,3,5,3,0,1,1,1,0,0,0,0,12.542143,50.824513
27,19,1,0,13,3,3,5,3,0,1,1,1,0,0,0,0,13.272954,51.297396
29,19,1,0,9,3,2,0,7,0,1,1,0,0,0,0,0,12.408167,51.150625
13,19,1,0,15,4,2,1,5,0,0,1,1,0,0,0,0,12.397679,51.345977
11,19,1,0,17,2,3,6,4,2,0,1,0,1,0,0,0,12.943864,50.815014
13,19,1,0,7,3,3,0,7,1,1,1,0,0,0,0,0,12.414708,51.35398
25,19,1,0,8,3,3,5,3,0,0,1,1,0,0,0,0,14.258282,51.443464
11,19,1,0,7,2,2,2,2,1,1,1,1,0,0,0,0,12.934929,50.825375
25,19,1,0,13,3,2,5,3,0,1,1,1,0,0,0,0,14.436876,51.184871
12,19,1,0,7,6,3,5,3,1,1,1,1,0,0,0,0,13.803256,51.021745
27,19,1,0,9,2,3,5,3,0,1,1,1,0,0,0,0,13.623293,51.10594
12,19,1,0,14,3,3,5,3,0,1,1,1,0,0,0,0,13.757947,51.075903
22,19,1,0,19,5,3,5,3,2,0,1,1,0,0,0,0,12.813645,50.917912
13,19,1,0,6,5,3,5,3,2,0,1,1,0,0,0,0,12.340227,51.393046
12,19,1,0,7,3,3,5,3,2,1,1,1,0,0,0,0,13.757962,51.05226
12,19,1,0,11,1,3,0,1,0,0,1,0,0,0,0,0,13.829022,51.007647
25,19,1,0,15,2,3,5,3,0,0,1,1,0,0,0,0,13.917926,51.111705
13,19,1,0,22,3,3,0,1,2,1,1,0,0,0,0,0,12.412617,51.3345
12,19,1,0,13,4,3,5,3,0,0,1,1,0,0,0,0,13.733019,51.034021
13,19,1,0,7,2,3,5,3,1,1,1,1,0,0,0,0,12.366709,51.325182
13,19,1,0,15,5,3,3,5,0,0,1,1,0,0,0,0,12.40156,51.339254
30,19,1,0,7,6,3,3,3,1,1,1,1,0,0,0,0,12.352292,51.524315
13,19,1,0,8,2,3,1,5,1,0,1,1,0,0,0,0,12.416316,51.323769
13,19,1,0,0,6,3,5,3,2,1,1,0,0,0,0,1,12.376831,51.322017
12,19,1,0,7,2,3,5,3,2,1,1,1,0,0,0,0,13.705929,51.090847
13,19,1,0,7,2,3,9,1,1,2,1,0,0,0,0,0,12.468225,51.359636
12,19,1,0,8,5,2,0,7,0,0,1,1,0,0,0,0,13.729847,51.087772
12,19,1,0,5,3,3,6,6,2,0,1,0,1,0,0,0,13.723232,51.040613
12,19,1,0,13,6,3,0,1,0,1,1,0,0,0,0,0,13.757536,51.068282
12,19,1,0,12,7,2,4,3,0,0,1,1,0,0,0,0,13.677454,51.059692
25,19,1,0,15,2,3,5,3,0,0,1,1,0,0,0,0,14.44762,51.182889
30,19,1,0,13,4,3,5,3,0,0,1,1,0,0,0,0,12.63563,51.457078
12,19,1,0,8,5,3,3,2,1,2,1,0,0,0,0,1,13.708485,51.046931
12,19,1,0,8,2,3,3,2,0,1,1,1,0,0,0,0,13.713697,51.052117
12,19,1,0,9,2,2,5,3,0,0,1,0,0,0,0,1,13.809798,51.023039
12,19,1,0,19,4,3,0,1,2,0,1,0,0,0,0,0,13.70941,51.022755
13,19,1,0,20,7,3,5,3,2,1,1,1,0,0,0,0,12.381793,51.320654
13,19,1,0,10,7,3,5,3,0,1,1,1,0,0,0,0,12.29127,51.356396
12,19,1,0,11,7,3,0,1,0,1,1,0,0,0,0,0,13.784247,51.053546
12,19,1,0,17,2,3,1,5,2,1,1,1,0,0,0,0,13.794545,51.025274
13,19,1,0,8,3,3,5,3,0,0,1,1,0,0,0,0,12.363886,51.332211
13,19,1,0,7,2,3,3,5,0,2,1,1,0,0,0,0,12.380919,51.310954
12,19,2,0,19,5,2,5,3,2,1,1,1,0,0,0,0,13.684607,51.042447
12,19,2,0,19,5,3,5,3,2,1,1,1,0,0,0,0,13.745241,51.066219
12,19,2,0,11,5,3,6,6,0,0,1,0,1,0,0,0,13.751959,51.062427
12,19,2,0,9,5,3,5,3,0,0,1,1,0,0,0,0,13.777199,51.060062
11,19,2,0,9,5,3,3,2,0,0,1,1,0,0,0,0,12.901033,50.816465
13,19,2,0,6,4,3,5,2,1,0,1,1,0,0,0,0,12.309205,51.328061
25,19,2,0,14,4,3,4,1,0,0,1,1,0,0,0,0,14.179228,51.127648
13,19,2,0,18,3,3,5,3,2,0,1,1,0,0,0,0,12.343127,51.322696
12,19,2,0,14,3,3,0,7,0,1,1,1,0,0,0,0,13.768019,51.051322
12,19,2,0,13,3,3,1,1,0,0,1,1,0,0,0,0,13.749414,51.064698
30,19,2,0,7,2,3,5,7,0,0,1,1,0,0,0,0,13.100761,51.304387
13,19,2,0,9,2,3,5,2,0,0,1,1,0,0,0,0,12.267885,51.34548
29,19,2,0,15,2,3,5,3,0,0,1,1,0,0,0,0,12.353977,51.270998
11,19,2,0,15,2,2,5,3,0,0,1,1,0,0,0,0,12.910303,50.808203
24,19,2,0,14,1,3,0,7,0,0,1,0,0,0,0,0,12.537186,50.772673
13,19,2,0,21,1,3,1,7,2,0,1,0,0,1,0,0,12.319731,51.327945
12,19,2,0,16,1,3,0,1,0,0,1,0,0,0,0,0,13.677857,51.043188
12,19,2,0,16,1,3,0,1,0,0,1,0,0,0,0,0,13.736873,51.087546
12,19,2,0,15,1,3,0,1,0,0,1,0,0,0,0,0,13.778959,51.0378
30,19,2,0,2,7,2,1,5,2,0,1,1,0,0,0,0,13.000156,51.559446
13,19,2,0,18,7,3,0,7,1,0,1,0,0,0,0,0,12.381412,51.330392
12,19,2,0,12,7,3,4,6,0,0,1,0,0,0,0,0,13.774716,51.033221
21,19,2,0,10,7,3,6,7,0,0,1,0,1,0,0,0,12.747911,50.739044
29,19,2,0,16,6,2,5,2,0,0,1,1,0,0,0,0,12.33913,51.211444
27,19,2,0,16,6,3,5,3,0,0,1,1,0,0,0,0,13.524516,51.293841
12,19,2,0,7,6,3,5,3,0,0,1,1,0,0,0,0,13.74777,51.082351
13,19,2,0,13,5,3,3,2,0,0,1,0,0,0,0,0,12.366954,51.335699
29,19,2,0,13,5,3,5,2,0,0,1,1,0,0,0,0,12.740182,51.368363
13,19,2,0,5,5,3,5,3,2,0,1,1,0,0,0,0,12.35477,51.350936
12,19,2,0,14,5,3,5,3,0,0,1,1,0,0,0,0,13.827739,51.026698
12,19,2,0,5,5,3,5,3,2,0,1,1,0,0,0,0,13.814279,51.017931
13,19,2,0,19,4,2,5,3,2,0,1,0,0,0,0,0,12.327048,51.341774
27,19,2,0,20,4,2,5,3,2,1,1,1,0,0,0,0,13.667811,51.102446
12,19,2,0,17,4,3,4,2,0,0,1,1,0,0,0,0,13.705937,51.090861
12,19,2,0,6,3,3,5,3,2,1,1,0,0,0,0,1,13.705922,51.090834
12,19,2,0,15,3,3,0,1,0,1,1,0,0,0,0,0,13.757187,51.049818
13,19,2,0,14,2,3,6,4,0,0,1,0,1,0,0,0,12.388299,51.326092
12,19,2,0,17,2,3,5,2,1,1,1,1,0,0,0,0,13.740247,51.053739
12,19,2,0,7,2,3,3,6,0,1,1,0,0,0,0,0,13.74883,51.037464
13,19,2,0,0,1,3,0,1,2,0,1,0,0,0,0,0,12.411576,51.345235
13,19,2,0,9,1,3,5,2,0,1,1,1,0,0,0,0,12.400375,51.345826
12,19,2,0,22,1,2,1,5,2,0,1,1,0,0,0,0,13.741916,51.073171
13,19,2,0,13,7,3,3,6,0,0,1,1,0,0,0,0,12.36867,51.361833
12,19,2,0,15,7,3,5,3,0,0,1,1,0,0,0,0,13.801679,51.046145
13,19,2,0,20,6,3,5,2,2,0,1,1,0,0,0,0,12.367061,51.325466
30,19,2,0,12,5,3,1,5,0,0,1,1,0,0,0,0,12.344048,51.531935
13,19,2,0,12,6,3,1,5,0,0,1,1,0,0,0,0,12.33093,51.341498
29,19,2,0,13,6,2,5,3,0,0,1,1,0,0,0,0,12.489152,51.110316
12,19,2,0,12,6,3,2,6,0,1,1,0,0,0,0,1,13.749132,51.033519
11,19,2,0,15,6,2,0,1,0,1,1,0,0,0,0,0,13.015285,50.797058
13,19,2,0,19,5,3,4,2,2,1,1,0,0,0,0,0,12.405014,51.305866
13,19,2,0,16,5,2,6,4,0,0,1,0,1,0,0,0,12.402101,51.332786
12,19,2,0,9,5,3,3,6,0,2,1,1,0,0,0,0,13.811773,51.020618
12,19,2,0,22,5,3,0,7,2,2,1,0,0,0,0,0,13.749499,51.048798
30,19,2,0,10,4,3,5,3,0,0,1,1,0,0,0,0,12.986696,51.55757
13,19,2,0,15,4,3,5,3,0,0,1,1,0,0,0,0,12.376873,51.356025
13,19,2,0,18,4,2,5,3,2,0,1,1,0,0,0,0,12.383706,51.3446
12,19,2,0,18,3,3,0,1,2,2,1,0,0,0,0,0,13.755313,51.064348
13,19,2,0,17,2,2,5,2,2,0,1,1,0,0,0,0,12.349342,51.348514
12,19,2,0,18,2,3,0,1,2,2,1,0,0,0,0,0,13.836759,51.026018
13,19,2,0,16,5,3,5,3,0,0,1,1,0,0,0,0,12.296834,51.352835
27,19,2,0,14,2,2,5,3,0,1,1,0,0,0,1,0,13.676746,51.098501
29,19,2,0,0,1,3,0,7,2,1,1,0,0,0,0,0,12.5862,51.331153
29,19,2,0,18,6,3,5,3,2,0,1,1,0,0,0,0,12.499957,51.124609
29,19,2,0,9,6,2,5,3,0,0,1,1,0,0,0,0,12.247837,51.164435
12,19,2,0,8,6,2,5,3,0,0,1,1,0,0,0,0,13.701251,51.093067
12,19,2,0,16,6,2,5,3,0,1,1,1,0,0,0,0,13.779442,51.070683
22,19,2,0,15,6,3,0,2,0,1,1,1,0,0,0,0,13.324403,50.904785
13,19,1,0,18,5,3,5,3,2,0,1,1,0,0,0,0,12.371581,51.354626
13,19,1,0,11,5,3,5,3,0,0,1,1,0,0,0,0,12.404864,51.330291
12,19,1,0,8,5,3,5,2,0,0,1,1,0,0,0,0,13.729446,51.045716
30,19,1,0,21,4,3,5,3,2,0,1,1,0,0,0,0,12.231769,51.40331
12,19,1,0,7,4,3,5,3,2,1,1,1,0,0,0,0,13.822763,51.004844
24,19,2,0,7,5,2,0,7,0,1,1,0,0,0,0,0,12.370276,50.713396
13,19,1,0,13,3,2,3,6,0,0,1,0,0,0,1,0,12.373573,51.320178
25,19,1,0,13,3,3,5,3,0,2,1,1,0,0,0,0,14.248373,51.439806
13,19,2,0,10,5,2,5,3,0,0,1,0,0,0,0,0,12.388179,51.353513
27,19,1,0,8,3,3,0,6,0,2,1,1,0,0,0,0,13.579426,51.132271
12,19,1,0,17,3,3,4,2,2,0,1,1,0,0,0,0,13.822732,51.004862
12,19,1,0,8,3,3,0,1,0,2,1,0,0,0,0,0,13.790711,51.058434
24,19,1,0,7,2,2,0,1,1,2,1,0,0,0,0,0,12.48907,50.733936
12,19,3,0,14,6,3,5,3,0,1,1,1,0,0,0,0,13.74697,51.075037
12,19,3,0,15,6,3,7,1,0,1,1,0,0,0,0,0,13.746334,51.069336
12,19,3,0,16,6,3,5,3,0,0,1,1,0,0,0,0,13.733752,51.050857
27,19,3,0,12,5,3,5,3,0,0,1,1,0,0,0,0,13.6332,51.105395
12,19,3,0,7,5,3,1,5,0,0,1,1,0,0,0,0,13.718705,51.088109
12,19,3,0,17,5,2,3,6,1,1,1,1,0,0,0,0,13.774413,51.070136
12,19,3,0,10,5,3,5,3,0,0,1,1,0,0,0,0,13.751725,51.066985
12,19,3,0,21,4,3,6,4,2,0,1,0,1,0,0,0,13.716159,51.029709
12,19,3,0,7,4,3,3,6,0,0,1,1,0,0,0,0,13.808301,51.052689
12,19,3,0,17,4,3,5,3,0,0,1,1,0,0,0,0,13.797604,51.042324
12,19,3,0,16,4,3,1,1,0,0,1,1,0,0,0,0,13.780832,51.031375
12,19,3,0,16,4,3,5,2,0,0,1,1,0,0,0,0,13.773597,51.042758
13,19,3,0,16,3,3,1,7,0,0,1,0,0,0,0,1,12.368967,51.311425
12,19,3,0,16,3,3,5,2,0,0,1,1,0,0,0,0,13.702253,51.045851
12,19,3,0,17,3,3,6,1,0,0,1,0,1,0,0,0,13.735574,51.050517
12,19,3,0,6,3,2,5,3,0,1,1,0,0,0,0,1,13.80325,51.021742
13,19,3,0,8,2,3,1,2,0,0,1,0,0,0,1,0,12.398796,51.33637
13,19,3,0,7,2,3,5,2,0,0,1,0,0,0,0,1,12.379988,51.328857
13,19,3,0,15,2,3,6,2,0,0,1,0,1,0,0,0,12.379198,51.310186
13,19,3,0,1,1,3,5,3,2,0,1,1,0,0,0,0,12.381082,51.336769
13,19,3,0,23,7,3,5,3,2,0,1,1,0,0,0,0,12.370824,51.336353
22,19,3,0,11,7,2,0,1,0,1,1,0,0,0,0,0,12.984999,50.984628
22,19,3,0,12,7,3,5,3,0,0,1,1,0,0,0,0,13.332694,50.907845
13,19,3,0,8,6,3,5,3,0,0,1,1,0,0,0,0,12.393581,51.344697
13,19,3,0,7,6,3,5,3,0,0,1,1,0,0,0,0,12.327179,51.329639
13,19,3,0,14,6,2,5,3,0,0,1,1,0,0,0,0,12.447731,51.345803
13,19,3,0,19,6,3,5,3,2,0,1,1,0,0,0,0,12.327047,51.341774
25,19,3,0,8,6,3,5,3,0,0,1,1,0,0,0,0,14.43651,51.178996
12,19,3,0,12,6,3,5,3,0,0,1,1,0,0,0,0,13.808,51.024054
12,19,3,0,12,6,2,5,3,0,0,1,1,0,0,0,0,13.755186,51.055548
13,19,3,0,17,5,3,1,5,1,0,1,1,0,0,0,0,12.404546,51.329524
13,19,3,0,7,5,3,3,6,0,0,1,1,0,0,0,0,12.356494,51.346916
27,19,3,0,14,5,3,5,3,0,0,1,1,0,0,0,0,13.301808,51.305638
12,19,3,0,15,2,3,5,2,0,0,1,1,0,0,0,0,13.705715,51.09057
12,19,3,0,17,5,3,0,1,0,0,1,0,0,0,0,0,13.728585,51.076419
12,19,3,0,8,5,2,0,1,0,0,1,0,0,0,0,0,13.852567,51.013314
21,19,3,0,12,5,3,5,3,0,0,1,1,0,0,0,0,13.347507,50.655468
11,19,3,0,16,5,3,5,3,0,1,1,0,0,0,0,0,12.892114,50.823307
13,19,3,0,18,4,2,5,3,2,0,1,0,0,0,0,0,12.33739,51.325728
13,19,3,0,13,4,3,5,3,0,0,1,1,0,0,0,0,12.293485,51.319458
28,19,3,0,6,4,3,0,1,0,2,1,0,0,0,0,0,13.642534,51.014726
12,19,3,0,17,4,3,6,4,1,0,1,0,1,0,0,0,13.711281,51.050601
12,19,3,0,15,4,3,5,3,0,0,1,1,0,0,0,0,13.748717,51.048247
22,19,3,0,7,4,3,0,1,0,2,1,0,0,0,0,0,13.357058,50.905121
13,19,3,0,9,3,3,3,2,0,0,1,0,0,0,0,1,12.380187,51.339256
12,19,3,0,7,3,2,5,3,0,0,1,1,0,0,0,0,13.813934,51.01496
12,19,3,0,16,3,3,3,6,0,0,1,1,0,0,0,0,13.777403,51.058193
12,19,3,0,10,3,2,5,2,0,0,1,1,0,0,0,0,13.705845,51.026939
11,19,3,0,22,3,3,5,3,2,1,1,1,0,0,0,0,12.905359,50.802123
24,19,3,0,9,2,2,0,6,0,0,1,1,0,0,0,0,12.480375,50.849334
13,19,3,0,6,2,3,4,2,0,0,1,1,0,0,0,0,12.339506,51.326702
13,19,3,0,16,2,3,4,2,0,0,1,1,0,0,0,0,12.47536,51.345627
12,19,3,0,11,2,3,5,3,0,0,1,1,0,0,0,0,13.801071,51.05467
13,19,3,0,17,7,3,1,5,0,0,1,1,0,0,0,0,12.372037,51.329971
29,19,3,0,17,7,3,0,1,0,0,1,0,0,0,0,0,12.376621,51.281325
12,19,3,0,18,7,3,5,3,2,0,1,1,0,0,0,0,13.733026,51.03402
24,19,3,0,16,6,3,0,1,1,1,1,0,0,0,0,0,12.496915,50.717575
13,19,3,0,18,6,3,5,3,2,1,1,1,0,0,0,0,12.396116,51.343171
13,19,3,0,19,6,3,3,6,2,1,1,0,0,0,0,1,12.397932,51.345964
28,19,3,0,23,6,2,0,1,2,0,1,0,0,0,0,0,13.929671,50.969218
12,19,3,0,7,6,3,3,6,0,1,1,0,0,0,0,1,13.811671,51.021388
12,19,3,0,10,6,3,5,3,0,0,1,1,0,0,0,0,13.756911,51.055234
12,19,3,0,16,6,3,0,1,0,1,1,0,0,0,0,0,13.772071,51.045783
13,19,2,0,12,5,3,6,4,0,0,1,0,1,0,0,0,12.376678,51.34082
13,19,2,0,13,5,3,5,3,0,0,1,1,0,0,0,0,12.327193,51.329643
13,19,2,0,12,5,3,5,3,0,0,1,1,0,0,0,0,12.307064,51.323114
27,19,2,0,11,5,3,5,3,0,0,1,1,0,0,0,0,13.527655,51.291658
21,19,2,0,16,5,3,5,3,0,0,1,1,0,0,0,0,13.017754,50.594132
11,19,2,0,8,5,3,5,2,0,0,1,1,0,0,0,0,12.926531,50.833908
29,19,2,0,7,4,3,8,5,0,0,1,1,0,0,0,0,12.690307,51.352493
13,19,2,0,14,4,3,1,2,0,0,1,1,0,0,0,0,12.373679,51.330511
13,19,2,0,18,4,3,3,5,2,0,1,1,0,0,0,0,12.401568,51.339252
13,19,2,0,20,4,3,3,2,2,0,1,1,0,0,0,0,12.376929,51.343698
13,19,2,0,14,4,3,5,3,0,0,1,1,0,0,0,0,12.384343,51.300517
29,19,2,0,10,4,3,4,6,0,0,1,0,0,0,0,0,12.427314,51.227509
29,19,2,0,14,4,2,4,2,0,0,1,1,0,0,0,0,12.493842,51.121748
12,19,2,0,16,4,2,5,3,0,0,1,1,0,0,0,0,13.772686,51.047741
12,19,2,0,15,4,3,5,3,0,0,1,1,0,0,0,0,13.691235,51.052451
29,19,2,0,19,3,3,6,7,2,0,1,0,1,0,0,0,12.624887,51.110467
13,19,2,0,17,3,3,5,3,0,0,1,1,0,0,0,0,12.413442,51.359507
13,19,2,0,10,3,3,4,2,0,0,1,1,0,0,0,0,12.322439,51.373187
13,19,2,0,8,3,3,5,3,0,0,1,1,0,0,0,0,12.326054,51.315469
12,19,2,0,14,3,2,0,1,0,0,1,0,0,0,0,1,13.718741,51.087841
22,19,2,0,15,3,3,5,3,0,0,1,1,0,0,0,0,13.331296,50.895301
30,19,2,0,14,2,3,5,3,0,0,1,1,0,0,0,0,12.359645,51.47959
13,19,2,0,8,2,3,3,5,0,0,1,0,0,0,0,1,12.365042,51.342055
12,19,2,0,22,2,3,5,3,2,0,1,1,0,0,0,0,13.756567,51.055094
30,19,2,0,18,1,3,0,7,2,0,1,0,0,1,0,0,13.056952,51.233396
13,19,2,0,18,7,3,5,3,2,0,1,1,0,0,0,0,12.420516,51.319267
30,19,2,0,15,7,3,2,7,0,0,1,0,0,0,0,1,12.48157,51.374971
25,19,2,0,7,7,2,6,2,0,0,1,0,1,0,0,0,14.439909,51.177641
27,19,2,0,10,7,3,1,5,0,0,1,1,0,0,0,0,13.727351,51.2097
12,19,2,0,14,7,3,5,3,0,0,1,1,0,0,0,0,13.724807,51.050745
13,19,2,0,22,6,3,5,3,2,0,1,1,0,0,0,0,12.294708,51.397883