CSV=`UKREIS,UJAHR,UMONAT,UTAG,USTUNDE,UWOCHENTAG,UKATEGORIE,UART,UTYP,LICHT,USTRZUSTAND,IstRad,IstPKW,IstFuss,IstKrad,IstGkfz,IstSonstig,@lon,@lat
13,19,2,0,12,6,3,5,3,0,0,1,1,0,0,0,0,12.452784,51.325813
25,19,2,0,12,6,3,5,3,0,0,1,1,0,0,0,0,14.283609,51.431181
13,19,4,0,18,7,3,5,2,0,0,1,1,0,0,0,0,12.420508,51.319266
26,19,4,0,9,7,3,5,3,0,0,1,1,0,0,0,0,14.944648,51.145354
12,19,4,0,14,7,3,5,3,0,0,1,0,0,0,0,1,13.698505,51.074236
12,19,4,0,10,7,3,1,5,0,0,1,0,0,0,0,1,13.723746,51.07726
12,19,4,0,21,7,3,0,1,2,0,1,0,0,0,0,0,13.758814,51.082593
22,19,4,0,12,7,2,0,1,0,0,1,1,0,0,0,0,12.833654,51.018571
29,19,4,0,14,6,3,3,7,0,0,1,1,0,0,0,0,12.497091,51.124669
13,19,4,0,21,6,3,1,5,2,0,1,1,0,0,0,0,12.378544,51.322976
13,19,4,0,15,6,3,3,7,0,0,1,1,0,0,0,0,12.392846,51.33702
30,19,4,0,14,6,3,4,2,0,0,1,1,0,0,0,0,12.473466,51.371809
12,19,4,0,19,6,3,5,2,0,0,1,1,0,0,0,0,13.7378,51.074325
12,19,4,0,18,6,3,5,3,0,0,1,1,0,0,0,0,13.748979,51.03378
11,19,4,0,6,6,3,5,2,1,0,1,0,0,0,0,1,12.88319,50.833614
13,19,4,0,6,5,3,4,2,0,0,1,1,0,0,0,0,12.342589,51.321614
27,19,4,0,16,5,3,0,7,0,0,1,1,0,0,0,0,13.682401,51.094032
12,19,4,0,16,5,3,1,7,0,0,1,1,0,0,0,0,13.750984,51.066271
11,19,4,0,6,5,3,5,2,1,0,1,1,0,0,0,0,12.883322,50.816962
13,19,4,0,9,4,3,5,2,0,0,1,1,0,0,0,0,12.391349,51.334869
25,19,4,0,18,4,3,5,3,0,0,1,1,0,0,0,0,14.442417,51.186293
28,19,4,0,13,4,2,0,1,0,0,1,0,0,0,0,0,13.666025,50.901252
12,19,4,0,9,4,3,5,3,0,0,1,1,0,0,0,0,13.759917,51.062702
11,19,4,0,15,4,3,0,3,0,0,1,0,0,0,0,1,12.916736,50.837207
13,19,4,0,20,3,2,6,4,2,0,1,0,1,0,0,0,12.295268,51.358607
26,19,4,0,17,3,2,5,3,0,0,1,0,0,0,0,0,14.801261,50.896118
26,19,4,0,6,3,3,4,6,0,0,1,1,0,0,0,0,14.655482,51.097509
12,19,4,0,7,3,3,5,3,0,0,1,1,0,0,0,0,13.781195,51.042994
12,19,4,0,17,3,2,6,4,0,0,1,0,1,0,0,0,13.749494,51.052533
12,19,4,0,8,3,2,0,7,0,0,1,0,0,0,0,0,13.741987,51.116983
11,19,4,0,20,3,3,5,3,2,0,1,1,0,0,0,0,12.938627,50.82847
23,19,4,0,15,2,3,5,3,0,0,1,1,0,0,0,0,12.254338,50.319303
24,19,4,0,17,2,3,3,6,0,0,1,1,0,0,0,0,12.468385,50.67774
30,19,4,0,7,2,3,5,7,0,0,1,1,0,0,0,0,12.994973,51.554444
29,19,4,0,9,2,3,5,3,0,0,1,1,0,0,0,0,12.368684,51.279136
13,19,4,0,5,2,2,5,3,1,0,1,1,0,0,0,0,12.391402,51.37619
12,19,4,0,15,2,3,6,4,0,0,1,0,1,0,0,0,13.790611,51.021092
12,19,4,0,17,2,3,5,3,0,0,1,1,0,0,0,0,13.718903,51.087849
12,19,4,0,9,2,3,5,3,0,0,1,1,0,0,0,0,13.756571,51.055095
12,19,4,0,17,2,3,5,3,0,0,1,1,0,0,0,0,13.785322,51.035951
22,19,4,0,17,2,3,5,2,0,0,1,1,0,0,0,0,13.328001,50.917282
11,19,4,0,14,2,3,3,6,0,0,1,1,0,0,0,0,12.929275,50.821702
11,19,4,0,15,2,3,5,3,0,0,1,1,0,0,0,0,12.90492,50.835819
11,19,4,0,15,2,3,5,3,0,0,1,1,0,0,0,0,12.937773,50.817001
12,19,3,0,15,1,3,5,3,0,0,1,1,0,0,0,0,13.766451,51.056463
24,19,3,0,11,7,2,0,1,0,0,1,0,0,0,0,0,12.641008,50.727538
13,19,3,0,13,7,2,6,4,0,0,1,0,1,0,0,0,12.380074,51.339392
13,19,3,0,12,7,3,1,5,0,0,1,1,0,0,0,0,12.374106,51.303913
13,19,3,0,21,7,2,0,1,2,0,1,0,0,0,0,0,12.373015,51.309633
13,19,3,0,18,7,3,5,3,0,0,1,1,0,0,0,0,12.411507,51.355946
27,19,3,0,13,7,2,0,7,0,0,1,0,0,0,0,0,13.707295,51.168542
21,19,3,0,12,7,3,5,3,0,0,1,1,0,0,0,0,12.825067,50.551972
11,19,3,0,12,7,3,0,1,0,0,1,0,0,0,0,0,12.944965,50.841008
30,19,3,0,7,6,3,0,1,0,0,1,1,0,0,0,0,12.941409,51.281881
30,19,3,0,12,6,3,5,3,0,0,1,1,0,0,0,0,12.340554,51.523001
12,19,3,0,17,6,2,6,4,0,0,1,0,1,0,0,0,13.776574,51.066747
13,19,3,0,16,5,3,3,6,0,1,1,1,0,0,0,0,12.342881,51.322251
13,19,3,0,10,5,3,9,1,0,1,1,0,0,0,0,0,12.312473,51.286136
13,19,3,0,15,5,3,3,6,0,0,1,1,0,0,0,0,12.373453,51.328276
27,19,3,0,11,5,2,6,7,0,1,1,0,1,0,0,0,13.586784,51.126464
12,19,3,0,8,5,3,5,3,0,0,1,0,0,0,0,1,13.774713,51.049807
12,19,3,0,15,5,3,5,3,0,1,1,1,0,0,0,0,13.801151,51.041068
12,19,3,0,12,5,3,0,1,0,1,1,0,0,0,0,0,13.807141,51.038797
12,19,3,0,17,5,2,5,3,1,1,1,1,0,0,0,0,13.728389,51.060977
13,19,3,0,22,4,2,5,3,2,1,1,1,0,0,0,0,12.408666,51.360009
26,19,3,0,7,4,2,6,4,1,0,1,0,1,0,0,0,14.98997,51.150877
12,19,3,0,10,4,3,5,3,0,1,1,1,0,0,0,0,13.731205,51.04237
12,19,3,0,21,4,3,0,7,2,1,1,0,0,0,0,0,13.781617,51.046843
24,19,3,0,14,3,3,1,1,0,0,1,0,0,0,0,1,12.469236,50.66878
25,19,3,0,15,3,2,9,1,0,0,1,0,0,0,0,0,14.102659,51.111203
27,19,3,0,7,3,3,5,3,0,0,1,0,0,0,0,1,13.675318,51.1009
12,19,3,0,13,3,3,4,6,0,0,1,0,0,0,0,0,13.736836,51.064033
12,19,3,0,8,3,2,0,6,0,0,1,0,0,0,0,0,13.71529,51.051599
12,19,3,0,8,3,3,5,2,0,0,1,1,0,0,0,0,13.7738,51.046016
12,19,3,0,8,3,3,5,2,0,0,1,1,0,0,0,0,13.773563,51.048734
13,19,3,0,16,2,2,6,4,0,1,1,0,1,0,0,0,12.374847,51.360037
29,19,3,0,16,2,3,6,6,0,0,1,0,1,0,0,0,12.370039,51.279083
26,19,3,0,7,2,3,3,2,0,0,1,1,0,0,0,0,14.805294,50.890445
27,19,3,0,10,2,3,5,3,0,1,1,1,0,0,0,0,13.308511,51.299955
27,19,3,0,10,2,2,0,1,0,1,1,0,0,0,0,0,13.67474,51.100829
12,19,3,0,17,2,3,5,2,1,1,1,1,0,0,0,0,13.741009,51.022443
13,19,3,0,19,1,3,5,3,2,0,1,1,0,0,0,0,12.435766,51.297197
13,19,3,0,12,7,3,6,2,0,0,1,0,1,0,0,0,12.373594,51.320835
12,19,3,0,16,7,3,5,2,0,0,1,1,0,0,0,0,13.779314,51.037926
12,19,3,0,13,7,2,5,2,0,0,1,1,0,0,0,0,13.750748,51.047258
11,19,3,0,16,7,3,0,6,0,0,1,0,0,0,0,1,12.912743,50.838282
24,19,3,0,13,6,3,5,3,0,0,1,1,0,0,0,0,12.386821,50.812409
24,19,3,0,10,6,2,0,7,0,0,1,0,0,0,0,0,12.371553,50.775282
24,19,3,0,14,6,2,5,3,0,0,1,1,0,0,0,0,12.522413,50.725138
13,19,3,0,12,6,3,5,2,0,0,1,1,0,0,0,0,12.407331,51.345467
13,19,3,0,11,6,3,5,2,0,0,1,1,0,0,0,0,12.364188,51.344442
13,19,3,0,14,6,3,4,2,0,0,1,1,0,0,0,0,12.392695,51.330621
13,19,3,0,3,6,3,1,1,2,0,1,1,0,0,0,0,12.338908,51.327034
13,19,3,0,8,6,3,2,2,0,0,1,1,0,0,0,0,12.373695,51.324174
28,19,3,0,10,6,2,6,4,0,0,1,0,1,0,0,0,14.033092,50.953849
12,19,3,0,8,6,3,1,5,0,0,1,1,0,0,0,0,13.717277,51.03517
12,19,3,0,11,6,3,5,2,0,0,1,1,0,0,0,0,13.769831,51.025001
12,19,3,0,7,6,3,0,7,0,0,1,1,0,0,0,0,13.789824,51.058566
29,19,3,0,14,5,3,2,6,0,0,1,0,0,1,0,0,12.283422,51.1545
13,19,3,0,11,5,3,5,3,0,0,1,0,0,0,0,0,12.372075,51.342315
13,19,3,0,9,5,3,1,5,0,0,1,1,0,0,0,0,12.373348,51.307722
12,19,3,0,17,5,3,5,3,0,0,1,1,0,0,0,0,13.777124,51.035764
11,19,3,0,19,5,3,0,7,2,0,1,1,0,0,0,0,12.846753,50.821355
11,19,3,0,15,5,3,2,6,0,0,1,1,0,0,0,0,12.954953,50.838831
24,19,3,0,13,4,3,5,3,0,0,1,0,0,0,0,1,12.72988,50.787542
29,19,3,0,15,4,3,5,3,0,0,1,1,0,0,0,0,12.491791,51.127479
13,19,3,0,8,4,3,3,2,0,0,1,1,0,0,0,0,12.407564,51.351298
13,19,3,0,16,4,3,5,3,0,0,1,1,0,0,0,0,12.459144,51.401918
12,19,3,0,16,4,3,5,2,0,0,1,1,0,0,0,0,13.669209,51.040023
12,19,3,0,14,4,3,3,5,0,0,1,1,0,0,0,0,13.68228,51.053771
21,19,3,0,14,4,3,5,3,0,0,1,1,0,0,0,0,12.709066,50.728324
13,19,3,0,7,3,3,5,3,0,0,1,1,0,0,0,0,12.43926,51.345953
12,19,3,0,16,3,3,5,2,0,0,1,0,0,0,0,1,13.786825,51.043336
12,19,3,0,15,3,3,5,3,0,0,1,1,0,0,0,0,13.757948,51.052261
11,19,3,0,7,3,3,4,2,0,0,1,1,0,0,0,0,12.85113,50.804686
13,19,4,0,15,7,3,5,3,0,0,1,1,0,0,0,0,12.372283,51.349605
11,19,3,0,19,3,3,4,2,2,0,1,1,0,0,0,0,12.907018,50.835973
13,19,4,0,0,7,3,0,1,2,0,1,0,0,0,0,0,12.335805,51.327625
13,19,3,0,13,2,3,5,3,0,0,1,1,0,0,0,0,12.426668,51.343468
24,19,4,0,12,1,3,4,6,0,0,1,1,0,0,0,0,12.532523,50.69961
12,19,4,0,16,5,3,3,6,2,0,1,1,0,0,0,0,13.849066,51.003057
12,19,4,0,14,5,3,3,6,0,0,1,1,0,0,0,0,13.799241,51.027655
12,19,4,0,12,5,3,5,3,0,0,1,1,0,0,0,0,13.691223,51.052136
23,19,4,0,15,4,3,2,2,0,0,1,1,0,0,0,0,12.142838,50.499757
30,19,4,0,15,4,3,5,3,0,0,1,1,0,0,0,0,12.632794,51.461199
25,19,4,0,15,1,3,2,2,0,0,1,0,0,0,0,0,14.332779,51.124696
13,19,4,0,16,4,3,2,6,0,0,1,1,0,0,0,0,12.344817,51.386713
13,19,4,0,11,4,2,4,2,0,0,1,1,0,0,0,0,12.373175,51.339793
13,19,4,0,8,4,3,5,3,0,0,1,1,0,0,0,0,12.378772,51.342601
25,19,4,0,14,4,3,5,3,0,0,1,1,0,0,0,0,14.18897,51.132546
12,19,4,0,14,4,3,8,1,0,0,1,0,0,0,0,0,13.740388,51.056471
11,19,4,0,11,2,3,0,2,0,0,1,1,0,0,0,0,12.925674,50.823307
24,19,4,0,14,3,3,6,4,0,0,1,0,1,0,0,0,12.376353,50.738575
13,19,4,0,16,3,2,1,5,0,0,1,1,0,0,0,0,12.424316,51.343734
29,19,4,0,23,3,3,5,3,2,0,1,1,0,0,0,0,12.35087,51.264856
28,19,4,0,17,3,3,0,1,0,0,1,0,0,0,0,0,13.931834,50.961076
12,19,4,0,9,3,3,5,3,0,0,1,1,0,0,0,0,13.741911,51.032237
13,19,4,0,19,2,2,0,1,0,0,1,0,0,0,0,0,12.416485,51.323739
13,19,4,0,3,2,2,5,3,2,0,1,1,0,0,0,0,12.393551,51.29914
12,19,4,0,20,2,3,0,6,2,0,1,0,0,0,0,0,13.748108,51.051418
22,19,4,0,13,2,3,0,7,0,0,1,0,0,0,0,0,12.803297,50.918273
11,19,4,0,12,2,3,6,4,0,0,1,0,1,0,0,0,12.957187,50.820829
13,19,4,0,17,1,3,3,5,0,0,1,1,0,0,0,0,12.334565,51.319985
29,19,4,0,16,1,3,3,6,0,0,1,1,0,0,0,0,12.705701,51.362112
26,19,4,0,5,1,3,8,1,1,0,1,0,0,0,0,0,14.807174,50.892297
22,19,4,0,18,1,2,8,1,0,0,1,0,0,0,0,0,12.84239,50.940722
21,19,4,0,14,1,3,5,3,0,0,1,1,0,0,0,0,12.994537,50.516078
22,19,4,0,15,1,2,0,1,0,0,1,0,0,0,0,0,13.544497,50.799129
29,19,4,0,9,7,3,5,3,0,0,1,1,0,0,0,0,12.516907,51.151512
13,19,4,0,1,7,3,1,1,2,0,1,1,0,0,0,0,12.409208,51.346101
13,19,4,0,11,7,3,5,3,0,0,1,1,0,0,0,0,12.344032,51.318857
13,19,4,0,17,7,3,3,2,0,0,1,1,0,0,0,0,12.328813,51.319225
12,19,4,0,16,7,3,5,3,0,0,1,1,0,0,0,0,13.698661,51.074195
12,19,4,0,18,7,3,0,1,0,0,1,0,0,0,0,0,13.836131,51.009281
12,19,4,0,11,1,3,0,1,0,0,1,0,0,0,0,0,13.728328,51.052255
12,19,4,0,15,7,3,5,3,0,0,1,1,0,0,0,0,13.883374,51.057848
13,19,4,0,11,6,3,5,3,0,0,1,1,0,0,0,0,12.368055,51.326175
13,19,4,0,11,6,3,5,3,0,0,1,1,0,0,0,0,12.389031,51.289419
29,19,4,0,16,6,2,3,1,0,0,1,1,0,0,0,0,12.637271,51.149718
25,19,4,0,8,6,2,0,1,0,0,1,0,0,0,0,0,14.114761,51.27034
27,19,4,0,13,6,3,4,6,0,0,1,1,0,0,0,0,13.62071,51.106405
11,19,4,0,12,6,3,5,3,0,0,1,1,0,0,0,0,12.97436,50.803022
23,19,4,0,18,5,3,0,1,0,0,1,0,0,0,0,0,12.149365,50.526462
13,19,4,0,16,5,3,5,3,0,0,1,1,0,0,0,0,12.396122,51.341106
13,19,4,0,18,5,3,6,4,0,0,1,0,1,0,0,0,12.378628,51.343639
13,19,4,0,14,5,3,5,2,0,0,1,1,0,0,0,0,12.301525,51.315209
13,19,4,0,0,5,2,0,1,2,0,1,0,0,0,0,0,12.517766,51.309418
13,19,4,0,7,5,3,5,3,0,0,1,1,0,0,0,0,12.37177,51.362077
30,19,4,0,17,5,3,5,3,0,0,1,1,0,0,0,0,12.340172,51.524183
13,19,4,0,7,5,2,5,3,0,0,1,1,0,0,0,0,12.413891,51.313345
25,19,4,0,14,5,3,4,6,0,0,1,0,0,0,0,0,14.441232,51.185903
12,19,4,0,18,5,3,0,2,0,0,1,1,0,0,0,0,13.719563,51.077373
12,19,4,0,12,5,3,0,1,0,0,1,0,0,0,0,0,13.834877,51.023422
12,19,4,0,10,5,2,5,3,0,0,1,1,0,0,0,0,13.775789,51.050895
11,19,4,0,11,5,3,3,6,0,0,1,1,0,0,0,0,12.926066,50.837721
22,19,4,0,4,5,3,0,1,2,0,1,1,0,0,0,0,12.979837,50.983886
13,19,4,0,17,4,3,4,2,0,0,1,1,0,0,0,0,12.328587,51.340655
13,19,4,0,7,4,3,0,7,0,0,1,0,1,0,0,0,12.301052,51.348587
13,19,4,0,15,4,3,4,2,0,0,1,1,0,0,0,0,12.416721,51.329778
25,19,4,0,12,4,3,1,7,0,0,1,1,0,0,0,0,14.096258,51.457356
12,19,4,0,16,4,2,5,3,0,0,1,1,0,0,0,0,13.759784,51.052076
23,19,4,0,17,3,3,5,3,0,0,1,1,0,0,0,0,12.150274,50.491643
30,19,4,0,10,3,2,5,3,0,0,1,1,0,0,0,0,12.356578,51.525036
13,19,4,0,7,3,3,4,2,0,0,1,1,0,0,0,0,12.340871,51.368582
28,19,4,0,15,3,2,9,1,0,0,1,0,0,0,0,0,13.872025,50.976085
28,19,4,0,18,3,3,5,3,0,0,1,1,0,0,0,0,13.53924,51.050385
12,19,4,0,7,3,3,5,3,0,0,1,1,0,0,0,0,13.688441,51.056192
12,19,4,0,7,3,3,5,3,0,0,1,1,0,0,0,0,13.688442,51.056193
12,19,4,0,17,3,3,3,2,0,0,1,1,0,0,0,0,13.836134,51.026553
30,19,4,0,8,2,2,5,3,0,0,1,1,0,0,0,0,12.983916,51.554377
30,19,4,0,15,2,3,6,6,0,0,1,0,1,0,0,0,12.356016,51.525083
12,19,4,0,14,2,3,0,1,0,0,1,0,0,0,0,0,13.691206,51.052476
12,19,4,0,13,2,3,5,2,0,0,1,1,0,0,0,0,13.782518,51.033092
12,19,4,0,17,2,3,0,1,0,0,1,0,0,0,0,0,13.808617,51.038029
12,19,4,0,8,2,3,0,1,0,0,1,0,0,0,0,0,13.806513,51.039126
11,19,4,0,13,2,3,0,7,0,0,1,0,0,0,0,1,12.920637,50.830778
27,19,4,0,8,2,3,5,3,0,0,1,0,0,0,0,1,13.667806,51.102447
29,19,4,0,12,1,3,5,3,0,1,1,1,0,0,0,0,12.352495,51.268926
13,19,4,0,19,7,3,5,2,1,0,1,1,0,0,0,0,12.382785,51.318483
13,19,4,0,12,7,3,3,5,0,0,1,1,0,0,0,0,12.378385,51.332383
12,19,4,0,22,7,3,1,7,2,0,1,1,0,0,0,0,13.741045,51.036439
11,19,4,0,16,7,3,5,3,0,0,1,0,0,0,0,0,12.86675,50.878193
13,19,4,0,16,6,3,3,5,0,0,1,1,0,0,0,0,12.397574,51.345981
13,19,4,0,23,1,3,5,3,2,0,1,1,0,0,0,0,12.338802,51.332398
13,19,4,0,19,6,2,0,7,0,0,1,0,0,0,0,0,12.365391,51.336768
26,19,4,0,10,6,3,0,3,0,0,1,0,0,0,0,1,14.945929,51.147145
12,19,4,0,12,6,3,5,3,0,0,1,1,0,0,0,0,13.700747,51.088383
12,19,4,0,7,6,3,5,3,0,0,1,1,0,0,0,0,13.777199,51.06006
12,19,4,0,7,6,3,5,2,0,0,1,1,0,0,0,0,13.756559,51.055091
12,19,4,0,19,6,3,0,6,1,0,1,1,0,0,0,0,13.75009,51.06538
12,19,4,0,12,6,3,0,7,0,0,1,1,0,0,0,0,13.786179,51.059392
24,19,4,0,14,5,3,0,3,0,0,1,1,0,0,0,0,12.376838,50.791916
13,19,4,0,15,5,3,3,2,0,0,1,1,0,0,0,0,12.445265,51.345919
13,19,4,0,15,5,3,5,2,0,0,1,1,0,0,0,0,12.327942,51.302355
13,19,4,0,15,5,3,3,2,0,0,1,1,0,0,0,0,12.373453,51.315806
12,19,4,0,20,5,3,5,2,2,0,1,1,0,0,0,0,13.744701,51.066917
12,19,4,0,18,5,3,5,2,0,0,1,1,0,0,0,0,13.729415,51.045718
27,19,4,0,16,1,2,0,1,0,0,1,0,0,0,0,0,13.65654,51.120386
12,19,4,0,11,5,3,5,2,0,0,1,1,0,0,0,0,13.803679,51.051094
13,19,4,0,7,4,3,5,3,0,0,1,1,0,0,0,0,12.317749,51.350117
12,19,4,0,8,4,3,5,3,0,0,1,1,0,0,0,0,13.74381,51.08798
24,19,4,0,10,3,3,2,6,0,0,1,1,0,0,0,0,12.627165,50.754826
24,19,4,0,9,3,1,0,1,0,0,1,0,0,0,0,0,12.366833,50.752781
13,19,4,0,22,3,3,5,2,2,0,1,0,0,0,0,1,12.479194,51.345777
13,19,4,0,20,3,3,5,3,2,0,1,1,0,0,0,0,12.393235,51.336943
26,19,4,0,17,3,3,5,3,0,0,1,1,0,0,0,0,14.802965,50.888336
12,19,4,0,17,3,3,5,3,0,0,1,1,0,0,0,0,13.761521,51.05512
12,19,4,0,17,3,2,4,6,0,0,1,0,0,0,0,0,13.746479,51.060059
12,19,4,0,6,3,3,5,3,0,0,1,1,0,0,0,0,13.772733,51.047787
12,19,4,0,16,3,3,5,3,0,0,1,1,0,0,0,0,13.760681,51.049214
11,19,4,0,19,3,2,0,1,0,0,1,0,0,0,0,0,12.917063,50.826141
13,19,4,0,13,2,2,0,1,0,0,1,0,0,0,0,0,12.414445,51.345103
13,19,4,0,16,2,3,1,7,0,0,1,1,0,0,0,0,12.377555,51.328144
13,19,4,0,16,2,3,3,6,0,0,1,1,0,0,0,0,12.373438,51.321607
13,19,4,0,9,2,3,4,6,0,0,1,0,0,0,0,0,12.387012,51.326937
27,19,4,0,14,2,3,5,2,0,0,1,1,0,0,0,0,13.270933,51.298524
27,19,4,0,16,2,2,4,6,0,0,1,1,0,0,0,0,13.216981,51.347186
28,19,4,0,14,2,2,5,2,0,0,1,1,0,0,0,0,13.932261,50.969449
12,19,4,0,13,1,2,5,3,0,0,1,1,0,0,0,0,13.765587,51.073253
21,19,4,0,0,1,3,9,7,2,0,1,0,0,0,0,0,12.778954,50.549167
25,19,5,0,7,2,3,4,2,0,0,1,1,0,0,0,0,14.447582,51.182925
27,19,5,0,7,2,2,5,3,0,0,1,1,0,0,0,0,13.667809,51.102446
11,19,5,0,12,3,3,5,2,0,0,1,1,0,0,0,0,12.923711,50.835241
29,19,5,0,14,2,3,3,2,0,0,1,0,0,0,0,1,12.447752,51.225393
13,19,5,0,17,2,3,0,7,0,0,1,0,0,0,0,0,12.37965,51.341925
28,19,5,0,6,2,3,5,3,0,0,1,1,0,0,0,0,13.59453,51.032883
13,19,5,0,15,2,3,1,5,0,0,1,1,0,0,0,0,12.369445,51.363056
13,19,5,0,17,2,2,4,6,0,0,1,1,0,0,0,0,12.379649,51.341921
29,19,5,0,18,2,3,2,3,0,0,1,1,0,1,0,0,12.225645,51.30426
12,19,5,0,7,2,3,1,5,0,0,1,1,0,0,0,0,13.695743,51.077933
12,19,5,0,18,2,3,0,1,0,0,1,0,0,0,0,0,13.685346,51.050719
12,19,5,0,8,2,3,0,7,0,0,1,0,0,0,0,0,13.758067,51.052326
21,19,5,0,18,2,2,5,3,0,0,1,1,0,0,0,0,12.847729,50.699001
22,19,5,0,14,2,3,4,1,0,0,1,1,0,0,0,0,13.133425,51.120597
23,19,5,0,16,1,3,6,4,0,0,1,0,1,0,0,0,12.315349,50.615341
29,19,5,0,18,1,3,0,7,0,0,1,0,0,0,0,0,12.378246,51.250727
12,19,5,0,17,1,2,5,2,0,0,1,1,0,0,0,0,13.773605,51.118233
13,19,5,0,19,7,3,5,3,0,1,1,1,0,0,0,0,12.380075,51.339533
23,19,5,0,7,6,3,3,2,0,0,1,1,0,0,0,0,12.137265,50.49122
30,19,5,0,13,6,3,4,5,0,0,1,1,0,0,0,0,12.333983,51.532533
13,19,5,0,17,6,3,5,2,0,0,1,1,0,0,0,0,12.393204,51.336947
13,19,5,0,19,6,3,3,6,0,0,1,1,0,0,0,0,12.329143,51.320343
13,19,5,0,11,6,2,0,1,0,0,1,0,0,0,0,0,12.355592,51.337965
25,19,5,0,15,6,3,0,7,0,0,1,0,0,0,0,0,14.438184,51.172582
12,19,5,0,10,6,3,0,7,0,0,1,1,0,0,0,0,13.748987,51.067658
12,19,5,0,13,6,3,5,3,0,0,1,1,0,0,0,0,13.761583,51.052001
12,19,5,0,7,6,3,5,2,0,0,1,1,0,0,0,0,13.778601,51.042636
12,19,5,0,17,6,3,5,3,0,0,1,1,0,0,0,0,13.774713,51.049807
22,19,5,0,17,6,2,5,3,0,0,1,1,0,0,0,0,13.178466,50.800837
22,19,5,0,19,6,3,5,3,0,0,1,1,0,0,0,0,13.332704,50.901993
24,19,5,0,5,5,2,3,2,1,0,1,1,0,0,0,0,12.562785,50.727595
23,19,5,0,18,5,2,6,4,0,0,1,0,1,0,0,0,12.293849,50.61948
13,19,5,0,8,5,3,5,3,0,0,1,1,0,0,0,0,12.378289,51.334602
26,19,5,0,18,5,3,0,1,0,0,1,0,0,0,0,0,14.672278,51.095134
25,19,5,0,9,5,3,6,4,0,1,1,0,1,0,0,0,14.433703,51.180093
12,19,5,0,8,5,2,4,2,0,0,1,1,0,0,0,0,13.707808,51.046469
12,19,5,0,18,5,3,5,3,0,0,1,1,0,0,0,0,13.758043,51.052266
11,19,5,0,14,5,2,3,2,0,0,1,0,0,0,1,0,12.863682,50.832396
29,19,5,0,8,4,2,3,6,0,0,1,1,0,0,0,0,12.491046,51.125094
13,19,5,0,14,4,3,5,3,0,0,1,1,0,0,0,0,12.376587,51.346006
13,19,5,0,7,4,3,5,2,0,0,1,1,0,0,0,0,12.37088,51.335078
13,19,5,0,18,4,3,5,3,0,0,1,1,0,0,0,0,12.404088,51.33212
28,19,5,0,17,4,3,4,6,0,0,1,1,0,0,0,0,13.956685,50.998153
27,19,5,0,16,4,3,5,3,0,0,1,1,0,0,0,0,13.680788,51.10172
12,19,5,0,16,4,3,5,2,0,0,1,1,0,0,0,0,13.804432,51.03998
12,19,5,0,15,4,3,5,3,0,0,1,1,0,0,0,0,13.762407,51.032847
12,19,5,0,19,4,3,5,3,1,0,1,1,0,0,0,0,13.73861,51.039527
11,19,5,0,7,4,3,3,6,0,0,1,1,0,0,0,0,12.923711,50.805845
13,19,5,0,15,3,3,3,6,0,0,1,1,0,0,0,0,12.405977,51.313897
13,19,5,0,21,3,3,3,7,2,0,1,1,0,0,0,0,12.373249,51.308279
13,19,5,0,18,3,2,1,5,0,0,1,1,0,0,0,0,12.310963,51.282833
29,19,5,0,8,3,3,5,3,0,1,1,1,0,0,0,0,12.368835,51.288985
27,19,5,0,16,3,3,5,3,0,0,1,1,0,0,0,0,13.576622,51.1186
12,19,5,0,16,3,3,2,2,0,0,1,1,0,0,0,0,13.751132,51.06641
12,19,5,0,15,3,3,0,7,0,0,1,1,0,0,0,0,13.803361,51.052293
11,19,5,0,18,3,3,5,3,0,0,1,0,0,0,0,0,12.918806,50.834704
13,19,5,0,14,2,3,5,3,0,0,1,1,0,0,0,0,12.388517,51.325951
13,19,5,0,7,2,3,5,3,0,0,1,1,0,0,0,0,12.41143,51.340243
13,19,5,0,7,2,3,5,3,0,0,1,1,0,0,0,0,12.390544,51.386031
13,19,5,0,17,2,2,3,2,0,0,1,1,0,0,0,0,12.40614,51.348181
30,19,5,0,17,2,2,5,3,0,0,1,0,0,0,1,0,12.516959,51.383578
13,19,5,0,13,2,3,5,2,0,0,1,1,0,0,0,0,12.464485,51.305542
13,19,5,0,16,2,3,1,5,0,0,1,1,0,0,0,0,12.40314,51.33997
13,19,5,0,7,2,2,5,3,0,0,1,1,0,0,0,0,12.392863,51.286853
25,19,5,0,22,2,3,9,3,2,0,1,1,0,0,0,0,14.180203,51.126576
12,19,5,0,17,2,3,0,7,0,0,1,1,0,0,0,0,13.719108,51.049229
12,19,5,0,5,2,3,0,7,1,0,1,0,0,0,0,0,13.711215,51.045399
12,19,5,0,17,2,3,5,3,0,0,1,0,0,0,0,1,13.702334,51.077929
30,19,5,0,16,1,3,4,2,0,0,1,1,0,0,0,0,13.096787,51.304084
11,19,5,0,15,1,3,0,7,0,0,1,0,0,0,0,0,12.903736,50.812827
29,19,5,0,14,7,3,4,2,0,1,1,0,0,0,0,0,12.325531,51.210478
13,19,5,0,13,7,3,5,3,0,0,1,1,0,0,0,0,12.37677,51.35695
24,19,5,0,23,6,3,0,1,2,0,1,1,0,0,0,0,12.484223,50.714319
13,19,5,0,6,6,3,0,1,0,1,1,0,0,0,0,0,12.371542,51.345235
13,19,5,0,20,6,3,5,3,1,0,1,1,0,0,0,0,12.340274,51.330357
13,19,5,0,10,6,3,3,6,0,0,1,1,0,0,0,0,12.376691,51.308434