CSV=`UKREIS,UJAHR,UMONAT,UTAG,USTUNDE,UWOCHENTAG,UKATEGORIE,UART,UTYP,LICHT,USTRZUSTAND,IstRad,IstPKW,IstFuss,IstKrad,IstGkfz,IstSonstig,@lon,@lat
13,19,5,0,7,6,2,5,2,0,0,1,1,0,0,0,0,12.370824,51.336353
13,19,5,0,17,6,3,4,2,0,0,1,1,0,0,0,0,12.478055,51.336495
27,19,5,0,14,6,3,2,7,0,0,1,0,0,0,0,1,13.302869,51.305167
12,19,5,0,20,6,3,2,2,1,0,1,1,0,0,0,0,13.724923,51.057713
30,19,5,0,17,5,2,5,3,0,0,1,1,0,0,0,0,12.964968,51.557098
29,19,5,0,12,5,3,1,5,0,0,1,1,0,0,0,0,12.737448,51.373762
13,19,5,0,7,5,3,5,3,0,0,1,0,0,1,0,0,12.372891,51.350516
13,19,5,0,10,5,3,3,5,0,0,1,1,0,0,0,0,12.274999,51.382985
12,19,5,0,15,5,3,5,3,0,0,1,0,0,0,0,1,13.722928,51.074692
12,19,5,0,16,4,3,0,1,0,0,1,0,0,0,0,0,13.671636,51.059865
12,19,5,0,14,4,2,0,1,0,0,1,0,0,0,0,0,13.700094,51.015983
23,19,4,0,16,3,2,0,7,0,0,1,0,0,0,0,0,12.394071,50.521824
30,19,4,0,17,3,2,5,3,0,0,1,1,0,0,0,0,13.001096,51.56126
13,19,4,0,18,3,3,5,3,0,0,1,1,0,0,0,0,12.372283,51.349605
12,19,4,0,7,3,3,0,3,0,0,1,0,0,0,0,1,13.690696,51.090748
12,19,4,0,17,3,3,5,3,0,0,1,1,0,0,0,0,13.75098,51.069224
30,19,4,0,11,2,3,0,1,0,1,1,0,0,0,0,0,13.110802,51.297263
13,19,4,0,15,2,3,0,1,0,1,1,0,0,0,0,0,12.373,51.309705
27,19,4,0,18,2,3,5,3,0,1,1,0,0,0,0,0,13.289868,51.317564
27,19,4,0,7,2,3,5,3,0,1,1,1,0,0,0,0,13.623207,51.105443
11,19,4,0,8,2,3,1,5,0,1,1,1,0,0,0,0,12.925719,50.848381
29,19,4,0,14,1,3,5,3,0,0,1,1,0,0,0,0,12.325256,51.20738
24,19,4,0,0,7,2,5,3,2,1,1,1,0,0,0,0,12.508527,50.670886
13,19,4,0,9,7,3,5,3,0,0,1,1,0,0,0,0,12.389675,51.321557
13,19,4,0,22,7,3,1,1,2,1,1,1,0,0,0,0,12.33699,51.329511
13,19,4,0,11,7,2,0,1,0,0,1,0,0,0,0,0,12.373369,51.312692
28,19,4,0,13,7,3,5,2,0,0,1,1,0,0,0,0,13.863092,50.951684
30,19,4,0,11,6,3,5,3,0,0,1,1,0,0,0,0,12.620794,51.45862
13,19,4,0,21,6,3,5,3,2,0,1,1,0,0,0,0,12.388063,51.355164
13,19,4,0,15,6,2,3,2,0,0,1,0,0,0,0,0,12.370118,51.340044
26,19,4,0,15,6,2,0,7,0,0,1,0,1,0,0,0,14.793017,51.140211
12,19,4,0,16,6,2,5,3,0,0,1,1,0,0,0,0,13.848703,50.996043
12,19,4,0,13,6,3,4,2,0,0,1,1,0,0,0,0,13.767764,51.026123
12,19,4,0,17,6,3,0,7,0,0,1,1,0,0,0,0,13.818651,51.031199
21,19,4,0,9,6,3,0,2,0,0,1,1,0,0,0,0,12.749668,50.737159
11,19,4,0,16,6,3,0,5,0,0,1,1,0,0,0,0,12.922371,50.838095
23,19,4,0,7,5,3,5,3,0,0,1,1,0,0,0,0,12.306382,50.544081
24,19,4,0,9,5,2,4,2,0,0,1,1,0,0,0,0,12.50744,50.740822
13,19,4,0,12,5,3,8,1,0,0,1,0,0,0,0,1,12.407812,51.329439
13,19,4,0,12,5,3,5,3,0,0,1,1,0,0,0,0,12.263127,51.34463
13,19,4,0,14,5,3,2,2,0,0,1,1,0,0,0,0,12.340358,51.371038
13,19,4,0,9,5,2,4,2,0,0,1,1,0,0,0,0,12.341203,51.325764
25,19,4,0,18,5,3,0,1,0,0,1,0,0,0,0,0,14.193865,51.121242
12,19,5,0,17,4,3,0,7,0,0,1,0,0,0,0,0,13.72131,51.088257
21,19,5,0,14,4,3,0,5,0,0,1,1,0,0,0,0,12.775552,50.705718
21,19,5,0,3,4,3,0,1,2,1,1,0,0,0,0,0,13.162844,50.647596
25,19,5,0,18,4,3,5,3,0,0,1,1,0,0,0,0,14.428581,51.272511
27,19,5,0,19,4,3,5,2,0,0,1,1,0,0,0,0,13.626261,51.105128
12,19,5,0,8,4,3,0,7,0,0,1,0,0,0,0,0,13.762021,51.067966
12,19,5,0,8,4,3,1,5,0,0,1,1,0,0,0,0,13.755123,51.066031
13,19,5,0,9,3,3,6,4,0,0,1,0,1,0,0,0,12.33423,51.337336
27,19,5,0,11,3,3,0,1,0,1,1,0,0,0,0,0,13.464195,51.153047
12,19,5,0,11,3,2,0,1,0,1,1,0,0,0,0,0,13.765349,51.056181
11,19,5,0,6,3,3,5,3,0,1,1,1,0,0,0,0,12.870782,50.814669
13,19,5,0,10,2,3,6,4,0,0,1,0,1,0,0,0,12.393843,51.336867
13,19,5,0,18,2,2,1,3,0,1,1,1,0,0,0,0,12.344842,51.339183
13,19,5,0,22,2,3,0,7,2,1,1,0,0,0,0,0,12.380454,51.339151
30,19,5,0,15,2,2,5,3,0,0,1,1,0,0,0,0,12.582218,51.59297
13,19,5,0,8,2,3,4,2,0,0,1,1,0,0,0,0,12.371105,51.339795
12,19,5,0,16,2,3,3,6,0,0,1,1,0,0,0,0,13.749494,51.03359
12,19,5,0,14,2,3,5,3,0,0,1,1,0,0,0,0,13.774613,51.049707
22,19,5,0,17,2,3,5,3,0,0,1,1,0,0,0,0,12.793065,50.895256
22,19,5,0,11,2,3,2,6,0,0,1,1,0,0,0,0,13.343201,50.912896
21,19,5,0,14,2,3,4,2,0,0,1,1,0,0,0,0,13.006663,50.580684
11,19,5,0,15,2,3,0,3,0,0,1,1,0,0,0,0,12.863267,50.813708
13,19,5,0,13,1,3,1,3,0,0,1,1,0,0,0,0,12.388942,51.322805
13,19,5,0,10,1,3,5,3,0,0,1,1,0,0,0,0,12.283653,51.357959
29,19,5,0,18,1,3,4,2,0,0,1,1,0,0,0,0,12.224779,51.306391
12,19,5,0,15,1,2,6,7,0,0,1,0,1,0,0,0,13.773332,51.033693
12,19,5,0,11,1,3,5,3,0,0,1,1,0,0,0,0,13.785323,51.03595
22,19,5,0,16,1,3,0,7,0,0,1,0,0,0,0,0,12.811023,50.918734
22,19,5,0,14,1,2,0,1,0,0,1,0,0,0,0,0,13.033651,50.912946
13,19,5,0,11,7,3,4,2,0,0,1,1,0,0,0,0,12.407331,51.345492
26,19,5,0,8,7,3,5,3,0,0,1,1,0,0,0,0,14.644064,51.50251
27,19,5,0,15,7,2,0,1,0,0,1,0,0,0,0,0,13.553201,51.09806
12,19,5,0,21,7,3,5,3,1,0,1,1,0,0,0,0,13.688938,51.057967
12,19,5,0,9,7,3,5,3,0,0,1,1,0,0,0,0,13.682499,51.060267
12,19,5,0,12,7,3,5,3,0,0,1,1,0,0,0,0,13.827336,51.002105
12,19,5,0,2,7,3,0,1,2,0,1,0,0,0,0,0,13.750465,51.071434
28,19,5,0,22,7,2,0,1,2,0,1,0,0,0,0,0,13.639874,50.88241
12,19,5,0,16,7,3,5,3,0,0,1,1,0,0,0,0,13.779073,51.038003
22,19,5,0,18,7,3,8,1,0,0,1,0,0,0,0,0,13.114532,50.855274
24,19,5,0,21,6,2,0,1,2,0,1,0,0,0,0,0,12.785347,50.859995
30,19,5,0,9,6,3,5,3,0,0,1,1,0,0,0,0,13.112996,51.29444
13,19,5,0,10,6,3,4,2,0,0,1,1,0,0,0,0,12.405853,51.331777
13,19,5,0,16,6,3,0,2,0,0,1,1,0,0,0,0,12.405677,51.351539
13,19,5,0,17,6,3,1,7,0,0,1,1,0,0,0,0,12.302601,51.315474
13,19,5,0,18,6,3,5,3,0,0,1,1,0,0,0,0,12.407552,51.3513
13,19,5,0,16,6,3,6,4,0,0,1,0,1,0,0,0,12.387116,51.32687
13,19,5,0,13,6,2,5,3,0,0,1,1,0,0,0,0,12.365713,51.363472
13,19,5,0,14,6,3,6,4,0,0,1,0,1,0,0,0,12.392388,51.334008
28,19,5,0,20,6,3,0,7,0,0,1,0,0,0,0,0,13.923862,50.975991
27,19,5,0,7,6,2,8,5,0,0,1,1,0,0,0,0,13.627666,51.112578
27,19,5,0,14,6,3,0,7,0,0,1,0,0,0,0,0,13.498234,51.262835
12,19,5,0,23,6,3,2,6,2,0,1,1,0,0,0,0,13.747855,51.039135
12,19,5,0,13,6,3,5,3,0,0,1,1,0,0,0,0,13.785323,51.035949
11,19,5,0,13,6,3,8,1,0,0,1,0,0,0,0,0,12.879085,50.821557
13,19,5,0,17,5,3,3,5,0,0,1,1,0,0,0,0,12.376563,51.336892
13,19,5,0,19,5,3,5,3,0,0,1,0,0,0,0,0,12.38118,51.342707
13,19,5,0,18,5,3,5,3,0,0,1,1,0,0,0,0,12.401158,51.30333
13,19,5,0,8,5,3,3,2,0,0,1,0,0,0,0,1,12.373272,51.315745
13,19,5,0,9,5,2,4,6,0,0,1,1,0,0,0,0,12.364043,51.32783
13,19,5,0,15,5,3,3,6,0,0,1,1,0,0,0,0,12.369825,51.361453
25,19,5,0,17,5,3,0,6,0,1,1,1,0,0,0,0,14.339864,51.308886
27,19,5,0,14,5,3,5,3,0,0,1,1,0,0,0,0,13.628315,51.112471
12,19,5,0,12,5,3,5,3,0,0,1,1,0,0,0,0,13.728701,51.085969
12,19,5,0,14,5,3,1,5,0,0,1,1,0,0,0,0,13.727549,51.02521
12,19,5,0,16,5,3,0,3,0,0,1,0,0,0,0,1,13.774691,51.033317
12,19,5,0,7,5,3,7,1,0,0,1,0,0,0,0,0,13.772639,51.046529
12,19,5,0,14,5,1,5,3,0,0,1,0,0,0,1,0,13.752243,51.077791
22,19,5,0,17,5,2,3,6,0,0,1,1,0,0,0,0,13.335197,50.932473
11,19,5,0,14,5,3,4,6,0,0,1,0,0,0,0,0,12.925571,50.83422
23,19,5,0,14,4,2,0,1,0,0,1,0,0,0,0,0,12.137941,50.489963
13,19,5,0,17,4,3,5,3,0,0,1,1,0,0,0,0,12.32299,51.327126
29,19,5,0,13,4,2,5,3,0,1,1,1,0,0,0,0,12.595958,51.327032
29,19,5,0,10,4,3,3,2,0,0,1,1,0,0,0,0,12.377212,51.272964
13,19,5,0,16,4,3,1,6,0,0,1,1,0,0,0,0,12.424673,51.312073
25,19,5,0,6,4,3,1,5,0,1,1,0,0,0,1,0,13.830862,51.179067
25,19,5,0,16,4,2,0,1,0,1,1,0,0,0,0,0,14.183218,51.125345
12,19,5,0,14,4,3,0,1,0,1,1,0,0,0,0,0,13.715979,51.064214
12,19,5,0,15,4,3,2,6,0,1,1,0,0,0,0,1,13.747557,51.014262
12,19,5,0,11,4,3,3,1,0,1,1,0,0,0,0,0,13.727356,51.052537
11,19,5,0,19,4,2,0,1,1,0,1,0,0,0,0,0,12.905927,50.823804
13,19,5,0,16,3,3,5,7,0,0,1,1,0,0,0,0,12.432393,51.355282
13,19,5,0,15,3,3,5,3,0,0,1,0,0,0,0,1,12.479295,51.34884
25,19,5,0,10,3,3,5,3,0,0,1,0,0,0,0,1,14.261546,51.440076
12,19,5,0,7,3,3,5,3,0,0,1,1,0,0,0,0,13.804167,51.044622
12,19,5,0,11,3,3,5,3,0,0,1,1,0,0,0,0,13.781036,51.045866
12,19,5,0,17,3,3,5,3,0,0,1,0,0,0,0,0,13.785674,51.054193
12,19,5,0,14,3,3,0,1,0,0,1,0,0,0,0,0,13.690982,51.05292
13,19,5,0,15,2,3,5,3,0,1,1,1,0,0,0,0,12.368287,51.334799
13,19,5,0,9,2,3,3,2,0,0,1,1,0,0,0,0,12.373711,51.331236
26,19,5,0,8,2,2,5,3,0,0,1,1,0,0,0,0,14.805375,50.89048
27,19,5,0,7,2,3,3,6,0,0,1,0,0,0,0,1,13.577223,51.115057
12,19,5,0,20,2,2,0,1,0,0,1,0,0,0,0,0,13.744453,51.066182
12,19,5,0,7,2,3,5,2,0,0,1,1,0,0,0,0,13.749376,51.03561
13,19,5,0,3,1,3,0,1,2,0,1,0,0,0,0,0,12.373565,51.309874
13,19,5,0,0,1,3,6,4,2,0,1,0,1,0,0,0,12.373525,51.324298
27,19,5,0,15,1,3,8,1,0,0,1,0,0,0,0,0,13.583403,51.129563
21,19,5,0,11,1,3,4,1,0,0,1,1,0,0,0,0,13.177747,50.772702
21,19,5,0,14,1,3,2,6,0,0,1,1,0,0,0,0,12.764129,50.497315
24,19,5,0,18,7,2,0,7,0,0,1,0,0,0,0,0,12.507612,50.734798
13,19,5,0,17,7,3,1,7,0,0,1,1,0,0,0,0,12.385916,51.364609
29,19,5,0,10,7,3,5,3,0,0,1,1,0,0,0,0,12.371909,51.261322
12,19,5,0,14,7,3,3,2,0,0,1,1,0,0,0,0,13.708957,51.047232
12,19,5,0,17,7,2,5,2,0,0,1,1,0,0,0,0,13.825864,51.012075
21,19,5,0,21,7,3,1,7,1,0,1,1,0,0,0,0,13.066743,50.747428
22,19,5,0,14,7,3,2,6,0,0,1,1,0,0,0,0,13.141081,51.088278
13,19,5,0,19,6,2,3,2,0,0,1,0,0,0,0,1,12.377303,51.333102
26,19,5,0,0,6,2,0,1,2,0,1,0,0,0,0,0,14.64234,51.49884
25,19,5,0,7,6,3,3,2,0,0,1,1,0,0,0,0,14.436566,51.176985
28,19,5,0,11,6,2,0,7,0,0,1,0,0,0,0,0,14.039918,50.955807
12,19,5,0,7,6,3,2,7,0,0,1,1,0,0,0,0,13.730697,51.08316
12,19,5,0,16,6,3,5,2,0,0,1,1,0,0,0,0,13.736812,51.047294
12,19,5,0,7,6,3,5,2,0,0,1,1,0,0,0,0,13.797686,51.042324
12,19,5,0,15,6,3,6,6,0,0,1,0,1,0,0,0,13.772309,51.049831
12,19,5,0,9,6,3,5,3,0,0,1,1,0,0,0,0,13.777936,51.05223
12,19,5,0,14,6,3,1,5,0,0,1,1,0,0,0,0,13.727237,51.070751
12,19,5,0,15,6,3,5,3,0,0,1,1,0,0,0,0,13.779849,51.044298
24,19,5,0,7,5,3,5,3,0,0,1,1,0,0,0,0,12.489512,50.732866
13,19,5,0,15,5,3,6,4,0,1,1,0,1,0,0,0,12.402615,51.345709
13,19,5,0,7,5,3,5,3,0,1,1,1,0,0,0,0,12.391159,51.33479
13,19,5,0,7,5,3,5,3,0,1,1,1,0,0,0,0,12.374586,51.36708
26,19,5,0,7,5,3,4,1,0,0,1,1,0,0,0,0,14.96798,51.144245
27,19,5,0,6,5,3,5,3,0,1,1,1,0,0,0,0,13.664404,51.106922
12,19,5,0,6,5,3,5,3,0,1,1,1,0,0,0,0,13.721412,51.08896
12,19,5,0,14,5,3,5,3,0,0,1,1,0,0,0,0,13.748975,51.033782
12,19,5,0,15,5,3,0,1,0,1,1,0,0,0,0,0,13.781085,51.052207
30,19,5,0,16,4,3,4,6,0,0,1,0,0,0,0,0,12.346528,51.522928
29,19,5,0,10,4,3,5,7,0,0,1,1,0,0,0,0,12.649837,51.395809
29,19,5,0,15,4,3,0,5,0,0,1,1,0,0,0,0,12.59131,51.276784
13,19,5,0,7,4,2,3,2,0,0,1,1,0,0,0,0,12.382952,51.334246
13,19,5,0,13,4,3,3,2,0,0,1,0,0,0,0,1,12.424366,51.320002
13,19,5,0,16,4,2,3,5,0,0,1,1,0,0,0,0,12.377671,51.30809
27,19,5,0,9,4,2,9,1,0,0,1,0,0,0,0,0,13.304453,51.065116
12,19,5,0,18,4,3,0,1,0,1,1,0,0,0,0,0,13.70525,51.030696
12,19,5,0,12,4,3,5,3,0,1,1,1,0,0,0,0,13.822276,50.997788
12,19,5,0,7,4,3,5,2,0,0,1,1,0,0,0,0,13.753352,51.05039
12,19,5,0,9,4,2,5,3,0,0,1,1,0,0,0,0,13.682971,51.051781
29,19,5,0,7,3,3,5,3,0,0,1,1,0,0,0,0,12.495535,51.114674
13,19,5,0,21,3,3,5,2,2,0,1,1,0,0,0,0,12.409109,51.345362
13,19,5,0,15,3,2,5,2,0,0,1,1,0,0,0,0,12.371257,51.332656
13,19,5,0,17,3,3,0,1,0,0,1,0,0,0,0,0,12.402587,51.33898
30,19,5,0,9,3,3,5,3,0,0,1,1,0,0,0,0,12.499699,51.381391
13,19,5,0,7,3,3,3,2,0,0,1,1,0,0,0,0,12.326443,51.322521
13,19,5,0,16,3,2,3,2,0,0,1,0,0,0,0,1,12.398182,51.339214
13,19,5,0,21,3,3,6,4,2,0,1,0,1,0,0,0,12.382286,51.339281
13,19,5,0,18,3,3,3,2,0,0,1,1,0,0,0,0,12.381809,51.338687
12,19,5,0,16,3,3,0,1,0,1,1,0,0,0,0,0,13.690617,51.053802
12,19,5,0,6,3,3,5,3,0,0,1,1,0,0,0,0,13.751514,51.047219
12,19,5,0,16,3,2,5,3,0,0,1,1,0,0,0,0,13.802966,51.040484
11,19,5,0,7,3,3,5,3,0,0,1,1,0,0,0,0,12.823318,50.864815
13,19,6,0,15,4,3,5,3,0,0,1,1,0,0,0,0,12.397577,51.336491
13,19,6,0,7,5,3,5,3,0,0,1,1,0,0,0,0,12.386315,51.378848
30,19,6,0,17,5,2,5,3,0,0,1,1,0,0,0,0,12.493351,51.383182
13,19,6,0,6,5,3,5,3,0,0,1,1,0,0,0,0,12.387455,51.357024
25,19,6,0,17,5,3,5,3,0,0,1,1,0,0,0,0,14.423462,51.170052
27,19,6,0,7,5,3,1,5,0,1,1,1,0,0,0,0,13.570233,51.165034
12,19,6,0,16,5,3,1,5,0,0,1,1,0,0,0,0,13.82507,51.02496
12,19,6,0,17,5,3,4,2,0,0,1,1,0,0,0,0,13.732618,51.033322
12,19,6,0,16,5,3,5,2,0,0,1,1,0,0,0,0,13.797037,51.042521
22,19,6,0,12,5,3,4,6,0,0,1,1,0,0,0,0,13.403767,50.873301
11,19,6,0,14,5,2,0,1,0,0,1,0,0,0,0,0,12.929621,50.823226
22,19,6,0,14,5,2,4,2,0,0,1,1,0,0,0,0,13.321523,50.861026
30,19,6,0,11,4,3,4,1,0,1,1,0,0,0,0,0,12.343252,51.527766
29,19,6,0,11,4,3,1,7,0,0,1,1,0,0,0,0,12.411463,51.19786
13,19,6,0,15,4,3,1,5,0,0,1,1,0,0,0,0,12.37681,51.321922
13,19,6,0,7,4,3,5,3,0,0,1,1,0,0,0,0,12.386734,51.359061
13,19,6,0,10,4,3,5,3,0,0,1,1,0,0,0,0,12.470425,51.345744
26,19,6,0,19,4,3,0,1,1,1,1,0,0,0,0,0,14.984526,51.170104
26,19,6,0,9,4,3,6,7,0,0,1,0,1,0,0,0,14.967279,51.154443
27,19,6,0,7,4,3,3,2,0,0,1,0,0,1,0,0,13.677811,51.100123
12,19,6,0,17,4,3,5,3,0,0,1,1,0,0,0,0,13.838473,51.005835
12,19,6,0,12,4,2,5,3,0,0,1,1,0,0,0,0,13.742952,51.028686
12,19,6,0,18,4,3,8,6,0,0,1,1,0,0,0,0,13.738123,51.050237
12,19,6,0,17,4,3,2,6,0,1,1,0,0,0,0,0,13.736918,51.050508
12,19,6,0,15,4,3,3,6,0,0,1,1,0,0,0,0,13.724546,51.04595
12,19,6,0,9,4,3,5,3,0,0,1,1,0,0,0,0,13.801889,51.02235
11,19,6,0,7,4,3,5,3,0,0,1,1,0,0,0,0,12.926524,50.845698
11,19,6,0,17,4,3,5,3,0,0,1,1,0,0,0,0,12.923183,50.832707
29,19,6,0,15,3,3,4,2,0,0,1,1,0,0,0,0,12.744951,51.368492
13,19,6,0,21,3,3,5,3,2,1,1,1,0,0,0,0,12.393236,51.336943
13,19,6,0,17,3,3,5,3,0,0,1,0,0,0,0,1,12.381149,51.337365
13,19,6,0,6,3,3,5,7,0,0,1,1,0,0,0,0,12.383843,51.307687
13,19,6,0,16,3,3,2,6,0,0,1,1,0,0,0,0,12.370406,51.36132
13,19,6,0,22,3,2,4,2,2,1,1,1,0,0,0,0,12.368741,51.312531
13,19,6,0,7,3,3,5,3,0,0,1,1,0,0,0,0,12.373002,51.309697
27,19,6,0,9,3,3,5,3,0,0,1,1,0,0,0,0,13.535657,51.294309
22,19,6,0,8,3,3,0,7,0,0,1,1,0,0,0,0,13.346516,50.913077
12,19,6,0,16,3,3,5,3,0,0,1,1,0,0,0,0,13.842003,51.019158
12,19,6,0,18,3,3,5,3,0,0,1,0,0,1,0,0,13.734349,51.036896
12,19,6,0,17,3,3,0,7,0,0,1,0,0,0,0,0,13.772134,51.127196
22,19,6,0,16,3,2,0,1,0,0,1,0,1,0,0,0,13.120043,51.124067
11,19,6,0,13,3,3,0,7,0,0,1,0,1,0,0,0,12.959583,50.833339
11,19,6,0,11,3,3,9,1,0,0,1,0,0,0,0,0,12.887271,50.859422
22,19,6,0,0,2,2,0,7,2,0,1,0,0,0,0,0,12.937586,51.121252
21,19,6,0,13,2,2,6,6,0,0,1,0,1,0,0,0,12.781154,50.551908
24,19,6,0,22,1,3,5,3,2,0,1,1,0,0,0,0,12.49335,50.720629
24,19,6,0,4,1,1,1,1,2,0,1,1,0,0,0,0,12.485254,50.702141
29,19,6,0,15,1,2,8,1,0,0,1,0,0,0,0,0,12.50401,51.137573
13,19,6,0,18,1,3,0,1,0,0,1,0,0,0,0,0,12.376712,51.318741
13,19,6,0,10,1,2,8,1,0,0,1,0,0,0,0,0,12.321392,51.375165
25,19,6,0,10,1,3,0,1,0,0,1,0,0,0,0,0,13.901166,51.113436
26,19,6,0,4,1,2,0,1,2,0,1,0,0,0,0,0,14.857373,51.286775
28,19,6,0,12,1,3,0,7,0,0,1,0,0,0,0,0,14.001724,50.937923
27,19,6,0,12,1,3,0,1,0,0,1,0,0,0,0,0,13.659119,51.128687
12,19,6,0,9,1,2,5,3,0,0,1,1,0,0,0,0,13.751524,51.047215
25,19,6,0,21,7,3,8,1,1,0,1,0,0,0,0,0,14.186026,51.121922
13,19,6,0,18,6,3,1,7,0,0,1,1,0,0,0,0,12.37193,51.339631
13,19,6,0,13,6,2,6,4,0,0,1,0,1,0,0,0,12.389488,51.335904
25,19,6,0,15,6,2,5,3,0,0,1,1,0,0,0,0,14.261731,51.439916
12,19,6,0,8,6,3,5,2,0,0,1,1,0,0,0,0,13.741428,51.023702
12,19,6,0,17,6,3,5,3,0,0,1,1,0,0,0,0,13.777581,51.116526
12,19,6,0,10,6,3,1,5,0,0,1,1,0,0,0,0,13.769114,51.047781
12,19,6,0,21,6,3,4,1,2,0,1,1,0,0,0,0,13.727143,51.056843
12,19,6,0,8,6,3,0,1,0,1,1,0,0,0,0,0,13.748335,51.044022
30,19,6,0,11,5,2,0,7,0,0,1,0,0,0,0,0,12.995862,51.559579
13,19,6,0,1,5,3,3,7,2,0,1,1,0,0,0,0,12.373599,51.307535
13,19,6,0,12,5,3,1,5,0,0,1,1,0,0,0,0,12.378425,51.307826
26,19,6,0,14,5,3,5,3,0,0,1,1,0,0,0,0,14.98427,51.149427
25,19,6,0,10,5,2,5,3,0,0,1,1,0,0,0,0,14.184692,51.121306
12,19,6,0,19,5,3,0,7,0,1,1,0,0,0,0,0,13.74962,51.064905
12,19,6,0,17,5,3,5,3,0,0,1,1,0,0,0,0,13.739587,51.038784
12,19,6,0,12,5,3,6,7,0,0,1,0,1,0,0,0,13.836761,51.02369
11,19,6,0,9,5,2,5,3,0,0,1,1,0,0,0,0,12.924452,50.82179
24,19,6,0,6,4,3,5,3,0,0,1,1,0,0,0,0,12.37399,50.732593
29,19,6,0,16,4,3,3,2,0,0,1,1,0,0,0,0,12.742198,51.189898
13,19,6,0,8,4,3,5,3,0,0,1,1,0,0,0,0,12.374711,51.347293
13,19,6,0,21,4,3,5,3,1,0,1,1,0,0,0,0,12.378602,51.324186
27,19,6,0,18,4,3,0,7,0,0,1,0,0,0,0,0,13.344866,51.310806
27,19,6,0,12,4,3,4,7,0,0,1,0,0,0,0,1,13.579495,51.123668
12,19,6,0,8,4,3,6,4,0,0,1,0,1,0,0,0,13.700404,51.045038
12,19,6,0,16,4,3,4,2,0,0,1,1,0,0,0,0,13.710528,51.048429
12,19,6,0,18,4,3,0,7,0,0,1,0,0,0,0,0,13.748902,51.037265
12,19,6,0,21,4,3,0,1,2,0,1,0,0,0,0,0,13.751183,51.071235
12,19,6,0,8,4,3,5,3,0,0,1,1,0,0,0,0,13.769629,51.051116
12,19,6,0,6,4,3,1,5,0,0,1,1,0,0,0,0,13.800398,51.054182
12,19,6,0,17,4,3,5,2,0,0,1,1,0,0,0,0,13.777255,51.058719
12,19,6,0,7,4,3,1,5,0,0,1,1,0,0,0,0,13.753436,51.053006
12,19,6,0,13,4,3,5,3,0,0,1,0,0,0,0,0,13.72911,51.050958
13,19,6,0,17,3,3,4,2,0,0,1,1,0,0,0,0,12.371425,51.331581
13,19,6,0,8,3,3,3,7,0,0,1,0,0,0,0,1,12.310035,51.344328
13,19,6,0,12,3,3,2,2,0,0,1,1,0,0,0,0,12.334222,51.319445
13,19,6,0,16,3,3,5,2,0,0,1,1,0,0,0,0,12.368283,51.314665
13,19,6,0,18,3,3,4,2,0,0,1,0,0,1,0,0,12.335529,51.32172
27,19,6,0,17,3,3,5,3,0,0,1,0,0,1,0,0,13.630877,51.104805
12,19,6,0,19,3,3,5,1,0,0,1,1,0,0,0,0,13.687722,51.04252
12,19,6,0,7,3,3,0,1,0,0,1,0,0,0,0,0,13.69774,51.046225
12,19,6,0,10,3,3,4,1,0,0,1,1,0,0,0,0,13.648571,51.090798
12,19,6,0,20,3,3,1,1,0,0,1,1,0,0,0,0,13.82675,51.02779
12,19,6,0,15,3,3,6,1,0,0,1,0,1,0,0,0,13.780083,51.116058
12,19,6,0,17,3,3,6,4,0,0,1,0,1,0,0,0,13.75355,51.065808
12,19,6,0,8,3,3,0,1,0,0,1,0,0,0,0,0,13.754613,51.066162
12,19,6,0,7,3,2,5,2,0,0,1,1,0,0,0,0,13.699509,51.044616
21,19,6,0,18,3,3,8,7,0,0,1,0,0,0,0,0,12.746596,50.724771
11,19,6,0,0,3,3,0,1,2,0,1,0,0,0,0,0,12.92374,50.82617
23,19,6,0,12,2,2,5,3,0,0,1,0,0,0,0,0,12.174942,50.489387
29,19,6,0,19,2,3,0,7,0,0,1,0,0,0,0,0,12.746224,51.374701
13,19,6,0,11,2,3,5,3,0,0,1,0,0,0,0,1,12.344655,51.318934
13,19,6,0,5,2,3,5,3,0,0,1,1,0,0,0,0,12.437219,51.39577
13,19,6,0,11,2,3,3,2,0,0,1,1,0,0,0,0,12.3581,51.379377
13,19,6,0,17,2,3,6,4,0,0,1,1,1,0,0,0,12.362196,51.365567
13,19,6,0,16,2,3,5,3,0,0,1,1,0,0,0,0,12.465775,51.312611
29,19,6,0,6,2,2,3,6,0,0,1,1,0,0,0,0,12.53483,51.344669
28,19,6,0,20,2,3,8,3,1,0,1,1,0,0,0,0,13.933262,50.971845
28,19,6,0,21,2,3,7,7,2,0,1,0,0,0,0,0,13.864571,50.980758
12,19,6,0,10,2,3,0,5,0,0,1,1,0,0,0,0,13.825714,50.998789
12,19,6,0,22,2,3,6,6,2,0,1,0,1,0,0,0,13.748814,51.064094
12,19,6,0,15,2,3,0,7,0,0,1,0,0,0,0,0,13.777773,51.053078
12,19,6,0,20,2,3,5,2,1,0,1,1,0,0,0,0,13.798141,51.02384
12,19,6,0,18,2,3,5,2,0,0,1,1,0,0,0,0,13.782517,51.033091
22,19,6,0,11,2,2,0,2,0,0,1,1,0,0,0,0,13.32987,50.912451
29,19,6,0,15,1,3,5,3,0,0,1,1,0,0,0,0,12.694533,51.366962
13,19,6,0,16,1,3,4,2,0,0,1,1,0,0,0,0,12.385046,51.33815
13,19,6,0,12,1,3,5,3,0,0,1,1,0,0,0,0,12.392564,51.348424
25,19,6,0,17,1,3,5,3,0,0,1,1,0,0,0,0,14.182483,51.129434
12,19,6,0,15,1,3,1,7,0,0,1,1,0,0,0,0,13.780675,51.008247