CSV=`UKREIS,UJAHR,UMONAT,UTAG,USTUNDE,UWOCHENTAG,UKATEGORIE,UART,UTYP,LICHT,USTRZUSTAND,IstRad,IstPKW,IstFuss,IstKrad,IstGkfz,IstSonstig,@lon,@lat
27,19,9,0,21,6,2,9,1,2,0,1,0,0,0,0,0,13.336175,51.334712
12,19,9,0,17,6,3,5,2,0,1,1,1,0,0,0,0,13.693285,51.045487
12,19,9,0,15,6,3,1,5,0,1,1,1,0,0,0,0,13.725865,51.093295
12,19,9,0,13,6,3,0,1,0,0,1,0,0,0,0,0,13.705834,51.078596
12,19,9,0,7,6,3,0,1,0,1,1,0,0,0,0,0,13.766933,51.012284
12,19,9,0,17,6,3,3,6,0,1,1,0,0,0,0,0,13.737123,51.050292
12,19,9,0,10,6,3,0,1,0,1,1,0,0,0,0,0,13.782668,51.045375
12,19,9,0,14,6,2,5,2,0,1,1,1,0,0,0,0,13.782515,51.033089
12,19,9,0,11,6,3,6,4,0,0,1,0,1,0,0,0,13.788523,51.043282
22,19,9,0,10,6,3,0,7,0,0,1,1,0,0,0,0,13.12277,50.963968
11,19,9,0,7,6,2,0,7,0,1,1,0,0,0,0,0,12.956287,50.805316
11,19,9,0,13,6,3,5,3,0,0,1,1,0,0,0,0,12.92313,50.859883
11,19,9,0,13,6,3,3,6,0,1,1,0,0,0,0,0,12.877033,50.829404
24,19,9,0,14,5,3,0,7,0,0,1,0,0,0,1,0,12.523598,50.752002
13,19,9,0,12,5,3,0,1,0,0,1,0,0,0,0,0,12.40497,51.363314
13,19,9,0,18,5,3,3,6,0,0,1,1,0,0,0,0,12.353353,51.362795
28,19,9,0,7,5,3,0,1,0,0,1,0,0,0,0,0,13.936823,50.848481
12,19,9,0,11,5,3,0,7,0,0,1,0,0,0,0,0,13.711105,51.089149
12,19,9,0,17,5,3,0,3,0,0,1,0,0,0,0,1,13.723072,51.072332
12,19,9,0,16,5,3,0,6,0,0,1,0,0,0,0,0,13.782516,51.112844
12,19,9,0,17,5,3,0,7,0,0,1,1,0,0,0,0,13.763168,51.07062
22,19,9,0,6,5,3,5,3,1,0,1,1,0,0,0,0,13.338422,50.9099
22,19,9,0,11,5,2,5,3,0,1,1,0,0,0,0,0,12.967557,50.984164
30,19,9,0,12,4,3,4,7,0,0,1,1,0,0,0,0,13.046885,51.518349
13,19,9,0,14,4,3,6,6,0,1,1,0,1,0,0,0,12.375654,51.339887
13,19,9,0,14,4,3,3,6,0,1,1,1,0,0,0,0,12.380748,51.330623
13,19,9,0,11,4,3,5,3,0,1,1,1,0,0,0,0,12.378886,51.325049
30,19,9,0,9,4,2,5,3,0,1,1,1,0,0,0,0,12.482438,51.381853
26,19,9,0,17,4,3,0,2,0,0,1,1,0,0,0,0,14.612637,50.930241
25,19,9,0,6,4,3,5,3,1,0,1,1,0,0,0,0,14.450044,51.191154
27,19,9,0,20,4,3,0,6,2,0,1,1,0,0,0,0,13.483201,51.168581
11,19,9,0,15,4,3,5,3,0,0,1,1,0,0,0,0,12.900799,50.847336
13,19,9,0,16,3,3,5,3,0,0,1,1,0,0,0,0,12.368742,51.312527
25,19,9,0,16,3,3,5,3,0,0,1,1,0,0,0,0,14.032901,51.389466
26,19,9,0,10,3,3,0,1,0,0,1,0,0,0,0,0,14.977542,51.156282
12,19,9,0,14,3,3,0,6,0,0,1,1,0,0,0,0,13.706005,51.046402
12,19,9,0,16,3,3,5,2,0,0,1,1,0,0,0,0,13.729446,51.045716
11,19,9,0,7,3,3,6,7,0,1,1,0,1,0,0,0,12.901127,50.834534
30,19,9,0,13,2,3,1,5,0,0,1,1,0,0,0,0,12.630767,51.461501
13,19,9,0,13,2,3,1,5,0,0,1,1,0,0,0,0,12.378536,51.346317
13,19,9,0,14,2,3,1,5,0,0,1,1,0,0,0,0,12.322719,51.300919
26,19,9,0,7,2,2,3,2,1,0,1,1,0,0,0,0,14.643654,51.501545
28,19,9,0,13,2,3,0,1,0,0,1,0,0,0,0,0,13.932522,50.960996
27,19,9,0,19,2,2,8,1,2,0,1,0,0,0,0,0,13.498609,51.170504
27,19,9,0,10,2,3,5,2,0,0,1,1,0,0,0,0,13.489181,51.160771
12,19,9,0,18,2,2,0,7,0,0,1,0,0,0,0,0,13.827884,51.016453
12,19,9,0,6,2,3,5,2,1,0,1,1,0,0,0,0,13.765626,51.073299
22,19,9,0,10,2,3,5,3,0,0,1,1,0,0,0,0,13.114961,51.120314
11,19,9,0,19,2,2,0,7,2,0,1,0,0,0,0,0,12.978712,50.804635
29,19,9,0,11,1,2,3,6,0,0,1,0,1,0,0,0,12.735062,51.239072
13,19,9,0,18,1,3,5,3,0,0,1,1,0,0,0,0,12.312901,51.30903
12,19,9,0,16,1,3,0,1,0,0,1,0,0,0,0,0,13.777212,51.060293
21,19,9,0,17,1,2,0,1,0,0,1,0,0,0,0,0,12.739253,50.734392
23,19,9,0,11,7,2,5,3,0,0,1,1,0,0,0,0,12.396161,50.506989
13,19,9,0,18,7,3,6,7,0,0,1,0,1,0,0,0,12.340974,51.318431
13,19,9,0,9,7,3,5,2,0,0,1,1,0,0,0,0,12.41759,51.35924
27,19,9,0,17,7,3,5,7,0,0,1,1,0,0,0,0,13.445594,51.411478
27,19,9,0,15,7,2,0,7,0,0,1,0,0,0,0,0,13.297409,51.326361
12,19,9,0,10,7,3,0,1,0,0,1,0,0,0,0,0,13.840014,51.02522
12,19,9,0,10,7,3,0,7,0,0,1,1,0,0,0,0,13.788674,51.040778
22,19,9,0,18,7,2,1,5,0,0,1,1,0,0,0,0,13.156694,50.870165
21,19,9,0,19,7,2,0,1,0,0,1,0,0,0,0,0,12.785571,50.558464
29,19,9,0,6,6,3,5,3,1,0,1,1,0,0,0,0,12.701091,51.051022
13,19,9,0,13,6,3,4,2,0,0,1,1,0,0,0,0,12.414372,51.345088
13,19,9,0,21,6,3,4,5,2,0,1,0,0,0,0,0,12.382624,51.336581
21,19,9,0,18,4,2,0,1,0,0,1,0,0,0,0,0,12.968243,50.644174
13,19,9,0,23,6,3,6,6,2,0,1,0,1,0,0,0,12.33904,51.318414
11,19,10,0,13,3,3,5,3,0,0,1,0,0,0,0,1,12.893353,50.846676
29,19,9,0,17,6,2,5,3,0,0,1,0,0,0,0,1,12.38964,51.198406
12,19,9,0,13,4,3,0,7,0,0,1,0,0,0,0,0,13.67316,51.083561
27,19,9,0,13,6,3,4,6,0,0,1,0,0,0,0,0,13.293618,51.302834
12,19,9,0,9,6,3,5,3,0,0,1,1,0,0,0,0,13.786298,51.028553
12,19,9,0,11,6,2,3,6,0,0,1,0,0,0,0,1,13.806854,51.038946
12,19,9,0,8,6,2,5,2,0,0,1,1,0,0,0,0,13.707118,51.029286
11,19,9,0,8,6,2,5,3,0,0,1,1,0,0,0,0,12.922509,50.84541
23,19,9,0,16,5,2,5,3,0,0,1,1,0,0,0,0,12.28271,50.624031
13,19,9,0,11,5,3,5,3,0,0,1,1,0,0,0,0,12.36166,51.332682
13,19,9,0,16,5,3,0,7,0,0,1,0,0,0,0,1,12.359394,51.341276
13,19,9,0,7,5,3,5,3,0,0,1,1,0,0,0,0,12.391917,51.323745
13,19,9,0,14,5,3,6,6,0,0,1,0,1,0,0,0,12.378839,51.387539
13,19,9,0,7,3,3,0,7,0,0,1,0,0,0,0,1,12.369301,51.332324
13,19,9,0,6,3,3,5,3,2,0,1,1,0,0,0,0,12.428844,51.295164
13,19,9,0,13,5,2,3,7,0,0,1,0,0,0,0,1,12.449385,51.367176
13,19,9,0,14,5,3,6,6,0,0,1,0,1,0,0,0,12.379036,51.387231
26,19,9,0,7,5,3,4,2,0,0,1,0,0,0,0,1,14.683093,51.103385
13,19,9,0,7,3,3,5,3,0,0,1,1,0,0,0,0,12.393426,51.286178
30,19,9,0,14,2,3,1,1,0,0,1,1,0,0,0,0,12.334615,51.521887
12,19,9,0,11,5,3,5,3,0,0,1,1,0,0,0,0,13.788848,51.017373
12,19,9,0,22,5,3,0,1,2,0,1,0,0,0,0,0,13.75002,51.047558
12,19,9,0,7,5,3,5,3,0,0,1,1,0,0,0,0,13.749231,51.05252
13,19,9,0,13,2,3,5,3,0,0,1,0,0,0,0,1,12.362232,51.332556
23,19,9,0,1,4,2,0,1,2,0,1,0,0,0,0,0,12.143905,50.509733
24,19,9,0,6,4,3,2,2,0,0,1,1,0,0,0,0,12.539442,50.813758
30,19,9,0,14,4,2,9,6,0,0,1,1,0,0,0,0,12.691537,51.559611
13,19,9,0,20,4,3,0,1,1,0,1,0,0,0,0,0,12.452501,51.275734
13,19,9,0,14,4,3,4,2,0,1,1,1,0,0,0,0,12.361998,51.364883
29,19,9,0,11,4,2,5,3,0,0,1,1,0,0,0,0,12.739888,51.368797
13,19,9,0,17,4,3,4,2,0,0,1,1,0,0,0,0,12.362461,51.338938
26,19,9,0,16,4,3,0,6,0,0,1,1,0,0,0,0,14.533313,51.544269
25,19,9,0,11,4,2,6,4,0,0,1,0,1,0,0,0,14.429561,51.176928
12,19,9,0,12,3,3,5,3,0,0,1,1,0,0,0,0,13.848129,51.006036
29,19,10,0,6,4,2,0,3,2,1,1,0,0,0,0,1,12.223545,51.306008
25,19,10,0,8,4,3,5,3,0,1,1,1,0,0,0,0,14.274599,51.443312
11,19,10,0,17,4,3,5,2,0,0,1,1,0,0,0,0,12.889817,50.79503
11,19,10,0,17,4,3,1,5,1,0,1,1,0,0,0,0,12.940438,50.775584
21,19,10,0,11,4,3,5,2,0,1,1,1,0,0,0,0,12.78653,50.713726
13,19,10,0,13,3,3,5,3,0,0,1,1,0,0,0,0,12.367398,51.332033
13,19,10,0,20,3,3,5,2,2,0,1,1,0,0,0,0,12.373446,51.328523
13,19,10,0,11,3,1,5,2,0,0,1,0,0,0,1,0,12.31108,51.328979
25,19,10,0,9,3,3,5,3,0,0,1,1,0,0,0,0,14.245403,51.435141
27,19,10,0,18,3,2,6,4,0,0,1,0,1,0,0,0,13.286215,51.344958
27,19,10,0,7,3,3,5,3,0,0,1,1,0,0,0,0,13.661793,51.103919
12,19,10,0,7,3,3,0,1,0,0,1,0,0,0,0,0,13.841271,51.006493
12,19,10,0,18,3,2,5,3,2,0,1,1,0,0,0,0,13.7772,51.060048
24,19,10,0,19,2,3,8,7,2,0,1,0,0,0,0,0,12.74135,50.86229
13,19,10,0,9,2,3,5,3,0,0,1,1,0,0,0,0,12.38511,51.338112
30,19,10,0,10,2,2,6,4,0,0,1,0,1,0,0,0,13.111662,51.29451
12,19,10,0,11,6,3,5,2,0,0,1,1,0,0,0,0,13.756899,51.055229
13,19,10,0,17,2,3,4,2,0,0,1,1,0,0,0,0,12.311836,51.347677
13,19,10,0,17,2,3,2,6,0,0,1,1,0,0,0,0,12.463879,51.32431
13,19,10,0,11,2,3,5,3,0,0,1,1,0,0,0,0,12.401053,51.376226
13,19,10,0,9,2,3,3,6,0,0,1,0,0,0,0,1,12.342192,51.318655
12,19,10,0,19,2,3,0,1,1,0,1,0,0,0,0,0,13.788961,51.027487
12,19,10,0,9,6,3,0,3,0,0,1,1,0,0,0,0,13.768254,51.047983
12,19,10,0,19,2,3,0,1,2,0,1,0,0,0,0,0,13.757135,51.049752
11,19,10,0,18,2,3,5,2,1,0,1,1,0,0,0,0,12.899478,50.83975
13,19,10,0,17,1,2,6,7,0,0,1,0,1,0,0,0,12.42425,51.304449
13,19,10,0,13,7,3,5,2,0,0,1,0,0,0,0,0,12.357035,51.320494
25,19,10,0,10,7,3,4,2,0,0,1,1,0,0,0,0,14.258313,51.443504
25,19,10,0,16,7,3,1,5,0,0,1,1,0,0,0,0,14.264167,51.437794
11,19,10,0,11,6,2,5,3,0,0,1,1,0,0,0,0,12.950203,50.831518
25,19,10,0,18,7,3,3,2,0,0,1,0,0,0,0,0,14.303344,51.093765
12,19,10,0,23,7,2,0,1,1,1,1,0,0,0,0,0,13.797664,51.042304
12,19,10,0,12,7,3,3,2,0,0,1,1,0,0,0,0,13.755946,51.055883
13,19,10,0,15,6,3,5,3,0,0,1,1,0,0,0,0,12.370902,51.337614
13,19,10,0,17,6,3,5,3,0,0,1,1,0,0,0,0,12.368982,51.341924
24,19,10,0,15,5,2,5,3,0,0,1,1,0,0,0,0,12.548905,50.813009
25,19,10,0,16,6,3,1,5,0,0,1,1,0,0,0,0,14.265438,51.438868
28,19,10,0,16,6,3,5,3,0,0,1,1,0,0,0,0,13.66197,51.013119
12,19,10,0,18,6,2,0,1,2,0,1,0,0,0,0,0,13.766921,51.010492
12,19,10,0,15,6,3,8,1,0,0,1,0,0,0,0,0,13.749145,51.021259
12,19,10,0,9,6,3,0,7,0,0,1,1,0,0,0,0,13.73301,51.039472
22,19,10,0,16,6,3,5,3,0,0,1,1,0,0,0,0,12.960975,50.934827
22,19,10,0,7,6,3,8,1,0,0,1,0,0,0,0,0,13.364995,50.872762
13,19,10,0,16,5,3,6,7,0,1,1,0,1,0,0,0,12.373137,51.347509
13,19,10,0,17,5,2,0,7,0,0,1,1,0,0,0,0,12.37389,51.347592
26,19,10,0,10,5,3,0,3,0,0,1,1,0,0,0,0,14.632425,51.502263
27,19,10,0,10,5,2,5,2,0,1,1,1,0,0,0,0,13.299096,51.306525
12,19,10,0,16,5,3,5,3,0,0,1,0,0,0,0,1,13.860053,51.009019
11,19,10,0,8,5,3,5,3,0,1,1,1,0,0,0,0,12.92339,50.847873
24,19,10,0,13,4,3,0,3,0,0,1,1,0,0,0,0,12.548709,50.826545
13,19,10,0,8,4,3,5,3,0,0,1,1,0,0,0,0,12.369683,51.324486
13,19,10,0,11,4,3,5,7,0,0,1,1,0,0,0,0,12.377671,51.338693
13,19,10,0,8,4,3,5,3,0,1,1,1,0,0,0,0,12.388532,51.32594
26,19,10,0,7,4,3,0,6,0,1,1,1,0,0,0,0,14.990693,51.145022
12,19,10,0,10,4,2,0,1,0,0,1,0,0,0,0,0,13.769371,51.024638
12,19,10,0,9,4,3,0,1,0,1,1,0,0,0,0,0,13.776389,51.067688
12,19,10,0,7,4,3,5,3,0,1,1,1,0,0,0,0,13.803152,51.047432
21,19,10,0,10,4,3,5,2,0,0,1,1,0,0,0,0,13.165781,50.650804
29,19,10,0,10,5,3,0,6,0,0,1,1,0,0,0,1,12.657472,51.147769
11,19,10,0,16,4,3,5,2,0,0,1,1,0,0,0,0,12.923734,50.83523
12,19,10,0,18,3,3,5,2,1,1,1,1,0,0,0,0,13.745177,51.062835
12,19,10,0,9,3,2,3,2,0,1,1,1,0,0,0,0,13.786907,51.015825
11,19,10,0,13,3,3,5,3,0,0,1,1,0,0,0,0,12.858963,50.803861
24,19,10,0,12,2,2,5,3,0,0,1,0,0,0,0,1,12.627523,50.771142
30,19,10,0,13,2,3,3,2,0,0,1,1,0,0,0,0,12.943929,51.280262
13,19,10,0,7,2,3,5,3,1,0,1,1,0,0,0,0,12.3618,51.332557
25,19,10,0,7,2,2,0,7,0,0,1,0,0,0,0,0,14.243167,51.435259
26,19,10,0,12,2,2,8,6,0,0,1,0,0,0,0,1,14.81464,51.25199
26,19,10,0,16,2,3,5,3,0,0,1,1,0,0,0,0,14.983434,51.148689
12,19,10,0,9,2,3,5,3,0,0,1,1,0,0,0,0,13.745383,51.062533
13,19,10,0,11,5,3,5,2,0,0,1,1,0,0,0,0,12.369789,51.341337
12,19,10,0,21,2,3,1,1,2,0,1,1,0,0,0,0,13.801278,51.022594
12,19,10,0,18,2,2,5,2,2,0,1,1,0,0,0,0,13.75813,51.054082
25,19,10,0,16,1,3,0,1,0,0,1,0,0,0,0,0,14.114371,51.277202
13,19,10,0,14,5,3,5,3,0,0,1,0,0,0,0,1,12.303021,51.353176
12,19,10,0,19,1,3,4,2,2,1,1,1,0,0,0,0,13.756002,51.055908
24,19,10,0,18,7,3,5,3,0,1,1,1,0,0,0,0,12.371222,50.754133
13,19,10,0,11,7,3,4,2,0,1,1,1,0,0,0,0,12.371985,51.341017
22,19,10,0,11,7,2,5,3,0,1,1,1,0,0,0,0,12.90542,51.078303
13,19,10,0,18,7,3,5,3,1,0,1,1,0,0,0,0,12.390329,51.290891
26,19,10,0,8,7,3,1,5,0,1,1,1,0,0,0,0,14.661288,50.953902
28,19,10,0,23,7,3,8,1,2,1,1,0,0,0,0,0,13.860666,50.979203
13,19,10,0,7,6,3,1,1,0,1,1,1,0,0,0,0,12.38484,51.331651
30,19,10,0,12,6,3,3,2,0,0,1,1,0,0,0,0,12.989485,51.553157
25,19,10,0,22,6,3,0,7,2,1,1,0,0,0,0,0,14.099832,51.274131
26,19,10,0,19,6,3,0,1,2,0,1,0,0,0,0,0,14.782335,51.302856
13,19,10,0,8,6,3,5,2,0,0,1,1,0,0,0,0,12.392954,51.400178
12,19,10,0,8,6,3,3,2,0,0,1,1,0,0,0,0,13.721639,51.049576
11,19,10,0,16,6,3,0,7,1,1,1,0,0,0,0,0,12.923021,50.834427
12,19,10,0,15,5,3,5,3,0,0,1,1,0,0,0,0,13.803293,51.137656
29,19,10,0,18,4,3,5,3,0,0,1,0,0,0,0,0,12.590536,51.278175
13,19,10,0,17,4,3,5,3,0,0,1,1,0,0,0,0,12.366686,51.346939
13,19,10,0,13,6,3,5,3,0,0,1,1,0,0,0,0,12.369809,51.341326
13,19,10,0,7,4,2,5,3,0,1,1,1,0,0,0,0,12.39765,51.336537
26,19,10,0,12,6,3,5,3,0,0,1,1,0,0,0,0,14.83315,51.28854
28,19,10,0,21,6,2,0,1,2,1,1,0,0,0,0,0,13.860519,50.980048
12,19,10,0,18,5,3,0,7,1,0,1,1,0,0,0,0,13.774158,51.058062
12,19,10,0,19,4,3,3,2,2,1,1,1,0,0,0,0,13.806713,51.052104
12,19,10,0,6,4,3,5,3,1,1,1,1,0,0,0,0,13.717037,51.052627
11,19,10,0,7,4,3,0,1,0,0,1,0,0,0,0,0,12.930487,50.834333
12,19,10,0,15,5,2,0,1,0,0,1,0,0,0,0,0,13.75612,51.076452
24,19,10,0,22,3,2,7,7,2,1,1,0,0,0,0,0,12.482231,50.796293
13,19,10,0,10,3,3,5,3,0,0,1,1,0,0,0,0,12.486008,51.34635
13,19,10,0,12,3,3,5,3,0,0,1,1,0,0,0,0,12.372987,51.301393
27,19,10,0,7,3,3,5,2,0,1,1,1,0,0,0,0,13.630416,51.108117
12,19,10,0,7,3,3,5,3,1,0,1,1,0,0,0,0,13.718157,51.059938
12,19,10,0,11,3,3,0,3,0,0,1,1,0,0,0,0,13.713127,51.031427
12,19,10,0,8,3,2,5,3,0,0,1,0,0,0,0,0,13.737,51.049524
21,19,10,0,15,3,3,2,6,0,0,1,1,0,0,0,0,12.736175,50.708028
11,19,10,0,14,7,3,3,2,0,1,1,1,0,0,0,0,12.901052,50.816477
11,19,11,0,6,5,2,5,3,2,0,1,1,0,0,0,0,12.853027,50.7996
13,19,11,0,11,4,3,5,3,0,0,1,1,0,0,0,0,12.376752,51.320531
25,19,11,0,16,4,3,5,3,1,0,1,1,0,0,0,0,14.014046,51.180727
25,19,11,0,12,4,3,4,6,0,0,1,0,0,0,0,0,14.261478,51.440107
12,19,11,0,15,4,3,5,3,0,0,1,0,0,0,0,1,13.719089,51.046707
12,19,11,0,8,4,3,3,2,0,0,1,1,0,0,0,0,13.718424,51.087717
12,19,11,0,9,4,3,5,3,0,0,1,1,0,0,0,0,13.753344,51.050364
13,19,11,0,19,5,3,4,2,2,0,1,1,0,0,0,0,12.365683,51.320918
24,19,11,0,11,3,2,3,6,0,1,1,1,0,0,0,0,12.541581,50.826467
13,19,11,0,16,3,3,4,6,1,1,1,0,0,1,0,0,12.381845,51.320437
13,19,11,0,16,3,3,5,3,1,1,1,1,0,0,0,0,12.373467,51.351657
13,19,11,0,18,3,2,5,2,2,1,1,1,0,0,0,0,12.397375,51.31055
26,19,11,0,22,3,3,4,1,2,0,1,0,0,0,0,1,14.97929,51.145787
13,19,11,0,7,5,3,1,5,0,0,1,0,0,0,0,1,12.369373,51.356449
12,19,11,0,8,3,3,0,1,0,0,1,0,0,0,0,0,13.758053,51.052291
22,19,11,0,17,3,3,0,2,2,0,1,1,0,0,0,0,13.318644,50.907815
30,19,11,0,18,2,3,4,2,2,0,1,1,0,0,0,0,13.056276,51.236028
13,19,11,0,9,2,3,0,1,0,1,1,0,0,0,0,0,12.338798,51.332391
13,19,11,0,14,2,3,0,1,0,0,1,0,0,0,0,0,12.453365,51.291282
12,19,11,0,7,2,3,0,7,0,1,1,0,0,0,0,0,13.739952,51.01919
12,19,11,0,12,2,3,5,2,0,0,1,1,0,0,0,0,13.757228,51.049735
11,19,11,0,17,6,3,0,7,2,1,1,0,0,0,0,0,12.916571,50.803644
12,19,11,0,5,2,3,5,3,2,1,1,1,0,0,0,0,13.761715,51.031727
12,19,11,0,14,2,3,3,6,0,0,1,0,0,0,1,0,13.713291,51.045507
12,19,11,0,7,2,2,0,1,0,1,1,0,0,0,0,0,13.758109,51.03305
11,19,11,0,16,2,2,5,3,2,1,1,1,0,0,0,0,12.923924,50.835075
13,19,11,0,4,1,2,5,3,2,0,1,1,0,0,0,0,12.405975,51.335967
27,19,11,0,13,1,3,0,1,0,1,1,0,0,0,0,0,13.527657,51.29167
24,19,11,0,13,5,3,3,6,0,0,1,0,0,0,0,0,12.498289,50.789193
12,19,11,0,23,1,3,0,1,2,1,1,0,0,0,0,0,13.806351,51.039217
30,19,11,0,9,7,3,5,3,0,1,1,1,0,0,0,0,12.359642,51.479592
13,19,11,0,13,7,3,3,6,0,0,1,1,0,0,0,0,12.314286,51.348711
13,19,11,0,0,7,2,6,7,2,1,1,0,1,0,0,0,12.461215,51.339441
28,19,11,0,8,7,3,5,3,0,1,1,1,0,0,0,0,14.019928,50.986805
13,19,11,0,23,6,3,5,2,2,0,1,1,0,0,0,0,12.382071,51.332605
13,19,11,0,11,5,3,1,2,0,0,1,1,0,0,0,0,12.335818,51.327642
13,19,11,0,19,6,3,4,2,2,1,1,1,0,0,0,0,12.370554,51.361286
25,19,11,0,16,6,3,4,2,1,0,1,1,0,0,0,0,14.261905,51.44967
12,19,11,0,17,6,3,5,3,2,0,1,1,0,0,0,0,13.677519,51.058938
12,19,11,0,18,6,3,1,5,0,1,1,1,0,0,0,0,13.742295,51.036027
12,19,11,0,7,6,3,1,5,0,0,1,1,0,0,0,0,13.702022,51.03625
13,19,11,0,12,5,2,5,3,0,0,1,1,0,0,0,0,12.417094,51.344987
11,19,11,0,20,6,3,5,2,2,1,1,1,0,0,0,0,12.920597,50.836823
13,19,10,0,10,5,3,1,5,0,0,1,1,0,0,0,0,12.385355,51.346167
13,19,10,0,14,4,3,5,3,0,0,1,1,0,0,0,0,12.392242,51.335508
13,19,10,0,6,4,3,4,2,2,0,1,1,0,0,0,0,12.30027,51.355404
13,19,10,0,6,4,3,5,3,1,0,1,0,0,0,0,1,12.325686,51.313183
27,19,10,0,13,4,3,5,3,0,0,1,1,0,0,0,0,13.30173,51.305553
27,19,10,0,6,4,3,5,3,2,1,1,1,0,0,0,0,13.2698,51.299569
27,19,10,0,10,4,3,1,5,0,0,1,1,0,0,0,0,13.304338,51.304625
12,19,10,0,14,4,2,6,2,0,0,1,0,1,0,0,0,13.707897,51.046529
12,19,10,0,14,4,3,6,6,0,0,1,0,1,0,0,0,13.811825,51.028297
12,19,10,0,7,4,3,5,3,0,0,1,0,0,0,0,1,13.790812,51.037626
13,19,10,0,8,3,3,3,2,0,0,1,1,0,0,0,0,12.409255,51.345355
13,19,10,0,18,3,3,5,3,2,0,1,1,0,0,0,0,12.373326,51.353059
13,19,10,0,16,3,3,5,3,0,0,1,1,0,0,0,0,12.378353,51.332196
13,19,10,0,14,3,3,0,3,0,0,1,1,0,0,0,0,12.427314,51.307585
13,19,10,0,16,3,2,5,3,1,0,1,1,0,0,0,0,12.395744,51.358833
12,19,10,0,11,3,3,5,3,0,0,1,1,0,0,0,0,13.785328,51.035944
11,19,10,0,14,3,3,6,7,0,0,1,0,1,0,0,0,12.922241,50.835982
11,19,10,0,17,3,3,6,2,1,0,1,0,1,0,0,0,12.923615,50.828967
24,19,10,0,12,2,3,0,7,0,0,1,0,0,0,0,0,12.371627,50.713905
23,19,10,0,16,2,2,5,3,0,0,1,1,0,0,0,1,12.089837,50.525681
23,19,10,0,15,2,2,0,7,0,0,1,0,0,0,0,0,12.13057,50.512959
30,19,10,0,13,2,3,4,2,0,0,1,1,0,0,0,0,12.986862,51.552631
13,19,10,0,15,2,3,6,4,0,0,1,0,1,0,0,0,12.346469,51.321106
13,19,10,0,8,2,3,5,3,0,0,1,1,0,0,0,0,12.327164,51.329618
13,19,10,0,15,2,3,5,3,0,0,1,1,0,0,0,0,12.397149,51.301191
13,19,11,0,14,5,3,3,6,0,0,1,1,0,0,0,0,12.342702,51.321929
13,19,10,0,14,2,3,5,3,0,0,1,1,0,0,0,0,12.407558,51.351299
13,19,10,0,16,2,3,5,3,0,0,1,1,0,0,0,0,12.370395,51.326611
13,19,10,0,14,2,3,5,3,0,0,1,0,0,0,0,1,12.321688,51.301065
25,19,10,0,7,2,2,5,3,0,0,1,1,0,0,0,0,13.827414,51.175437
12,19,10,0,16,2,3,5,2,1,0,1,0,0,0,0,1,13.781978,51.030343
12,19,10,0,15,2,3,1,7,0,0,1,0,0,0,1,0,13.801193,51.055846
12,19,10,0,15,2,2,5,3,0,0,1,1,0,0,0,0,13.741518,51.116997
12,19,10,0,12,2,2,5,3,0,0,1,1,0,0,0,0,13.717012,51.080777
11,19,10,0,11,2,3,3,2,0,0,1,1,0,0,0,0,12.901044,50.816472
13,19,10,0,10,1,3,5,3,0,0,1,1,0,0,0,0,12.267275,51.356581
12,19,10,0,11,7,3,6,6,0,0,1,0,1,0,0,0,13.762965,51.062744
12,19,10,0,9,7,3,5,3,0,0,1,1,0,0,0,0,13.751527,51.047214
13,19,10,0,17,6,3,6,4,1,0,1,0,1,0,0,0,12.458453,51.352682
27,19,10,0,16,6,3,5,3,0,0,1,1,0,0,0,0,13.574248,51.115536
12,19,10,0,19,6,3,0,7,2,0,1,1,0,0,0,0,13.700345,51.08721
12,19,10,0,13,6,3,6,6,0,0,1,0,1,0,0,0,13.845585,51.01749
12,19,10,0,21,6,3,1,1,2,0,1,1,0,0,0,0,13.815768,51.030251
13,19,11,0,8,5,3,5,2,0,0,1,1,0,0,0,0,12.373647,51.330514
21,19,10,0,18,6,3,0,3,1,0,1,1,0,0,0,0,12.735961,50.732818
22,19,10,0,17,6,3,5,3,0,0,1,1,0,0,0,0,13.32649,50.874091
13,19,10,0,6,5,1,5,3,2,1,1,1,0,0,0,0,12.379389,51.350722
27,19,10,0,11,5,3,0,1,0,0,1,0,0,0,0,0,13.654244,51.122119
12,19,10,0,16,5,3,5,3,0,0,1,1,0,0,0,0,13.691251,51.052138
12,19,10,0,17,5,2,5,3,0,0,1,1,0,0,0,0,13.822265,50.997779
12,19,10,0,7,5,3,1,5,2,0,1,1,0,0,0,0,13.742889,51.065807
12,19,10,0,14,5,3,0,7,0,0,1,1,0,0,0,0,13.804445,51.041443
12,19,10,0,11,5,3,3,2,0,0,1,1,0,0,0,0,13.737038,51.037749
12,19,11,0,8,5,2,1,5,0,0,1,1,0,0,0,0,13.712144,51.028037
24,19,10,0,22,4,3,0,1,2,1,1,0,0,0,0,0,12.454605,50.830686
30,19,10,0,8,4,3,5,3,0,0,1,1,0,0,0,0,12.661215,51.469337
11,19,11,0,13,6,3,5,2,0,0,1,1,0,0,0,0,12.933124,50.82422
13,19,10,0,15,4,3,6,4,0,0,1,0,1,0,0,0,12.386058,51.367839
13,19,10,0,5,4,3,5,3,2,0,1,1,0,0,0,0,12.408688,51.360002