CSV=`UKREIS,UJAHR,UMONAT,UTAG,USTUNDE,UWOCHENTAG,UKATEGORIE,UART,UTYP,LICHT,USTRZUSTAND,IstRad,IstPKW,IstFuss,IstKrad,IstGkfz,IstSonstig,@lon,@lat
26,19,10,0,13,4,3,5,3,0,0,1,1,0,0,0,0,14.800229,50.902908
12,19,10,0,11,4,3,5,3,0,0,1,1,0,0,0,0,13.699425,51.03799
21,19,10,0,14,4,2,5,3,0,0,1,1,0,0,0,0,12.845162,50.548649
29,19,10,0,8,3,3,5,3,0,0,1,1,0,0,0,0,12.715361,51.228029
13,19,10,0,8,3,3,5,3,0,0,1,1,0,0,0,0,12.445501,51.346951
13,19,10,0,10,3,2,5,3,0,0,1,1,0,0,0,0,12.342615,51.321605
13,19,10,0,8,3,2,5,3,0,0,1,1,0,0,0,0,12.441588,51.326711
25,19,10,0,10,3,3,5,3,0,0,1,1,0,0,0,0,14.254985,51.43349
13,19,11,0,20,5,3,7,1,2,0,1,0,0,0,0,0,12.47936,51.350664
12,19,10,0,14,3,3,4,6,0,0,1,0,0,0,0,0,13.747428,51.028437
12,19,10,0,17,3,3,5,3,2,0,1,1,0,0,0,0,13.785323,51.035949
12,19,10,0,14,3,2,6,6,0,0,1,0,1,0,0,0,13.767893,51.035843
12,19,11,0,6,5,3,5,3,1,0,1,1,0,0,0,0,13.688434,51.056185
13,19,11,0,12,5,2,2,6,0,0,1,0,0,0,0,0,12.373549,51.330121
13,19,10,0,18,2,3,5,2,0,0,1,1,0,0,0,0,12.474297,51.337737
26,19,10,0,15,2,3,5,3,0,0,1,1,0,0,0,0,14.999307,51.18374
27,19,10,0,19,2,3,4,6,2,0,1,1,0,0,0,0,13.592946,51.121313
12,19,10,0,9,2,3,6,4,0,0,1,0,1,0,0,0,13.758261,51.069088
26,19,10,0,16,1,3,3,6,0,0,1,0,0,0,0,0,14.951048,51.151772
11,19,10,0,16,1,3,7,1,0,0,1,0,0,0,0,0,12.915366,50.831723
13,19,10,0,9,7,2,0,1,0,1,1,0,0,0,0,0,12.399029,51.345092
12,19,10,0,18,7,3,0,1,0,1,1,0,0,0,0,0,13.772954,51.069006
11,19,11,0,12,2,3,5,2,0,0,1,1,0,0,0,0,12.913437,50.858873
30,19,11,0,14,1,2,5,3,0,0,1,1,0,0,0,0,12.221824,51.396374
28,19,11,0,11,1,3,5,3,0,0,1,1,0,0,0,0,14.262752,51.019235
12,19,11,0,13,1,3,0,7,0,0,1,0,1,0,0,0,13.643759,51.093028
12,19,11,0,2,1,3,2,6,2,0,1,1,0,0,0,0,13.765914,51.053026
22,19,11,0,12,1,2,0,7,0,1,1,0,0,0,0,0,12.801799,50.885699
28,19,11,0,7,4,3,5,3,1,0,1,1,0,0,0,0,13.601081,51.032309
24,19,11,0,14,6,2,1,7,0,1,1,1,0,0,0,0,12.488351,50.729775
13,19,11,0,14,6,3,3,6,0,0,1,0,0,0,0,0,12.39133,51.334713
13,19,11,0,5,6,2,3,6,2,1,1,1,0,0,0,0,12.451064,51.365751
13,19,11,0,10,6,3,4,2,0,0,1,1,0,0,0,0,12.366713,51.340564
13,19,11,0,17,6,2,5,3,2,0,1,1,0,0,0,0,12.400691,51.306509
13,19,11,0,10,6,3,3,5,0,1,1,1,0,0,0,0,12.357993,51.333769
27,19,11,0,7,6,3,5,3,0,1,1,1,0,0,0,0,13.463909,51.153536
22,19,11,0,16,4,3,3,7,1,1,1,0,0,0,0,1,13.076069,50.857415
27,19,11,0,9,6,3,0,1,0,0,1,0,0,0,0,0,13.593002,51.122834
26,19,11,0,21,3,3,2,6,2,0,1,1,0,0,0,0,14.827233,51.290461
12,19,11,0,17,6,3,0,2,2,0,1,1,0,0,0,0,13.700585,51.082305
12,19,11,0,8,6,3,5,3,0,1,1,1,0,0,0,0,13.777131,51.035771
12,19,11,0,8,6,3,5,3,0,0,1,1,0,0,0,0,13.791072,51.037862
12,19,11,0,15,6,3,5,2,0,0,1,1,0,0,0,0,13.701992,51.036544
30,19,11,0,16,3,3,4,6,2,0,1,1,0,0,0,0,12.365912,51.481383
21,19,11,0,11,6,3,1,5,0,0,1,1,0,0,0,0,13.047654,50.556885
11,19,11,0,11,6,1,4,1,0,1,1,1,0,0,0,0,12.903626,50.822939
27,19,11,0,12,3,3,5,3,0,0,1,0,0,1,0,0,13.7071,51.305057
13,19,11,0,11,5,3,4,2,0,1,1,1,0,0,0,0,12.392563,51.303328
13,19,11,0,10,5,2,4,2,0,1,1,1,0,0,0,0,12.291724,51.321327
13,19,11,0,18,5,3,5,3,2,1,1,1,0,0,0,0,12.402141,51.321642
13,19,11,0,19,5,2,0,7,2,1,1,0,0,0,0,1,12.37675,51.340755
27,19,11,0,16,5,3,0,1,2,1,1,0,0,0,0,0,13.278774,51.305607
27,19,11,0,8,5,3,0,1,0,1,1,0,0,0,0,0,13.58186,51.123496
12,19,11,0,15,5,3,0,1,0,1,1,0,0,0,0,0,13.765031,51.015722
12,19,11,0,14,5,3,2,2,0,1,1,1,0,0,0,0,13.830692,51.028247
12,19,11,0,10,5,3,5,3,0,0,1,1,0,0,0,0,13.7462,51.063538
12,19,11,0,18,5,2,5,3,1,0,1,1,0,0,0,0,13.765772,51.065789
12,19,11,0,18,5,3,5,2,2,1,1,1,0,0,0,0,13.791332,51.046744
12,19,11,0,16,5,3,5,3,2,0,1,1,0,0,0,0,13.777624,51.05287
22,19,11,0,7,5,3,5,3,0,1,1,1,0,0,0,0,13.337397,50.919573
11,19,11,0,8,5,3,2,6,0,0,1,0,0,0,0,1,12.928748,50.837461
13,19,11,0,17,4,3,5,3,2,1,1,1,0,0,0,0,12.391749,51.362229
29,19,11,0,15,3,3,4,1,0,0,1,1,0,0,0,0,12.733697,51.350841
13,19,11,0,21,3,3,5,3,2,1,1,1,0,0,0,0,12.406,51.335937
12,19,11,0,7,3,3,0,7,0,0,1,0,0,0,0,0,13.7951,51.043132
13,19,11,0,16,3,3,4,2,1,1,1,1,0,0,0,0,12.406027,51.335934
13,19,11,0,7,3,3,3,6,1,1,1,0,0,0,0,0,12.383463,51.331707
13,19,11,0,9,3,3,0,7,0,1,1,0,0,0,0,0,12.480744,51.334935
22,19,11,0,5,4,3,3,6,2,0,1,1,0,0,0,0,12.973961,51.09614
25,19,11,0,7,3,3,5,3,0,0,1,1,0,0,0,0,14.442416,51.186293
12,19,11,0,16,3,3,5,2,1,1,1,1,0,0,0,0,13.705611,51.018001
12,19,11,0,16,3,3,5,3,1,0,1,1,0,0,0,0,13.82275,51.004883
12,19,11,0,5,3,3,1,5,2,0,1,1,0,0,0,0,13.706692,51.045685
12,19,11,0,9,3,3,5,2,0,0,1,1,0,0,0,0,13.837417,51.006434
13,19,11,0,7,2,3,4,2,0,1,1,1,0,0,0,0,12.406143,51.348144
13,19,11,0,7,2,3,4,2,0,1,1,1,0,0,0,0,12.30924,51.328035
12,19,11,0,18,3,3,5,3,2,0,1,1,0,0,0,0,13.743528,51.040224
13,19,11,0,7,2,3,3,2,1,1,1,1,0,0,0,0,12.373549,51.319653
13,19,11,0,15,2,3,5,3,0,1,1,1,0,0,0,0,12.424969,51.369013
12,19,11,0,16,3,3,6,6,2,0,1,0,1,0,0,0,13.769103,51.092524
13,19,11,0,16,2,3,4,2,1,1,1,1,0,0,0,0,12.382826,51.317589
29,19,11,0,17,2,2,5,3,2,1,1,1,0,0,0,0,12.428585,51.283272
12,19,11,0,11,2,3,5,2,0,1,1,0,0,0,0,0,13.750501,51.033203
11,19,11,0,19,2,2,0,7,2,0,1,0,0,0,0,0,12.914757,50.827724
13,19,11,0,14,1,3,1,7,0,1,1,1,0,0,0,0,12.394443,51.346141
27,19,11,0,15,1,3,5,2,0,1,1,1,0,0,0,0,13.559385,51.116066
27,19,11,0,13,1,3,6,6,0,1,1,0,1,0,0,0,13.705516,51.15359
13,19,11,0,18,7,3,3,6,2,0,1,0,0,0,0,1,12.370942,51.336639
13,19,11,0,11,7,3,5,3,0,1,1,1,0,0,0,0,12.370746,51.390598
28,19,11,0,17,7,3,6,4,2,0,1,0,1,0,0,0,13.954724,50.965274
22,19,11,0,9,7,3,5,2,0,0,1,1,0,0,0,0,13.334289,50.91133
29,19,11,0,16,6,3,5,3,1,0,1,1,0,0,0,0,12.764279,51.277952
13,19,11,0,12,6,3,5,3,0,0,1,1,0,0,0,0,12.326037,51.31547
24,19,11,0,7,2,3,4,2,0,1,1,1,0,0,0,0,12.485603,50.731571
13,19,11,0,18,6,3,5,3,2,0,1,0,0,0,0,0,12.38407,51.33622
13,19,11,0,10,6,3,5,3,0,0,1,1,0,0,0,0,12.370314,51.397175
12,19,11,0,10,6,3,5,3,0,0,1,1,0,0,0,0,13.739032,51.050283
22,19,11,0,14,6,3,1,5,0,0,1,1,0,0,0,0,13.346325,50.912809
11,19,11,0,7,6,3,5,2,0,0,1,1,0,0,0,0,12.932075,50.847974
23,19,11,0,17,5,2,5,3,2,0,1,1,0,0,0,0,12.137581,50.486449
24,19,11,0,9,5,3,4,2,0,0,1,1,0,0,0,0,12.631371,50.752868
30,19,11,0,20,5,3,4,6,2,0,1,0,0,0,0,0,12.330276,51.534423
13,19,11,0,8,2,3,1,5,1,1,1,1,0,0,0,0,12.363774,51.33222
13,19,11,0,19,5,3,1,5,2,0,1,1,0,0,0,0,12.391188,51.345006
13,19,11,0,18,5,3,3,2,2,0,1,1,0,0,0,0,12.362701,51.338946
13,19,11,0,15,5,3,1,5,0,0,1,1,0,0,0,0,12.42671,51.306469
13,19,11,0,7,5,3,4,2,0,0,1,1,0,0,0,0,12.382877,51.319552
25,19,11,0,20,5,2,0,1,2,0,1,0,0,0,0,0,14.096297,51.277302
26,19,11,0,17,5,3,1,5,1,0,1,1,0,0,0,0,14.9855,51.150485
27,19,11,0,13,5,3,0,1,0,0,1,0,0,0,0,0,13.300352,51.304084
12,19,11,0,5,5,3,6,6,2,0,1,0,1,0,0,0,13.690335,51.078506
27,19,11,0,9,5,3,5,3,0,0,1,1,0,0,0,0,13.654085,51.109791
12,19,11,0,7,5,3,5,2,0,0,1,1,0,0,0,0,13.815077,51.053967
12,19,11,0,15,5,3,5,3,0,0,1,1,0,0,0,0,13.742672,51.047917
12,19,11,0,18,5,3,6,4,2,0,1,0,1,0,0,0,13.733913,51.050751
13,19,11,0,9,4,3,5,3,0,0,1,1,0,0,0,0,12.382024,51.332616
25,19,11,0,21,4,2,0,7,2,0,1,0,0,0,0,0,14.065555,51.352044
28,19,11,0,12,4,3,5,3,0,1,1,1,0,0,0,0,13.931515,50.972296
12,19,11,0,16,4,3,3,6,0,1,1,1,0,0,0,0,13.780981,51.056945
13,19,11,0,12,2,3,6,4,0,0,1,0,1,0,0,0,12.407719,51.345434
12,19,11,0,7,4,3,5,3,0,0,1,1,0,0,0,0,13.75798,51.052259
12,19,11,0,14,4,3,0,1,0,1,1,0,0,0,0,0,13.80861,51.038113
12,19,11,0,7,4,3,5,3,1,1,1,1,0,0,0,0,13.721926,51.086455
13,19,11,0,11,3,3,3,2,0,0,1,1,0,0,0,0,12.364387,51.337498
29,19,11,0,13,3,2,3,3,0,0,1,1,0,0,0,0,12.370483,51.279136
12,19,11,0,17,3,3,5,3,2,0,1,1,0,0,0,0,13.802995,51.040474
12,19,11,0,9,3,2,3,2,0,0,1,1,0,0,0,0,13.744561,51.037066
22,19,11,0,10,3,2,5,2,0,0,1,0,0,0,0,1,13.327959,50.90341
30,19,11,0,17,2,2,5,3,2,0,1,1,0,0,0,0,13.113294,51.297462
13,19,11,0,15,2,3,0,5,0,0,1,0,0,0,1,0,12.397829,51.34597
13,19,11,0,10,2,2,0,1,0,0,1,0,0,0,0,0,12.469821,51.278354
25,19,11,0,16,2,3,5,3,2,0,1,1,0,0,0,0,14.248827,51.440153
25,19,11,0,17,2,3,3,2,2,0,1,1,0,0,0,0,14.26983,51.442842
25,19,11,0,12,2,3,5,3,0,0,1,1,0,0,0,0,14.259674,51.435145
27,19,11,0,19,2,3,4,6,2,0,1,0,0,0,0,0,13.267033,51.303854
12,19,11,0,13,2,3,3,3,0,0,1,1,0,0,0,0,13.748153,51.045381
12,19,11,0,12,2,3,5,2,0,0,1,1,0,0,0,0,13.755946,51.055883
23,19,11,0,8,1,3,0,7,0,1,1,0,1,0,0,0,12.114502,50.489936
13,19,11,0,14,1,2,5,3,0,0,1,0,0,0,0,0,12.27806,51.380896
11,19,11,0,12,1,3,2,6,0,0,1,1,0,0,0,0,12.904841,50.826168
13,19,11,0,21,7,3,5,3,2,0,1,1,0,0,0,0,12.408662,51.359999
26,19,11,0,16,7,3,5,3,2,1,1,1,0,0,0,0,14.705288,51.528364
12,19,11,0,23,7,3,0,7,2,1,1,0,0,0,0,0,13.67812,51.049278
22,19,11,0,13,2,3,2,2,0,0,1,1,0,0,0,0,13.34945,50.906773
12,19,11,0,10,7,3,5,2,0,1,1,1,0,0,0,0,13.683455,51.04241
12,19,11,0,11,7,3,5,7,0,1,1,1,0,0,0,0,13.755739,51.073226
12,19,11,0,20,7,3,0,1,2,1,1,0,0,0,0,0,13.727283,51.05682
12,19,11,0,2,7,2,0,1,2,0,1,0,0,0,0,0,13.692745,51.04692
11,19,11,0,15,7,2,5,3,0,1,1,1,0,0,0,0,12.92819,50.848978
12,19,11,0,19,4,3,0,7,2,1,1,0,0,0,0,0,13.733233,51.039766
24,19,11,0,15,6,3,0,1,0,1,1,1,0,0,0,0,12.564335,50.819676
30,19,11,0,15,6,3,5,2,0,1,1,0,0,0,0,0,12.336964,51.520306
13,19,11,0,12,6,3,3,6,0,0,1,1,0,0,0,0,12.382249,51.330156
13,19,11,0,16,6,3,0,1,2,1,1,0,0,0,0,0,12.396116,51.343171
13,19,11,0,21,6,3,5,3,2,1,1,1,0,0,0,0,12.39532,51.339186
13,19,11,0,6,6,3,3,2,2,0,1,1,0,0,0,0,12.378559,51.377086
11,19,11,0,8,2,3,5,2,0,0,1,0,0,0,0,1,12.891333,50.835883
26,19,11,0,8,6,3,3,6,0,0,1,0,0,0,0,0,14.975335,51.126645
12,19,11,0,16,6,3,5,2,2,0,1,1,0,0,0,0,13.739033,51.050285
12,19,11,0,15,6,3,5,2,0,0,1,1,0,0,0,0,13.758695,51.049468
12,19,11,0,7,6,3,2,6,0,0,1,1,0,0,0,0,13.757146,51.05457
26,19,12,0,18,6,3,0,1,2,2,1,0,0,0,0,0,14.957173,51.147412
12,19,12,0,8,6,3,5,3,0,0,1,1,0,0,0,0,13.777197,51.06008
12,19,12,0,17,6,3,0,1,2,1,1,0,0,0,0,0,13.792179,51.057272
11,19,12,0,19,6,3,4,2,2,1,1,1,0,0,0,0,12.875385,50.832788
13,19,12,0,5,2,3,3,6,2,1,1,1,0,0,0,0,12.369596,51.364572
11,19,12,0,18,6,3,5,2,2,0,1,1,0,0,0,0,12.939917,50.829511
30,19,12,0,21,5,3,3,6,2,0,1,1,0,0,0,0,13.000031,51.561027
13,19,12,0,7,2,3,4,6,1,1,1,1,0,0,0,0,12.364802,51.334102
13,19,12,0,16,5,3,4,6,2,0,1,1,0,0,0,0,12.314543,51.334573
13,19,12,0,16,5,3,3,6,1,0,1,1,0,0,0,0,12.339579,51.326659
28,19,12,0,16,5,3,5,3,1,0,1,1,0,0,0,0,13.860061,50.981831
12,19,12,0,15,5,3,5,7,0,0,1,1,0,0,0,0,13.826538,50.998299
12,19,12,0,16,5,3,3,6,1,0,1,1,0,0,0,0,13.75387,51.066355
12,19,12,0,8,5,2,1,5,0,0,1,1,0,0,0,0,13.702583,51.032543
22,19,12,0,8,5,3,1,5,0,0,1,0,0,0,0,1,13.345307,50.915605
29,19,12,0,14,4,3,5,2,0,0,1,1,0,0,0,0,12.748499,51.376182
13,19,12,0,10,4,3,5,3,0,0,1,1,0,0,0,0,12.407575,51.351297
13,19,12,0,9,4,2,3,3,0,0,1,1,0,0,0,0,12.378389,51.332232
13,19,12,0,16,4,3,5,2,1,0,1,1,0,0,0,0,12.383412,51.304841
26,19,12,0,8,4,2,5,3,0,0,1,1,0,0,0,0,14.628851,51.49797
12,19,12,0,17,2,3,5,2,2,0,1,1,0,0,0,0,13.730162,51.079953
27,19,12,0,7,4,3,5,3,1,0,1,1,0,0,0,0,13.678639,51.099843
12,19,12,0,2,4,2,0,1,2,0,1,0,0,0,0,0,13.813196,51.057656
11,19,12,0,17,4,2,5,3,2,0,1,1,0,0,0,0,12.902861,50.78811
30,19,12,0,12,3,3,0,7,0,0,1,0,0,0,0,1,12.343103,51.531715
29,19,12,0,9,3,3,5,3,0,0,1,1,0,0,0,0,12.493842,51.121748
12,19,12,0,13,2,3,5,3,0,0,1,1,0,0,0,0,13.674759,51.090662
13,19,12,0,17,3,3,4,2,2,0,1,1,0,0,0,0,12.371355,51.346276
30,19,12,0,6,3,2,5,3,2,1,1,1,0,0,0,0,12.518349,51.383807
13,19,12,0,15,3,3,2,2,0,0,1,0,0,0,0,1,12.317574,51.350094
13,19,12,0,10,3,3,5,2,0,0,1,1,0,0,0,0,12.291957,51.321346
30,19,12,0,5,3,3,5,2,2,1,1,1,0,0,0,0,12.336354,51.528053
27,19,12,0,10,3,3,5,3,0,0,1,1,0,0,0,0,13.680684,51.100432
12,19,12,0,7,3,3,5,3,1,0,1,1,0,0,0,0,13.718839,51.087822
12,19,12,0,15,3,3,0,6,0,0,1,1,0,0,0,0,13.825863,51.012033
12,19,12,0,12,3,3,5,3,0,0,1,1,0,0,0,0,13.774729,51.049771
11,19,12,0,15,3,3,6,7,0,0,1,0,1,0,0,0,12.923948,50.835035
13,19,12,0,8,2,3,5,2,1,0,1,1,0,0,0,0,12.370844,51.336349
13,19,12,0,18,2,3,5,2,2,0,1,1,0,0,0,0,12.372379,51.368784
13,19,12,0,13,1,2,0,3,0,0,1,0,0,0,0,1,12.397272,51.343806
27,19,12,0,7,2,3,7,1,2,0,1,0,0,0,0,0,13.278264,51.315089
27,19,12,0,16,2,3,1,5,1,0,1,0,0,0,0,1,13.682266,51.094108
12,19,12,0,17,2,3,5,2,2,1,1,1,0,0,0,0,13.82658,50.998278
28,19,12,0,12,1,3,0,1,0,1,1,0,0,0,0,0,13.927238,50.969087
12,19,12,0,8,2,3,0,1,0,1,1,0,0,0,0,0,13.782667,51.045378
11,19,12,0,16,3,3,4,2,2,0,1,1,0,0,0,0,12.890848,50.807578
12,19,12,0,16,2,3,6,4,2,0,1,0,1,0,0,0,13.736819,51.04797
12,19,12,0,16,1,2,0,1,1,1,1,0,0,0,0,0,13.791629,51.072245
11,19,12,0,11,2,3,5,3,0,0,1,1,0,0,0,0,12.911865,50.824217
27,19,12,0,16,3,3,4,6,1,0,1,0,0,0,0,0,13.282388,51.295341
13,19,12,0,21,1,3,4,1,2,1,1,1,0,0,0,0,12.374725,51.330469
12,19,12,0,13,1,3,0,1,0,0,1,0,0,0,0,0,13.796468,51.028075
12,19,12,0,9,1,3,0,1,0,0,1,0,0,0,0,0,13.734436,51.048354
23,19,12,0,10,7,3,6,4,0,1,1,0,1,0,0,0,12.299274,50.544234
13,19,12,0,23,7,2,9,1,2,0,1,0,0,0,0,0,12.377795,51.325071
29,19,12,0,10,2,3,1,2,0,1,1,1,0,0,0,0,12.738395,51.367594
29,19,12,0,11,7,3,5,3,0,0,1,1,0,0,0,0,12.362584,51.279351
22,19,12,0,14,7,2,5,3,0,0,1,0,0,0,0,0,12.800383,50.885223
22,19,12,0,7,7,2,4,2,1,1,1,1,0,0,0,0,13.070297,50.848017
13,19,12,0,15,6,3,3,5,0,0,1,1,0,0,0,0,12.404304,51.345618
13,19,12,0,15,6,2,3,2,0,0,1,1,0,0,0,0,12.327099,51.32465
13,19,12,0,7,6,3,5,3,0,0,1,1,0,0,0,0,12.387193,51.336861
26,19,12,0,14,6,3,5,3,0,0,1,1,0,0,0,0,14.709132,51.495576
12,19,12,0,23,6,3,5,3,2,1,1,1,0,0,0,0,13.770246,51.0289
12,19,12,0,11,6,3,5,3,0,0,1,1,0,0,0,0,13.800477,50.999259
12,19,12,0,11,6,3,3,3,0,0,1,1,0,0,0,0,13.793353,51.043057
12,19,12,0,8,6,2,5,3,0,0,1,1,0,0,0,0,13.726321,51.082412
12,19,12,0,19,6,3,5,3,2,0,1,1,0,0,0,0,13.710032,51.07916
13,19,12,0,11,7,2,5,3,0,1,1,1,0,0,0,0,12.3588,51.365219
13,19,12,0,10,5,3,5,3,0,0,1,1,0,0,0,0,12.327183,51.32964
13,19,12,0,16,5,3,5,3,2,0,1,1,0,0,0,0,12.367105,51.403833
13,19,12,0,9,5,3,5,2,0,0,1,1,0,0,0,0,12.416255,51.356736
27,19,12,0,14,5,3,5,3,0,0,1,1,0,0,0,0,13.657232,51.103026
12,19,12,0,9,5,3,0,1,0,0,1,0,0,0,0,0,13.767588,51.075586
12,19,12,0,12,5,3,5,3,0,0,1,1,0,0,0,0,13.757937,51.03287
12,19,12,0,7,5,3,5,3,0,0,1,1,0,0,0,0,13.757828,51.051451
12,19,12,0,9,3,2,5,3,0,0,1,1,0,0,0,0,13.721256,51.077436
13,19,12,0,16,4,3,2,2,2,0,1,1,0,0,0,0,12.361797,51.332559
13,19,12,0,12,4,3,1,1,0,0,1,1,0,0,0,0,12.441554,51.303333
13,19,12,0,7,2,3,5,3,2,1,1,1,0,0,0,0,12.347364,51.350481
13,19,12,0,15,4,3,5,3,0,0,1,1,0,0,0,0,12.395442,51.309951
26,19,12,0,8,4,2,3,6,0,1,1,1,0,0,0,0,14.603885,51.004071
26,19,12,0,13,4,3,0,1,0,0,1,0,0,0,0,0,14.980837,51.14561
27,19,12,0,18,4,3,5,3,2,0,1,1,0,0,0,0,13.408373,51.296922
12,19,12,0,15,4,3,5,3,0,0,1,1,0,0,0,0,13.773884,51.046089
12,19,12,0,16,4,3,6,6,1,0,1,0,1,0,0,0,13.737622,51.052284
22,19,12,0,7,4,3,4,2,2,0,1,1,0,0,0,0,12.796384,50.892705
11,19,12,0,9,4,3,5,3,0,0,1,0,0,0,0,1,12.896399,50.823158
30,19,12,0,19,6,3,0,3,2,1,1,1,0,0,0,0,12.635976,51.454389
11,19,12,0,7,4,2,4,2,1,0,1,1,0,0,0,0,12.943053,50.830907
29,19,12,0,9,6,2,4,2,0,1,1,1,0,0,0,0,12.705501,51.362113
13,19,12,0,7,3,3,2,2,1,1,1,1,0,0,0,0,12.413071,51.324546
13,19,12,0,16,3,3,1,5,2,1,1,1,0,0,0,0,12.378735,51.307717
13,19,12,0,7,3,3,5,3,2,1,1,1,0,0,0,0,12.420109,51.357602
13,19,12,0,13,3,2,5,3,0,1,1,1,0,0,0,0,12.431014,51.33079
28,19,12,0,15,3,3,5,3,0,0,1,1,0,0,0,0,13.920738,50.966866
13,19,12,0,12,6,3,5,2,0,0,1,1,0,0,0,0,12.371361,51.346277
27,19,12,0,13,3,2,5,3,0,1,1,0,0,0,0,0,13.598007,51.289514
13,19,12,0,10,3,3,5,3,0,0,1,1,0,0,0,0,12.372184,51.335246
12,19,12,0,13,3,3,5,3,0,0,1,1,0,0,0,0,13.762094,51.043235
13,19,12,0,9,6,3,4,2,0,0,1,1,0,0,0,0,12.321909,51.350039
13,19,12,0,9,2,3,4,2,0,0,1,1,0,0,0,0,12.377478,51.365724
13,19,12,0,10,2,3,6,4,0,0,1,0,1,0,0,0,12.317746,51.350117
13,19,12,0,12,6,3,5,2,0,0,1,1,0,0,0,0,12.392166,51.322488
12,19,12,0,0,1,3,7,7,2,0,1,0,0,0,0,0,13.755124,51.063236
13,19,11,0,13,7,3,3,5,0,0,1,1,0,0,0,0,12.385226,51.341979
25,19,11,0,17,7,3,3,2,2,1,1,1,0,0,0,0,14.248883,51.440208
24,19,12,0,14,2,3,3,6,0,0,1,1,0,0,0,0,12.62433,50.633355
12,19,11,0,17,7,3,5,3,2,1,1,1,0,0,0,0,13.752077,51.052616
13,19,12,0,15,6,3,5,2,0,1,1,1,0,0,0,0,12.312825,51.309163
24,19,11,0,16,6,3,5,3,1,0,1,1,0,0,0,0,12.541221,50.693708
29,19,11,0,15,6,3,5,3,0,0,1,1,0,0,0,0,12.492322,51.111556
13,19,11,0,16,6,2,3,6,1,1,1,0,0,0,0,0,12.348639,51.318817
26,19,11,0,5,6,2,5,3,2,1,1,1,0,0,0,0,14.805279,50.890524
13,19,12,0,19,2,3,3,5,2,0,1,1,0,0,0,0,12.373601,51.321069
13,19,12,0,8,6,2,5,2,0,0,1,1,0,0,0,0,12.329295,51.340068
13,19,11,0,17,5,3,4,6,2,0,1,0,0,0,0,0,12.392589,51.348441
13,19,11,0,18,5,3,1,3,2,1,1,1,0,0,0,0,12.381378,51.326156
13,19,11,0,8,5,3,5,3,0,0,1,1,0,0,0,0,12.373002,51.309698
13,19,12,0,14,6,3,2,6,0,1,1,1,0,0,0,0,12.37319,51.310674
30,19,11,0,16,5,3,1,5,0,0,1,1,0,0,0,0,12.484462,51.373711
13,19,11,0,17,5,3,3,6,2,0,1,1,0,0,0,0,12.373642,51.333233
27,19,11,0,11,5,3,5,3,0,0,1,1,0,0,0,0,13.486663,51.160774
25,19,12,0,17,6,2,3,2,2,1,1,1,0,0,0,0,14.264727,51.437044
28,19,11,0,11,5,3,5,2,0,0,1,1,0,0,0,0,13.644436,50.996351
12,19,11,0,7,5,3,5,3,1,1,1,1,0,0,0,0,13.755449,51.050018
23,19,11,0,6,4,2,4,6,2,0,1,1,0,0,0,0,12.148994,50.493268
13,19,11,0,6,4,2,5,2,2,0,1,1,0,0,0,0,12.386062,51.367859
25,19,11,0,20,4,3,5,3,2,0,1,1,0,0,0,0,14.257907,51.438914
26,19,11,0,7,4,3,5,3,0,0,1,1,0,0,0,0,14.941346,51.145167
27,19,11,0,7,4,3,4,3,0,0,1,1,0,0,0,0,13.238833,51.349842
13,19,12,0,7,2,3,6,4,1,1,1,0,1,0,0,0,12.403168,51.327009
24,19,12,0,10,6,3,0,1,0,2,1,0,0,0,0,0,12.378423,50.814452
24,19,12,0,5,2,3,0,3,2,1,1,1,0,0,0,0,12.377497,50.816436
23,19,12,0,18,6,2,0,1,2,1,1,0,0,0,0,0,12.148626,50.493273
30,19,12,0,9,2,2,5,3,0,1,1,1,0,0,0,0,12.341085,51.524339
25,19,12,0,14,1,3,6,6,0,0,1,0,1,0,0,0,14.453726,51.174232
13,19,12,0,8,6,3,5,3,0,0,1,1,0,0,0,0,12.366331,51.336291
28,19,12,0,17,6,2,2,1,2,1,1,1,0,0,0,0,14.267277,50.973786
13,19,12,0,12,6,3,4,2,0,0,1,1,0,0,0,0,12.433433,51.390416
29,19,12,0,10,3,3,1,7,0,0,1,1,0,0,0,0,12.692661,51.054572
29,19,12,0,12,6,2,5,3,0,0,1,1,0,0,0,0,12.540397,51.347183
12,19,12,0,19,5,3,0,1,2,1,1,0,0,0,0,0,13.808694,51.037991
13,19,12,0,10,7,3,5,3,0,0,1,1,0,0,0,0,12.373322,51.311666
30,19,12,0,16,6,2,5,3,0,0,1,1,0,0,0,0,12.330195,51.531052
13,19,12,0,7,2,3,1,5,1,0,1,1,0,0,0,0,12.367676,51.33863
26,19,12,0,12,6,2,5,3,0,0,1,1,0,0,0,0,14.669979,51.098982
13,19,12,0,10,1,3,5,3,0,0,1,1,0,0,0,0,12.312909,51.309022
12,19,12,0,17,2,3,1,5,2,1,1,1,0,0,0,0,13.814163,51.010009
12,19,12,0,1,6,3,0,1,2,0,1,0,0,0,0,0,13.709702,51.047814
12,19,12,0,12,7,3,5,3,0,0,1,1,0,0,0,0,13.69618,51.087471