CSV=`UKREIS,UJAHR,UMONAT,UTAG,USTUNDE,UWOCHENTAG,UKATEGORIE,UART,UTYP,LICHT,USTRZUSTAND,IstRad,IstPKW,IstFuss,IstKrad,IstGkfz,IstSonstig,@lon,@lat
21,18,6,0,19,7,2,8,1,0,0,1,0,0,0,0,0,12.926056,50.662348
21,18,6,0,19,7,2,8,1,0,0,1,0,0,0,0,0,13.169681,50.680176
25,18,6,0,6,4,3,4,2,0,0,1,1,0,0,0,0,13.920347,51.118829
29,18,6,0,13,6,3,5,3,0,0,1,1,0,0,0,0,12.556219,51.061226
13,18,6,0,14,6,3,5,3,0,0,1,1,0,0,0,0,12.370863,51.344101
25,18,6,0,6,6,3,5,3,0,0,1,1,0,0,0,0,14.255102,51.385046
25,18,6,0,5,5,3,3,2,0,0,1,1,0,0,0,0,14.092602,51.273219
25,18,6,0,11,6,3,3,2,0,0,1,0,0,0,0,1,14.417482,51.179422
27,18,6,0,14,6,3,3,6,0,0,1,0,0,0,0,1,13.622432,51.172392
13,18,6,0,19,4,3,5,3,0,0,1,1,0,0,0,0,12.443574,51.359981
12,18,6,0,12,6,3,5,2,0,0,1,1,0,0,0,0,13.803597,50.995333
30,18,6,0,14,4,2,5,3,0,0,1,1,0,0,0,0,13.004252,51.555998
13,18,6,0,6,4,2,3,6,0,0,1,0,0,0,0,0,12.428868,51.35149
21,18,6,0,9,5,3,0,7,0,0,1,1,0,0,0,0,12.85535,50.758082
27,18,6,0,18,6,3,5,3,0,0,1,1,0,0,0,0,13.49371,51.166859
22,18,6,0,22,6,3,2,6,2,0,1,1,0,0,0,0,12.977695,50.962583
12,18,6,0,6,2,3,5,2,0,1,1,0,0,1,0,0,13.734181,51.126057
29,18,6,0,19,4,3,5,3,0,0,1,1,0,0,0,0,12.542104,51.354041
30,18,6,0,12,4,3,3,2,0,0,1,1,0,0,0,0,12.492643,51.37969
11,18,6,0,17,5,3,5,3,0,1,1,0,0,0,1,0,12.929366,50.852609
12,18,6,0,6,6,3,1,5,0,0,1,1,0,0,0,0,13.692743,51.04291
26,18,6,0,14,4,3,0,7,0,0,1,0,0,0,0,0,14.724478,51.543656
28,18,6,0,9,4,3,5,3,0,0,1,0,0,0,0,1,13.936166,50.953831
30,18,6,0,8,5,2,3,2,0,0,1,1,0,0,0,0,12.639454,51.461444
24,18,6,0,15,5,3,1,1,0,0,1,1,0,0,0,0,12.727713,50.801629
13,18,6,0,15,5,3,3,2,0,0,1,1,0,0,0,0,12.39443,51.336792
25,18,6,0,11,4,2,5,3,0,0,1,1,0,0,0,0,14.184061,51.131873
26,18,6,0,8,5,3,0,6,0,0,1,0,0,0,0,0,14.68989,51.312439
25,18,6,0,16,5,3,5,3,0,0,1,1,0,0,0,0,13.834427,51.19459
12,18,6,0,9,5,2,8,1,0,0,1,0,0,0,0,0,13.803563,50.99537
13,18,6,0,7,6,3,5,3,0,0,1,1,0,0,0,0,12.344866,51.339189
12,18,6,0,15,4,3,0,1,0,0,1,0,0,0,0,0,13.699993,51.015933
25,18,6,0,15,2,2,5,3,0,0,1,1,0,0,0,0,13.878829,51.247975
22,18,6,0,17,5,2,0,1,0,0,1,0,0,0,0,0,13.380106,50.913351
12,18,6,0,0,1,3,0,1,2,1,1,0,0,0,0,0,13.848187,51.027688
27,18,6,0,7,5,3,6,4,0,0,1,0,1,0,0,0,13.468317,51.157458
12,18,6,0,8,4,2,5,3,0,0,1,0,0,1,0,0,13.722178,51.054054
13,18,6,0,14,4,3,5,3,0,0,1,1,0,0,0,0,12.285816,51.330937
25,18,6,0,16,4,3,5,3,0,0,1,0,0,0,0,0,14.107307,51.282402
21,18,6,0,9,2,3,0,1,0,0,1,0,0,0,0,0,12.750505,50.72945
25,18,6,0,12,5,2,5,3,0,0,1,0,0,0,0,0,13.824031,51.172913
12,18,6,0,7,4,3,5,3,0,0,1,1,0,0,0,0,13.771555,51.015729
24,18,6,0,18,4,3,5,3,0,0,1,1,0,0,0,0,12.565344,50.84048
21,18,6,0,6,4,2,5,3,0,0,1,1,0,0,0,0,12.986329,50.695512
12,18,6,0,9,5,3,5,3,0,0,1,1,0,0,0,0,13.799731,50.998422
12,18,7,0,9,5,3,5,2,0,0,1,1,0,0,0,0,13.739218,51.065868
26,18,7,0,15,4,2,3,6,0,0,1,1,0,0,0,0,14.79196,50.898917
12,18,7,0,14,4,3,5,3,0,0,1,0,0,0,1,0,13.684615,51.062083
12,18,7,0,16,4,3,5,3,0,0,1,1,0,0,0,0,13.731021,51.118155
25,18,7,0,10,4,3,0,1,0,0,1,0,0,0,0,0,14.391052,51.096404
12,18,7,0,15,4,3,5,3,0,0,1,1,0,0,0,0,13.611726,51.044669
27,18,7,0,11,2,3,2,6,0,0,1,1,0,0,0,0,13.668583,51.104115
26,18,7,0,18,5,2,3,6,0,0,1,1,0,0,0,0,14.860772,51.146974
11,18,7,0,18,7,3,4,2,0,0,1,1,0,0,0,0,12.782382,50.810527
12,18,7,0,18,5,3,5,3,0,0,1,1,0,0,0,0,13.76796,51.065732
30,18,7,0,17,3,3,5,3,0,0,1,1,0,0,0,0,12.592637,51.584502
28,18,7,0,11,4,3,1,1,0,0,1,1,0,0,0,0,13.851151,50.953774
28,18,7,0,15,3,2,0,1,0,1,1,0,0,0,0,0,14.21223,50.929363
25,18,7,0,12,2,3,5,3,0,0,1,1,0,0,0,0,14.434313,51.181378
25,18,7,0,17,7,2,0,1,0,0,1,0,0,0,0,0,13.970704,51.091198
29,18,7,0,18,3,2,6,7,0,0,1,0,1,0,0,0,12.54561,51.34993
25,18,7,0,10,3,3,5,3,0,0,1,1,0,0,0,0,13.826782,51.180938
25,18,7,0,19,3,3,5,3,0,0,1,1,0,0,0,0,14.230375,51.446096
27,18,7,0,7,3,3,4,6,0,0,1,0,0,0,0,0,13.294486,51.309885
27,18,7,0,16,3,2,5,3,0,0,1,1,0,0,0,0,13.480927,51.169317
27,18,7,0,13,3,2,0,1,0,0,1,0,0,0,0,0,13.412945,51.089844
12,18,7,0,7,3,3,0,1,0,0,1,0,0,0,0,0,13.701218,51.016584
13,18,7,0,9,1,3,0,1,0,0,1,0,0,0,0,0,12.391533,51.347418
13,18,6,0,23,5,3,5,3,2,0,1,1,0,0,0,0,12.377018,51.344506
12,18,7,0,20,4,3,5,3,0,0,1,1,0,0,0,0,13.722174,51.054046
25,18,7,0,15,1,2,5,3,0,0,1,1,0,0,0,0,13.824721,51.174236
30,18,6,0,18,5,1,3,2,0,0,1,1,0,0,0,0,12.980286,51.349825
12,18,7,0,13,1,3,5,3,0,0,1,0,0,0,0,0,13.874297,51.006316
22,18,7,0,18,3,3,2,6,0,0,1,1,0,0,0,0,13.066834,50.820776
28,18,7,0,11,4,3,0,1,0,0,1,0,0,0,0,0,14.175412,50.924819
22,18,7,0,5,3,3,5,3,0,0,1,1,0,0,0,0,13.097464,51.126299
13,18,7,0,6,6,3,0,1,0,0,1,1,0,0,0,0,12.353403,51.341151
27,18,7,0,9,5,3,5,3,0,0,1,1,0,0,0,0,13.280597,51.318506
22,18,7,0,15,3,2,2,6,0,0,1,1,0,0,0,0,12.917862,50.954939
22,18,7,0,16,5,3,0,1,0,1,1,0,0,0,0,0,13.040943,50.864746
12,18,7,0,5,6,3,5,2,0,0,1,1,0,0,0,0,13.74665,51.057141
12,18,7,0,18,4,3,6,6,0,0,1,0,1,0,0,0,13.661194,51.049338
12,18,7,0,11,2,3,0,2,0,0,1,1,0,0,0,0,13.724811,51.073208
23,18,7,0,18,2,2,0,1,0,0,1,0,0,0,0,0,12.304788,50.626907
25,18,7,0,17,2,3,3,2,0,0,1,1,0,0,0,0,14.106898,51.272464
13,18,7,0,16,2,3,5,3,0,0,1,0,0,0,0,0,12.37815,51.375848
22,18,7,0,23,5,2,5,3,2,1,1,1,0,0,0,0,13.439637,50.665055
24,18,7,0,10,5,2,5,3,0,0,1,0,0,0,0,1,12.592225,50.629878
24,18,7,0,10,1,3,0,7,0,0,1,0,0,0,0,0,12.485498,50.700458
12,18,7,0,12,7,3,0,3,0,0,1,0,0,0,0,0,13.733167,51.076244
12,18,7,0,15,5,2,5,2,0,0,1,1,0,0,0,0,13.693159,51.081708
27,18,7,0,8,2,3,5,2,0,0,1,1,0,0,0,0,13.388464,51.298032
24,18,7,0,22,2,2,0,1,1,0,1,0,0,0,0,0,12.484307,50.737258
25,18,7,0,8,2,3,0,7,0,0,1,0,0,0,0,0,14.39598,51.409972
12,18,7,0,16,3,3,5,3,0,0,1,1,0,0,0,0,13.741938,51.064683
28,18,7,0,18,2,1,5,3,0,0,1,1,0,0,0,0,13.676777,50.910397
12,18,7,0,11,2,3,6,4,0,0,1,0,1,0,0,0,13.723105,51.089986
12,18,7,0,18,5,3,2,2,0,0,1,1,0,0,0,0,13.776313,51.067453
26,18,7,0,13,2,2,5,3,0,0,1,0,0,0,1,0,14.82369,51.293375
29,18,7,0,20,7,3,8,1,1,0,1,0,0,0,0,0,12.48442,51.119797
22,18,7,0,8,2,3,5,2,0,0,1,1,0,0,0,0,13.323502,50.911174
27,18,7,0,14,6,3,5,3,0,0,1,1,0,0,0,0,13.575957,51.126159
28,18,7,0,12,4,3,0,1,0,0,1,0,0,0,0,0,13.931062,50.960534
26,18,7,0,14,1,3,4,2,0,0,1,1,0,0,0,0,14.663587,50.868502
28,18,7,0,18,2,2,5,3,0,0,1,0,0,0,0,1,13.535487,51.054729
24,18,7,0,10,5,3,3,5,0,0,1,1,0,0,0,0,12.633295,50.754955
28,18,7,0,11,1,3,9,1,0,0,1,0,0,0,0,0,13.703427,50.979653
27,18,7,0,8,7,3,5,2,0,0,1,1,0,0,0,0,13.674133,51.103819
12,18,7,0,17,1,3,5,3,0,0,1,1,0,0,0,0,13.731917,51.079672
26,18,7,0,16,6,3,4,2,0,0,1,1,0,0,0,0,14.813612,50.888252
22,18,7,0,16,1,3,0,1,0,0,1,0,0,0,0,0,12.932988,51.142813
29,18,7,0,9,5,2,5,3,0,1,1,1,0,0,0,0,12.217617,51.304006
28,18,7,0,9,6,3,5,3,0,0,1,1,0,0,0,0,13.941019,50.950351
27,18,7,0,12,4,3,4,6,0,0,1,0,0,0,0,0,13.488255,51.166491
13,18,7,0,18,4,3,5,3,0,0,1,0,0,0,0,0,12.339791,51.335326
13,18,6,0,23,7,3,5,3,2,0,1,1,0,0,0,0,12.370861,51.344101
12,18,7,0,16,6,2,5,2,0,0,1,1,0,0,0,0,13.722224,51.054106
25,18,6,0,8,7,3,4,2,0,0,1,1,0,0,0,0,14.260736,51.448661
25,18,6,0,16,7,3,3,6,0,0,1,1,0,0,0,0,14.222011,51.424989
28,18,6,0,23,7,3,8,7,2,0,1,0,0,0,0,0,14.282269,50.975839
12,18,7,0,15,6,3,0,1,0,0,1,0,0,0,0,0,13.700129,51.016013
28,18,6,0,10,7,3,0,7,0,0,1,0,0,0,0,0,13.933044,50.962978
27,18,7,0,11,7,2,5,3,0,0,1,0,0,0,0,0,13.302339,51.303425
12,18,6,0,17,7,3,5,3,0,0,1,1,0,0,0,0,13.702433,51.090489
12,18,6,0,17,7,3,5,2,0,0,1,1,0,0,0,0,13.731224,51.034356
24,18,7,0,10,6,3,5,3,0,0,1,1,0,0,0,0,12.656067,50.744385
22,18,6,0,14,7,2,0,1,0,0,1,0,0,0,0,0,12.80714,51.045058
21,18,6,0,10,7,2,5,3,0,0,1,1,0,0,0,0,13.159754,50.647989
12,18,7,0,16,2,3,5,3,0,0,1,0,0,0,0,0,13.763268,51.086393
26,18,7,0,12,7,2,4,2,0,0,1,1,0,0,0,0,14.61881,50.934895
12,18,7,0,10,7,3,5,3,0,0,1,1,0,0,0,0,13.710578,51.104478
13,18,6,0,12,6,3,5,3,0,0,1,1,0,0,0,0,12.395375,51.341142
25,18,7,0,17,4,3,5,3,0,0,1,1,0,0,0,0,14.396832,51.514696
26,18,7,0,12,3,3,3,6,0,0,1,1,0,0,0,0,14.715251,51.507354
24,18,6,0,14,6,2,5,3,0,0,1,1,0,0,0,0,12.484079,50.715597
26,18,6,0,18,5,3,8,1,0,0,1,0,0,0,0,0,14.712936,51.504108
13,18,6,0,13,6,3,2,2,0,0,1,1,0,0,0,0,12.3536,51.340906
28,18,7,0,22,6,3,6,6,2,0,1,0,1,0,0,0,13.648588,50.919353
25,18,7,0,11,2,3,5,3,0,0,1,1,0,0,0,0,14.07176,51.377117
13,18,7,0,9,4,3,5,3,0,0,1,0,0,0,0,1,12.433628,51.355244
13,18,7,0,19,6,3,4,2,0,0,1,1,0,0,0,0,12.394282,51.336757
13,18,7,0,15,4,3,1,5,0,0,1,1,0,0,0,0,12.467987,51.27832
25,18,6,0,19,6,3,5,3,0,0,1,0,0,0,0,0,13.83467,51.191401
29,18,7,0,11,2,3,0,7,0,0,1,0,0,1,0,0,12.866563,51.396378
27,18,7,0,18,6,2,9,3,0,0,1,1,0,0,0,0,13.240129,51.350283
27,18,7,0,10,2,3,0,1,0,0,1,0,0,0,0,0,13.601853,51.118341
12,18,6,0,9,6,3,4,2,0,0,1,1,0,0,0,0,13.703422,51.088602
12,18,6,0,9,6,3,5,3,0,0,1,1,0,0,0,0,13.715202,51.078607
12,18,6,0,11,6,3,1,7,0,0,1,0,0,0,0,1,13.809385,51.152888
12,18,6,0,15,6,3,5,3,0,0,1,0,0,0,0,1,13.785517,51.066847
12,18,6,0,10,6,3,5,3,0,0,1,1,0,0,0,0,13.741848,51.04616
22,18,7,0,14,2,3,5,2,0,0,1,1,0,0,0,0,13.343851,51.019158
30,18,7,0,11,1,3,5,3,0,0,1,1,0,0,0,0,13.118624,51.294406
22,18,7,0,16,2,2,4,2,0,0,1,1,0,0,0,0,12.969932,51.097748
29,18,7,0,14,7,2,0,1,0,0,1,0,0,0,0,0,12.543302,51.053606
26,18,7,0,7,4,3,5,3,0,0,1,1,0,0,0,0,14.799069,50.862815
12,18,7,0,11,7,3,5,3,0,0,1,1,0,0,0,0,13.732484,51.077942
26,18,8,0,13,5,3,5,3,0,0,1,1,0,0,0,0,14.809822,50.888444
27,18,7,0,19,5,2,3,6,0,0,1,0,0,0,0,1,13.275301,51.256954
27,18,8,0,9,2,3,0,1,0,0,1,0,0,0,0,0,13.233828,51.352125
27,18,7,0,12,5,3,5,3,0,0,1,1,0,0,0,0,13.521013,51.136864
11,18,7,0,16,1,3,3,2,0,0,1,1,0,0,0,0,12.834698,50.824374
26,18,8,0,18,5,2,5,3,0,0,1,0,0,0,0,0,14.620035,51.507501
12,18,7,0,20,5,2,7,7,0,0,1,0,0,0,0,0,13.731134,51.034577
28,18,8,0,17,6,2,0,1,0,0,1,0,0,0,0,0,14.088582,50.921738
12,18,7,0,11,5,3,5,3,0,0,1,0,0,0,0,1,13.745061,51.049473
13,18,8,0,12,3,3,5,3,0,0,1,1,0,0,0,0,12.392684,51.334031
24,18,8,0,19,5,3,5,2,0,0,1,1,0,0,0,0,12.775955,50.860549
22,18,7,0,15,7,3,0,6,0,0,1,1,0,0,0,0,13.245518,50.905439
22,18,7,0,7,5,3,0,2,0,0,1,1,0,0,0,0,13.143887,51.121087
26,18,8,0,20,3,3,3,6,0,0,1,1,0,0,0,0,14.766706,51.018758
27,18,8,0,10,6,3,0,1,0,0,1,0,0,0,0,0,13.511058,51.158336
12,18,8,0,23,2,2,0,1,2,0,1,0,0,0,0,0,13.738753,51.064105
24,18,7,0,8,4,1,5,3,0,0,1,1,0,0,0,0,12.551673,50.834423
28,18,8,0,16,2,3,3,6,0,0,1,0,0,0,0,1,13.858718,50.976316
24,18,7,0,12,1,3,3,6,0,0,1,0,0,0,0,1,12.678429,50.849801
26,18,8,0,17,7,3,4,6,0,0,1,0,0,0,0,0,14.733519,51.273416
12,18,8,0,14,4,3,0,1,0,0,1,0,0,0,0,0,13.701827,51.090918
29,18,8,0,0,1,2,4,6,2,0,1,0,0,0,0,0,12.587343,51.328552
25,18,7,0,12,4,2,0,1,0,0,1,0,0,0,0,0,14.102816,51.229033
12,18,7,0,15,3,3,5,3,0,0,1,0,0,0,0,0,13.787013,51.006582
25,18,7,0,6,4,3,6,7,0,0,1,0,1,0,0,0,13.920514,51.119756
28,18,7,0,8,3,2,4,1,0,0,1,0,0,0,0,0,13.91889,50.957096
12,18,8,0,15,4,3,3,6,0,0,1,1,0,0,0,0,13.763783,51.087274
25,18,7,0,8,4,2,5,3,0,0,1,1,0,0,0,0,14.270744,51.457775
25,18,8,0,9,6,3,5,3,0,0,1,1,0,0,0,0,14.103688,51.295518
12,18,8,0,13,4,3,5,2,0,0,1,0,0,0,1,0,13.78799,51.005664
25,18,8,0,1,1,2,8,1,2,0,1,0,0,0,0,0,13.955471,51.142459
28,18,7,0,18,4,3,0,1,0,1,1,0,0,0,0,0,13.934817,50.950675
23,18,8,0,23,6,3,9,1,2,0,1,0,0,0,0,0,12.184649,50.401505
21,18,8,0,6,4,2,4,6,0,0,1,1,0,0,0,0,13.08373,50.729535
23,18,7,0,10,7,3,1,5,0,0,1,1,0,0,0,0,12.154319,50.502893
27,18,7,0,22,4,3,8,7,2,0,1,0,0,0,0,0,13.57836,51.132167
24,18,8,0,10,2,2,6,4,0,0,1,0,1,0,0,0,12.629819,50.784379
27,18,7,0,21,7,2,8,6,2,0,1,1,0,0,0,0,13.225263,51.339144
12,18,7,0,11,4,3,0,1,0,0,1,0,0,0,0,0,13.87434,51.009353
13,18,8,0,8,5,3,3,2,0,0,1,1,0,0,0,0,12.361093,51.375574
30,18,8,0,12,3,3,0,1,0,0,1,0,0,0,0,0,12.5457,51.414205
27,18,7,0,16,4,2,5,3,0,0,1,1,0,0,0,0,13.528236,51.289537
13,18,8,0,14,3,3,5,3,0,0,1,1,0,0,0,0,12.470996,51.370903
24,18,7,0,15,3,3,5,3,0,0,1,0,0,1,0,0,12.487673,50.72602
21,18,8,0,10,2,3,5,3,0,0,1,1,0,0,0,0,12.695082,50.589898
24,18,8,0,9,5,2,5,2,0,0,1,1,0,0,0,0,12.386111,50.817306
24,18,8,0,10,7,3,5,2,0,0,1,1,0,0,0,0,12.528492,50.566362
12,18,8,0,21,2,2,0,1,2,0,1,0,0,0,0,0,13.696478,51.043331
26,18,8,0,17,4,3,4,6,0,0,1,0,0,0,0,0,14.657558,51.081288
24,18,8,0,13,5,3,5,3,0,0,1,1,0,0,0,0,12.783336,50.855332
25,18,7,0,9,3,3,5,3,0,0,1,1,0,0,0,0,14.332416,51.315176
12,18,8,0,22,3,3,4,1,2,0,1,0,0,0,0,0,13.746919,51.054875
30,18,8,0,8,7,3,5,3,0,0,1,1,0,0,0,0,12.2239,51.38554
26,18,7,0,22,6,3,6,7,2,0,1,0,1,0,0,0,14.671913,51.111242
29,18,8,0,13,5,2,5,3,0,0,1,1,0,0,0,0,12.729828,51.366705
26,18,7,0,12,3,3,3,2,0,0,1,1,0,0,0,0,14.616539,51.508501
27,18,7,0,6,3,2,5,3,0,0,1,1,0,0,0,0,13.500524,51.167403
25,18,7,0,16,3,3,5,3,0,0,1,1,0,0,0,0,14.437178,51.173077
25,18,7,0,20,6,3,0,1,0,0,1,0,0,0,0,0,13.874234,51.16421
29,18,8,0,10,5,2,3,2,0,0,1,1,0,0,0,0,12.884526,51.120185
12,18,7,0,17,3,3,4,6,0,0,1,0,0,0,0,0,13.784175,51.009259
12,18,7,0,9,3,3,5,2,0,0,1,1,0,0,0,0,13.773986,51.112773
12,18,8,0,13,5,3,4,1,0,0,1,0,0,0,0,0,13.720444,51.093147
26,18,7,0,18,6,2,0,1,0,0,1,0,0,0,0,0,14.96467,51.11921
12,18,8,0,7,2,1,0,7,0,0,1,1,0,0,0,0,13.739179,51.044729
28,18,7,0,19,3,2,5,2,0,0,1,1,0,0,0,0,13.934801,50.970699
12,18,7,0,15,3,3,5,3,0,0,1,1,0,0,0,0,13.741284,51.057643
25,18,8,0,7,2,3,4,2,0,0,1,1,0,0,0,0,13.82368,51.172623
12,18,8,0,16,5,2,5,2,0,0,1,1,0,0,0,0,13.823715,51.057731
12,18,8,0,8,1,3,0,1,0,0,1,0,0,0,0,0,13.751063,51.071788
28,18,7,0,14,6,2,0,1,0,1,1,0,0,0,0,0,13.944471,50.95617
27,18,7,0,22,6,2,6,6,2,1,1,0,1,0,0,0,13.621068,51.15627
23,18,7,0,23,2,3,0,7,2,0,1,0,0,0,0,0,12.16103,50.41184
23,18,8,0,9,2,2,0,7,0,0,1,0,0,0,0,0,12.394988,50.350886
12,18,8,0,9,6,3,3,2,0,0,1,0,0,0,0,0,13.781714,51.011004
12,18,7,0,20,2,3,5,3,0,0,1,1,0,0,0,0,13.785191,51.067029
11,18,8,0,10,2,3,5,3,0,0,1,1,0,0,0,0,12.906275,50.839552
27,18,8,0,10,6,2,5,3,0,0,1,1,0,0,0,0,13.696422,51.117704
30,18,8,0,12,5,2,5,3,0,0,1,1,0,0,0,0,12.981764,51.55419
23,18,8,0,16,7,2,3,6,0,0,1,0,0,1,0,0,12.336576,50.644004
26,18,7,0,16,2,3,5,3,0,0,1,1,0,0,0,0,14.805212,50.909162
25,18,7,0,8,2,2,0,3,0,0,1,1,0,0,0,0,13.826787,51.180944
12,18,8,0,17,4,3,0,1,0,0,1,0,0,0,0,0,13.694123,51.012766
26,18,7,0,13,2,2,0,1,0,0,1,0,0,0,0,0,14.981968,51.136404
27,18,8,0,15,3,3,4,2,0,0,1,1,0,0,0,0,13.487264,51.165794
26,18,7,0,14,2,3,2,2,0,0,1,1,0,0,0,0,14.934827,51.166748
13,18,8,0,15,4,3,5,3,0,0,1,1,0,0,0,0,12.285846,51.33095
30,18,8,0,3,1,3,8,1,2,0,1,0,0,0,0,0,13.086234,51.546501
12,18,8,0,14,6,3,5,2,0,0,1,1,0,0,0,0,13.78526,51.008571
27,18,7,0,7,2,2,5,2,0,0,1,1,0,0,0,0,13.347217,51.340248
27,18,8,0,7,4,2,5,3,0,0,1,1,0,0,0,0,13.53094,51.286211
22,18,7,0,20,2,2,0,1,0,0,1,0,0,0,0,0,12.962083,50.90575
29,18,8,0,15,5,3,5,1,0,0,1,1,0,0,0,0,12.389338,51.200389
27,18,8,0,18,5,3,5,3,0,0,1,1,0,0,0,0,13.59247,51.269023
27,18,8,0,11,5,3,4,2,0,0,1,0,0,0,0,1,13.487264,51.165794
12,18,8,0,17,2,3,5,3,0,0,1,1,0,0,0,0,13.70885,51.027337
12,18,7,0,10,1,3,0,1,0,0,1,0,0,0,0,0,13.704431,51.043832
12,18,7,0,10,1,3,0,1,0,0,1,0,0,0,0,0,13.825274,51.062438
13,18,7,0,6,3,3,5,3,0,0,1,0,0,0,0,0,12.275125,51.323156
21,18,7,0,18,1,3,5,3,0,0,1,1,0,0,0,0,12.70313,50.723772
21,18,8,0,14,5,2,0,1,0,0,1,0,0,0,0,0,12.938271,50.625892
21,18,8,0,15,2,2,5,3,0,0,1,1,0,0,0,0,13.160905,50.648895
12,18,8,0,16,1,3,9,1,0,0,1,0,0,0,0,0,13.793562,51.154212
13,18,8,0,13,2,3,4,2,0,0,1,1,0,0,0,0,12.363312,51.342812
24,18,8,0,13,4,3,3,6,0,0,1,1,0,0,0,0,12.509018,50.788116
23,18,7,0,2,7,1,8,1,2,0,1,0,0,0,0,0,12.365217,50.52263
13,18,7,0,17,3,3,5,3,0,0,1,1,0,0,0,0,12.37371,51.344396
24,18,7,0,22,5,2,0,7,2,0,1,0,0,0,0,0,12.763914,50.859514
21,18,8,0,15,2,1,5,3,0,0,1,1,0,0,0,0,12.628922,50.557257
30,18,7,0,14,5,3,5,3,0,0,1,1,0,0,0,0,12.992726,51.558748
12,18,8,0,9,2,3,3,6,0,0,1,0,0,0,0,0,13.727356,51.058039
12,18,8,0,13,3,3,5,2,0,0,1,1,0,0,1,0,13.782241,51.113468
23,18,7,0,0,1,3,3,6,2,0,1,1,0,0,0,0,12.380998,50.487618
13,18,8,0,14,1,3,5,3,0,0,1,1,0,0,0,0,12.381766,51.343579
12,18,8,0,22,3,3,2,2,2,0,1,1,0,0,0,0,13.727862,51.084589
29,18,8,0,23,1,2,3,6,2,0,1,0,0,0,0,0,12.721084,51.239235
25,18,8,0,5,4,3,0,3,1,0,1,1,0,0,0,0,14.26661,51.453662
28,18,7,0,12,3,3,5,3,0,0,1,1,0,0,0,0,13.927729,50.957647
23,18,8,0,7,2,3,2,3,0,0,1,1,0,0,0,0,12.123432,50.495649
12,18,8,0,16,4,3,5,3,0,0,1,0,0,0,0,1,13.870489,51.068966
25,18,7,0,10,5,2,5,3,0,0,1,0,0,0,1,0,14.375634,51.426302
12,18,7,0,17,6,3,3,2,0,0,1,0,0,0,0,0,13.807559,51.151207
12,18,7,0,7,6,3,5,3,0,0,1,0,0,0,1,0,13.744126,51.047498
25,18,7,0,17,5,2,0,1,0,0,1,0,0,0,0,0,14.176527,51.127367
12,18,8,0,17,2,3,5,3,0,0,1,1,0,0,0,0,13.742016,51.064676
24,18,8,0,7,3,3,5,3,0,0,1,1,0,0,0,0,12.604151,50.668803
12,18,8,0,12,1,3,5,3,0,0,1,1,0,0,0,0,13.728086,51.084384
25,18,8,0,19,6,1,5,3,0,0,1,1,0,0,0,0,13.966685,51.272306
27,18,8,0,0,1,3,0,7,2,0,1,0,0,0,0,0,13.651902,51.105645
27,18,8,0,11,3,3,3,6,0,0,1,0,0,0,0,1,13.460816,51.153596
30,18,8,0,11,4,3,5,3,0,0,1,1,0,0,0,0,12.88299,51.639414
29,18,7,0,19,5,3,3,6,0,0,1,1,0,0,0,0,12.384347,51.233388
12,18,8,0,14,3,2,0,1,0,0,1,0,0,0,0,0,13.725764,51.044009
13,18,7,0,17,5,3,5,3,0,0,1,1,0,0,0,0,12.344842,51.339183
25,18,8,0,12,7,2,0,1,0,0,1,0,0,0,0,0,14.02084,51.152009
29,18,7,0,14,1,2,5,3,0,0,1,1,0,0,0,0,12.642402,51.142222
12,18,8,0,16,3,3,0,1,0,0,1,1,0,0,0,0,13.722845,51.090349
30,18,8,0,19,7,2,5,3,0,0,1,0,0,0,0,1,12.482664,51.37525
13,18,8,0,17,4,2,5,2,0,0,1,1,0,0,0,0,12.331936,51.335913
22,18,7,0,11,2,2,3,2,0,0,1,1,0,0,0,0,12.940916,50.974535
12,18,8,0,10,6,3,5,2,0,0,1,1,0,0,0,0,13.736441,51.063804
29,18,8,0,21,5,2,8,7,1,0,1,0,0,0,0,0,12.552846,51.059269
28,18,8,0,12,4,2,5,3,0,0,1,0,0,0,0,0,13.934455,50.967368
28,18,8,0,13,4,3,0,1,0,0,1,0,0,0,0,0,13.945308,50.93783
13,18,8,0,21,5,3,5,3,2,1,1,1,0,0,0,0,12.376526,51.314831
27,18,7,0,19,5,2,0,1,0,0,1,0,0,0,0,0,13.484185,51.168061
25,18,7,0,17,1,3,0,3,0,0,1,1,0,0,0,0,13.799907,51.181447
25,18,8,0,13,1,2,5,3,0,0,1,1,0,0,0,0,14.273293,51.427089
12,18,7,0,16,5,3,3,1,0,0,1,1,0,0,0,0,13.73659,51.062925
29,18,8,0,0,5,3,3,6,2,0,1,1,0,0,0,0,12.455919,51.122649
12,18,8,0,15,3,3,4,1,0,0,1,0,0,0,0,0,13.745698,51.057469
27,18,8,0,18,5,2,5,2,0,0,1,1,0,0,0,0,13.717001,51.218619
12,18,7,0,9,5,3,5,3,0,0,1,1,0,0,0,0,13.742018,51.064675
26,18,7,0,6,6,3,5,3,0,0,1,0,0,0,0,1,14.80983,50.899609
12,18,7,0,9,5,2,5,2,0,0,1,0,0,0,0,1,13.887468,51.05751
21,18,8,0,16,5,2,8,1,0,0,1,0,0,0,0,0,13.037631,50.771467
21,18,9,0,12,7,2,4,6,0,0,1,0,0,0,0,0,13.053017,50.540515
22,18,8,0,16,3,2,0,1,0,0,1,0,0,0,0,0,13.035183,50.893864
29,18,8,0,10,5,2,5,2,0,0,1,0,0,0,0,0,12.64337,51.154718
25,18,8,0,13,5,2,3,2,0,1,1,1,0,0,0,0,14.278395,51.43444