CSV=`UKREIS,UJAHR,UMONAT,UTAG,USTUNDE,UWOCHENTAG,UKATEGORIE,UART,UTYP,LICHT,USTRZUSTAND,IstRad,IstPKW,IstFuss,IstKrad,IstGkfz,IstSonstig,@lon,@lat
26,18,9,0,10,3,3,3,7,0,0,1,0,0,0,1,0,14.884436,51.146585
13,18,9,0,17,2,3,3,2,0,0,1,1,0,0,0,0,12.353662,51.34092
12,18,8,0,20,4,3,5,3,1,0,1,1,0,0,0,0,13.721485,51.041906
26,18,8,0,13,5,3,5,3,0,0,1,1,0,0,0,0,14.616481,51.508556
29,18,9,0,7,3,3,3,3,1,0,1,1,0,0,0,0,12.584408,51.057703
25,18,8,0,10,6,2,0,1,0,0,1,0,0,0,0,0,14.440936,51.126471
25,18,8,0,16,5,3,3,2,0,0,1,1,0,0,0,0,14.25685,51.445714
13,18,9,0,17,7,3,0,1,1,0,1,0,0,0,0,0,12.366155,51.343395
12,18,9,0,6,3,3,5,2,1,0,1,1,0,0,0,0,13.783797,51.009541
12,18,9,0,18,2,3,2,2,1,0,1,1,0,0,0,0,13.70482,51.039585
29,18,8,0,19,6,2,5,3,1,0,1,1,0,0,0,0,12.739853,51.382142
26,18,9,0,10,2,3,0,1,0,0,1,0,0,0,0,0,14.984772,51.157848
26,18,9,0,8,7,3,0,7,0,0,1,0,0,0,0,0,14.819405,51.283608
25,18,9,0,5,3,3,3,6,2,0,1,1,0,0,0,0,14.616316,51.270824
12,18,9,0,14,5,3,1,5,0,0,1,1,0,0,0,0,13.697896,51.014839
12,18,8,0,15,5,3,5,2,0,0,1,1,0,0,0,0,13.727496,51.044807
12,18,8,0,6,5,3,5,3,0,0,1,1,0,0,0,0,13.728137,51.04334
28,18,9,0,13,7,2,9,1,0,0,1,0,0,0,0,0,13.853959,50.958823
22,18,9,0,13,5,3,5,3,0,0,1,1,0,0,0,0,13.325006,50.922403
12,18,9,0,3,7,2,0,1,2,0,1,0,0,0,0,0,13.717304,51.077271
25,18,8,0,7,3,3,5,3,0,0,1,0,0,0,1,0,14.423134,51.168631
28,18,9,0,6,7,3,0,6,0,0,1,0,0,0,0,1,13.650154,50.999645
12,18,9,0,17,5,3,0,2,0,0,1,0,0,0,0,1,13.727966,51.060202
12,18,9,0,16,3,3,5,3,0,0,1,0,0,0,0,1,13.85009,51.061778
12,18,9,0,10,5,2,0,1,0,0,1,0,0,0,0,0,13.851077,51.061644
13,18,9,0,16,4,3,4,2,0,0,1,1,0,0,0,0,12.368381,51.314636
13,18,9,0,17,1,3,3,6,0,0,1,1,0,0,0,0,12.358862,51.342048
30,18,9,0,18,4,3,5,3,0,0,1,1,0,0,0,0,12.2287,51.393736
23,18,8,0,12,4,3,6,7,0,0,1,0,1,0,0,0,12.13331,50.501313
12,18,9,0,13,7,3,5,2,0,0,1,1,0,0,0,0,13.760124,51.023306
22,18,9,0,18,1,3,0,7,0,0,1,0,0,0,0,0,13.05171,51.126609
24,18,8,0,18,4,3,5,3,0,0,1,1,0,0,0,0,12.457962,50.717966
12,18,9,0,4,4,3,0,1,2,0,1,0,0,0,0,0,13.700779,51.043774
12,18,9,0,9,1,3,5,3,0,0,1,0,0,0,0,0,13.683758,51.061891
12,18,8,0,16,3,3,0,1,0,0,1,0,0,0,0,0,13.757917,51.024698
28,18,9,0,16,4,3,5,3,0,0,1,0,0,1,0,0,13.931095,50.959446
25,18,8,0,5,5,3,5,3,0,0,1,0,0,0,0,1,13.989487,51.095086
28,18,9,0,10,4,2,8,1,0,0,1,0,0,0,0,0,14.15872,50.927967
13,18,8,0,7,6,3,4,3,0,1,1,1,0,0,0,0,12.344872,51.33919
21,18,9,0,19,1,2,9,1,1,0,1,0,0,0,0,0,12.992442,50.555197
29,18,9,0,15,6,3,5,3,0,0,1,0,0,0,0,1,12.489113,51.122308
27,18,8,0,15,5,3,0,2,0,0,1,0,0,0,0,1,13.372915,51.325928
11,18,9,0,8,1,3,4,2,0,0,1,1,0,0,0,0,12.927151,50.858469
13,18,8,0,9,6,3,0,1,0,1,1,0,0,0,0,0,12.372994,51.301804
26,18,9,0,11,2,2,3,2,0,0,1,0,0,1,0,0,14.801714,50.898482
24,18,8,0,17,6,2,8,1,0,0,1,0,0,0,0,0,12.693249,50.786597
28,18,8,0,12,4,3,5,3,0,0,1,1,0,0,0,0,13.904939,50.966051
30,18,9,0,14,6,3,3,6,0,0,1,0,0,0,1,0,13.106975,51.305474
30,18,9,0,14,6,3,3,2,0,0,1,1,0,0,0,0,12.990834,51.556073
27,18,8,0,13,4,3,1,5,0,0,1,1,0,0,0,0,13.480713,51.169405
27,18,8,0,15,4,3,5,3,0,0,1,1,0,0,0,0,13.490764,51.167126
27,18,8,0,15,4,2,0,1,0,0,1,0,0,0,0,0,13.476452,51.172952
24,18,9,0,16,3,3,5,3,0,0,1,1,0,0,0,0,12.446909,50.842976
12,18,8,0,5,4,3,5,2,0,0,1,1,0,0,0,0,13.731939,51.079631
24,18,9,0,16,4,3,3,6,0,0,1,1,0,0,0,0,12.487961,50.742846
25,18,8,0,13,6,3,2,6,0,0,1,1,0,0,0,0,14.013287,51.181694
12,18,9,0,11,2,3,5,2,0,0,1,0,0,0,0,1,13.746979,51.066053
13,18,9,0,10,6,2,5,3,0,0,1,1,0,0,0,0,12.391408,51.347431
23,18,8,0,15,7,2,0,1,0,0,1,0,0,0,0,0,12.244428,50.610182
12,18,9,0,12,5,3,4,6,0,0,1,0,0,0,0,0,13.730381,51.08213
12,18,8,0,17,4,3,2,2,0,0,1,1,0,0,0,0,13.763535,51.120598
30,18,9,0,16,4,3,5,3,0,0,1,1,0,0,0,0,12.991799,51.561596
28,18,9,0,12,6,3,5,3,0,0,1,1,0,0,0,0,13.935595,50.951624
12,18,9,0,5,5,3,5,3,2,0,1,1,0,0,0,0,13.742018,51.064675
12,18,8,0,15,2,2,0,7,0,0,1,1,0,0,0,0,13.687043,51.039868
12,18,8,0,12,6,2,5,3,0,0,1,1,0,0,0,0,13.635322,51.087323
23,18,9,0,12,1,3,2,1,0,0,1,0,0,1,0,0,12.20975,50.634585
25,18,9,0,17,5,2,4,2,0,0,1,1,0,0,0,0,14.490877,51.097235
25,18,8,0,8,2,3,4,2,0,0,1,0,0,0,1,0,14.265615,51.430078
27,18,9,0,12,6,2,5,2,0,0,1,1,0,0,0,0,13.326516,51.056977
11,18,8,0,9,4,3,5,2,0,0,1,1,0,0,0,0,12.836871,50.822367
26,18,9,0,7,2,3,8,1,0,0,1,0,0,0,0,0,15.023679,51.285706
12,18,8,0,8,5,2,0,2,0,1,1,1,0,0,0,0,13.746174,51.063921
25,18,9,0,13,7,3,0,7,0,0,1,0,0,0,0,0,13.920124,51.118781
12,18,9,0,11,3,3,0,1,0,0,1,0,0,0,0,0,13.741254,51.057652
25,18,9,0,11,3,2,0,7,0,0,1,0,0,0,0,0,14.466951,51.200674
23,18,8,0,15,3,3,1,7,0,0,1,1,0,0,0,0,12.181139,50.534464
28,18,9,0,12,6,3,5,3,0,1,1,1,0,0,0,0,13.673265,50.905996
29,18,8,0,13,3,3,6,6,0,0,1,0,1,0,0,0,12.494801,51.125514
23,18,8,0,13,3,3,5,3,0,0,1,1,0,0,0,0,12.287973,50.598855
21,18,9,0,14,2,2,8,1,0,1,1,0,0,0,0,0,12.822045,50.644113
22,18,9,0,15,6,3,9,7,0,0,1,0,0,0,0,0,13.051715,51.126608
12,18,9,0,14,3,3,4,6,0,0,1,0,0,0,0,0,13.733063,51.038707
26,18,8,0,15,3,3,0,1,0,0,1,0,0,0,0,0,14.914154,51.148809
24,18,9,0,16,5,3,5,3,0,0,1,1,0,0,0,0,12.640969,50.755212
12,18,9,0,2,7,3,0,1,2,0,1,0,0,0,0,0,13.727735,51.058265
12,18,9,0,13,1,2,0,1,0,1,1,0,0,0,0,0,13.851178,51.061659
27,18,9,0,11,4,3,4,2,0,0,1,1,0,0,0,0,13.458876,51.151061
27,18,9,0,17,1,3,8,1,0,0,1,0,0,0,0,0,13.231402,51.351616
27,18,8,0,12,3,2,0,1,0,0,1,0,0,0,0,0,13.459629,51.146394
28,18,8,0,16,1,3,3,2,0,0,1,1,0,0,0,0,13.941598,50.948979
27,18,9,0,8,4,2,4,2,0,0,1,0,0,0,0,1,13.492008,51.16702
23,18,9,0,7,6,3,6,7,0,0,1,0,1,0,0,0,12.470027,50.360113
13,18,9,0,14,2,3,4,6,0,0,1,0,0,0,0,0,12.301296,51.342717
12,18,8,0,17,3,3,5,3,0,0,1,0,0,0,0,0,13.776589,51.067288
12,18,8,0,22,3,3,0,1,2,0,1,0,0,0,0,0,13.739944,51.064554
29,18,9,0,13,5,3,3,6,0,0,1,1,0,0,0,0,12.717756,51.044025
22,18,9,0,13,5,2,5,3,0,0,1,1,0,0,0,0,13.141839,51.121169
29,18,9,0,8,2,3,5,3,0,1,1,1,0,0,0,0,12.5083,51.135879
26,18,8,0,16,6,2,0,1,0,1,1,0,0,0,0,0,14.991865,51.15974
22,18,9,0,5,5,3,5,3,2,0,1,1,0,0,0,0,13.360579,50.907828
26,18,9,0,17,2,2,3,6,0,0,1,1,0,0,0,0,14.787247,50.884228
12,18,9,0,16,4,3,0,3,0,0,1,0,0,0,0,1,13.736246,51.042363
13,18,9,0,7,6,2,3,2,1,0,1,0,0,0,1,0,12.345073,51.375193
28,18,9,0,6,2,3,0,2,0,0,1,0,0,0,0,1,13.916579,50.956893
28,18,8,0,6,4,3,5,3,0,0,1,1,0,0,0,0,13.537759,51.047145
29,18,9,0,15,3,2,5,3,0,0,1,0,0,0,0,1,12.690265,51.410237
26,18,9,0,17,7,2,5,3,0,0,1,1,0,0,0,0,14.580518,51.007631
24,18,9,0,16,4,2,3,6,0,0,1,1,0,0,0,0,12.661559,50.665616
12,18,9,0,18,2,3,0,7,0,0,1,0,0,0,0,0,13.798368,51.138437
25,18,9,0,0,3,3,0,7,2,0,1,0,0,0,0,0,13.898428,51.136664
23,18,9,0,17,3,2,0,1,0,0,1,0,0,0,0,0,12.459782,50.551898
23,18,9,0,0,7,2,5,3,2,0,1,1,0,0,0,0,12.131833,50.489654
12,18,9,0,15,3,3,5,3,0,0,1,1,0,0,0,0,13.771555,51.01573
28,18,8,0,15,6,3,8,1,0,0,1,0,0,0,0,0,14.18776,50.927732
12,18,9,0,6,5,3,5,2,1,0,1,0,0,0,1,0,13.722174,51.054046
29,18,9,0,18,3,1,2,6,0,0,1,1,0,0,0,0,12.513731,51.104177
24,18,8,0,17,2,3,5,3,0,0,1,1,0,0,0,0,12.387366,50.817594
27,18,9,0,15,3,3,3,6,0,0,1,0,0,0,0,1,13.481966,51.162165
12,18,9,0,13,5,3,0,2,0,0,1,0,0,0,1,0,13.728329,51.043551
30,18,9,0,7,6,3,5,3,0,0,1,1,0,0,0,0,12.341656,51.522459
12,18,9,0,14,2,3,5,2,0,0,1,1,0,0,0,0,13.720421,51.051165
26,18,9,0,4,7,2,8,1,2,0,1,0,0,0,0,0,14.887465,51.292506
24,18,8,0,18,2,3,5,3,0,0,1,1,0,0,0,0,12.46452,50.846106
27,18,8,0,17,2,3,5,3,0,0,1,0,0,0,0,0,13.481477,51.162848
12,18,9,0,10,6,3,0,1,0,0,1,0,0,0,0,0,13.728124,51.071148
27,18,9,0,18,3,3,2,2,0,0,1,1,0,0,0,0,13.546402,51.17694
12,18,8,0,21,7,2,0,1,2,0,1,0,0,0,0,0,13.722374,51.074945
30,18,9,0,8,4,2,5,3,0,0,1,1,0,0,0,0,12.886779,51.636814
25,18,9,0,4,7,3,0,7,2,0,1,0,0,0,0,0,14.227098,51.357162
11,18,9,0,7,2,3,5,3,0,1,1,1,0,0,0,0,12.883755,50.853149
26,18,9,0,15,1,3,5,3,0,0,1,0,0,0,0,0,14.64594,50.951989
26,18,8,0,7,3,3,5,3,0,0,1,0,0,0,0,1,14.962463,51.140407
23,18,9,0,7,5,3,6,7,0,0,1,0,1,0,0,0,12.115499,50.496208
12,18,9,0,17,3,3,5,2,0,0,1,1,0,0,0,0,13.746717,51.06378
25,18,9,0,18,5,3,5,3,0,0,1,1,0,0,0,0,13.916734,51.115984
30,18,8,0,14,5,3,0,1,0,0,1,0,0,0,0,0,12.582282,51.594443
29,18,9,0,15,7,3,5,3,0,0,1,1,0,0,0,0,12.397574,51.275298
27,18,9,0,15,5,3,0,1,0,0,1,0,0,0,0,0,13.772596,51.19973
13,18,8,0,17,2,3,5,3,0,0,1,1,0,0,0,0,12.247287,51.318146
12,18,9,0,9,3,3,5,3,0,0,1,1,0,0,0,0,13.728952,51.059332
12,18,9,0,11,6,3,5,3,0,0,1,0,0,0,0,1,13.746977,51.066028
13,18,9,0,6,4,3,4,2,0,0,1,1,0,0,0,0,12.337495,51.335377
12,18,9,0,17,7,3,5,3,0,0,1,1,0,0,0,0,13.634089,51.087407
12,18,8,0,9,3,3,5,3,0,0,1,1,0,0,0,0,13.721486,51.041906
13,18,9,0,19,4,3,0,2,1,0,1,1,0,0,0,0,12.443823,51.36009
12,18,8,0,11,1,3,0,3,0,0,1,0,0,0,0,1,13.701756,51.031369
25,18,8,0,14,2,3,3,2,0,0,1,1,0,0,0,0,14.417438,51.179417
30,18,9,0,11,3,2,1,5,0,0,1,1,0,0,0,0,12.508671,51.40787
11,18,9,0,13,2,3,5,2,0,1,1,1,0,0,0,0,12.934909,50.822678
12,18,8,0,18,6,2,5,3,0,0,1,1,0,0,0,0,13.690448,51.082457
12,18,9,0,17,4,3,3,2,0,0,1,1,0,0,0,0,13.655349,51.081387
28,18,8,0,10,2,3,5,3,0,0,1,1,0,0,0,0,14.13673,50.922948
28,18,9,0,17,1,3,5,3,0,0,1,1,0,0,0,0,13.544399,51.052813
28,18,8,0,7,2,3,0,1,0,0,1,0,0,0,0,0,14.097321,51.040837
23,18,9,0,13,2,1,2,6,0,0,1,1,0,0,0,0,12.149962,50.382819
28,18,8,0,11,2,2,0,1,0,0,1,0,0,0,0,0,14.212753,50.929694
21,18,9,0,11,3,2,3,6,0,0,1,1,0,0,0,0,12.699412,50.589034
29,18,9,0,10,5,2,5,3,0,0,1,1,0,0,0,0,12.734417,51.36441
27,18,8,0,16,2,3,5,3,0,0,1,1,0,0,0,0,13.484507,51.167934
25,18,9,0,15,2,3,5,3,0,0,1,1,0,0,0,0,13.909443,51.114533
22,18,8,0,19,6,3,6,4,0,0,1,0,1,0,0,0,13.170029,50.862205
12,18,9,0,16,5,3,4,6,0,0,1,0,0,0,0,0,13.64898,51.043076
11,18,9,0,16,4,3,5,3,0,0,1,1,0,0,0,0,12.960419,50.85473
27,18,8,0,7,5,3,5,3,0,1,1,1,0,0,0,0,13.252504,51.303112
13,18,9,0,12,2,3,4,2,0,0,1,1,0,0,0,0,12.331925,51.335912
28,18,9,0,6,5,3,0,1,0,0,1,0,0,0,0,0,13.895647,50.958783
12,18,8,0,7,2,3,6,6,0,0,1,0,1,0,0,0,13.820041,51.050176
13,18,9,0,13,6,3,0,7,0,0,1,0,0,0,0,0,12.393115,51.348793
12,18,9,0,5,2,3,5,3,2,0,1,0,0,0,0,1,13.707542,51.041262
12,18,8,0,12,4,3,3,2,0,0,1,1,0,0,0,0,13.854936,51.061851
13,18,9,0,14,3,3,5,3,0,0,1,0,0,0,0,0,12.370989,51.344098
25,18,8,0,17,2,3,5,3,0,0,1,1,0,0,0,0,13.92145,51.119173
26,18,9,0,14,2,3,2,6,0,0,1,0,0,0,0,1,14.659603,50.88959
21,18,8,0,17,6,3,3,2,0,0,1,1,0,0,0,0,12.906896,50.539082
23,18,9,0,17,2,3,0,1,0,0,1,0,0,0,0,0,12.182255,50.402712
12,18,9,0,15,2,3,5,3,0,1,1,0,0,0,0,0,13.709674,51.061595
22,18,9,0,14,5,3,0,7,0,0,1,0,0,0,0,0,13.109664,51.122199
24,18,9,0,13,3,3,3,2,0,0,1,1,0,0,0,0,12.488751,50.696097
27,18,8,0,17,5,3,5,3,0,0,1,1,0,0,0,0,13.563641,51.157746
26,18,9,0,19,1,3,0,7,1,0,1,0,1,0,0,0,14.77566,51.025143
27,18,9,0,6,5,3,5,3,0,0,1,1,0,0,0,0,13.493741,51.159392
29,18,9,0,14,3,2,8,7,0,0,1,0,0,0,0,0,12.599109,51.21435
28,18,9,0,15,6,3,0,1,0,1,1,0,0,0,0,0,13.870854,50.965467
11,18,8,0,10,4,3,5,3,0,0,1,1,0,0,0,0,12.906296,50.841738
13,18,9,0,16,4,3,5,3,0,0,1,1,0,0,0,0,12.46577,51.312599
12,18,9,0,16,3,2,5,3,0,0,1,0,0,0,0,0,13.707772,51.020827
29,18,9,0,7,4,3,4,6,0,0,1,0,0,0,0,0,12.374261,51.2728
25,18,8,0,18,1,1,8,7,0,0,1,0,0,0,0,0,14.020765,51.197661
12,18,8,0,12,5,3,5,3,0,1,1,1,0,0,0,0,13.720095,51.040858
25,18,9,0,10,3,3,0,1,0,0,1,0,0,0,0,0,14.418864,51.169512
12,18,8,0,1,1,3,0,1,2,0,1,0,0,0,0,0,13.74681,51.063819
12,18,9,0,18,3,3,3,1,0,0,1,1,0,0,0,0,13.730664,51.068963
26,18,9,0,17,4,3,5,3,0,0,1,0,0,0,0,1,14.787068,51.397527
12,18,9,0,5,6,3,6,6,0,0,1,0,1,0,0,0,13.738844,51.083766
27,18,9,0,10,6,3,0,1,0,0,1,0,0,0,0,0,13.497792,51.288436
29,18,8,0,16,3,3,5,3,0,0,1,1,0,0,0,0,12.551619,51.32142
12,18,9,0,6,3,3,5,3,0,0,1,1,0,0,0,0,13.768257,51.015701
21,18,8,0,9,1,3,3,6,0,0,1,1,0,0,0,0,12.942623,50.500043
25,18,9,0,15,1,3,5,3,0,0,1,1,0,0,0,0,14.240549,51.274192
24,18,9,0,13,2,2,5,2,0,0,1,1,0,0,0,0,12.476495,50.720409
12,18,9,0,16,4,3,5,2,0,0,1,1,0,0,0,0,13.762435,51.085008
24,18,9,0,16,5,3,3,6,0,0,1,0,0,0,1,0,12.546338,50.595275
22,18,9,0,16,7,3,5,3,0,1,1,0,0,1,0,0,13.338754,50.923245
12,18,8,0,7,3,3,3,6,0,0,1,1,0,0,0,0,13.768954,51.09918
28,18,9,0,18,4,2,5,3,1,0,1,1,0,0,0,0,13.934009,50.963717
12,18,9,0,16,7,3,0,1,0,1,1,0,0,0,0,0,13.702784,51.033622
13,18,9,0,14,4,3,5,3,0,0,1,1,0,0,0,0,12.405992,51.313915
24,18,9,0,18,6,3,1,7,0,0,1,1,0,0,0,0,12.388808,50.817746
25,18,9,0,14,5,3,5,3,0,0,1,1,0,0,0,0,14.039993,51.176613
13,18,8,0,14,5,3,3,2,0,1,1,1,0,0,0,0,12.332926,51.336041
12,18,9,0,11,1,3,0,1,0,0,1,0,0,0,0,0,13.693653,51.043028
23,18,8,0,5,4,3,3,2,1,0,1,1,0,0,0,0,12.262496,50.621988
22,18,9,0,17,3,1,2,6,0,0,1,0,0,0,0,1,13.178564,50.872008
13,18,8,0,17,7,3,5,3,0,0,1,1,0,0,0,0,12.366776,51.31455
21,18,9,0,14,4,2,5,3,0,0,1,1,0,0,0,0,12.723681,50.745901
13,18,8,0,22,6,2,0,1,2,0,1,0,0,0,0,0,12.422535,51.306303
22,18,9,0,13,5,2,0,1,0,0,1,0,0,0,0,0,13.314216,50.866856
26,18,8,0,13,7,3,5,3,0,0,1,1,0,0,0,0,14.718249,51.513264
28,18,8,0,8,5,3,4,2,0,1,1,1,0,0,0,0,13.931053,50.961109
28,18,9,0,20,5,3,5,3,2,0,1,1,0,0,0,0,13.913691,50.956685
24,18,9,0,6,4,3,5,3,0,0,1,1,0,0,0,0,12.502031,50.701
12,18,8,0,3,7,2,0,7,2,1,1,0,0,0,0,0,13.824178,51.04367
25,18,9,0,9,2,3,3,2,0,0,1,1,0,0,0,0,14.426511,51.167079
12,18,9,0,12,5,3,4,6,0,0,1,0,0,0,0,0,13.730419,51.082091
30,18,9,0,9,4,3,5,7,0,0,1,0,0,0,0,1,12.556089,51.570673
27,18,9,0,14,6,2,5,3,0,0,1,1,0,0,0,0,13.254081,51.300046
12,18,9,0,10,2,3,0,1,0,0,1,0,0,0,0,0,13.769037,51.013497
13,18,9,0,13,2,3,5,2,0,0,1,1,0,0,0,0,12.395194,51.339071
30,18,9,0,11,3,3,4,2,0,0,1,1,0,0,0,0,12.368469,51.52538
27,18,8,0,10,2,3,0,7,0,0,1,1,0,0,0,0,13.298575,51.301482
29,18,8,0,8,6,2,5,2,0,0,1,1,0,0,0,0,12.463823,51.195744
30,18,9,0,8,4,3,5,3,0,0,1,1,0,0,0,0,13.001584,51.555274
28,18,8,0,14,6,3,6,7,0,0,1,0,1,0,0,0,13.9445,50.939883
12,18,9,0,15,3,3,5,2,0,0,1,0,0,0,1,0,13.689314,51.067773
29,18,8,0,11,6,2,5,3,0,0,1,0,0,0,1,0,12.749285,51.370046
23,18,9,0,15,5,3,0,7,0,0,1,0,0,0,0,0,11.931605,50.540771
13,18,9,0,16,5,3,5,3,0,0,1,1,0,0,0,0,12.344866,51.339189
26,18,8,0,14,6,3,5,3,0,0,1,1,0,0,0,0,14.799205,50.894773
25,18,9,0,12,4,3,3,2,0,0,1,1,0,0,0,0,14.309396,51.095637
21,18,9,0,16,6,3,3,2,0,0,1,1,0,0,0,0,12.800808,50.537048
12,18,8,0,20,6,3,5,2,2,0,1,1,0,0,0,0,13.74665,51.057141
23,18,9,0,21,1,2,0,1,2,0,1,0,0,0,0,0,12.203732,50.455202
12,18,9,0,16,2,3,5,3,0,0,1,1,0,0,0,0,13.787562,51.006037
12,18,9,0,18,3,3,5,3,1,0,1,1,0,0,0,0,13.793607,51.129189
11,18,9,0,7,5,3,5,3,0,0,1,1,0,0,0,0,12.9566,50.864362
27,18,9,0,20,4,3,5,3,2,0,1,1,0,0,0,0,13.698027,51.093628
27,18,8,0,17,6,3,1,5,0,0,1,1,0,0,0,0,13.676073,51.103391
28,18,9,0,20,4,3,0,1,2,0,1,0,0,0,0,0,13.650299,51.000134
24,18,9,0,7,2,3,0,1,0,0,1,0,0,0,0,0,12.484697,50.727601
23,18,8,0,18,2,3,3,2,0,0,1,1,0,0,0,0,12.494827,50.392638
12,18,10,0,8,5,3,0,1,0,1,1,0,0,0,0,0,13.706463,51.084661
23,18,10,0,17,6,2,2,6,0,0,1,1,0,0,0,0,12.301022,50.541615
28,18,11,0,17,1,3,0,7,2,0,1,0,1,0,0,0,14.062622,50.972492
24,18,10,0,9,6,3,5,3,0,0,1,1,0,0,0,0,12.48757,50.7378
30,18,10,0,11,6,3,4,2,0,0,1,1,0,0,0,0,12.98193,51.55999
28,18,10,0,16,3,3,5,3,0,0,1,1,0,0,0,0,13.550056,51.0313
28,18,10,0,11,3,2,5,3,0,0,1,1,0,0,0,0,13.866249,50.971532
24,18,10,0,12,3,3,0,7,0,0,1,0,0,0,0,1,12.708114,50.757911
29,18,11,0,9,6,2,0,7,0,2,1,0,0,0,0,0,12.553807,51.059913
26,18,12,0,13,2,3,4,2,0,0,1,1,0,0,0,0,14.817656,50.89832
29,18,10,0,7,6,3,5,3,1,0,1,1,0,0,0,0,12.357676,51.27658
13,18,10,0,15,4,3,5,3,0,0,1,1,0,0,0,0,12.394195,51.336218
25,18,11,0,14,5,3,3,6,0,0,1,1,0,0,0,0,14.480638,51.18606
26,18,10,0,7,6,3,5,3,1,0,1,0,0,1,0,0,14.807495,50.899079
11,18,10,0,17,3,3,5,2,1,0,1,1,0,0,0,0,13.019713,50.800743
24,18,11,0,16,5,3,2,6,1,0,1,1,0,0,0,0,12.448267,50.721354
29,18,10,0,13,4,3,0,6,0,0,1,1,0,0,0,0,12.816841,51.403739
12,18,11,0,8,4,3,5,3,0,2,1,1,0,0,0,0,13.704527,51.040032
26,18,12,0,15,4,3,5,3,0,0,1,1,0,0,0,0,14.952639,51.148865
12,18,10,0,19,3,3,5,3,2,0,1,1,0,0,0,0,13.745637,51.04931
28,18,12,0,6,3,3,2,2,2,1,1,1,0,0,0,0,13.94394,50.94187
24,18,10,0,17,4,3,4,2,1,0,1,1,0,0,0,0,12.727452,50.836122
22,18,11,0,17,1,2,3,2,2,0,1,1,0,0,0,0,13.322454,50.910824
12,18,10,0,17,4,3,4,6,0,0,1,0,0,0,0,0,13.736907,51.029088
26,18,10,0,16,6,2,5,3,0,0,1,1,0,0,0,0,14.650296,51.494041
28,18,11,0,7,5,3,0,2,0,0,1,1,0,0,0,0,13.939731,50.953169
28,18,10,0,10,6,2,0,1,0,0,1,0,0,0,0,0,14.180632,50.925129
13,18,10,0,17,5,2,4,6,0,1,1,0,0,0,0,0,12.397743,51.353182
28,18,10,0,11,2,3,5,2,0,0,1,1,0,0,0,0,13.927887,50.980761
11,18,11,0,19,4,3,2,6,0,0,1,1,0,0,0,0,12.932013,50.839323
12,18,11,0,16,2,3,5,3,2,0,1,1,0,0,0,0,13.752936,51.073846
22,18,11,0,17,4,2,3,6,1,0,1,1,0,0,0,0,13.078659,50.827132
29,18,10,0,5,4,2,7,7,2,1,1,0,0,0,0,0,12.592931,51.32963
13,18,11,0,8,6,3,5,2,0,0,1,0,0,0,0,1,12.3536,51.340906
27,18,10,0,11,5,3,4,6,0,0,1,0,0,0,0,0,13.53205,51.289508
26,18,11,0,15,6,3,5,3,0,0,1,1,0,0,0,0,14.795045,50.899511
12,18,11,0,15,5,3,3,6,0,0,1,0,0,0,0,0,13.732448,51.061023
12,18,10,0,14,6,3,5,3,0,0,1,1,0,0,0,0,13.735874,51.041757
12,18,11,0,23,5,3,8,1,2,0,1,0,0,0,0,0,13.73029,51.03181
11,18,10,0,17,3,3,5,3,2,1,1,1,0,0,0,0,12.823477,50.829824
21,18,10,0,18,6,3,4,2,0,0,1,1,0,0,0,0,12.846794,50.698384
29,18,10,0,16,1,3,5,3,0,0,1,1,0,0,0,0,12.457472,51.200498
26,18,11,0,12,3,2,4,2,0,0,1,1,0,0,0,0,14.679308,51.103695
24,18,11,0,13,7,3,5,3,0,0,1,1,0,0,0,0,12.393227,50.816643
25,18,11,0,13,1,2,0,6,0,0,1,1,0,0,0,0,13.951973,51.139613
24,18,10,0,12,7,2,1,5,0,0,1,0,0,0,0,1,12.628659,50.784103
22,18,10,0,9,5,3,2,6,0,0,1,1,0,0,0,0,13.181001,51.064815
13,18,11,0,16,4,3,5,2,1,0,1,1,0,0,0,0,12.395335,51.339203
13,18,10,0,8,3,3,5,3,0,0,1,1,0,0,0,0,12.406561,51.314095
27,18,10,0,7,6,3,0,1,2,1,1,0,0,0,0,0,13.460816,51.153596
27,18,11,0,19,3,1,2,6,2,0,1,0,0,0,0,1,13.652329,51.140909
27,18,10,0,13,4,2,5,2,0,0,1,1,0,0,0,0,13.386232,51.340672
22,18,10,0,11,5,3,6,6,0,0,1,0,1,0,0,0,13.339087,50.91513
30,18,10,0,6,5,2,2,6,1,0,1,1,0,0,0,0,12.906022,51.621563
28,18,10,0,15,1,3,5,2,0,0,1,1,0,0,0,0,13.795106,50.947778
12,18,10,0,16,3,3,5,2,0,0,1,1,0,0,0,0,13.783901,51.009624
12,18,11,0,7,2,2,5,3,0,1,1,1,0,0,0,0,13.742017,51.064676
25,18,10,0,13,5,3,4,2,0,0,1,1,0,0,0,0,14.379568,51.096488
22,18,11,0,17,5,3,4,2,2,0,1,1,0,0,0,0,13.339716,50.919508
21,18,10,0,11,4,2,0,7,0,0,1,0,0,0,0,0,12.789343,50.546562
25,18,10,0,10,5,2,9,1,0,0,1,0,0,0,0,0,14.429238,51.180986
23,18,10,0,14,7,2,3,1,0,0,1,0,0,0,0,0,12.155401,50.506849
30,18,11,0,10,5,3,5,3,0,0,1,1,0,0,0,0,12.968413,51.571648
12,18,10,0,12,5,3,5,3,0,0,1,1,0,0,0,0,13.719565,51.035208
13,18,10,0,6,4,3,3,2,1,0,1,1,0,0,0,0,12.400729,51.3519