CSV=`UKREIS,UJAHR,UMONAT,UTAG,USTUNDE,UWOCHENTAG,UKATEGORIE,UART,UTYP,LICHT,USTRZUSTAND,IstRad,IstPKW,IstFuss,IstKrad,IstGkfz,IstSonstig,@lon,@lat
24,18,11,0,17,3,3,2,6,2,1,1,1,0,0,0,0,12.501866,50.702565
12,18,10,0,16,5,3,5,3,0,0,1,1,0,0,0,0,13.740267,51.064673
13,18,11,0,7,6,3,3,2,0,0,1,1,0,0,0,0,12.301737,51.342666
27,18,12,0,18,5,3,5,3,1,1,1,1,0,0,0,0,13.39288,51.369083
12,18,10,0,12,5,3,4,6,0,0,1,0,0,0,0,0,13.730976,51.03391
29,18,10,0,18,6,3,5,3,2,0,1,1,0,0,0,0,12.391751,51.199311
13,18,11,0,9,5,3,5,2,0,0,1,1,0,0,0,0,12.393975,51.351125
13,18,10,0,7,2,3,5,3,0,0,1,1,0,0,0,0,12.344842,51.339183
25,18,10,0,22,3,3,0,7,2,0,1,0,0,0,0,0,14.045528,51.361216
22,18,12,0,16,3,3,5,3,2,1,1,1,0,0,0,0,13.007418,50.905532
28,18,11,0,13,2,3,5,3,0,0,1,0,0,0,0,1,13.537537,51.049632
27,18,12,0,16,2,3,5,3,1,0,1,1,0,0,0,0,13.580424,51.127798
26,18,11,0,9,7,3,5,3,0,0,1,1,0,0,0,0,14.66001,51.084086
11,18,11,0,11,5,3,5,3,0,0,1,1,0,0,0,0,12.912493,50.827942
24,18,10,0,6,1,3,0,1,2,1,1,0,0,0,0,0,12.517664,50.754094
25,18,11,0,16,3,3,3,2,0,0,1,1,0,0,0,0,13.799991,51.181428
12,18,10,0,12,6,3,4,6,0,0,1,0,0,0,0,0,13.688861,51.082992
12,18,11,0,7,3,3,5,3,0,0,1,1,0,0,0,0,13.765152,51.064939
29,18,10,0,15,1,3,3,6,0,0,1,1,0,0,0,0,12.521772,51.098999
12,18,11,0,3,1,2,0,1,2,0,1,0,0,0,0,0,13.728258,51.084222
12,18,10,0,18,4,3,5,2,1,0,1,1,0,0,0,0,13.739308,51.073976
12,18,10,0,15,5,3,5,3,0,0,1,1,0,0,0,0,13.768257,51.015701
28,18,10,0,17,5,2,8,1,0,0,1,0,0,0,0,0,13.933582,50.963337
28,18,11,0,18,7,3,5,3,2,0,1,1,0,0,0,0,13.861394,50.974361
27,18,10,0,16,6,2,3,6,0,0,1,0,0,0,0,1,13.370587,51.118288
22,18,11,0,16,3,3,5,3,2,0,1,1,0,0,0,0,13.391315,50.811907
12,18,10,0,14,5,3,5,3,0,0,1,1,0,0,0,0,13.737328,51.085369
12,18,10,0,17,1,3,2,2,0,0,1,1,0,0,0,0,13.740254,51.064785
29,18,11,0,10,7,2,5,3,0,0,1,1,0,0,0,0,12.517336,51.21701
26,18,10,0,12,7,3,5,3,0,0,1,1,0,0,0,0,14.981884,51.146704
12,18,10,0,10,3,2,5,2,0,0,1,0,0,0,0,1,13.715638,51.036918
29,18,10,0,9,5,3,4,6,0,0,1,1,0,0,0,0,12.566833,51.058215
29,18,11,0,10,4,3,3,6,0,0,1,1,0,0,0,0,12.743931,51.439947
27,18,10,0,22,3,3,5,3,2,0,1,1,0,0,0,0,13.292933,51.307547
29,18,11,0,18,2,2,5,3,2,0,1,1,0,0,0,0,12.714845,51.393333
24,18,11,0,19,2,1,4,1,2,0,1,1,0,0,0,0,12.594443,50.80148
30,18,10,0,17,3,3,5,3,2,1,1,1,0,0,0,0,13.100506,51.292655
13,18,10,0,8,3,3,5,3,0,0,1,1,0,0,0,0,12.405972,51.313915
13,18,11,0,20,5,3,5,2,2,0,1,1,0,0,0,0,12.36934,51.344157
12,18,10,0,0,7,3,0,1,2,0,1,0,0,0,0,0,13.714423,51.037685
21,18,10,0,17,3,3,3,6,0,0,1,1,0,0,0,0,12.889429,50.566206
12,18,10,0,11,2,3,5,3,0,0,1,0,0,0,0,1,13.732484,51.077942
30,18,11,0,10,3,3,5,3,0,1,1,1,0,0,0,0,12.228834,51.393768
26,18,10,0,13,3,3,5,3,0,0,1,1,0,0,0,0,14.783529,50.899149
12,18,12,0,9,3,3,5,3,0,0,1,1,0,0,0,0,13.799718,50.99843
25,18,10,0,5,3,3,5,3,2,0,1,1,0,0,0,0,14.070377,51.376058
27,18,10,0,11,1,2,8,1,0,0,1,0,0,0,0,0,13.689565,51.168519
26,18,10,0,12,3,3,5,3,0,0,1,1,0,0,0,0,14.983103,51.123737
28,18,10,0,14,2,3,3,6,0,1,1,0,0,0,1,0,13.944271,50.94069
12,18,10,0,19,3,2,0,1,2,0,1,0,0,0,0,0,13.827033,51.039839
29,18,10,0,10,3,3,5,3,0,0,1,1,0,0,0,0,12.378836,51.169332
12,18,11,0,11,6,3,5,3,0,0,1,0,0,0,0,1,13.732484,51.077942
29,18,11,0,8,6,2,5,3,0,0,1,1,0,0,0,0,12.488035,51.122858
27,18,10,0,17,4,2,0,7,0,0,1,0,0,0,0,0,13.739303,51.29462
28,18,10,0,13,3,3,5,3,0,0,1,1,0,0,0,0,13.664835,50.899891
24,18,10,0,9,2,1,4,2,0,0,1,1,0,0,0,0,12.537554,50.615701
25,18,10,0,7,3,3,8,1,0,0,1,0,0,0,0,0,14.439683,51.168431
12,18,10,0,16,3,3,5,2,0,0,1,1,0,0,0,0,13.734244,51.074664
22,18,11,0,10,2,3,3,2,0,0,1,1,0,0,0,0,13.33874,50.922005
27,18,11,0,14,6,3,5,3,0,1,1,1,0,0,0,0,13.476928,51.171427
12,18,10,0,6,5,2,0,2,1,0,1,1,0,0,0,0,13.888623,51.064217
25,18,11,0,15,7,3,5,3,0,0,1,1,0,0,0,0,14.101219,51.276404
27,18,11,0,14,5,3,5,3,0,0,1,1,0,0,0,0,13.459527,51.144156
29,18,10,0,10,6,3,4,2,0,0,1,1,0,0,0,0,12.226911,51.307152
27,18,11,0,18,3,3,0,7,2,0,1,0,0,0,0,0,13.367446,51.327016
13,18,10,0,15,7,3,5,2,0,0,1,1,0,0,0,0,12.368401,51.314637
12,18,11,0,13,3,3,4,6,0,0,1,0,0,0,0,0,13.720942,51.092485
28,18,10,0,17,5,3,5,3,0,0,1,1,0,0,0,0,13.858648,50.976365
12,18,11,0,8,6,2,4,2,0,0,1,1,0,0,0,0,13.704743,51.046312
23,18,11,0,13,4,3,1,6,0,1,1,1,0,0,0,0,12.136427,50.507334
29,18,10,0,13,2,3,5,2,0,0,1,1,0,0,0,0,12.494789,51.125511
27,18,10,0,12,5,2,3,6,0,0,1,1,0,0,0,0,13.55942,51.164304
12,18,11,0,5,3,3,5,3,2,0,1,1,0,0,0,0,13.728955,51.05933
29,18,11,0,15,7,2,0,7,0,1,1,0,0,0,0,1,12.232559,51.283424
12,18,10,0,18,6,3,3,6,0,0,1,1,0,0,0,0,13.736605,51.042686
26,18,10,0,10,5,2,6,4,0,0,1,0,1,0,0,0,14.8859,50.949769
12,18,11,0,19,6,3,0,1,2,2,1,0,0,0,0,0,13.734264,51.061582
13,18,10,0,13,2,3,4,2,0,0,1,1,0,0,0,0,12.331936,51.335913
13,18,11,0,16,6,3,6,4,0,0,1,0,1,0,0,0,12.357673,51.342072
25,18,12,0,17,4,2,5,3,2,0,1,1,0,0,0,0,13.908495,51.143769
26,18,11,0,16,4,3,5,3,2,0,1,1,0,0,0,0,14.800653,50.898821
29,18,10,0,6,2,2,4,2,2,0,1,1,0,0,0,0,12.756031,51.372689
12,18,10,0,16,6,2,6,4,0,0,1,0,1,0,0,0,13.825125,51.062498
28,18,10,0,15,7,3,0,2,0,0,1,1,0,0,0,0,13.671187,50.895503
12,18,10,0,22,3,3,0,1,2,0,1,0,0,0,0,0,13.705375,51.051052
13,18,11,0,7,4,3,5,2,0,1,1,1,0,0,0,0,12.460835,51.367256
12,18,11,0,17,2,3,5,3,2,0,1,1,0,0,0,0,13.720578,51.049438
13,18,11,0,6,2,3,4,2,1,0,1,1,0,0,0,0,12.437438,51.350977
29,18,11,0,9,6,2,0,7,0,2,1,0,0,0,0,0,12.55409,51.060025
30,18,11,0,14,6,2,4,2,0,0,1,1,0,0,0,0,12.482736,51.375277
12,18,10,0,16,2,3,5,2,1,0,1,1,0,0,0,0,13.769388,51.009879
24,18,11,0,19,6,3,5,3,2,0,1,1,0,0,0,0,12.491425,50.760399
27,18,10,0,12,2,3,5,3,0,0,1,0,0,0,0,1,13.490319,51.162444
27,18,10,0,2,7,3,6,6,2,0,1,0,1,0,0,0,13.22861,51.252228
21,18,10,0,9,7,2,5,3,0,0,1,1,0,0,0,0,12.655164,50.437953
12,18,11,0,18,4,2,5,2,2,0,1,1,0,0,0,0,13.72319,51.03395
12,18,10,0,12,2,3,5,3,0,0,1,1,0,0,0,0,13.690053,51.075084
12,18,11,0,19,5,3,4,2,2,0,1,1,0,0,0,0,13.766453,51.09356
12,18,11,0,17,4,3,5,3,2,0,1,1,0,0,0,0,13.726161,51.086349
27,18,10,0,16,2,3,5,3,0,0,1,1,0,0,0,0,13.568223,51.149693
12,18,10,0,7,6,3,5,2,0,0,1,1,0,0,0,0,13.879573,51.059934
27,18,11,0,15,4,3,0,3,0,0,1,1,0,0,0,0,13.300196,51.300895
13,18,10,0,7,6,2,0,1,1,1,1,0,0,0,0,0,12.366211,51.343407
26,18,11,0,16,2,3,5,3,0,0,1,1,0,0,0,0,14.935446,51.174717
13,18,11,0,14,6,3,3,2,0,0,1,1,0,0,0,0,12.301795,51.34266
12,18,10,0,15,4,3,5,2,0,0,1,0,0,1,0,0,13.737032,51.063233
22,18,10,0,19,2,3,0,1,1,1,1,0,0,0,0,0,13.338041,50.912276
24,18,10,0,13,4,2,5,3,0,0,1,1,0,0,0,0,12.546784,50.60378
24,18,11,0,7,3,3,5,2,0,0,1,1,0,0,0,0,12.49159,50.727335
12,18,12,0,14,3,3,5,3,0,0,1,1,0,0,0,0,13.739479,51.062824
13,18,10,0,6,4,3,5,3,2,1,1,1,0,0,0,0,12.391966,51.346422
28,18,12,0,6,2,2,0,1,2,1,1,0,0,0,0,0,13.868347,50.964761
12,18,12,0,11,5,3,0,7,0,0,1,0,0,0,0,0,13.704695,51.036066
24,18,10,0,13,1,2,0,1,0,1,1,0,0,0,0,0,12.492122,50.784346
26,18,10,0,15,2,2,3,2,0,0,1,0,0,0,0,1,14.818405,51.355234
29,18,10,0,10,7,2,4,2,0,0,1,1,0,0,0,0,12.22013,51.301399
25,18,10,0,11,1,3,8,1,0,0,1,0,0,0,0,0,14.446603,51.081212
12,18,11,0,16,3,3,5,2,1,0,1,1,0,0,0,0,13.744039,51.064414
26,18,11,0,12,3,3,0,3,0,0,1,0,0,0,0,0,14.713898,51.551017
12,18,11,0,16,6,2,0,1,2,0,1,0,0,0,0,0,13.816201,51.054304
25,18,10,0,12,6,3,4,2,0,0,1,1,0,0,0,0,14.245184,51.151455
12,18,11,0,14,6,3,3,6,0,0,1,1,0,0,0,0,13.710807,51.10422
12,18,12,0,12,2,3,4,2,0,1,1,1,0,0,0,0,13.721448,51.041891
28,18,11,0,16,6,3,5,2,2,0,1,1,0,0,0,0,13.925282,50.93464
27,18,9,0,21,1,3,0,1,2,0,1,0,0,0,0,0,13.687969,51.123802
27,18,12,0,13,7,3,5,3,0,1,1,1,0,0,0,0,13.682819,51.101765
28,18,10,0,0,7,3,8,1,2,0,1,0,0,0,0,0,13.952718,50.887796
22,18,10,0,15,1,3,2,6,0,0,1,1,0,1,0,0,12.808077,51.04398
24,18,11,0,11,6,3,5,3,0,1,1,1,0,0,0,0,12.464266,50.719164
12,18,10,0,11,3,3,5,3,0,0,1,1,0,0,0,0,13.789156,51.005052
26,18,10,0,8,2,2,3,2,0,0,1,0,0,0,1,0,14.701515,51.316569
25,18,11,0,11,4,3,4,2,0,0,1,1,0,0,0,0,14.101694,51.276438
27,18,10,0,16,3,3,5,3,0,0,1,1,0,0,0,0,13.491979,51.159773
24,18,11,0,7,3,3,0,1,2,0,1,0,0,0,0,0,12.500342,50.685148
28,18,10,0,11,3,2,0,1,0,0,1,0,0,0,0,0,14.164387,50.934727
11,18,10,0,6,2,3,5,2,0,0,1,1,0,0,0,0,12.952081,50.862092
11,18,9,0,14,1,3,5,2,0,0,1,1,0,0,0,0,12.907042,50.835975
30,18,11,0,13,2,3,4,6,0,0,1,0,0,0,0,0,12.645931,51.463357
27,18,11,0,10,6,3,6,7,0,0,1,0,1,0,0,0,13.550861,51.128874
22,18,10,0,8,3,3,5,3,0,0,1,1,0,0,0,0,13.344415,50.915011
30,18,11,0,11,1,2,4,2,0,0,1,1,0,0,0,0,13.112917,51.299304
12,18,12,0,6,3,3,5,3,2,1,1,0,0,0,0,1,13.705143,51.085195
30,18,10,0,17,6,3,0,7,0,0,1,1,0,0,0,0,12.249334,51.387942
28,18,11,0,10,2,3,5,3,0,0,1,1,0,0,0,0,13.939537,50.953597
30,18,11,0,6,6,2,2,6,2,0,1,0,0,0,0,1,13.085057,51.310378
27,18,10,0,9,5,3,8,2,0,0,1,1,0,0,0,0,13.445128,51.409208
26,18,10,0,15,5,2,5,3,0,0,1,1,0,0,0,0,14.659807,51.098727
28,18,11,0,13,5,2,5,1,0,0,1,1,0,0,0,0,13.917766,50.966354
28,18,10,0,12,4,3,5,2,0,0,1,1,0,0,0,0,13.856999,50.970596
29,18,11,0,16,3,3,5,3,0,0,1,1,0,0,0,0,12.537575,51.360219
28,18,12,0,7,4,2,2,2,1,0,1,1,0,0,0,0,13.534894,51.053153
25,18,10,0,10,3,3,5,3,0,0,1,0,0,0,1,0,14.406535,51.38538
26,18,9,0,11,7,3,5,3,0,0,1,1,0,0,0,0,14.819824,51.292779
21,18,11,0,10,2,3,5,3,0,0,1,1,0,0,0,0,12.746275,50.744698
25,18,10,0,3,1,2,0,1,2,0,1,0,0,0,0,0,14.449716,51.298401
12,18,10,0,17,5,3,5,3,0,0,1,1,0,0,0,0,13.768177,51.015866
12,18,9,0,13,7,3,5,3,0,0,1,1,0,0,0,0,13.693467,51.061081
24,18,10,0,8,2,2,5,2,0,0,1,1,0,0,0,0,12.633245,50.755035
25,18,10,0,20,6,3,5,3,2,0,1,1,0,0,0,0,14.087583,51.272234
26,18,11,0,16,5,3,5,3,0,0,1,1,0,0,0,0,14.797498,50.898382
25,18,10,0,0,7,2,0,1,2,0,1,0,0,0,0,0,14.288273,51.250811
21,18,9,0,13,7,3,4,2,0,0,1,1,0,0,0,0,12.734615,50.727659
27,18,11,0,11,5,3,5,2,0,0,1,1,0,0,0,0,13.488157,51.166415
25,18,11,0,17,3,3,0,7,2,1,1,0,0,0,0,0,14.181837,51.130161
12,18,11,0,16,1,3,5,3,2,0,1,1,0,0,0,0,13.728951,51.059333
12,18,10,0,6,5,3,4,1,1,0,1,0,0,0,0,0,13.740414,51.064725
12,18,11,0,7,6,3,7,1,0,0,1,0,0,0,0,0,13.865875,51.013827
25,18,10,0,19,3,3,4,2,1,0,1,1,0,0,0,0,14.431292,51.180986
29,18,10,0,15,2,3,3,2,0,0,1,1,0,0,0,0,12.747287,51.365456
27,18,10,0,12,6,3,5,2,0,0,1,1,0,0,0,0,13.634315,51.107558
22,18,10,0,11,7,2,2,6,0,0,1,1,0,0,0,0,13.338484,50.913941
11,18,10,0,13,1,3,0,7,0,0,1,0,1,0,0,0,12.935476,50.831339
24,18,10,0,17,5,2,4,2,0,0,1,1,0,0,0,0,12.47869,50.736589
26,18,12,0,20,4,2,3,6,2,2,1,1,0,0,0,0,14.59402,50.937838
25,18,12,0,16,4,3,3,2,1,1,1,1,0,0,0,0,14.425697,51.168691
24,18,12,0,21,2,3,0,1,2,0,1,0,0,0,0,0,12.483773,50.715458
24,18,12,0,18,6,3,5,3,2,1,1,1,0,0,0,0,12.641989,50.849452
12,18,12,0,9,4,3,5,3,0,1,1,1,0,0,0,0,13.722104,51.091269
26,18,12,0,7,4,2,4,6,2,1,1,1,0,0,0,0,14.952582,51.13695
26,18,12,0,6,1,3,9,1,2,1,1,0,0,0,0,0,14.660372,51.522413
27,18,12,0,15,3,3,5,2,0,1,1,1,0,0,0,0,13.673839,51.315458
28,18,12,0,16,3,2,8,1,2,1,1,0,0,0,0,0,13.66921,51.015939
12,18,12,0,19,3,3,5,3,2,1,1,1,0,0,0,0,13.702218,51.032873
24,18,12,0,7,4,2,1,5,1,1,1,1,0,0,0,0,12.740179,50.863875
27,18,12,0,5,7,2,2,6,2,0,1,1,0,0,0,0,13.510601,51.38605
12,18,12,0,15,3,2,5,3,0,0,1,1,0,0,0,0,13.709071,51.084339
25,18,12,0,16,2,2,4,6,1,1,1,0,0,0,0,0,14.249267,51.434822
25,18,12,0,15,2,3,4,2,0,0,1,1,0,0,0,0,14.420684,51.16399
13,18,12,0,19,7,3,5,2,1,1,1,1,0,0,0,0,12.329598,51.336068
27,18,12,0,15,2,3,0,7,0,1,1,1,0,0,0,0,13.447884,51.412185
12,18,12,0,14,4,3,5,3,0,0,1,0,0,1,0,0,13.71927,51.076438
12,18,12,0,22,2,3,5,3,2,1,1,1,0,0,0,0,13.741836,51.046155
22,18,12,0,16,5,2,4,2,2,0,1,1,0,0,0,0,13.23271,50.798355
12,18,12,0,20,3,3,5,3,2,0,1,1,0,0,0,0,13.727496,51.044807
13,18,12,0,5,3,3,5,2,2,0,1,1,0,0,0,0,12.399943,51.420104
12,18,12,0,16,2,3,6,7,2,0,1,0,1,0,0,0,13.75576,51.026415
30,18,12,0,7,6,2,3,2,0,0,1,0,0,0,0,1,12.478095,51.373602
13,18,12,0,14,1,3,5,3,0,0,1,1,0,0,0,0,12.363992,51.342968
12,18,12,0,7,4,3,5,3,0,0,1,1,0,0,0,0,13.747528,51.051665
13,18,12,0,16,7,3,5,2,2,0,1,1,0,0,0,0,12.336325,51.335425
13,18,12,0,9,7,3,5,3,0,0,1,1,0,0,0,0,12.357458,51.342048
12,18,12,0,7,5,3,3,6,0,0,1,1,0,0,0,0,13.763746,51.087209
21,18,12,0,10,7,2,3,2,0,0,1,1,0,0,0,0,12.635616,50.584714
12,18,12,0,22,5,3,5,2,2,1,1,1,0,0,0,0,13.769032,51.09938
24,18,12,0,7,6,2,5,2,2,1,1,1,0,0,0,0,12.784039,50.854094
29,18,12,0,17,6,2,5,3,2,1,1,1,0,0,0,0,12.506074,51.262937
27,18,12,0,11,2,3,5,3,0,1,1,1,0,0,0,0,13.49371,51.166859
26,18,12,0,18,5,3,4,2,2,1,1,1,0,0,0,0,14.629913,51.50635
27,18,12,0,20,6,2,0,1,2,1,1,0,0,0,0,0,13.634599,51.107517
12,18,12,0,19,6,2,5,3,2,1,1,0,0,0,0,1,13.703334,51.050654
25,18,12,0,17,2,3,0,1,2,2,1,0,0,0,0,0,14.024479,51.146504
12,18,12,0,22,7,3,2,6,2,0,1,1,0,0,0,0,13.730597,51.069045
24,18,12,0,18,6,1,2,6,2,0,1,0,0,0,0,1,12.49229,50.73039
12,18,12,0,20,6,2,5,2,2,0,1,1,0,0,0,0,13.671198,51.016772
13,18,12,0,7,6,3,5,3,1,0,1,0,0,0,0,1,12.405917,51.313915
30,18,12,0,9,5,2,5,3,0,0,1,1,0,0,0,0,12.316039,51.537441
12,18,12,0,1,6,3,0,1,2,0,1,0,0,0,0,0,13.725842,51.032409
11,18,12,0,16,4,3,5,2,2,1,1,1,0,0,0,0,12.892424,50.850548
11,18,1,0,10,6,2,3,2,0,1,1,1,0,0,0,0,12.916703,50.837218
11,18,1,0,8,6,3,4,2,0,0,1,1,0,0,0,0,12.913341,50.834181
13,18,1,0,15,5,3,3,2,0,0,1,1,0,0,0,0,12.357655,51.350498
25,18,1,0,9,5,2,6,6,0,1,1,0,1,0,0,0,13.828859,51.189483
12,18,1,0,18,5,3,5,3,2,0,1,1,0,0,0,0,13.777711,51.044834
11,18,1,0,20,5,3,3,2,2,0,1,1,0,0,0,0,12.913288,50.843624
13,18,1,0,11,4,3,3,2,0,0,1,0,0,0,0,1,12.376312,51.349761
13,18,1,0,9,4,3,2,2,0,0,1,0,0,0,0,0,12.329125,51.315941
13,18,1,0,10,4,3,1,5,0,0,1,1,0,0,0,0,12.378492,51.321423
12,18,1,0,17,3,3,5,3,2,0,1,1,0,0,0,0,13.762627,51.016507
26,18,1,0,7,4,3,5,3,1,1,1,1,0,0,0,0,14.988183,51.143041
27,18,1,0,7,4,3,5,3,1,1,1,1,0,0,0,0,13.65492,51.120434
12,18,1,0,17,4,3,5,3,2,0,1,1,0,0,0,0,13.749015,51.033761
12,18,1,0,7,4,3,5,2,2,1,1,1,0,0,0,0,13.765652,51.073208
12,18,1,0,5,4,3,5,3,2,1,1,0,0,0,0,1,13.774718,51.049813
22,18,1,0,9,4,3,5,3,0,0,1,1,0,0,0,0,13.350377,50.91986
30,18,1,0,14,3,2,5,7,0,0,1,1,0,0,0,0,12.309275,51.544558
13,18,1,0,8,3,3,1,5,1,0,1,1,0,0,0,0,12.407481,51.339067
12,18,1,0,10,3,3,2,6,0,0,1,0,0,0,0,1,13.774926,51.069668
12,18,1,0,19,3,3,5,3,2,1,1,1,0,0,0,0,13.787714,51.03592
13,18,1,0,7,2,3,5,3,1,0,1,0,0,0,1,0,12.39321,51.336946
13,18,1,0,15,2,3,3,2,0,0,1,1,0,0,0,0,12.380146,51.330238
13,18,1,0,16,2,3,3,2,1,0,1,1,0,0,0,0,12.396245,51.305377
29,18,1,0,7,2,2,5,3,1,0,1,1,0,0,0,0,12.74911,51.376551
13,18,1,0,7,2,3,5,2,0,0,1,1,0,0,0,0,12.338859,51.320028
13,18,1,0,15,2,3,1,5,0,0,1,1,0,0,0,0,12.368389,51.314389
22,18,1,0,14,7,3,2,2,0,1,1,1,0,0,0,0,13.019824,51.073116
11,18,1,0,17,7,3,5,3,2,1,1,1,0,0,0,0,12.884224,50.831688
13,18,1,0,7,6,3,5,3,0,0,1,0,0,0,1,0,12.369315,51.341656
12,18,1,0,16,6,3,3,6,1,1,1,1,0,0,0,0,13.788226,51.03046
12,18,1,0,16,6,3,5,3,1,0,1,1,0,0,0,0,13.785326,51.035946
12,18,1,0,16,6,2,5,3,2,0,1,1,0,0,0,0,13.702165,51.03493
13,18,1,0,21,5,3,3,6,2,0,1,0,0,0,0,0,12.359176,51.319623
13,18,1,0,16,5,3,5,2,2,1,1,1,0,0,0,0,12.461009,51.367419
12,18,1,0,20,5,3,5,3,2,1,1,1,0,0,0,0,13.755999,51.055834
12,18,1,0,17,5,3,5,3,2,1,1,1,0,0,0,0,13.775259,51.032844
11,18,1,0,10,5,3,8,1,0,1,1,0,0,0,0,1,12.925917,50.822858
13,18,1,0,7,4,3,5,2,2,1,1,1,0,0,0,0,12.374019,51.334245
12,18,1,0,14,4,3,5,3,0,1,1,1,0,0,0,0,13.72029,51.03782
12,18,1,0,5,4,2,0,1,2,1,1,0,0,0,0,0,13.768877,51.027487
12,18,1,0,11,4,3,5,3,0,1,1,1,0,0,0,0,13.728778,51.037678
22,18,1,0,13,4,3,5,3,0,1,1,1,0,0,0,0,13.456265,50.873232
28,18,1,0,7,3,3,5,3,2,1,1,1,0,0,0,0,13.656718,51.016084
13,18,1,0,6,3,3,5,3,2,1,1,1,0,0,0,0,12.374082,51.304075
29,18,1,0,6,3,3,5,3,2,1,1,1,0,0,0,0,12.533922,51.347793
25,18,1,0,9,3,2,4,6,0,1,1,1,0,0,1,1,14.242627,51.384787
12,18,1,0,18,3,2,5,3,2,1,1,1,0,0,0,0,13.760678,51.049206
29,18,1,0,7,2,3,2,6,2,1,1,1,0,0,0,0,12.500459,51.125339
13,18,1,0,23,2,2,5,2,2,1,1,1,0,0,0,0,12.433492,51.355244
13,18,1,0,17,2,3,5,3,2,1,1,1,0,0,0,0,12.380347,51.366218
28,18,1,0,7,2,3,5,2,1,2,1,1,0,0,0,0,13.874397,50.972684
12,18,1,0,8,2,3,0,1,0,2,1,0,0,0,0,0,13.763618,51.026982
12,18,1,0,9,2,3,4,6,0,0,1,1,0,0,0,0,13.745458,51.068213
12,18,1,0,18,2,2,6,4,2,1,1,0,1,0,0,0,13.75021,51.061293
13,18,2,0,5,1,2,0,1,2,1,1,0,0,0,0,0,12.351653,51.333247
11,18,1,0,6,2,3,3,2,2,0,1,1,0,0,0,0,12.920828,50.818195
25,18,2,0,18,1,3,6,6,2,0,1,0,1,0,0,0,14.423886,51.174134
13,18,1,0,6,1,3,8,1,2,1,1,1,0,0,0,0,12.373313,51.31676
12,18,2,0,8,1,3,0,1,0,1,1,0,0,0,0,0,13.694063,51.043619
12,18,2,0,20,1,2,0,1,2,2,1,0,0,0,0,0,13.73065,51.076826
24,18,2,0,17,7,2,0,1,2,1,1,0,0,0,0,0,12.466743,50.689567
13,18,2,0,9,7,3,5,3,0,0,1,1,0,0,0,0,12.365596,51.339593
13,18,1,0,3,7,3,0,1,2,1,1,0,0,0,0,0,12.401761,51.340269
25,18,2,0,6,7,3,4,2,2,1,1,1,0,0,0,0,13.838238,51.180193
13,18,2,0,15,6,3,3,6,0,0,1,1,0,0,0,0,12.313546,51.347776
13,18,2,0,12,6,3,6,2,0,1,1,0,1,0,0,0,12.345819,51.327778
30,18,1,0,13,6,3,0,1,0,0,1,0,0,0,0,0,12.478191,51.376771
13,18,1,0,7,6,2,5,3,1,0,1,1,0,0,0,0,12.398321,51.339217
25,18,1,0,14,6,3,4,1,0,1,1,1,0,0,0,0,14.243858,51.138425
27,18,1,0,9,6,3,5,3,0,0,1,1,0,0,0,0,13.26705,51.300487
12,18,2,0,11,6,3,4,2,0,0,1,1,0,0,0,0,13.779918,51.044281
12,18,1,0,17,6,3,5,3,2,0,1,1,0,0,0,0,13.670361,51.047117
12,18,1,0,14,6,3,0,2,0,0,1,1,0,0,0,0,13.761605,51.051967
12,18,1,0,14,6,3,0,7,0,0,1,1,0,0,0,0,13.798051,51.047672
13,18,2,0,18,5,3,5,3,2,0,1,1,0,0,0,0,12.407713,51.337908
13,18,2,0,6,5,3,5,3,1,1,1,0,0,0,0,1,12.407636,51.351304
13,18,2,0,15,5,3,5,3,0,0,1,1,0,0,0,0,12.404288,51.332845
13,18,2,0,15,5,2,5,3,0,0,1,1,0,0,0,0,12.381606,51.331759
27,18,2,0,7,5,3,5,2,1,1,1,1,0,0,0,0,13.290468,51.304821
26,18,1,0,15,5,3,5,3,0,0,1,1,0,0,0,0,14.983565,51.151837
11,18,2,0,19,5,3,5,2,2,0,1,1,0,0,0,0,12.941136,50.844477
13,18,1,0,7,4,3,0,7,0,0,1,0,0,0,0,0,12.372525,51.362534
12,18,1,0,14,5,3,5,3,0,1,1,0,0,0,0,1,13.752359,51.070918
12,18,1,0,17,4,2,5,3,0,0,1,1,0,0,0,0,13.719579,51.077361
12,18,1,0,16,4,3,0,1,0,1,1,0,0,0,0,0,13.808993,51.011925
22,18,1,0,22,5,3,3,6,2,1,1,1,0,0,0,0,13.333538,50.913655
12,18,1,0,16,4,3,5,2,0,1,1,0,0,0,1,0,13.733519,51.0469
12,18,1,0,14,4,2,0,1,0,1,1,0,0,0,0,0,13.632977,51.058195
13,18,1,0,16,4,2,4,6,2,1,1,0,0,0,0,0,12.336358,51.319065
13,18,1,0,23,4,3,5,3,2,0,1,1,0,0,0,0,12.417094,51.344982
25,18,1,0,9,4,2,0,3,0,2,1,1,0,0,0,0,14.268371,51.441754
25,18,1,0,6,4,3,8,1,2,2,1,0,0,0,0,0,14.195002,51.437208
24,18,1,0,9,3,3,0,7,0,0,1,0,0,0,0,0,12.657466,50.744458
13,18,1,0,16,3,3,6,4,1,0,1,0,1,0,0,0,12.406927,51.338108
12,18,1,0,14,4,3,1,1,0,1,1,1,0,0,0,0,13.684735,51.051026