CSV=`UKREIS,UJAHR,UMONAT,UTAG,USTUNDE,UWOCHENTAG,UKATEGORIE,UART,UTYP,LICHT,USTRZUSTAND,IstRad,IstPKW,IstFuss,IstKrad,IstGkfz,IstSonstig,@lon,@lat
26,18,4,0,18,6,3,4,6,0,0,1,1,0,0,0,0,14.623737,51.512476
26,18,4,0,15,6,3,3,6,0,0,1,1,0,0,0,0,14.642857,51.502951
28,18,4,0,7,3,2,5,3,0,1,1,0,0,0,0,0,13.958276,50.953753
29,18,4,0,14,5,3,0,2,0,0,1,0,0,0,0,1,12.281195,51.156399
21,18,4,0,16,2,2,0,1,0,0,1,0,0,0,0,0,12.635223,50.59927
12,18,4,0,17,2,3,0,1,0,1,1,0,0,0,0,0,13.790747,51.021282
12,18,4,0,19,6,2,1,5,0,0,1,1,0,0,0,0,13.730018,51.092313
12,18,4,0,15,6,2,6,6,0,0,1,0,1,0,0,0,13.739594,51.055335
12,18,4,0,16,6,3,6,6,0,0,1,0,1,0,0,0,13.723288,51.089036
12,18,4,0,17,6,3,5,2,0,0,1,0,0,0,0,0,13.744571,51.060088
22,18,4,0,13,6,3,3,5,0,0,1,1,0,0,0,0,13.125488,50.964498
12,18,4,0,6,3,3,0,1,0,1,1,0,0,0,0,0,13.690305,51.054666
22,18,4,0,14,6,3,3,2,0,0,1,1,0,0,0,0,13.3496,50.908686
23,18,4,0,12,1,2,0,7,0,0,1,0,0,0,0,0,12.320667,50.630997
12,18,4,0,19,1,2,6,4,0,0,1,0,1,0,0,0,13.776619,51.042085
11,18,4,0,15,6,2,5,3,0,0,1,1,0,0,0,0,12.904308,50.809591
13,18,4,0,8,5,3,5,3,0,0,1,0,0,0,1,0,12.35768,51.341811
13,18,4,0,11,5,3,5,3,0,0,1,1,0,0,0,0,12.313118,51.329704
13,18,4,0,15,5,2,4,1,0,1,1,1,0,0,0,0,12.392626,51.338913
25,18,4,0,20,5,2,5,3,2,0,1,1,0,0,0,0,14.235608,51.427841
12,18,4,0,17,3,3,5,3,0,0,1,0,0,1,0,0,13.754719,51.050137
13,18,4,0,18,1,3,3,2,0,0,1,1,0,0,0,0,12.422625,51.306611
22,18,4,0,15,5,2,2,2,0,0,1,1,0,0,0,0,13.335489,50.912233
21,18,4,0,14,5,3,4,6,0,0,1,1,0,0,0,0,12.646286,50.565108
24,18,4,0,22,6,3,0,7,2,1,1,1,0,0,0,0,12.418778,50.698932
29,18,4,0,22,4,3,0,1,2,1,1,0,0,0,0,0,12.730249,51.368359
13,18,4,0,20,4,3,1,5,2,0,1,1,0,0,0,0,12.366819,51.340655
13,18,4,0,16,3,3,1,2,0,0,1,1,0,0,0,0,12.378542,51.320702
26,18,4,0,7,6,2,2,6,0,0,1,0,0,0,0,0,14.594862,50.935006
24,18,4,0,12,3,3,5,3,0,0,1,1,0,0,0,0,12.552632,50.826566
13,18,4,0,16,3,3,0,1,0,0,1,1,0,0,0,0,12.398938,51.34591
12,18,4,0,14,5,3,5,3,0,0,1,1,0,0,0,0,13.699872,51.084894
12,18,4,0,17,2,3,7,1,0,0,1,0,0,0,0,0,13.857547,51.010366
24,18,4,0,14,4,3,3,6,0,0,1,1,0,0,0,0,12.477322,50.76664
13,18,4,0,15,4,3,5,3,0,1,1,1,0,0,0,0,12.371494,51.320632
12,18,4,0,9,2,3,5,2,0,0,1,1,0,0,0,0,13.797367,51.024204
12,18,4,0,17,2,3,5,3,0,0,1,1,0,0,0,0,13.798144,51.023838
11,18,5,0,12,3,3,1,5,0,0,1,1,0,0,0,0,12.953774,50.86633
13,18,4,0,8,4,3,3,6,0,0,1,1,0,0,0,0,12.369134,51.320787
12,18,4,0,19,2,3,0,7,0,0,1,0,0,0,0,1,13.782849,51.03355
12,18,4,0,15,4,3,6,4,0,0,1,0,1,0,0,0,13.757997,51.019355
12,18,4,0,18,4,3,5,3,0,1,1,1,0,0,0,0,13.822467,51.011081
13,18,5,0,13,4,3,6,2,0,0,1,0,1,0,0,0,12.376736,51.343089
12,18,4,0,9,4,3,2,6,0,0,1,1,0,0,0,0,13.81419,51.05431
13,18,4,0,11,2,3,3,7,0,0,1,1,0,0,0,0,12.360651,51.363531
12,18,4,0,8,4,3,5,3,0,0,1,1,0,0,0,0,13.781836,51.040375
12,18,4,0,8,4,3,5,2,0,0,1,1,0,0,0,0,13.741247,51.041642
12,18,4,0,15,4,3,0,1,0,1,1,0,0,0,0,0,13.737573,51.054004
27,18,5,0,19,4,3,5,3,0,0,1,1,0,0,0,0,13.48191,51.167742
13,18,4,0,17,3,3,5,2,0,1,1,1,0,0,0,0,12.393871,51.351282
13,18,4,0,10,3,3,5,2,0,0,1,0,0,0,0,1,12.371798,51.339624
13,18,4,0,12,3,3,3,6,0,0,1,0,0,0,0,0,12.402125,51.336104
13,18,4,0,15,3,3,5,7,0,1,1,1,0,0,0,0,12.396091,51.306155
13,18,4,0,8,3,2,5,3,0,0,1,1,0,0,0,0,12.409127,51.338598
29,18,4,0,14,1,2,0,1,0,0,1,0,0,0,0,0,12.370053,51.282947
29,18,4,0,13,1,3,4,6,0,0,1,0,0,0,0,0,12.403628,51.271071
25,18,4,0,7,3,3,6,4,0,0,1,0,1,0,0,0,14.425521,51.175373
25,18,4,0,16,3,2,5,3,0,0,1,1,0,0,0,0,14.423149,51.177093
27,18,4,0,15,3,3,0,7,0,0,1,0,0,0,0,1,13.489327,51.160653
27,18,4,0,7,3,3,3,6,0,0,1,0,0,0,0,1,13.604361,51.113222
12,18,4,0,9,3,3,5,3,0,0,1,1,0,0,0,0,13.775189,51.03839
12,18,4,0,14,1,3,5,3,0,0,1,1,0,0,0,0,13.692654,51.08568
12,18,4,0,16,1,3,5,3,0,0,1,1,0,0,0,0,13.745512,51.068313
12,18,4,0,3,1,3,1,5,2,0,1,0,0,0,1,0,13.709098,51.051988
11,18,4,0,7,3,3,5,3,0,1,1,1,0,0,0,0,12.960516,50.83762
13,18,4,0,10,7,3,5,3,0,0,1,1,0,0,0,0,12.365881,51.344798
13,18,4,0,18,2,3,5,3,0,0,1,1,0,0,0,0,12.372318,51.395039
12,18,4,0,15,2,3,6,4,0,0,1,0,1,0,0,0,13.716863,51.05565
12,18,4,0,16,2,3,0,1,0,0,1,0,0,0,0,0,13.741581,51.023627
13,18,5,0,7,4,3,1,5,0,0,1,1,0,0,0,0,12.373557,51.330165
13,18,4,0,17,2,3,6,4,0,0,1,0,1,0,0,0,12.35884,51.35889
13,18,4,0,23,7,3,3,6,2,0,1,1,0,0,0,0,12.481014,51.334552
28,18,4,0,16,2,2,5,3,0,0,1,1,0,0,0,0,13.861214,50.973305
25,18,5,0,20,4,3,4,2,1,0,1,1,0,0,0,0,14.263092,51.44146
13,18,4,0,14,1,3,1,5,0,0,1,1,0,0,0,0,12.355506,51.344621
13,18,4,0,12,7,3,3,6,0,0,1,1,0,0,0,0,12.326663,51.373579
13,18,5,0,11,3,3,1,5,0,0,1,1,0,0,0,0,12.3787,51.324538
28,18,4,0,13,1,3,3,6,0,0,1,0,0,0,0,1,13.917764,51.000099
27,18,4,0,13,1,3,0,6,0,0,1,1,0,0,0,0,13.623692,51.104063
12,18,4,0,10,7,3,5,3,0,0,1,1,0,0,0,0,13.817887,50.998558
28,18,4,0,13,1,2,0,1,0,0,1,0,0,0,0,0,13.642816,51.015056
12,18,5,0,16,4,3,5,2,0,0,1,1,0,0,0,0,13.794752,51.025192
12,18,4,0,17,1,3,0,1,0,0,1,0,0,0,0,0,13.65542,51.048176
12,18,4,0,18,1,3,5,3,0,0,1,1,0,0,0,0,13.767535,51.042557
22,18,4,0,10,1,3,0,1,0,0,1,0,0,0,0,0,13.18953,51.064935
13,18,4,0,18,7,2,2,6,0,0,1,0,0,0,0,0,12.39421,51.285256
13,18,4,0,9,7,3,5,3,0,0,1,1,0,0,0,0,12.437876,51.380171
21,18,4,0,18,7,3,5,3,0,0,1,0,0,1,0,0,12.911028,50.731522
24,18,4,0,13,6,2,0,1,0,0,1,0,0,0,0,0,12.512059,50.737435
12,18,4,0,18,7,3,0,1,0,0,1,0,0,0,0,0,13.68589,51.083339
11,18,4,0,18,7,3,0,7,0,0,1,0,0,0,0,0,12.960718,50.827506
24,18,4,0,16,6,3,6,1,0,0,1,0,1,0,0,0,12.521234,50.735831
13,18,4,0,19,6,3,5,3,0,0,1,1,0,0,0,0,12.36812,51.346957
13,18,4,0,14,6,3,1,5,0,0,1,1,0,0,0,0,12.397896,51.345966
13,18,4,0,13,6,3,3,2,0,0,1,1,0,0,0,0,12.395495,51.309967
13,18,4,0,7,2,1,5,2,0,0,1,0,0,0,1,0,12.374507,51.335808
13,18,4,0,10,2,2,1,3,0,0,1,1,0,0,0,0,12.381055,51.337491
13,18,4,0,5,6,3,5,3,1,0,1,1,0,0,0,0,12.263756,51.320936
29,18,4,0,13,6,3,5,3,0,0,1,1,0,0,0,0,12.376716,51.281013
13,18,4,0,14,6,3,5,3,0,0,1,1,0,0,0,0,12.456351,51.30976
13,18,4,0,8,6,3,1,6,0,0,1,0,0,0,0,1,12.38495,51.33846
25,18,4,0,17,6,3,8,6,0,0,1,1,0,0,0,0,14.228278,51.439052
28,18,4,0,14,6,2,0,1,0,0,1,0,0,0,0,0,13.932616,50.95948
27,18,4,0,18,6,3,8,1,0,0,1,0,0,0,0,0,13.643671,51.107092
12,18,4,0,21,6,2,0,1,2,0,1,0,0,0,0,0,13.706218,51.076712
24,18,5,0,9,3,3,3,2,0,0,1,1,0,0,0,0,12.661713,50.779182
12,18,4,0,14,6,3,3,2,0,0,1,1,0,0,0,0,13.780123,51.116173
12,18,4,0,16,6,3,3,6,0,0,1,0,0,0,0,0,13.777867,51.053979
12,18,5,0,18,3,3,5,2,0,0,1,1,0,0,0,0,13.731051,51.042424
24,18,4,0,19,5,3,0,1,0,0,1,0,0,0,0,0,12.500636,50.718043
13,18,5,0,15,3,3,6,6,0,0,1,0,1,0,0,0,12.370838,51.307418
13,18,4,0,18,5,3,5,2,0,0,1,1,0,0,0,0,12.331414,51.349657
12,18,4,0,11,6,3,5,3,0,0,1,1,0,0,0,0,13.802993,51.040428
29,18,4,0,17,5,3,0,3,0,0,1,1,0,0,0,0,12.367022,51.275
13,18,4,0,19,5,3,3,2,0,0,1,1,0,0,0,0,12.376478,51.310349
24,18,4,0,10,2,2,5,3,0,0,1,1,0,0,0,0,12.457946,50.717962
13,18,4,0,18,5,3,5,2,0,0,1,1,0,0,0,0,12.376963,51.343913
13,18,4,0,14,5,3,3,2,0,0,1,1,0,0,0,0,12.305012,51.344342
12,18,4,0,6,5,3,0,1,0,1,1,0,0,0,0,0,13.699254,51.06465
13,18,4,0,16,5,2,5,7,0,0,1,1,0,0,0,0,12.318498,51.301449
12,18,4,0,12,5,2,6,4,0,0,1,0,1,0,0,0,13.777491,51.052622
24,18,4,0,6,5,3,1,5,1,0,1,0,0,0,0,1,12.538326,50.826059
12,18,4,0,6,5,2,5,3,0,0,1,1,0,0,0,0,13.767167,51.031114
12,18,4,0,9,5,3,5,2,0,0,1,1,0,0,0,0,13.706965,51.04647
28,18,5,0,8,4,3,8,6,0,0,1,1,0,0,0,0,13.668916,50.884803
25,18,5,0,6,4,3,0,1,0,0,1,0,0,0,0,0,13.901768,51.265537
11,18,4,0,12,5,3,3,6,0,0,1,1,0,0,0,0,12.939221,50.843522
25,18,4,0,17,2,2,5,3,0,0,1,1,0,0,0,0,13.882693,51.271123
13,18,4,0,8,5,3,5,2,0,0,1,1,0,0,0,0,12.308202,51.327771
29,18,4,0,16,4,3,0,7,0,0,1,0,0,0,0,0,12.723344,51.218804
13,18,5,0,17,3,3,4,2,0,0,1,1,0,0,0,0,12.42048,51.319263
13,18,4,0,14,4,3,3,5,0,0,1,0,0,0,1,0,12.404112,51.345628
13,18,4,0,9,5,3,5,3,0,0,1,1,0,0,0,0,12.375258,51.304453
12,18,4,0,7,4,2,3,6,0,0,1,0,0,0,0,0,13.691913,51.062871
12,18,4,0,15,4,3,2,1,0,0,1,0,0,0,0,0,13.685404,51.042469
12,18,4,0,20,4,2,5,2,1,0,1,1,0,0,0,0,13.718121,51.031417
26,18,4,0,14,5,3,0,7,0,0,1,0,0,0,0,0,14.959022,51.136576
12,18,4,0,14,4,3,5,3,0,0,1,1,0,0,0,0,13.820994,50.996097
12,18,4,0,16,4,3,0,1,0,0,1,0,0,0,0,0,13.752104,51.061927
12,18,4,0,15,4,3,5,3,0,0,1,1,0,0,0,0,13.807509,51.034966
12,18,4,0,9,4,3,5,2,0,0,1,1,0,0,0,0,13.795509,51.042842
12,18,5,0,13,3,3,5,3,0,0,1,1,0,0,0,0,13.796323,51.053306
26,18,4,0,14,5,3,6,4,0,0,1,0,1,0,0,0,14.98993,51.150947
21,18,4,0,18,4,3,5,3,0,0,1,1,0,0,0,0,12.528193,50.533227
13,18,5,0,18,4,3,5,3,0,0,1,1,0,0,0,0,12.337987,51.325896
13,18,4,0,19,2,2,5,3,0,0,1,1,0,0,0,0,12.307069,51.346425
30,18,4,0,7,3,2,5,3,0,0,1,0,0,0,1,0,13.100708,51.304594
13,18,4,0,17,3,3,5,3,0,0,1,1,0,0,0,0,12.397325,51.310552
12,18,4,0,16,2,3,5,2,0,0,1,1,0,0,0,0,13.673105,51.04575
13,18,4,0,21,3,3,5,3,2,0,1,1,0,0,0,0,12.37297,51.30136
13,18,5,0,18,3,3,5,3,0,0,1,1,0,0,0,0,12.368539,51.289082
29,18,5,0,13,3,2,5,3,0,0,1,1,0,0,0,0,12.740911,51.373751
13,18,5,0,20,3,2,6,4,0,0,1,0,1,0,0,0,12.40312,51.334041
13,18,5,0,18,2,3,5,3,0,0,1,1,0,0,0,0,12.344003,51.370031
13,18,5,0,9,3,3,1,5,0,0,1,1,0,0,0,0,12.336219,51.327589
13,18,5,0,13,2,3,4,2,0,0,1,1,0,0,0,0,12.367452,51.367226
13,18,5,0,22,3,3,4,2,2,0,1,1,0,0,0,0,12.374852,51.345975
13,18,5,0,14,2,3,5,3,0,0,1,1,0,0,0,0,12.309845,51.328398
12,18,5,0,8,3,3,4,6,0,0,1,1,0,0,0,0,13.803961,51.025841
26,18,5,0,18,3,3,5,3,0,0,1,1,0,0,0,0,14.801274,50.896083
28,18,5,0,16,3,3,5,3,0,0,1,1,0,0,0,0,14.203715,51.029613
12,18,5,0,7,3,3,5,3,0,0,1,1,0,0,0,0,13.7496,51.0336
13,18,5,0,20,2,3,5,3,0,0,1,1,0,0,0,0,12.456411,51.311834
26,18,5,0,14,2,3,5,3,0,0,1,1,0,0,0,0,14.834879,51.288108
13,18,5,0,12,2,3,5,2,0,0,1,1,0,0,0,0,12.394319,51.346124
12,18,5,0,7,3,3,6,3,0,0,1,0,1,0,0,0,13.775808,51.050914
25,18,5,0,15,2,3,5,3,0,0,1,1,0,0,0,0,14.229113,51.437364
12,18,5,0,16,3,2,5,3,0,0,1,0,0,1,0,0,13.788283,51.038085
12,18,5,0,6,3,3,5,3,0,0,1,0,0,0,0,0,13.738341,51.053559
12,18,5,0,13,2,3,5,7,0,0,1,1,0,0,0,0,13.798423,51.004893
12,18,5,0,10,2,3,5,3,0,0,1,1,0,0,0,0,13.838544,51.023515
12,18,5,0,8,2,3,5,3,0,0,1,1,0,0,0,0,13.763864,51.037863
12,18,5,0,11,2,3,5,2,0,0,1,1,0,0,0,0,13.838634,51.02341
11,18,5,0,20,3,3,0,1,0,0,1,0,0,0,0,0,12.921273,50.849355
11,18,5,0,5,2,3,5,3,0,0,1,1,0,0,0,0,12.820558,50.828862
24,18,5,0,7,2,3,5,3,0,0,1,1,0,0,0,0,12.777928,50.855086
23,18,5,0,16,2,2,5,3,0,0,1,1,0,0,0,0,12.468023,50.36745
13,18,5,0,9,1,3,1,1,0,0,1,1,0,0,0,0,12.362919,51.342196
30,18,5,0,16,2,3,5,3,0,0,1,1,0,0,0,0,12.969156,51.568813
13,18,5,0,22,1,3,5,3,2,0,1,1,0,0,0,0,12.339502,51.326704
13,18,5,0,10,1,3,3,2,0,0,1,1,0,0,0,0,12.416324,51.31164
13,18,5,0,16,2,3,5,3,0,0,1,1,0,0,0,0,12.344012,51.324139
13,18,5,0,13,1,3,4,2,0,0,1,1,0,0,0,0,12.356964,51.336131
13,18,5,0,12,2,3,1,5,0,0,1,1,0,0,0,0,12.457635,51.308986
12,18,5,0,19,1,2,5,2,0,0,1,1,0,0,0,0,13.830986,51.009917
13,18,5,0,14,2,2,4,2,0,0,1,1,0,0,0,0,12.45087,51.302571
22,18,5,0,15,3,3,5,2,0,1,1,1,0,0,0,0,12.957534,50.990559
13,18,5,0,16,2,3,0,7,0,0,1,0,0,0,0,0,12.370469,51.327004
27,18,5,0,17,1,2,5,3,0,0,1,1,0,0,0,0,13.578363,51.125146
13,18,5,0,14,2,3,0,1,0,0,1,0,0,0,0,0,12.365896,51.364123
13,18,5,0,6,2,3,4,2,0,0,1,1,0,0,0,0,12.390857,51.338673
28,18,5,0,16,2,3,6,4,0,0,1,0,1,0,0,0,14.211218,51.025211
27,18,5,0,15,2,2,5,3,0,0,1,1,0,0,0,0,13.299401,51.305339
13,18,5,0,18,7,3,5,3,0,0,1,0,0,0,0,0,12.335018,51.331738
13,18,5,0,7,2,3,3,2,0,0,1,1,0,0,0,0,12.376789,51.391027
12,18,5,0,6,2,3,0,2,0,0,1,1,0,0,0,0,13.82373,51.012851
12,18,5,0,7,2,3,0,2,0,0,1,0,0,0,0,1,13.726597,51.031496
12,18,5,0,14,2,3,5,3,0,0,1,1,0,0,0,0,13.838415,51.005869
12,18,5,0,4,2,3,7,7,1,0,1,0,0,0,0,0,13.720767,51.117679
12,18,5,0,15,2,3,5,3,0,0,1,1,0,0,0,0,13.795401,51.042852
13,18,5,0,11,7,1,5,3,0,0,1,0,0,0,0,1,12.423484,51.350385
28,18,5,0,14,7,3,4,6,0,0,1,0,0,0,0,1,13.993812,50.949051
28,18,5,0,19,7,3,8,1,0,0,1,0,0,0,0,0,13.646967,51.004125
12,18,5,0,15,2,3,5,2,0,0,1,0,0,0,0,1,13.777197,51.060087
12,18,5,0,9,7,3,5,3,0,0,1,1,0,0,0,0,13.703006,51.042528
21,18,5,0,11,2,2,5,3,0,0,1,1,0,0,0,0,13.341353,50.656845
21,18,5,0,12,2,3,2,6,0,0,1,0,0,0,0,1,12.70437,50.433591
21,18,5,0,20,7,3,1,5,1,0,1,1,0,0,0,0,12.768402,50.574145
11,18,5,0,9,7,3,0,6,0,0,1,1,0,0,0,0,12.891794,50.830351
11,18,5,0,12,7,3,0,1,0,1,1,0,0,0,0,0,12.935274,50.851263
25,18,5,0,15,1,3,3,6,0,0,1,0,0,0,0,0,14.185589,51.142241
22,18,5,0,17,7,2,0,1,0,0,1,0,0,0,0,0,13.121896,51.119051
28,18,5,0,16,1,3,0,1,0,0,1,0,0,0,0,0,13.935308,50.967332
12,18,5,0,11,3,3,5,2,0,0,1,0,0,0,0,1,13.75073,51.060651
12,18,5,0,21,1,3,0,1,1,0,1,0,0,0,0,0,13.819959,51.013838
12,18,5,0,17,1,2,5,3,0,0,1,1,0,0,0,0,13.829361,51.010538
13,18,5,0,16,6,3,5,2,0,0,1,1,0,0,0,0,12.362688,51.321212
13,18,5,0,17,6,3,1,1,0,0,1,1,0,0,0,0,12.414192,51.359451
11,18,5,0,13,1,3,5,3,0,0,1,1,0,0,0,0,12.919366,50.841449
13,18,5,0,18,7,3,5,3,0,0,1,1,0,0,0,0,12.356956,51.336139
12,18,5,0,17,6,3,0,1,0,0,1,0,0,0,0,0,13.684856,51.05097
13,18,5,0,12,7,3,2,6,0,0,1,0,0,0,0,0,12.373521,51.327992
13,18,5,0,18,7,3,0,7,0,0,1,0,0,0,0,0,12.37047,51.327032
29,18,5,0,13,7,2,4,6,0,0,1,1,0,0,0,0,12.712613,51.237819
22,18,5,0,18,6,3,5,3,0,0,1,0,0,0,0,0,13.096842,51.128123
29,18,5,0,16,5,2,0,7,0,0,1,0,1,0,0,0,12.863008,51.210124
26,18,5,0,12,7,3,6,6,0,0,1,0,1,0,0,0,14.932345,51.004825
27,18,5,0,12,7,3,5,3,0,0,1,1,0,0,0,0,13.667811,51.102446
13,18,5,0,17,5,3,5,2,0,0,1,1,0,0,0,0,12.360988,51.360589
28,18,5,0,20,7,3,5,3,0,0,1,1,0,0,0,0,13.728075,50.94668
12,18,5,0,19,7,3,0,3,0,0,1,0,0,0,0,0,13.692656,51.053662
12,18,5,0,14,7,3,5,3,0,0,1,1,0,0,0,0,13.646025,51.04063
12,18,5,0,13,7,3,5,3,0,0,1,1,0,0,0,0,13.804953,51.032455
12,18,5,0,15,7,3,5,3,0,0,1,1,0,0,0,0,13.7772,51.060056
25,18,5,0,22,5,2,6,7,2,1,1,0,1,0,0,0,14.419135,51.190791
12,18,5,0,15,7,2,5,3,0,0,1,0,0,0,0,1,13.75772,51.034739
12,18,5,0,18,7,3,3,6,0,0,1,1,0,0,0,0,13.760533,51.049185
12,18,5,0,16,5,3,0,1,0,1,1,0,0,0,0,0,13.683025,51.059724
22,18,5,0,18,7,3,5,2,0,0,1,1,0,0,0,0,13.321292,50.863107
12,18,5,0,16,5,2,0,1,0,0,1,0,0,0,0,0,13.719801,51.078612
24,18,5,0,21,6,3,5,3,2,0,1,1,0,0,0,0,12.494264,50.724777
13,18,5,0,10,6,3,5,3,0,0,1,1,0,0,0,0,12.435948,51.380072
12,18,5,0,19,5,3,0,7,0,1,1,0,0,0,0,0,13.804798,51.041304
12,18,5,0,14,5,3,0,1,0,0,1,0,0,0,0,0,13.860489,51.009178
13,18,5,0,14,6,2,1,6,0,0,1,1,0,0,0,0,12.428313,51.328818
12,18,5,0,17,6,3,7,7,0,0,1,0,0,0,0,0,13.710543,51.058649
11,18,5,0,11,5,3,4,6,0,0,1,0,0,0,0,0,12.914657,50.834035
23,18,5,0,14,4,2,5,3,0,0,1,1,0,0,0,0,12.140682,50.502424
12,18,5,0,18,6,3,5,3,0,0,1,1,0,0,0,0,13.816596,51.031813
12,18,5,0,16,6,3,5,3,0,0,1,0,0,0,0,1,13.733374,51.046449
12,18,5,0,7,6,3,5,3,0,0,1,1,0,0,0,0,13.75872,51.049526
13,18,5,0,15,4,3,5,3,0,0,1,1,0,0,0,0,12.386247,51.343267
12,18,5,0,13,6,3,6,7,0,0,1,0,1,0,0,0,13.772506,51.031121
13,18,5,0,13,4,3,5,3,0,0,1,1,0,0,0,0,12.367502,51.388464
25,18,5,0,11,4,3,5,3,0,0,1,1,0,0,0,0,14.258307,51.443472
12,18,5,0,7,6,3,5,3,0,0,1,0,0,0,0,0,13.808104,51.053548
27,18,5,0,17,4,2,1,1,0,0,1,1,0,0,0,0,13.632728,51.115218
12,18,5,0,19,4,3,5,3,0,0,1,0,0,0,0,0,13.746915,51.063491
12,18,5,0,13,3,3,1,5,0,1,1,1,0,0,0,0,13.773049,51.023347
13,18,5,0,13,5,3,5,3,0,0,1,1,0,0,0,0,12.371158,51.338862
13,18,5,0,6,5,3,0,7,0,0,1,0,0,0,0,1,12.370998,51.347358
12,18,5,0,19,4,3,5,2,0,0,1,1,0,0,0,0,13.806922,51.026891
13,18,5,0,16,5,3,3,2,0,0,1,1,0,0,0,0,12.344297,51.324918
12,18,5,0,9,4,2,0,7,0,0,1,1,0,0,0,0,13.725564,51.053078
13,18,5,0,20,5,3,5,3,1,0,1,1,0,0,0,0,12.289144,51.325938
12,18,5,0,19,4,3,0,1,0,0,1,0,0,0,0,0,13.793346,51.036826
13,18,5,0,6,5,2,1,7,0,0,1,1,0,0,0,0,12.402241,51.364836
12,18,5,0,15,4,3,5,3,0,0,1,0,0,0,0,0,13.766415,51.056402
26,18,5,0,12,5,2,0,7,0,1,1,0,0,0,0,0,14.987037,51.15234
27,18,5,0,13,5,3,0,1,0,0,1,0,0,0,0,0,13.30913,51.305432
21,18,5,0,16,4,3,5,3,0,0,1,1,0,0,0,0,12.713057,50.726487
12,18,5,0,16,5,2,3,6,0,0,1,0,0,0,0,1,13.789422,51.024793
24,18,5,0,16,3,2,8,1,0,0,1,0,0,0,0,0,12.4498,50.834348
12,18,5,0,15,5,3,5,3,0,0,1,1,0,0,0,0,13.769416,51.060035
30,18,5,0,5,3,3,1,5,0,0,1,1,0,0,0,0,12.336015,51.529236
22,18,5,0,16,5,2,5,3,0,0,1,1,0,0,0,0,12.980071,50.984982
13,18,5,0,17,3,3,0,7,0,0,1,0,0,0,0,0,12.358642,51.342052
29,18,5,0,15,3,3,1,5,0,0,1,1,0,0,0,0,12.374657,51.279883
30,18,5,0,10,3,3,3,6,0,0,1,0,0,0,1,0,12.200265,51.392458
11,18,5,0,16,5,2,4,2,0,0,1,1,0,0,0,0,12.902544,50.864477
23,18,5,0,19,4,3,1,1,0,0,1,1,0,0,0,0,12.136175,50.496919
25,18,5,0,8,5,3,5,3,0,0,1,0,0,0,0,1,14.269643,51.442845
25,18,5,0,0,4,3,0,7,2,0,1,0,0,0,0,0,14.259591,51.44201
28,18,5,0,17,5,2,5,2,0,0,1,0,0,0,0,0,13.924249,50.975752
26,18,5,0,21,4,3,5,3,0,0,1,1,0,0,0,0,14.644774,51.505973
28,18,5,0,12,4,3,5,2,0,0,1,1,0,0,0,0,13.898289,50.960977
12,18,5,0,7,5,3,0,1,0,0,1,0,0,0,0,0,13.747244,51.030596
12,18,5,0,12,4,3,5,3,0,0,1,0,0,1,0,0,13.696945,51.080521
12,18,5,0,15,5,2,0,7,0,0,1,0,0,0,0,0,13.808778,51.052862
12,18,5,0,10,4,3,5,3,0,0,1,1,0,0,0,0,13.718667,51.028788
12,18,5,0,17,5,3,5,3,0,0,1,1,0,0,0,0,13.809262,51.032221
12,18,5,0,20,5,3,5,3,1,0,1,1,0,0,0,0,13.757979,51.052259
12,18,5,0,7,4,3,6,4,0,0,1,0,1,0,0,0,13.750605,51.060879
12,18,5,0,13,4,3,5,3,0,0,1,0,0,0,0,1,13.745254,51.066218
12,18,5,0,7,5,2,5,2,0,0,1,1,0,0,0,0,13.730963,51.081385
12,18,5,0,12,4,3,5,3,0,0,1,1,0,0,0,0,13.738297,51.039265
22,18,5,0,18,5,3,5,3,0,0,1,1,0,0,0,0,12.982008,50.978558
12,18,5,0,15,4,3,0,5,0,0,1,1,0,0,0,0,13.775072,51.047236
11,18,5,0,8,5,3,1,7,0,1,1,1,0,0,0,0,12.917853,50.823798
11,18,5,0,7,4,3,5,3,0,0,1,1,0,0,0,0,12.909482,50.826988
24,18,5,0,17,3,3,5,3,0,0,1,1,0,0,0,0,12.374848,50.735353
30,18,5,0,10,4,3,5,3,0,0,1,1,0,0,0,0,12.661086,51.469442
30,18,5,0,9,3,3,5,3,0,0,1,0,0,0,0,1,13.113462,51.295764
29,18,5,0,6,3,3,5,2,0,0,1,1,0,0,0,0,12.6387,51.146134
13,18,5,0,15,4,3,5,3,0,0,1,0,0,0,0,0,12.36887,51.311851
13,18,5,0,7,3,3,6,4,0,0,1,0,1,0,0,0,12.373695,51.338415
13,18,5,0,17,4,3,5,3,0,0,1,1,0,0,0,0,12.377583,51.308113
13,18,5,0,12,4,3,4,2,0,0,1,1,0,0,0,0,12.382898,51.320486
13,18,5,0,15,4,3,5,3,0,0,1,0,0,0,0,1,12.373325,51.311731
13,18,5,0,7,4,3,5,3,0,0,1,1,0,0,0,0,12.438243,51.365798
13,18,5,0,13,3,2,3,5,0,0,1,1,0,0,0,0,12.335101,51.335666
29,18,5,0,7,4,3,1,5,0,0,1,1,0,0,0,0,12.369513,51.284374
13,18,5,0,7,4,3,3,2,0,0,1,1,0,0,0,0,12.395787,51.358889
13,18,5,0,19,4,3,5,3,0,0,1,0,0,0,0,1,12.479405,51.350604
13,18,5,0,11,3,3,5,3,0,0,1,1,0,0,0,0,12.29136,51.322457
13,18,5,0,9,3,3,6,4,0,0,1,0,1,0,0,0,12.450032,51.34554