CSV=`UKREIS,UJAHR,UMONAT,UTAG,USTUNDE,UWOCHENTAG,UKATEGORIE,UART,UTYP,LICHT,USTRZUSTAND,IstRad,IstPKW,IstFuss,IstKrad,IstGkfz,IstSonstig,@lon,@lat
27,18,5,0,7,4,3,7,7,0,0,1,0,0,0,0,0,13.307889,51.309313
25,18,5,0,18,3,2,0,7,0,0,1,0,0,0,0,0,14.099849,51.274151
28,18,5,0,18,4,3,0,1,0,0,1,0,0,0,0,0,13.938457,50.959676
26,18,5,0,12,3,2,1,5,0,0,1,1,0,0,0,0,14.994387,51.156536
12,18,5,0,21,4,3,5,3,2,0,1,1,0,0,0,0,13.745455,51.068316
27,18,5,0,10,3,3,1,5,0,0,1,0,0,0,0,1,13.62245,51.10816
27,18,5,0,15,3,3,0,7,0,0,1,0,0,0,0,0,13.526251,51.296611
12,18,5,0,9,4,3,5,3,0,0,1,1,0,0,0,0,13.730466,51.019739
12,18,5,0,15,3,3,0,1,0,0,1,0,0,0,0,0,13.711971,51.049499
12,18,5,0,18,3,3,0,1,0,0,1,0,0,0,0,0,13.690946,51.053006
12,18,5,0,15,3,3,5,3,0,0,1,1,0,0,0,0,13.735315,51.02187
12,18,5,0,7,3,2,0,7,0,0,1,0,0,0,0,0,13.76473,51.059105
24,18,5,0,15,3,3,2,6,0,0,1,0,0,0,0,0,12.374673,50.722149
13,18,5,0,8,3,2,5,3,0,0,1,1,0,0,0,0,12.327949,51.302343
12,18,5,0,8,3,2,5,3,0,0,1,1,0,0,0,0,13.702049,51.078285
13,18,5,0,18,3,3,4,2,0,0,1,1,0,0,0,0,12.378662,51.36645
13,18,5,0,18,3,3,4,2,0,0,1,1,0,0,0,0,12.378671,51.366448
11,18,5,0,15,3,2,0,3,0,0,1,1,0,0,0,0,12.95903,50.821943
12,18,5,0,15,3,3,5,3,0,0,1,1,0,0,0,0,13.773812,51.046026
30,18,5,0,19,2,3,5,2,0,0,1,1,0,0,0,0,13.000971,51.561234
12,18,5,0,16,3,3,0,1,0,0,1,0,0,0,0,0,13.761944,51.053118
30,18,5,0,14,2,2,0,1,0,0,1,0,0,0,0,0,12.336793,51.527984
11,18,5,0,12,3,3,8,1,0,0,1,0,0,0,0,0,12.974915,50.822606
24,18,5,0,13,4,3,5,3,0,0,1,1,0,0,0,0,12.622836,50.758046
30,18,5,0,18,2,2,1,5,0,0,1,1,0,0,0,0,12.691628,51.466819
13,18,5,0,8,2,3,4,2,0,0,1,1,0,0,0,0,12.402163,51.33235
13,18,5,0,9,2,3,5,3,0,0,1,1,0,0,0,0,12.481194,51.334686
13,18,5,0,19,2,2,7,1,1,0,1,0,0,0,0,0,12.374094,51.363522
13,18,5,0,5,2,3,0,4,2,0,1,0,1,0,0,0,12.301825,51.325951
29,18,5,0,13,4,3,1,3,0,0,1,1,0,0,0,0,12.722445,51.238119
13,18,5,0,17,2,3,2,6,0,0,1,0,0,0,0,0,12.384052,51.28906
13,18,5,0,22,2,3,5,3,2,0,1,1,0,0,0,0,12.393325,51.322873
26,18,5,0,12,2,2,0,1,0,0,1,0,0,0,0,0,14.789994,51.115782
13,18,5,0,15,2,3,4,2,0,0,1,1,0,0,0,0,12.427955,51.398742
12,18,5,0,17,2,3,4,6,0,0,1,0,0,1,0,0,13.749231,51.074282
27,18,5,0,16,2,3,5,3,0,0,1,1,0,0,0,0,13.269805,51.299563
13,18,5,0,22,1,3,3,6,2,0,1,1,0,0,0,0,12.347033,51.332172
27,18,5,0,14,2,3,4,1,0,0,1,1,0,0,0,0,13.49997,51.168041
13,18,5,0,8,1,2,0,1,0,0,1,0,0,0,0,0,12.413442,51.321891
27,18,5,0,17,2,3,5,3,0,0,1,1,0,0,0,0,13.650537,51.106773
12,18,5,0,7,2,3,0,7,0,0,1,1,0,0,0,0,13.760623,51.117207
13,18,5,0,18,1,1,9,7,0,0,1,0,0,0,0,0,12.353928,51.319755
12,18,5,0,17,2,2,0,7,0,0,1,0,0,0,0,1,13.806908,51.052155
12,18,5,0,7,2,3,3,6,0,0,1,1,0,0,0,0,13.777164,51.06032
12,18,5,0,15,2,3,3,6,0,0,1,0,0,0,0,0,13.748619,51.039864
27,18,5,0,19,1,3,8,1,0,0,1,0,0,0,0,0,13.556334,51.113977
27,18,5,0,0,1,3,0,1,2,0,1,0,0,0,0,0,13.69843,51.303118
12,18,5,0,15,1,3,0,1,0,0,1,0,0,0,0,0,13.813332,51.014779
21,18,5,0,12,1,2,0,1,0,0,1,0,0,0,0,0,12.993531,50.610479
13,18,5,0,19,7,2,5,7,0,0,1,1,0,0,0,0,12.40992,51.327585
13,18,5,0,10,7,3,5,3,0,0,1,1,0,0,0,0,12.427312,51.295026
11,18,5,0,12,2,2,5,3,0,0,1,1,0,0,0,0,12.89798,50.814154
25,18,5,0,11,7,3,9,1,0,0,1,0,0,0,0,0,13.950461,51.166967
30,18,5,0,20,1,3,0,5,0,0,1,1,0,0,0,0,12.984542,51.553708
12,18,5,0,3,7,3,0,1,2,0,1,0,0,0,0,0,13.732683,51.039184
22,18,5,0,19,7,3,1,5,0,0,1,1,0,0,0,0,12.922029,51.15527
13,18,5,0,17,1,3,6,6,0,0,1,0,1,0,0,0,12.336099,51.332027
24,18,5,0,12,6,3,4,6,0,0,1,0,0,1,0,0,12.552275,50.690225
23,18,5,0,15,6,2,2,7,0,0,1,1,0,0,0,0,12.349192,50.541717
25,18,5,0,18,1,3,5,3,0,0,1,1,0,0,0,0,14.093863,51.270636
13,18,5,0,17,6,3,4,2,0,0,1,1,0,0,0,0,12.329215,51.335566
27,18,5,0,16,1,3,0,1,0,0,1,0,0,0,0,0,13.278295,51.315072
29,18,5,0,14,6,2,5,2,0,0,1,1,0,0,0,0,12.740922,51.373739
13,18,5,0,15,6,3,2,6,0,0,1,1,0,0,0,0,12.338964,51.337173
28,18,5,0,13,1,3,0,1,0,0,1,0,0,0,0,0,13.70606,50.984499
13,18,5,0,15,6,3,6,4,0,0,1,0,1,0,0,0,12.443366,51.331423
13,18,5,0,20,6,3,3,2,1,0,1,1,0,0,0,0,12.373403,51.320579
12,18,5,0,15,1,2,5,3,0,0,1,1,0,0,0,0,13.751558,51.047203
12,18,5,0,6,1,3,6,4,1,0,1,0,1,0,0,0,13.750281,51.065573
12,18,5,0,7,6,3,5,2,0,0,1,1,0,0,0,0,13.751645,51.023295
12,18,5,0,7,6,3,1,5,0,0,1,1,0,0,0,0,13.722228,51.026462
12,18,5,0,10,6,3,0,7,0,0,1,1,0,0,0,0,13.75181,51.063072
12,18,5,0,13,6,3,5,3,0,0,1,1,0,0,0,0,13.75796,51.05226
22,18,5,0,14,1,2,0,7,0,0,1,0,0,0,0,0,13.247991,50.854682
22,18,5,0,8,6,2,5,3,0,0,1,1,0,0,0,0,13.34945,50.906773
21,18,5,0,15,1,2,5,3,0,0,1,1,0,0,0,0,12.72561,50.611984
29,18,5,0,20,7,3,5,3,0,0,1,0,0,0,0,0,12.255029,51.16862
29,18,5,0,14,5,3,1,7,0,0,1,1,0,0,0,0,12.247467,51.162721
13,18,5,0,5,5,3,5,3,0,0,1,1,0,0,0,0,12.405939,51.34553
13,18,5,0,14,5,3,5,7,0,0,1,1,0,0,0,0,12.340081,51.390132
13,18,5,0,22,7,2,8,1,2,0,1,0,0,0,0,0,12.364229,51.371805
13,18,5,0,16,7,3,9,2,0,0,1,1,0,0,0,0,12.370446,51.326779
29,18,5,0,17,5,3,5,3,0,0,1,0,0,0,0,1,12.53986,51.34432
12,18,5,0,11,7,3,0,7,0,0,1,0,0,0,0,0,13.703816,51.039453
12,18,5,0,0,7,3,8,1,2,0,1,0,0,0,0,0,13.838847,51.001208
26,18,5,0,11,5,3,0,7,0,1,1,0,0,0,0,0,14.973395,51.124602
12,18,5,0,6,5,3,5,2,0,0,1,0,0,0,0,1,13.721278,51.054346
12,18,5,0,14,7,2,2,2,0,0,1,1,0,0,0,0,13.769758,51.044795
12,18,5,0,8,5,3,0,7,0,0,1,0,0,0,0,0,13.840668,51.023749
22,18,5,0,14,5,3,1,5,0,0,1,1,0,0,0,0,13.114395,51.120533
21,18,5,0,8,7,2,5,7,0,0,1,1,0,0,0,0,12.960619,50.552699
11,18,5,0,16,5,3,1,5,0,0,1,1,0,0,0,0,12.896624,50.829679
24,18,5,0,19,6,3,5,2,0,0,1,1,0,0,0,0,12.497111,50.721902
13,18,5,0,15,6,2,3,6,0,0,1,0,0,0,0,0,12.373522,51.329684
13,18,5,0,15,6,3,5,3,0,0,1,0,0,1,0,0,12.307069,51.346425
26,18,5,0,9,6,2,5,3,0,0,1,1,0,0,0,0,14.640892,51.495755
13,18,5,0,15,4,3,5,3,0,1,1,1,0,0,0,0,12.386538,51.335648
25,18,5,0,19,6,3,4,6,0,0,1,1,0,0,0,0,13.921805,51.116387
25,18,5,0,15,6,3,3,6,0,0,1,1,0,0,0,0,14.427621,51.174497
28,18,5,0,12,6,3,5,3,0,0,1,1,0,0,0,0,13.711129,50.797007
12,18,5,0,22,6,3,5,3,2,0,1,1,0,0,0,0,13.757981,51.052258
12,18,5,0,19,4,3,0,2,0,0,1,0,0,0,0,1,13.775592,51.045427
12,18,5,0,8,4,3,0,1,0,1,1,0,0,0,0,0,13.770107,51.052366
22,18,5,0,18,4,3,3,6,0,0,1,0,0,0,0,0,12.803209,50.917821
11,18,5,0,5,6,2,3,2,0,0,1,0,0,1,0,0,12.895594,50.836932
24,18,5,0,10,3,3,0,1,0,0,1,0,0,0,0,0,12.454472,50.721363
13,18,5,0,15,5,3,5,3,0,0,1,1,0,0,0,0,12.378502,51.335873
24,18,5,0,7,3,3,0,3,0,0,1,0,0,0,0,1,12.749843,50.859832
13,18,5,0,19,5,3,5,3,0,0,1,1,0,0,0,0,12.372566,51.33199
13,18,5,0,7,3,3,3,6,0,0,1,0,0,0,0,1,12.43237,51.323295
13,18,5,0,16,5,3,1,7,0,0,1,1,0,0,0,0,12.282371,51.32623
13,18,5,0,15,3,3,5,3,0,1,1,1,0,0,0,0,12.35538,51.348798
13,18,5,0,7,3,3,1,5,0,0,1,1,0,0,0,0,12.373662,51.305944
13,18,5,0,15,5,2,1,5,0,0,1,1,0,0,0,0,12.37345,51.322001
13,18,5,0,14,3,3,5,3,0,0,1,1,0,0,0,0,12.430823,51.36729
21,18,5,0,20,5,2,0,7,1,1,1,0,0,0,0,0,12.599127,50.493835
13,18,5,0,13,5,3,5,3,0,0,1,1,0,0,0,0,12.405853,51.331777
26,18,5,0,15,3,3,4,2,0,1,1,1,0,0,0,0,14.981371,51.154097
13,18,5,0,17,4,3,3,5,0,0,1,1,0,0,0,0,12.402858,51.345696
13,18,6,0,11,4,3,5,3,0,0,1,1,0,0,0,0,12.378881,51.325035
26,18,6,0,8,4,3,1,5,0,0,1,1,0,0,0,0,14.671198,51.083358
26,18,6,0,11,4,3,1,5,0,0,1,1,0,0,0,0,14.812383,50.898466
13,18,6,0,8,3,3,3,6,0,0,1,0,0,0,1,0,12.426907,51.305251
25,18,6,0,20,4,3,5,3,0,0,1,1,0,0,0,0,14.267559,51.442587
13,18,6,0,16,3,3,3,6,0,0,1,0,0,0,0,1,12.373382,51.319887
25,18,6,0,16,4,3,0,7,0,0,1,0,0,0,0,0,14.269027,51.448
12,18,6,0,16,4,3,0,3,0,0,1,0,0,0,0,0,13.874082,51.008943
27,18,6,0,12,4,3,5,3,0,0,1,1,0,0,0,0,13.303631,51.059396
27,18,6,0,10,4,2,0,1,0,0,1,0,0,0,0,0,13.686678,51.108029
26,18,6,0,15,3,3,0,1,0,0,1,0,0,0,0,0,14.67041,51.098803
25,18,6,0,15,3,3,0,7,0,0,1,0,0,0,0,0,14.262157,51.436094
27,18,6,0,16,4,3,5,3,0,0,1,1,0,0,0,0,13.635738,51.109007
12,18,6,0,18,4,3,3,2,0,0,1,1,0,0,0,0,13.691938,51.049067
25,18,6,0,16,3,3,4,2,0,0,1,1,0,0,0,0,14.19287,51.117578
12,18,6,0,10,4,3,0,1,0,0,1,0,0,0,0,0,13.876058,50.990791
22,18,6,0,16,4,2,5,3,0,0,1,1,0,0,0,0,12.807874,50.913099
12,18,6,0,13,3,3,5,3,0,0,1,1,0,0,0,0,13.748844,51.051218
21,18,6,0,9,4,3,5,3,0,0,1,0,0,0,1,0,13.341391,50.656872
12,18,6,0,9,3,3,0,1,0,0,1,0,0,0,0,0,13.8309,51.001523
11,18,6,0,16,4,3,5,3,0,0,1,1,0,0,0,0,12.909092,50.826904
12,18,6,0,20,3,3,0,1,1,0,1,0,0,0,0,0,13.749123,51.057667
12,18,6,0,8,3,3,5,3,0,1,1,1,0,0,0,0,13.785418,51.035937
21,18,6,0,11,4,2,0,1,0,0,1,0,0,0,0,0,12.763352,50.474982
12,18,6,0,5,3,3,0,1,0,1,1,0,0,0,0,0,13.809595,51.049564
23,18,6,0,18,3,3,5,6,0,0,1,1,0,0,0,0,12.133765,50.493156
23,18,6,0,10,3,2,0,7,0,0,1,0,0,0,0,0,12.384293,50.479588
12,18,6,0,9,3,2,5,2,0,0,1,1,0,0,0,0,13.739113,51.050233
30,18,6,0,15,3,2,6,7,0,0,1,0,1,0,0,0,12.329344,51.532423
12,18,6,0,19,3,3,5,2,0,0,1,1,0,0,0,0,13.672715,51.052881
13,18,6,0,10,3,2,5,3,0,0,1,0,0,0,0,1,12.479363,51.350944
12,18,6,0,13,3,3,5,2,0,0,1,1,0,0,0,0,13.738137,51.047042
25,18,6,0,11,3,3,4,6,0,0,1,1,0,0,0,0,14.428421,51.183265
27,18,6,0,14,3,3,6,7,0,0,1,0,1,0,0,0,13.284237,51.306456
22,18,6,0,16,3,2,5,3,0,0,1,1,0,0,0,0,12.963873,50.935448
24,18,6,0,7,2,3,0,1,0,0,1,0,0,0,0,0,12.711314,50.750788
12,18,6,0,10,3,3,0,1,0,0,1,0,0,0,0,0,13.822067,51.024742
24,18,6,0,15,2,3,5,3,0,0,1,0,0,0,0,1,12.493372,50.722088
12,18,6,0,10,3,3,0,3,0,0,1,1,0,0,0,0,13.797186,51.00389
12,18,6,0,15,3,2,5,2,0,0,1,1,0,0,0,0,13.733338,51.051023
12,18,6,0,7,3,3,5,2,0,0,1,1,0,0,0,0,13.736582,51.117898
12,18,6,0,14,3,3,0,1,0,0,1,0,0,0,0,0,13.753029,51.058737
13,18,6,0,7,2,2,5,3,0,0,1,0,0,0,0,0,12.374618,51.338542
12,18,6,0,6,3,3,0,1,0,0,1,0,0,0,0,0,13.765337,51.073313
13,18,6,0,15,2,3,4,2,0,0,1,0,0,0,0,0,12.382719,51.315047
12,18,6,0,7,3,3,3,6,0,0,1,0,0,0,0,0,13.755867,51.035468
26,18,6,0,18,2,3,0,1,0,0,1,0,0,0,0,0,14.981016,51.145587
25,18,6,0,17,2,3,0,1,0,0,1,0,0,0,0,0,14.345162,51.073042
24,18,6,0,19,2,3,2,2,0,0,1,1,0,0,0,0,12.496184,50.75815
12,18,6,0,14,2,3,0,7,0,0,1,1,0,0,0,0,13.702097,51.08645
30,18,6,0,7,2,3,5,3,0,0,1,1,0,0,0,0,12.372907,51.432732
12,18,6,0,16,2,3,1,5,0,0,1,1,0,0,0,0,13.749482,51.030854
12,18,6,0,8,2,3,5,3,0,0,1,0,0,0,0,0,13.775784,51.117363
30,18,6,0,15,2,3,3,3,0,0,1,1,0,0,0,0,12.338451,51.524297
12,18,6,0,12,2,3,5,3,0,0,1,1,0,0,0,0,13.751553,51.047205
29,18,6,0,10,2,3,0,5,0,0,1,1,0,0,0,0,12.740528,51.371766
13,18,6,0,10,2,3,3,7,0,0,1,0,0,0,0,1,12.401498,51.400373
22,18,6,0,15,2,2,4,2,0,0,1,1,0,0,0,0,13.250538,50.808976
21,18,6,0,15,2,3,0,2,0,0,1,1,0,0,0,0,12.878889,50.574082
13,18,6,0,17,2,3,5,2,0,0,1,1,0,0,0,0,12.373649,51.333014
11,18,6,0,10,2,3,0,7,0,0,1,1,0,0,0,0,12.970991,50.817317
30,18,6,0,12,1,3,5,3,0,0,1,1,0,0,0,0,12.995753,51.496989
13,18,6,0,8,2,3,2,6,0,0,1,1,0,0,0,0,12.421329,51.323059
13,18,6,0,12,1,3,1,7,0,0,1,1,0,0,0,0,12.36438,51.344011
25,18,6,0,18,2,3,8,6,0,0,1,1,0,0,0,0,13.903491,51.081871
13,18,6,0,12,1,3,2,6,0,0,1,1,0,0,0,0,12.303789,51.352766
25,18,6,0,6,2,3,5,3,0,0,1,1,0,0,0,0,14.234651,51.427995
26,18,6,0,8,2,3,6,6,0,0,1,0,1,0,0,0,14.96678,51.144616
27,18,6,0,17,1,3,5,3,0,0,1,0,0,0,0,1,13.587328,51.130883
27,18,6,0,17,2,3,8,1,0,0,1,0,0,0,0,0,13.300926,51.293689
28,18,6,0,19,2,3,5,3,0,0,1,1,0,0,0,0,13.654412,51.029498
12,18,6,0,15,2,3,6,6,0,0,1,0,1,0,0,0,13.736921,51.08753
12,18,6,0,7,2,3,5,3,0,0,1,0,0,0,0,0,13.83583,51.064045
21,18,6,0,13,1,3,6,6,0,0,1,0,1,0,0,0,12.759583,50.535027
12,18,6,0,19,2,3,0,7,0,0,1,0,0,0,0,0,8.408572,49.01083
21,18,6,0,14,1,2,8,1,0,0,1,1,0,0,0,0,13.069003,50.743312
12,18,6,0,9,2,3,5,3,0,0,1,1,0,1,0,0,13.77021,51.028894
12,18,6,0,7,2,3,2,2,0,0,1,1,0,0,0,0,13.77366,51.048744
21,18,6,0,20,1,3,5,3,0,0,1,1,0,0,0,0,12.862653,50.753247
23,18,6,0,13,7,3,5,3,0,0,1,1,0,0,0,0,12.178972,50.531039
12,18,6,0,16,2,3,0,1,0,0,1,0,0,0,0,0,13.774058,51.033408
24,18,6,0,14,7,3,0,3,0,1,1,1,0,0,0,0,12.604714,50.87566
23,18,6,0,12,7,2,0,2,0,0,1,1,0,0,0,0,12.305018,50.618144
29,18,6,0,17,7,3,3,5,0,0,1,1,0,0,0,0,12.396062,51.276069
13,18,6,0,13,7,3,5,3,0,0,1,1,0,0,0,0,12.373667,51.33284
11,18,6,0,6,2,3,0,7,0,0,1,0,0,0,0,0,12.891746,50.846232
11,18,6,0,22,2,3,0,1,2,0,1,0,0,0,0,0,12.924596,50.845529
11,18,6,0,13,2,3,0,3,0,0,1,1,0,0,0,0,12.870621,50.819102
24,18,6,0,14,1,2,0,7,0,0,1,0,0,0,0,0,12.295657,50.734161
13,18,6,0,12,1,3,1,5,0,0,1,1,0,0,0,0,12.401031,51.346547
12,18,6,0,18,7,3,4,1,0,0,1,0,0,0,0,0,13.773743,51.078367
24,18,6,0,22,6,3,5,3,2,0,1,1,0,0,0,0,12.493366,50.720637
30,18,6,0,20,6,2,3,6,0,0,1,1,0,0,0,0,13.047402,51.500886
12,18,6,0,18,1,3,0,1,0,0,1,0,0,0,0,0,13.794054,51.013084
12,18,6,0,7,1,2,0,1,0,0,1,0,0,0,0,0,13.755613,51.073071
13,18,6,0,9,6,3,0,7,0,0,1,0,0,0,0,0,12.326589,51.325534
12,18,6,0,14,1,3,6,4,0,0,1,0,1,0,0,0,13.781082,51.054244
30,18,6,0,14,6,3,5,3,0,0,1,1,0,0,0,0,12.493831,51.383498
12,18,6,0,11,1,3,5,2,0,0,1,1,0,0,0,0,13.777313,51.058728
13,18,6,0,12,6,3,5,3,0,0,1,1,0,0,0,0,12.401062,51.400043
11,18,6,0,16,1,3,5,3,0,0,1,1,0,0,0,0,12.917044,50.841845
13,18,6,0,14,7,3,4,6,0,0,1,0,0,0,0,0,12.301822,51.32595
25,18,6,0,16,6,3,5,3,0,0,1,1,0,0,0,0,14.425166,51.169667
13,18,6,0,18,7,3,0,1,0,0,1,0,0,0,0,0,12.398777,51.36143
27,18,6,0,18,6,3,5,3,0,0,1,1,0,0,0,0,13.461567,51.151338
26,18,6,0,23,7,1,3,6,2,0,1,0,0,0,0,0,14.92697,51.067193
12,18,6,0,7,6,3,5,7,0,0,1,1,0,0,0,0,13.746431,51.069355
12,18,6,0,12,7,3,1,7,0,0,1,1,0,0,0,0,13.704724,51.046322
22,18,6,0,13,7,3,5,2,0,0,1,0,0,0,0,0,13.112455,50.851992
12,18,6,0,23,6,2,0,7,2,0,1,0,0,0,0,0,13.711257,51.077544
11,18,6,0,12,7,2,0,3,0,0,1,1,0,0,0,0,12.917522,50.827139
22,18,6,0,7,6,2,5,3,0,0,1,0,0,0,0,1,13.343378,50.909977
30,18,6,0,10,6,3,5,3,0,0,1,1,0,0,0,0,13.046235,51.236504
13,18,6,0,9,6,3,7,1,0,0,1,0,0,0,0,0,12.311154,51.328901
24,18,6,0,7,5,3,5,3,0,0,1,1,0,0,0,0,12.377368,50.741009
13,18,6,0,11,6,3,5,3,0,0,1,1,0,0,0,0,12.445145,51.332488
30,18,6,0,7,6,3,5,3,0,0,1,1,0,0,0,0,12.495312,51.380363
13,18,6,0,11,5,3,3,2,0,0,1,1,0,0,0,0,12.373649,51.333009
13,18,6,0,11,5,3,4,2,0,0,1,1,0,0,0,0,12.389782,51.344566
25,18,6,0,16,6,2,0,1,0,1,1,0,0,0,0,0,13.820785,51.182526
13,18,6,0,7,5,3,1,5,0,0,1,1,0,0,0,0,12.334561,51.32191
27,18,6,0,16,6,3,5,3,0,1,1,1,0,0,0,0,13.265903,51.298913
13,18,6,0,12,5,3,0,7,0,0,1,0,0,0,0,0,12.33666,51.332176
13,18,6,0,14,5,3,1,5,0,0,1,1,0,0,0,0,12.378027,51.307963
13,18,6,0,16,5,3,5,2,0,0,1,1,0,0,0,0,12.385064,51.338139
12,18,6,0,15,6,3,0,7,0,0,1,0,0,0,0,0,13.701031,51.042419
13,18,6,0,13,5,3,5,3,0,0,1,0,0,0,0,1,12.479293,51.348805
12,18,6,0,15,6,3,0,5,0,1,1,1,0,0,0,0,13.709567,51.028213
13,18,6,0,22,5,3,3,6,2,0,1,0,0,0,0,1,12.413805,51.375045
26,18,6,0,17,5,3,0,7,0,0,1,0,0,0,0,0,14.814529,50.893003
12,18,6,0,17,6,3,0,1,0,1,1,0,0,0,0,0,13.742006,51.023585
26,18,6,0,15,5,2,4,2,0,0,1,1,0,0,0,0,14.714461,51.545666
25,18,6,0,15,5,3,5,3,0,0,1,1,0,0,0,0,14.447501,51.185625
12,18,6,0,19,6,3,0,1,0,1,1,0,0,0,0,0,13.765389,51.072233
12,18,6,0,19,6,2,3,6,0,0,1,0,0,0,0,0,13.811082,51.038608
27,18,6,0,9,5,2,5,3,0,0,1,1,0,0,0,0,13.305319,51.29899
27,18,6,0,19,5,3,5,3,0,0,1,1,0,0,0,0,13.678624,51.099829
12,18,6,0,7,6,3,5,3,0,0,1,1,0,0,0,0,13.771841,51.04086
27,18,6,0,16,5,3,5,3,0,0,1,1,0,0,0,0,13.550399,51.142824
12,18,6,0,10,5,3,2,7,0,0,1,1,0,0,0,0,13.725279,51.057986
23,18,5,0,20,5,3,5,3,0,0,1,1,0,0,0,0,12.290975,50.54842
12,18,6,0,15,5,3,1,5,0,0,1,1,0,0,0,0,13.73449,51.033725
29,18,5,0,14,5,3,4,6,0,0,1,1,0,0,0,0,12.482101,51.241909
13,18,5,0,7,5,3,3,3,0,0,1,1,0,0,0,0,12.382757,51.340481
21,18,6,0,23,5,2,7,7,2,0,1,0,0,0,0,0,12.992328,50.748352
13,18,5,0,18,5,3,5,3,0,0,1,1,0,0,0,0,12.368953,51.311413
13,18,5,0,17,5,2,3,6,0,0,1,1,0,0,0,0,12.419802,51.343816
11,18,6,0,19,5,3,9,4,0,0,1,0,1,0,0,0,12.902125,50.789514
11,18,6,0,10,5,3,1,7,0,0,1,1,0,0,0,0,12.928155,50.847028
22,18,6,0,18,5,2,5,3,0,0,1,1,0,0,0,0,13.170562,50.861685
13,18,5,0,14,5,1,5,3,0,0,1,0,0,0,1,0,12.395311,51.346589
13,18,5,0,21,5,3,5,3,1,0,1,1,0,0,0,0,12.354041,51.350913
13,18,5,0,15,5,3,2,6,0,0,1,1,0,0,0,0,12.370456,51.361158
26,18,5,0,14,5,3,1,5,0,0,1,1,0,0,0,0,14.944855,51.14535
26,18,5,0,12,5,2,5,3,0,0,1,0,0,0,0,1,14.831314,51.288993
13,18,6,0,20,4,3,5,3,0,0,1,1,0,0,0,0,12.330958,51.330708
27,18,5,0,19,5,3,0,1,0,0,1,0,0,0,0,0,13.628085,51.104348
12,18,5,0,18,5,3,5,3,0,0,1,1,0,0,0,0,13.773357,51.031953
13,18,6,0,17,4,3,8,7,0,0,1,0,0,0,0,0,12.362912,51.338622
13,18,6,0,14,4,3,5,2,0,0,1,1,0,0,0,0,12.367403,51.332022
12,18,6,0,0,4,2,9,1,2,0,1,0,0,0,0,0,13.806787,50.984882
12,18,6,0,14,4,3,5,3,0,0,1,1,0,0,0,0,13.694971,51.081857
12,18,6,0,13,3,3,5,3,0,0,1,0,0,0,0,1,13.786422,51.034277
23,18,6,0,22,3,2,0,1,2,0,1,1,0,0,0,0,12.151472,50.486441
13,18,6,0,17,3,3,2,6,0,0,1,1,0,0,0,0,12.422151,51.333743
13,18,6,0,9,3,3,3,5,0,0,1,1,0,0,0,0,12.369079,51.345397
28,18,6,0,18,3,3,2,6,0,0,1,0,0,0,0,0,13.672759,50.904304
13,18,6,0,16,2,3,4,2,0,0,1,1,0,0,0,0,12.279996,51.322234
13,18,6,0,7,2,3,5,3,0,0,1,1,0,0,0,0,12.395796,51.363289
13,18,6,0,7,3,3,5,3,0,0,1,1,0,0,0,0,12.462027,51.357975
13,18,6,0,15,2,3,4,6,0,0,1,0,0,0,0,0,12.38392,51.338285
13,18,6,0,10,3,3,2,6,0,0,1,1,0,0,0,0,12.362595,51.356628
13,18,6,0,19,2,3,1,5,0,0,1,1,0,0,0,0,12.378732,51.307718
26,18,6,0,20,3,3,0,6,0,1,1,1,0,0,0,0,14.980389,51.145697
27,18,6,0,16,3,2,5,3,0,0,1,1,0,0,0,0,13.63568,51.108975
13,18,6,0,18,2,3,5,3,0,0,1,1,0,0,0,0,12.381691,51.338807
30,18,6,0,13,2,2,3,3,0,0,1,0,0,0,0,1,12.635434,51.45504
12,18,6,0,20,3,3,3,5,0,0,1,1,0,0,0,1,13.70002,51.082251
12,18,6,0,7,3,3,5,2,0,0,1,1,0,0,0,0,13.765833,51.065789
12,18,6,0,22,3,3,5,3,2,0,1,0,0,0,0,0,13.75034,51.065632
12,18,6,0,14,3,3,5,2,0,0,1,1,0,0,0,0,13.796029,51.024687
12,18,6,0,18,3,2,5,2,0,0,1,1,0,0,0,0,13.798141,51.023839
12,18,6,0,9,2,3,5,2,0,0,1,1,0,0,0,0,13.77517,51.038398
11,18,6,0,15,3,3,5,2,0,0,1,1,0,0,0,0,12.931127,50.813557
12,18,6,0,14,2,3,3,2,0,0,1,1,0,0,0,0,13.755946,51.055883
12,18,6,0,8,2,2,8,6,0,0,1,0,0,0,0,1,13.773275,51.046275
12,18,6,0,12,2,3,3,5,0,0,1,1,0,0,0,0,13.726307,51.082143
13,18,6,0,9,2,3,3,2,0,0,1,0,0,0,0,0,12.322234,51.33272
13,18,6,0,5,2,3,5,3,0,1,1,1,0,0,0,0,12.42486,51.304728
11,18,6,0,16,2,3,5,3,0,0,1,1,0,0,0,0,12.933684,50.802105
11,18,6,0,14,2,2,0,1,0,0,1,0,0,0,0,0,12.913335,50.825787
13,18,6,0,5,2,3,0,7,0,1,1,0,0,0,0,0,12.42111,51.319389
13,18,6,0,6,2,3,0,1,0,1,1,0,0,0,0,0,12.323813,51.374575
13,18,6,0,19,2,3,5,2,0,0,1,1,0,0,0,0,12.37055,51.361257
11,18,6,0,17,2,2,1,3,0,0,1,1,0,0,0,0,12.896831,50.808745
13,18,6,0,10,2,2,5,2,0,0,1,0,1,0,0,1,12.373706,51.322056
13,18,6,0,16,2,3,5,2,0,0,1,1,0,0,0,0,12.383997,51.380452
13,18,6,0,7,2,3,5,2,0,1,1,1,0,0,0,0,12.369052,51.319761