CSV=`UKREIS,UJAHR,UMONAT,UTAG,USTUNDE,UWOCHENTAG,UKATEGORIE,UART,UTYP,LICHT,USTRZUSTAND,IstRad,IstPKW,IstFuss,IstKrad,IstGkfz,IstSonstig,@lon,@lat
25,18,6,0,23,2,2,9,1,2,0,1,0,0,0,0,0,14.104995,51.278172
29,18,6,0,23,1,3,2,7,2,0,1,0,0,0,0,0,12.637969,51.278389
25,18,6,0,8,2,3,0,7,0,1,1,0,0,0,0,0,14.434564,51.180456
29,18,6,0,20,1,3,0,1,0,0,1,0,0,0,0,0,12.723172,51.238033
27,18,6,0,20,1,2,0,1,1,0,1,0,0,0,0,0,13.673065,51.101369
12,18,6,0,12,1,3,1,3,0,0,1,1,0,0,0,0,13.749301,51.03574
11,18,6,0,16,2,3,5,2,0,0,1,1,0,0,0,0,12.845972,50.81696
12,18,6,0,15,3,3,5,2,0,0,1,1,0,0,0,0,13.781878,51.123845
13,18,6,0,17,7,1,5,3,0,0,1,0,0,1,0,0,12.372197,51.299921
12,18,6,0,10,1,3,5,3,0,0,1,1,0,0,0,0,13.686272,51.057396
12,18,6,0,15,1,3,6,6,0,0,1,0,1,0,0,0,13.738574,51.051779
11,18,6,0,11,7,2,0,1,0,0,1,1,0,0,0,0,12.894009,50.792686
21,18,6,0,10,1,2,0,1,0,0,1,0,0,0,0,0,12.884071,50.716401
23,18,6,0,19,6,2,5,3,0,0,1,1,0,0,0,0,12.159188,50.606577
21,18,6,0,15,1,1,9,1,0,0,1,0,0,0,0,0,12.655482,50.603145
13,18,6,0,5,6,3,3,6,1,0,1,1,0,0,0,0,12.417603,51.359138
13,18,6,0,12,7,3,5,3,0,1,1,1,0,0,0,0,12.370824,51.336353
13,18,6,0,15,7,3,5,3,0,0,1,1,0,0,0,0,12.309855,51.328402
13,18,6,0,18,7,3,6,4,0,0,1,0,1,0,0,0,12.36739,51.34115
13,18,6,0,16,6,3,5,3,0,0,1,1,0,0,0,0,12.371125,51.336491
29,18,6,0,11,6,3,5,3,0,0,1,1,0,0,0,0,12.36376,51.283238
28,18,6,0,11,7,3,8,1,0,0,1,0,0,0,0,0,13.865628,50.970482
26,18,6,0,17,6,3,6,4,0,0,1,0,1,0,0,0,14.987039,51.152895
28,18,6,0,7,6,2,3,6,0,0,1,0,0,0,0,0,13.863268,50.983021
11,18,6,0,0,7,2,0,1,2,1,1,0,0,0,0,0,12.933373,50.884967
27,18,6,0,10,6,3,5,3,0,0,1,1,0,0,0,0,13.527654,51.291648
12,18,6,0,9,6,3,5,3,0,0,1,1,0,0,0,0,13.689939,51.079116
12,18,6,0,9,6,3,5,3,0,0,1,0,0,0,0,0,13.733323,51.035689
13,18,6,0,14,6,2,5,3,0,0,1,0,0,0,0,0,12.414668,51.351672
12,18,6,0,10,6,3,3,6,0,0,1,0,0,0,0,1,13.773305,51.046263
12,18,6,0,13,6,3,5,3,0,0,1,1,0,0,0,0,13.808254,51.050921
21,18,6,0,19,6,2,8,1,0,0,1,0,0,0,0,0,12.989668,50.669936
13,18,6,0,4,6,3,5,3,1,0,1,0,0,0,0,1,12.384953,51.338055
11,18,6,0,7,6,3,5,3,0,0,1,1,0,0,0,0,12.898804,50.82443
11,18,6,0,20,6,2,9,1,0,0,1,1,0,0,0,0,12.922758,50.84702
27,18,6,0,12,6,2,5,3,0,0,1,1,0,0,0,0,13.265689,51.303606
24,18,6,0,10,5,3,5,3,0,0,1,1,0,0,0,0,12.521426,50.821985
28,18,6,0,14,6,3,9,1,0,1,1,0,0,0,0,0,13.655175,50.862509
30,18,6,0,16,5,3,0,7,0,0,1,0,0,0,0,0,12.346336,51.518866
12,18,6,0,1,6,3,0,1,2,0,1,0,0,0,0,0,13.693331,51.045472
12,18,6,0,17,6,3,5,3,0,1,1,0,0,0,0,0,13.783076,51.043449
13,18,6,0,15,5,3,5,3,0,0,1,1,0,0,0,0,12.263109,51.344632
13,18,6,0,15,5,3,5,3,0,0,1,1,0,0,0,0,12.370824,51.336353
12,18,6,0,22,6,3,0,7,2,0,1,0,0,0,0,0,13.811599,51.02188
13,18,6,0,16,5,3,5,3,0,0,1,1,0,0,0,0,12.376753,51.320542
12,18,6,0,23,6,3,0,1,2,1,1,0,0,0,0,0,13.808363,51.050827
13,18,6,0,6,5,3,5,2,0,0,1,1,0,0,0,0,12.46576,51.312614
12,18,6,0,18,6,3,0,1,0,1,1,0,0,0,0,0,13.74528,51.0629
13,18,6,0,11,5,3,5,3,0,0,1,1,0,0,0,0,12.422653,51.306611
12,18,6,0,1,6,2,3,2,2,0,1,0,0,0,0,1,13.755978,51.055897
13,18,6,0,7,5,3,5,3,0,0,1,1,0,0,0,0,12.475413,51.345194
12,18,6,0,7,6,3,6,4,0,0,1,0,1,0,0,0,13.885609,51.059204
29,18,6,0,7,5,3,5,3,0,0,1,1,0,0,0,0,12.370535,51.276205
21,18,6,0,16,6,2,3,6,0,0,1,1,0,0,0,0,12.807341,50.63205
22,18,6,0,8,6,2,8,7,0,0,1,0,0,0,0,0,13.018247,51.135984
13,18,6,0,12,5,2,3,2,0,0,1,1,0,0,0,0,12.419722,51.357443
13,18,6,0,15,5,3,1,5,0,0,1,1,0,0,0,0,12.374408,51.364457
30,18,6,0,8,5,3,4,2,0,0,1,1,0,0,0,0,12.349251,51.523625
13,18,6,0,13,5,3,5,3,0,0,1,1,0,0,0,0,12.416732,51.329803
13,18,6,0,12,5,3,4,2,0,0,1,0,0,0,0,0,12.368901,51.341885
13,18,6,0,7,5,3,5,3,0,0,1,1,0,0,0,0,12.314382,51.37825
13,18,6,0,10,5,3,4,6,0,0,1,0,0,0,0,0,12.371315,51.38941
26,18,6,0,14,4,3,0,1,0,1,1,0,0,0,0,0,14.981187,51.145539
25,18,6,0,16,5,3,5,3,0,0,1,0,0,0,0,0,14.240007,51.435454
13,18,6,0,15,5,3,4,2,0,1,1,1,0,0,0,0,12.473542,51.345689
25,18,6,0,13,4,3,2,2,0,0,1,0,0,0,0,0,14.207426,51.107134
25,18,6,0,12,5,2,5,3,0,0,1,1,0,0,0,0,14.232501,51.434229
25,18,6,0,19,5,3,5,3,0,0,1,1,0,0,0,0,14.430366,51.180932
13,18,6,0,7,5,3,5,3,0,0,1,1,0,0,0,0,12.339974,51.337302
27,18,6,0,18,5,3,5,2,0,0,1,1,0,0,0,0,13.63857,51.123214
13,18,6,0,8,5,3,5,2,0,0,1,1,0,0,0,0,12.377894,51.333991
28,18,6,0,17,5,3,0,1,0,0,1,0,0,0,0,0,13.679188,50.836666
26,18,6,0,17,5,3,4,6,0,0,1,0,0,0,0,0,14.98121,51.145619
12,18,6,0,8,5,3,5,2,0,0,1,1,0,0,0,0,13.833898,51.028491
12,18,6,0,17,5,2,5,3,0,0,1,0,0,0,0,0,13.76569,51.073195
27,18,6,0,12,4,3,3,6,0,0,1,0,0,0,0,0,13.573629,51.119039
12,18,6,0,16,5,3,6,4,0,0,1,0,1,0,0,0,13.803353,51.022942
12,18,6,0,11,3,3,0,1,0,0,1,0,0,0,0,0,13.837443,51.02489
22,18,6,0,7,5,2,0,6,0,0,1,0,0,0,0,1,12.896959,51.028333
12,18,6,0,15,5,2,3,6,0,0,1,1,0,0,0,0,13.830447,51.002742
11,18,6,0,19,5,3,1,5,0,0,1,1,0,0,0,0,12.906373,50.837038
11,18,6,0,12,5,3,5,3,0,0,1,1,0,0,0,0,12.933798,50.836734
22,18,6,0,14,5,2,1,5,0,0,1,0,0,0,1,0,13.334781,50.868063
24,18,6,0,16,4,3,5,3,0,0,1,1,0,0,0,0,12.494269,50.724778
24,18,6,0,7,4,2,8,1,0,0,1,0,0,0,0,0,12.717735,50.784621
29,18,6,0,15,4,3,9,1,0,0,1,0,0,0,0,0,12.412469,51.15033
13,18,6,0,16,4,3,5,3,0,0,1,1,0,0,0,0,12.373326,51.353059
12,18,6,0,9,4,3,3,6,0,0,1,1,0,0,0,0,13.777689,51.127894
13,18,6,0,18,4,3,5,2,0,0,1,1,0,0,0,0,12.447206,51.324107
13,18,6,0,23,4,3,3,6,2,0,1,1,0,0,0,0,12.373447,51.315584
13,18,6,0,8,4,3,0,7,0,0,1,1,0,0,0,0,12.373301,51.342484
13,18,6,0,16,4,2,5,3,0,0,1,1,0,0,0,0,12.438223,51.36436
13,18,6,0,9,4,3,5,5,0,0,1,0,0,0,0,0,12.373344,51.336672
13,18,6,0,9,4,3,5,3,0,0,1,1,0,0,0,0,12.387293,51.309253
26,18,6,0,15,4,3,5,3,0,0,1,1,0,0,0,0,14.963526,51.327917
25,18,6,0,15,4,3,0,7,0,0,1,0,0,0,0,0,14.24231,51.435325
27,18,6,0,18,4,2,8,1,0,0,1,0,0,0,0,0,13.578924,51.169745
27,18,6,0,13,4,3,8,1,0,0,1,0,0,0,0,0,13.578205,51.124038
25,18,6,0,11,4,3,5,2,0,0,1,1,0,0,0,0,14.451352,51.19065
12,18,6,0,7,4,3,0,7,0,0,1,0,0,0,0,1,13.790201,51.020203
27,18,6,0,15,4,3,5,3,0,0,1,1,0,0,0,0,13.306205,51.303898
12,18,6,0,19,4,3,5,2,0,0,1,1,0,0,0,0,13.721862,51.117687
12,18,6,0,18,4,3,2,2,0,0,1,1,0,0,0,0,13.80673,51.052101
28,18,6,0,19,3,2,0,7,0,0,1,0,0,0,0,0,14.002302,51.027938
12,18,6,0,16,4,3,5,6,0,0,1,1,0,0,0,0,13.779242,51.037934
12,18,6,0,9,4,2,6,6,0,0,1,0,1,0,0,0,13.765162,51.040159
12,18,6,0,17,4,3,5,3,0,0,1,1,0,0,0,0,13.783748,51.029707
12,18,6,0,15,4,3,5,3,0,0,1,1,0,0,0,0,13.807972,51.024039
22,18,6,0,7,4,3,5,3,0,0,1,1,0,0,0,0,12.869988,50.930262
12,18,6,0,7,4,3,5,2,0,0,1,0,0,0,0,0,13.777039,51.027868
11,18,6,0,17,4,2,0,7,0,0,1,0,0,0,0,0,12.961122,50.868074
23,18,6,0,14,3,3,5,2,0,0,1,1,0,0,0,0,12.121101,50.495882
12,18,6,0,15,4,2,0,1,0,0,1,0,0,0,0,0,13.77331,51.046261
24,18,6,0,16,3,2,9,1,0,0,1,0,0,0,0,0,12.728767,50.85614
13,18,6,0,17,3,3,3,6,0,0,1,0,0,0,0,1,12.398596,51.345927
23,18,6,0,17,3,2,2,2,0,0,1,0,0,0,0,1,12.453221,50.499138
13,18,6,0,7,3,2,5,7,0,0,1,1,0,0,0,0,12.37339,51.328561
24,18,6,0,14,3,3,5,3,0,0,1,1,0,0,0,0,12.537447,50.820418
13,18,6,0,8,3,3,0,7,0,0,1,0,0,0,0,0,12.379847,51.36016
13,18,6,0,13,3,2,6,6,0,0,1,0,1,0,0,0,12.373054,51.338869
13,18,6,0,10,3,3,5,2,0,0,1,0,0,0,0,1,12.376184,51.348304
13,18,6,0,7,3,2,5,3,0,0,1,0,0,0,0,0,12.375532,51.32053
13,18,6,0,9,3,3,1,5,0,0,1,1,0,0,0,0,12.339275,51.369171
13,18,6,0,13,3,3,6,6,0,0,1,0,1,0,0,0,12.288604,51.323358
27,18,7,0,18,6,2,0,1,0,0,1,0,0,0,0,0,13.419449,51.24162
28,18,7,0,15,6,3,5,2,0,0,1,0,0,0,1,0,13.908856,50.959006
27,18,7,0,15,3,2,8,1,0,0,1,0,0,0,0,0,13.653182,51.114965
12,18,7,0,21,3,3,1,5,1,0,1,1,0,0,0,0,13.761578,51.049032
12,18,7,0,8,3,3,2,6,0,0,1,1,0,0,0,0,13.770332,51.057242
12,18,7,0,16,3,3,5,3,0,0,1,1,0,0,0,0,13.797099,51.006971
29,18,7,0,12,5,3,0,6,0,0,1,0,0,0,0,0,12.385391,51.200882
13,18,7,0,11,5,3,3,6,0,1,1,1,0,0,0,0,12.368573,51.357602
13,18,7,0,7,5,3,5,3,0,0,1,1,0,0,0,0,12.378293,51.37606
11,18,7,0,16,3,3,6,4,0,0,1,0,1,0,0,0,12.899898,50.839048
12,18,7,0,7,5,3,5,3,0,0,1,1,0,0,0,0,13.885133,51.056222
12,18,7,0,8,5,3,6,4,0,1,1,0,1,0,0,0,13.750235,51.065527
30,18,7,0,18,2,3,3,5,0,0,1,1,0,0,0,1,12.343463,51.525931
11,18,7,0,10,5,3,5,3,0,1,1,1,0,0,0,0,12.844651,50.821181
13,18,7,0,9,2,3,3,2,0,0,1,1,0,0,0,0,12.382073,51.332564
23,18,7,0,16,4,3,3,3,0,0,1,1,0,0,0,0,12.168899,50.491646
13,18,7,0,18,2,3,4,2,0,0,1,1,0,0,0,0,12.412036,51.334776
13,18,7,0,5,2,3,5,3,0,0,1,1,0,0,0,0,12.401071,51.376224
13,18,7,0,5,4,3,2,6,0,0,1,1,0,0,0,0,12.385198,51.342096
25,18,7,0,9,2,3,5,3,0,0,1,1,0,0,0,0,14.246608,51.43876
25,18,7,0,6,4,2,0,1,0,0,1,0,0,0,0,0,13.886117,51.153463
12,18,7,0,14,4,3,0,1,0,0,1,1,0,0,0,0,13.691842,51.050512
12,18,7,0,15,4,2,0,1,0,0,1,0,0,0,0,0,13.786923,51.015812
12,18,7,0,15,4,3,5,3,0,0,1,1,0,0,0,0,13.719278,51.038287
27,18,7,0,15,2,2,4,6,0,0,1,0,0,0,0,1,13.62938,51.187052
27,18,7,0,14,2,3,0,7,0,0,1,0,0,0,0,0,13.524272,51.291391
12,18,7,0,16,4,2,1,5,0,1,1,1,0,0,0,0,13.713887,51.058735
27,18,7,0,12,2,3,5,3,0,0,1,1,0,0,0,0,13.506468,51.29506
23,18,7,0,15,3,2,8,1,0,1,1,0,0,0,0,0,12.233653,50.456074
30,18,7,0,13,3,3,3,2,0,0,1,1,0,0,0,0,12.342564,51.52764
13,18,7,0,18,3,3,5,3,0,0,1,0,0,0,0,0,12.382882,51.320639
12,18,7,0,16,2,3,5,3,0,0,1,1,0,0,0,0,13.780471,51.031
12,18,7,0,17,2,3,4,6,0,0,1,0,0,0,0,0,13.770094,51.045134
12,18,7,0,17,2,2,0,3,0,0,1,1,0,0,0,0,13.761594,51.05193
12,18,7,0,12,2,3,0,1,0,0,1,0,0,0,0,0,13.772852,51.046441
21,18,7,0,17,2,2,0,6,0,0,1,1,0,0,0,0,13.1636,50.768319
13,18,7,0,14,3,3,2,6,0,0,1,0,0,0,0,1,12.444318,51.356947
11,18,7,0,9,2,3,5,3,0,0,1,1,0,0,0,0,12.884286,50.783123
13,18,7,0,11,3,3,5,3,0,1,1,1,0,0,0,0,12.417449,51.316077
26,18,7,0,14,3,3,1,5,0,0,1,1,0,0,0,0,14.802678,50.899386
25,18,7,0,19,3,3,0,7,0,0,1,0,0,0,0,0,13.919274,51.110513
11,18,7,0,14,2,3,0,3,0,0,1,1,0,0,0,0,12.893174,50.815425
24,18,7,0,19,1,2,0,1,0,0,1,0,0,0,0,0,12.512253,50.73209
12,18,7,0,9,3,3,0,1,0,1,1,0,0,0,0,0,13.741534,51.023632
24,18,7,0,18,1,3,3,6,0,0,1,1,0,0,0,0,12.408033,50.81962
24,18,7,0,0,1,3,8,1,2,0,1,0,0,0,0,0,12.730017,50.787153
23,18,7,0,10,1,3,0,7,0,0,1,0,1,0,0,0,12.281428,50.482166
13,18,7,0,19,1,2,4,2,0,0,1,1,0,0,0,0,12.334013,51.31934
13,18,7,0,18,1,2,5,3,0,0,1,1,0,0,0,0,12.373326,51.353059
13,18,7,0,13,1,3,0,3,0,0,1,0,0,0,0,0,12.409424,51.339163
13,18,7,0,22,2,3,0,7,2,0,1,0,0,0,0,0,12.395379,51.339114
28,18,7,0,14,1,3,5,3,0,0,1,1,0,0,0,0,13.910828,51.000373
27,18,7,0,19,1,2,0,1,0,0,1,0,0,0,0,0,13.298941,51.053076
27,18,7,0,19,1,2,8,1,0,0,1,0,0,0,0,0,13.624201,51.104292
13,18,7,0,13,2,2,6,4,0,0,1,0,1,0,0,0,12.385881,51.367779
12,18,7,0,19,1,3,8,1,0,0,1,0,0,0,0,0,13.687957,51.056457
13,18,7,0,7,2,3,6,4,0,0,1,0,1,0,0,0,12.388008,51.338179
13,18,7,0,19,3,3,5,3,0,0,1,1,0,0,0,0,12.39332,51.322872
12,18,7,0,18,1,2,5,2,0,0,1,1,0,0,0,0,13.748618,51.07174
13,18,7,0,19,2,3,5,3,0,0,1,1,0,0,0,0,12.372269,51.349609
13,18,7,0,5,2,3,5,3,0,0,1,1,0,0,0,0,12.297726,51.357369
23,18,6,0,16,7,2,0,1,0,0,1,0,0,0,0,0,12.3322,50.524652
30,18,7,0,9,2,2,0,7,0,0,1,0,1,0,0,0,12.592925,51.59779
23,18,6,0,13,7,2,6,4,0,0,1,0,1,0,0,0,12.346959,50.588412
25,18,7,0,8,2,2,5,3,0,0,1,1,0,0,0,0,13.914581,51.104423
25,18,7,0,14,2,3,4,2,0,0,1,1,0,0,0,0,14.429123,51.176931
13,18,7,0,12,3,3,5,7,0,0,1,1,0,0,0,0,12.33325,51.338216
30,18,6,0,17,7,3,0,2,0,0,1,1,0,0,0,0,12.322206,51.534142
12,18,7,0,13,2,3,5,3,0,0,1,1,0,0,0,0,13.726846,51.033299
12,18,7,0,16,2,2,5,3,0,0,1,1,0,0,0,0,13.838452,51.005847
12,18,7,0,11,2,3,0,1,0,0,1,0,0,0,0,0,13.741608,51.023625
29,18,7,0,1,1,2,0,1,2,0,1,0,0,0,0,0,12.841757,51.10797
13,18,7,0,16,3,3,5,3,0,0,1,0,0,0,1,0,12.307685,51.311978
29,18,7,0,16,1,3,1,5,0,0,1,1,0,0,0,0,12.732339,51.374263
13,18,7,0,14,1,3,5,3,0,0,1,1,0,0,0,0,12.40008,51.341884
28,18,7,0,17,1,3,0,1,0,0,1,0,0,0,0,0,13.582382,51.032427
23,18,7,0,9,7,2,2,6,0,0,1,1,0,0,0,0,12.127562,50.497811
13,18,7,0,8,3,3,5,2,0,0,1,1,0,0,0,0,12.417441,51.311094
23,18,6,0,15,6,3,2,6,0,0,1,1,0,0,0,0,12.177647,50.428442
30,18,7,0,15,7,3,4,6,0,0,1,0,0,0,0,0,12.218654,51.397643
29,18,6,0,6,6,3,3,6,0,0,1,1,0,0,0,0,12.350485,51.190103
29,18,7,0,17,3,3,5,3,0,0,1,1,0,0,0,0,12.363767,51.283235
13,18,6,0,9,6,3,5,2,0,0,1,0,0,1,0,0,12.373702,51.331893
13,18,6,0,14,6,3,5,3,0,0,1,1,0,0,0,0,12.413035,51.324548
13,18,7,0,17,7,2,6,4,0,0,1,0,1,0,0,0,12.383866,51.301989
12,18,7,0,23,7,3,0,1,2,0,1,0,0,0,0,0,13.738665,51.048491
12,18,7,0,10,7,3,5,3,0,0,1,1,0,0,0,0,13.785326,51.035946
13,18,6,0,11,6,3,1,1,0,0,1,1,0,0,0,0,12.362134,51.359831
12,18,7,0,9,7,3,5,3,0,0,1,1,0,0,0,0,13.746716,51.053399
13,18,6,0,10,6,3,5,3,0,0,1,1,0,0,0,0,12.475383,51.345626
11,18,7,0,19,7,2,0,5,0,0,1,0,0,0,0,1,12.901229,50.813562
13,18,7,0,8,3,3,3,2,0,0,1,1,0,0,0,0,12.407591,51.351295
26,18,6,0,7,6,2,3,2,0,0,1,1,0,0,0,0,14.62611,51.507226
11,18,7,0,12,7,3,5,2,0,0,1,1,0,0,0,0,12.934784,50.838513
25,18,6,0,17,6,3,2,6,0,0,1,1,0,0,0,0,13.913396,51.100137
27,18,6,0,19,6,3,5,3,0,0,1,1,0,0,0,0,13.451751,51.410673
26,18,7,0,11,6,2,5,3,0,0,1,1,0,0,0,0,14.758233,50.868831
28,18,6,0,13,6,3,0,1,0,0,1,0,0,0,0,0,13.865464,50.967894
25,18,7,0,19,6,3,3,2,0,0,1,1,0,0,0,0,14.445231,51.189179
28,18,7,0,18,6,3,1,5,0,0,1,1,0,0,0,0,13.932702,50.951091
13,18,7,0,16,3,3,0,6,0,0,1,0,0,0,0,0,12.336824,51.33222
13,18,7,0,18,3,3,5,3,0,0,1,1,0,0,0,0,12.362425,51.359141
12,18,6,0,11,6,2,0,1,0,0,1,0,0,0,0,0,13.749464,51.033584
21,18,7,0,16,6,2,0,6,0,0,1,0,1,0,0,0,13.016284,50.567581
23,18,7,0,16,5,3,6,7,0,1,1,0,1,0,0,0,12.13964,50.493895
21,18,6,0,20,6,2,2,2,1,0,1,1,0,0,0,0,12.776647,50.542916
26,18,7,0,10,3,3,7,7,0,0,1,0,0,0,0,1,14.820185,50.859989
29,18,7,0,19,5,3,5,3,0,0,1,1,0,0,0,0,12.725099,51.2513
13,18,7,0,20,5,3,3,6,0,0,1,1,0,0,0,0,12.343906,51.324159
13,18,7,0,16,5,3,1,5,0,0,1,1,0,0,0,0,12.42722,51.344077
30,18,6,0,4,5,3,0,3,1,0,1,1,0,0,0,0,13.111483,51.298885
13,18,7,0,18,5,2,4,6,0,0,1,0,0,0,0,0,12.422332,51.356412
26,18,7,0,9,3,3,5,3,0,0,1,1,0,0,0,0,14.974846,51.144891
29,18,6,0,9,5,3,5,2,0,0,1,0,0,0,0,1,12.502571,51.118086
13,18,6,0,17,5,3,5,3,0,0,1,1,0,0,0,0,12.370482,51.32798
27,18,7,0,17,5,3,5,3,0,0,1,1,0,0,0,0,13.446275,51.414347
13,18,6,0,8,5,2,5,3,0,0,1,1,0,0,0,0,12.346273,51.328645
27,18,7,0,10,5,3,5,3,0,0,1,0,0,0,0,0,13.531587,51.294521
13,18,6,0,17,5,3,5,3,0,0,1,0,0,0,0,1,12.430346,51.349952
26,18,6,0,21,5,3,5,3,1,0,1,1,0,0,0,0,14.627592,51.493357
25,18,6,0,9,5,2,5,3,0,0,1,1,0,0,0,0,14.267717,51.434252
27,18,6,0,9,5,2,5,2,0,0,1,1,0,0,0,0,13.284805,51.30206
27,18,6,0,12,5,3,5,3,0,0,1,1,0,0,0,0,13.585891,51.132152
13,18,7,0,11,4,3,4,6,0,0,1,0,0,0,0,0,12.394587,51.331938
27,18,7,0,16,3,2,0,1,0,0,1,0,0,0,0,0,13.45337,51.413205
27,18,7,0,9,3,3,5,3,0,0,1,1,0,0,0,0,13.25805,51.319954
12,18,6,0,14,5,3,5,3,0,0,1,1,0,0,0,0,13.757966,51.075826
12,18,6,0,16,5,3,0,7,0,0,1,1,0,0,0,0,13.776912,51.038851
13,18,7,0,7,4,3,5,3,0,0,1,1,0,0,0,0,12.340225,51.393045
13,18,7,0,15,4,3,3,2,0,0,1,1,0,0,0,0,12.429738,51.379593
12,18,6,0,14,5,2,3,2,0,0,1,1,0,0,0,0,13.718433,51.087718
22,18,6,0,7,5,2,8,1,0,0,1,0,0,0,0,0,12.806064,51.044583
25,18,7,0,15,4,3,5,3,0,0,1,1,0,0,0,0,13.908374,51.108415
25,18,7,0,15,4,3,4,6,0,0,1,0,0,0,0,0,14.263071,51.44533
24,18,6,0,7,4,2,2,2,0,0,1,1,0,0,0,0,12.488057,50.68509
12,18,7,0,13,4,3,5,2,0,0,1,0,0,0,0,1,13.711602,51.028165
12,18,7,0,19,4,3,5,2,0,0,1,1,0,0,0,0,13.830056,50.999347
30,18,6,0,9,4,3,5,2,0,0,1,1,0,0,0,0,12.344391,51.524566
12,18,7,0,7,4,2,5,3,0,0,1,1,0,0,0,0,13.725687,51.073685
13,18,6,0,7,4,3,5,3,0,0,1,1,0,0,0,0,12.404069,51.332123
13,18,6,0,15,4,3,1,2,0,0,1,0,0,0,0,0,12.414586,51.330575
27,18,7,0,10,4,2,5,2,0,0,1,1,0,0,0,0,13.501016,51.296919
12,18,7,0,17,4,2,5,3,0,0,1,1,0,0,0,0,13.756566,51.055094
12,18,7,0,7,4,2,0,1,0,0,1,0,0,0,0,0,13.809014,51.062572
12,18,7,0,21,4,3,5,3,1,0,1,1,0,0,0,0,13.800461,50.999266
13,18,6,0,17,4,2,4,6,0,0,1,0,0,0,0,0,12.33948,51.318303
24,18,7,0,17,3,3,0,3,0,0,1,1,0,0,0,0,12.550706,50.819837
13,18,6,0,16,4,3,1,5,0,0,1,1,0,0,0,0,12.385938,51.364096
13,18,7,0,16,3,3,3,2,0,0,1,1,0,0,0,0,12.349684,51.340038
23,18,7,0,0,1,3,0,1,2,1,1,0,0,0,0,0,12.146528,50.500111
23,18,7,0,13,1,3,9,1,0,0,1,0,0,0,0,0,12.264215,50.618741
12,18,7,0,6,3,2,6,4,0,0,1,0,1,0,0,0,13.777364,51.058758
27,18,7,0,17,1,2,0,7,0,0,1,0,1,0,0,0,13.660005,51.241996
12,18,7,0,4,3,3,4,6,1,0,1,0,0,0,0,0,13.737713,51.039487
11,18,7,0,15,1,3,0,3,0,0,1,1,0,0,0,0,12.836077,50.860935
24,18,7,0,17,7,3,5,2,0,0,1,1,0,0,0,0,12.499223,50.707413
11,18,7,0,8,3,3,4,2,0,0,1,1,0,0,0,0,12.917772,50.829635
30,18,7,0,20,7,3,8,1,1,0,1,0,0,0,0,0,12.233545,51.442141
13,18,7,0,13,7,3,5,3,0,0,1,0,0,0,0,0,12.376321,51.336906
29,18,7,0,10,2,2,5,2,0,0,1,1,0,0,0,0,12.859405,51.21191
26,18,7,0,22,7,3,0,1,2,0,1,0,0,0,0,0,14.632182,51.499652
12,18,7,0,21,7,3,4,6,2,0,1,0,0,0,0,0,13.751284,51.066552
13,18,7,0,15,2,3,5,3,0,0,1,1,0,0,0,0,12.402175,51.33984
13,18,7,0,17,2,3,5,3,0,0,1,1,0,0,0,0,12.367403,51.332022
11,18,7,0,18,7,3,1,5,0,0,1,1,0,0,0,0,12.930072,50.847546
13,18,7,0,9,2,3,5,3,0,0,1,1,0,0,0,0,12.390782,51.29509
13,18,7,0,9,2,3,5,3,0,0,1,1,0,0,0,0,12.419555,51.364661
13,18,7,0,7,6,3,5,3,0,0,1,1,0,0,0,0,12.396407,51.299879
13,18,7,0,17,6,3,5,3,0,0,1,1,0,0,0,0,12.378379,51.33221
12,18,7,0,21,2,3,5,3,2,0,1,0,0,0,0,1,13.781111,51.035759
30,18,7,0,15,6,3,1,5,0,0,1,1,0,0,0,0,12.485903,51.388328
26,18,7,0,10,6,2,5,3,0,0,1,1,0,0,0,0,14.650937,50.954454
12,18,7,0,13,2,3,0,7,0,0,1,1,0,0,0,0,13.809608,51.045892
12,18,7,0,10,2,3,5,2,0,0,1,1,0,0,0,0,13.775655,51.045353
12,18,7,0,14,2,2,6,3,0,0,1,0,1,0,0,0,13.749691,51.064977
12,18,7,0,11,2,3,1,7,0,0,1,0,0,0,0,1,13.804368,51.049652
12,18,7,0,7,6,3,5,3,0,0,1,1,0,0,0,0,13.692008,51.049063
12,18,7,0,8,6,3,3,6,0,0,1,0,0,0,0,1,13.757688,51.069259
24,18,8,0,19,4,2,8,1,0,0,1,0,0,0,0,0,12.601792,50.723249
11,18,7,0,5,6,2,0,1,0,0,1,0,0,0,0,0,12.89829,50.799179
30,18,7,0,7,5,3,5,3,0,0,1,1,0,0,0,0,12.32802,51.533884
13,18,7,0,15,5,2,5,2,0,0,1,1,0,0,0,0,12.30464,51.343773
13,18,7,0,10,1,3,5,3,0,0,1,1,0,0,0,0,12.372968,51.301356
13,18,7,0,15,5,3,6,6,0,0,1,0,1,0,0,0,12.473452,51.345838
13,18,7,0,16,5,3,5,3,0,0,1,1,0,0,0,0,12.396122,51.341097
25,18,7,0,17,1,2,0,7,0,0,1,0,0,0,0,0,14.430634,51.067728
12,18,7,0,3,1,3,8,1,2,0,1,0,0,0,0,0,13.753434,51.070547
13,18,7,0,18,5,3,0,5,0,0,1,0,0,0,0,1,12.387234,51.34371
26,18,7,0,8,5,2,0,1,0,0,1,1,0,0,0,0,14.8084,50.896349
22,18,7,0,17,1,3,2,3,0,0,1,1,0,0,0,0,13.347286,50.916567
27,18,7,0,0,5,3,0,1,2,0,1,0,0,0,0,0,13.724978,51.216605
13,18,7,0,19,7,3,5,2,0,0,1,1,0,0,0,0,12.373357,51.31066
25,18,7,0,20,7,2,0,1,1,0,1,0,0,0,0,0,14.094298,51.276405