CSV=`UKREIS,UJAHR,UMONAT,UTAG,USTUNDE,UWOCHENTAG,UKATEGORIE,UART,UTYP,LICHT,USTRZUSTAND,IstRad,IstPKW,IstFuss,IstKrad,IstGkfz,IstSonstig,@lon,@lat
12,18,7,0,16,5,3,8,1,0,0,1,0,0,0,0,0,13.735236,51.046717
25,18,7,0,10,7,3,3,2,0,0,1,1,0,0,0,0,14.232926,51.438369
12,18,7,0,17,5,3,5,2,0,0,1,1,0,0,0,0,13.782337,51.047625
11,18,7,0,8,5,3,5,2,0,0,1,1,0,0,0,0,12.910686,50.814656
11,18,7,0,17,5,3,0,3,0,0,1,1,0,0,0,0,12.842904,50.818688
22,18,7,0,15,7,3,6,6,0,0,1,0,1,0,0,0,13.006532,51.036691
22,18,7,0,18,7,3,0,6,0,0,1,1,0,0,0,0,13.111069,51.144382
11,18,7,0,16,5,3,5,3,0,0,1,1,0,0,0,0,12.897444,50.823424
23,18,7,0,7,6,2,4,1,0,0,1,0,0,0,1,0,12.239148,50.464484
13,18,7,0,16,4,2,3,2,0,0,1,1,0,0,0,0,12.373588,51.332956
24,18,8,0,8,4,3,4,1,0,0,1,1,0,0,0,0,12.701802,50.782064
13,18,7,0,19,6,3,5,3,0,1,1,1,0,0,0,0,12.386239,51.343262
13,18,7,0,14,4,2,5,3,0,0,1,0,0,0,0,1,12.376768,51.320518
13,18,7,0,14,4,3,3,4,0,0,1,1,1,0,0,0,12.380708,51.339079
30,18,7,0,19,4,2,1,3,0,0,1,1,0,0,0,0,12.988832,51.369176
26,18,7,0,22,4,3,0,7,2,0,1,0,0,0,0,0,14.694785,50.976316
26,18,7,0,6,4,3,4,6,0,0,1,0,0,0,0,0,14.640969,51.503653
28,18,7,0,15,4,3,4,3,0,0,1,1,0,0,0,0,13.9089,50.958695
25,18,7,0,19,6,3,5,3,0,0,1,1,0,0,0,0,14.269719,51.442831
12,18,7,0,19,4,3,0,7,0,0,1,1,0,0,0,0,13.756472,51.065682
28,18,7,0,22,6,3,5,3,2,0,1,0,0,0,0,0,13.87052,50.979556
12,18,7,0,13,4,3,5,3,0,0,1,1,0,0,0,0,13.689939,51.079116
12,18,7,0,6,4,3,5,2,0,0,1,1,0,0,0,0,13.709305,51.089622
12,18,7,0,17,6,3,5,3,0,0,1,1,0,0,0,0,13.737003,51.037731
11,18,7,0,17,6,3,0,1,0,1,1,0,0,0,0,0,12.92099,50.824527
12,18,7,0,15,4,2,5,3,0,0,1,1,0,0,0,0,13.700595,51.082239
24,18,7,0,10,5,3,0,7,0,0,1,1,0,0,0,0,12.542415,50.818908
29,18,7,0,10,5,3,8,7,0,0,1,0,0,0,0,1,12.679112,51.06606
29,18,7,0,16,3,3,1,7,0,0,1,1,0,0,0,0,12.747384,51.369645
13,18,7,0,16,5,3,2,6,0,0,1,0,0,0,0,0,12.431014,51.33079
13,18,7,0,22,5,3,5,3,2,0,1,1,0,0,0,0,12.37694,51.344931
13,18,7,0,18,3,3,3,5,0,0,1,1,0,0,0,0,12.375948,51.310438
13,18,7,0,15,5,3,4,6,0,0,1,0,0,0,0,0,12.410304,51.402487
13,18,7,0,7,3,2,4,2,0,0,1,1,0,0,0,0,12.376402,51.310398
26,18,7,0,13,3,3,5,3,0,0,1,1,0,0,0,0,14.648016,51.5048
25,18,7,0,14,3,3,3,6,0,0,1,0,0,0,0,0,14.246268,51.435162
12,18,7,0,8,3,3,6,6,0,0,1,0,1,0,0,0,13.689083,51.047688
12,18,8,0,8,4,3,0,7,0,0,1,0,0,0,0,0,13.77664,51.04687
13,18,7,0,11,5,3,4,2,0,0,1,1,0,0,0,0,12.406046,51.346286
12,18,7,0,14,3,3,0,1,0,0,1,0,0,0,0,0,13.741649,51.02362
12,18,7,0,5,3,3,5,3,0,0,1,1,0,0,0,0,13.771271,51.024269
26,18,7,0,7,5,2,5,3,0,0,1,1,0,0,0,0,14.779936,50.88032
12,18,7,0,16,3,2,0,1,0,0,1,0,0,0,0,0,13.766772,51.041794
12,18,8,0,8,4,3,5,3,0,0,1,0,0,0,1,0,13.736805,51.047854
11,18,7,0,23,3,3,8,7,2,0,1,0,0,0,0,0,12.913481,50.838114
12,18,8,0,17,4,3,5,6,0,0,1,1,0,0,0,0,13.758204,51.05396
12,18,7,0,6,5,3,5,3,0,0,1,1,0,0,0,0,13.672723,51.052889
23,18,7,0,12,2,3,5,3,0,0,1,1,0,0,0,0,12.168294,50.606933
12,18,7,0,17,5,3,1,7,0,0,1,1,0,0,0,0,13.827965,50.994988
24,18,7,0,13,2,3,5,3,0,0,1,1,0,0,0,0,12.72017,50.799589
12,18,7,0,10,5,3,8,1,0,0,1,0,0,0,0,0,13.856009,51.005232
12,18,7,0,7,5,3,5,3,0,0,1,1,0,0,0,0,13.745201,51.062835
13,18,7,0,16,2,3,5,3,0,0,1,1,0,0,0,0,12.378383,51.332213
12,18,7,0,7,5,3,5,1,0,0,1,1,0,0,0,0,13.763715,51.110606
24,18,7,0,7,3,3,5,3,0,0,1,1,0,0,0,0,12.485433,50.703413
13,18,7,0,20,2,3,5,3,0,0,1,1,0,0,0,0,12.291767,51.413896
13,18,7,0,6,2,3,5,3,0,0,1,1,0,0,0,0,12.377006,51.390181
23,18,7,0,18,4,3,2,2,0,0,1,1,0,0,0,0,12.383787,50.480806
29,18,7,0,8,4,3,0,7,2,0,1,0,1,0,0,0,12.397652,51.187756
28,18,7,0,16,2,3,5,3,0,0,1,1,0,0,0,0,13.656499,51.016051
12,18,7,0,8,2,3,5,3,0,0,1,1,0,0,0,0,13.71823,51.031423
13,18,7,0,15,3,3,6,4,0,0,1,0,1,0,0,0,12.369705,51.360375
12,18,7,0,14,2,3,4,6,0,0,1,1,0,0,0,0,13.789635,51.033381
13,18,7,0,18,4,3,5,3,0,0,1,1,0,0,0,0,12.462275,51.366167
13,18,7,0,8,4,2,5,2,0,0,1,1,0,0,0,0,12.388419,51.326014
12,18,7,0,7,2,2,0,7,0,0,1,0,0,0,0,0,13.784343,51.060596
13,18,7,0,19,4,3,9,2,0,0,1,1,0,0,0,0,12.373493,51.302285
26,18,7,0,7,4,3,5,3,0,0,1,1,0,0,0,0,14.666605,51.095424
12,18,7,0,15,2,3,5,3,0,0,1,1,0,0,0,0,13.791134,51.029577
11,18,7,0,7,2,3,0,1,0,0,1,0,0,0,0,0,12.952207,50.821883
12,18,7,0,8,4,3,0,7,0,0,1,0,0,0,0,0,13.757717,51.066853
13,18,7,0,19,1,2,1,5,0,0,1,1,0,0,0,0,12.376555,51.342352
13,18,7,0,14,1,2,5,2,0,0,1,1,0,0,0,0,12.327941,51.302357
28,18,7,0,0,1,3,0,6,2,0,1,0,0,0,0,1,14.205259,51.005627
11,18,7,0,15,4,3,6,6,0,0,1,0,1,0,0,0,12.923544,50.834871
28,18,7,0,10,1,3,0,1,0,0,1,0,0,0,0,0,13.872137,50.978074
12,18,7,0,19,1,3,1,7,0,0,1,1,0,0,0,0,13.640292,51.089084
30,18,7,0,9,3,3,5,3,0,0,1,1,0,0,0,0,13.11299,51.294447
22,18,7,0,18,1,3,7,5,0,0,1,1,0,0,0,0,13.05508,50.951505
13,18,7,0,10,3,3,1,5,0,0,1,1,0,0,0,0,12.365095,51.370113
22,18,7,0,12,1,3,0,7,0,0,1,0,0,0,0,0,13.33369,50.867186
24,18,7,0,12,7,2,8,6,0,0,1,1,0,0,0,0,12.473739,50.638821
13,18,7,0,11,7,3,4,2,0,0,1,1,0,0,0,0,12.405936,51.345511
13,18,7,0,11,7,3,1,5,0,0,1,1,0,0,0,0,12.339763,51.37003
13,18,7,0,18,3,3,3,5,0,0,1,1,0,0,0,0,12.408253,51.345406
13,18,7,0,6,3,2,5,3,0,0,1,0,0,0,0,1,12.357014,51.32049
28,18,7,0,14,7,2,0,1,0,0,1,0,0,0,0,0,13.657012,50.922592
12,18,7,0,18,7,3,5,3,0,0,1,1,0,0,0,0,13.692656,51.085674
12,18,7,0,10,3,3,5,3,0,0,1,1,0,0,0,0,13.704762,51.046324
12,18,7,0,16,7,3,0,1,0,0,1,1,0,0,0,0,13.682809,51.05991
12,18,7,0,17,3,3,3,2,0,0,1,0,0,0,0,1,13.828619,51.010866
21,18,7,0,18,7,2,0,3,0,0,1,1,0,0,0,0,12.767847,50.713671
12,18,7,0,20,3,3,8,1,0,0,1,0,0,0,0,0,13.816204,51.016226
22,18,7,0,17,7,2,0,1,0,0,1,0,0,0,0,0,12.81443,50.903641
23,18,7,0,10,6,3,0,7,0,0,1,0,1,0,0,0,12.281174,50.314181
13,18,7,0,17,2,3,5,1,0,0,1,1,0,0,0,0,12.382033,51.332614
13,18,7,0,13,6,3,5,3,0,0,1,1,0,0,0,0,12.32974,51.33446
13,18,7,0,20,2,3,5,3,0,0,1,1,0,0,0,0,12.376575,51.346006
26,18,7,0,14,2,3,0,7,0,0,1,0,0,0,0,0,14.811911,50.88632
13,18,7,0,9,6,3,0,2,0,0,1,1,0,0,0,0,12.395075,51.318575
13,18,7,0,10,6,3,1,6,0,0,1,1,0,0,0,0,12.37582,51.330955
22,18,8,0,19,6,3,6,6,0,0,1,0,1,0,0,0,13.025838,51.073426
22,18,8,0,21,6,3,5,3,2,0,1,1,0,0,0,0,13.032149,50.911702
24,18,8,0,11,5,3,5,3,0,0,1,1,0,0,0,0,12.761785,50.858666
25,18,8,0,7,4,3,1,7,0,0,1,1,0,0,0,0,14.267643,51.431574
30,18,8,0,8,5,2,6,6,0,0,1,0,1,0,0,0,13.100639,51.290589
25,18,8,0,8,4,3,0,7,0,0,1,0,0,0,0,0,14.430886,51.174565
29,18,8,0,14,5,3,5,3,0,0,1,1,0,0,0,0,12.59355,51.280906
13,18,8,0,6,5,3,5,3,0,0,1,1,0,0,0,0,12.366698,51.340551
25,18,8,0,18,5,2,0,1,0,0,1,0,0,0,0,0,13.908234,51.108306
28,18,8,0,6,5,3,0,1,0,0,1,0,0,0,0,0,14.223051,51.061613
12,18,8,0,15,4,3,5,2,0,0,1,1,0,0,0,0,13.793777,51.025581
30,18,8,0,15,7,3,6,6,0,0,1,0,1,0,0,0,12.341417,51.434477
12,18,8,0,16,5,3,5,2,0,0,1,1,0,0,0,0,13.73105,51.042424
12,18,8,0,17,5,3,5,2,0,0,1,1,0,0,0,0,13.7928,51.059326
11,18,8,0,7,4,3,3,6,0,0,1,0,0,0,0,1,12.932394,50.821538
30,18,8,0,6,3,3,1,2,0,0,1,1,0,0,0,0,12.632287,51.46106
13,18,8,0,20,3,3,6,4,1,0,1,0,1,0,0,0,12.405903,51.345215
30,18,8,0,13,4,2,5,3,0,0,1,1,0,0,0,0,12.999941,51.563599
13,18,8,0,13,4,3,3,2,0,0,1,1,0,0,0,0,12.335819,51.327645
13,18,8,0,7,4,3,7,7,0,0,1,0,0,0,0,0,12.418967,51.331892
13,18,8,0,8,3,3,0,6,0,0,1,0,0,0,0,0,12.378158,51.375762
13,18,8,0,16,3,3,4,2,0,0,1,1,0,0,0,0,12.37088,51.335077
26,18,8,0,18,3,2,8,6,0,0,1,1,0,0,0,0,14.665531,51.087468
13,18,8,0,17,4,3,1,3,0,0,1,0,0,0,0,1,12.358026,51.342151
28,18,8,0,17,4,3,3,6,0,0,1,1,0,0,0,0,14.182132,51.021981
12,18,8,0,12,4,3,5,2,0,0,1,1,0,0,0,0,13.830022,51.010265
12,18,8,0,9,4,3,5,3,0,0,1,1,0,0,0,0,13.759072,51.044435
12,18,8,0,16,4,3,4,3,0,0,1,1,0,0,0,0,13.757781,51.047254
12,18,8,0,14,3,3,0,1,0,0,1,0,0,0,0,0,13.728413,51.061014
12,18,8,0,13,3,3,3,6,0,0,1,1,0,0,0,0,13.796742,51.022793
25,18,8,0,19,7,3,4,6,0,0,1,0,0,0,0,1,14.458678,51.19548
12,18,8,0,18,3,3,5,3,0,0,1,1,0,0,0,0,13.775195,51.032836
21,18,8,0,18,4,2,2,6,0,0,1,0,0,0,0,0,12.716374,50.739138
12,18,8,0,16,3,2,5,3,0,0,1,1,0,0,0,0,13.738297,51.039265
12,18,8,0,11,3,3,5,3,0,0,1,0,0,0,0,1,13.773812,51.046026
11,18,8,0,18,4,3,0,7,0,0,1,0,1,0,0,0,12.891825,50.792938
11,18,8,0,17,4,3,5,3,0,0,1,1,0,0,0,0,12.94088,50.842145
22,18,8,0,15,3,3,1,7,0,0,1,1,0,0,0,0,13.343101,50.917867
24,18,8,0,16,3,3,5,3,0,0,1,1,0,0,0,0,12.79216,50.8534
11,18,8,0,16,3,3,0,7,0,0,1,1,0,0,0,0,12.918445,50.834975
30,18,8,0,11,3,3,5,3,0,0,1,1,0,0,0,0,12.321729,51.520861
13,18,8,0,9,3,3,5,3,0,0,1,1,0,0,0,0,12.405853,51.344692
13,18,8,0,17,3,3,5,3,0,0,1,1,0,0,0,0,12.317731,51.350116
13,18,8,0,8,2,3,5,2,0,0,1,1,0,0,0,0,12.411391,51.331017
13,18,8,0,14,2,3,3,2,0,0,1,1,0,0,0,0,12.368605,51.315937
13,18,8,0,17,3,3,3,2,0,0,1,1,0,0,0,0,12.367555,51.367208
13,18,8,0,11,2,2,5,3,0,0,1,1,0,0,0,0,12.370859,51.335025
13,18,8,0,15,2,3,5,3,0,0,1,1,0,0,0,0,12.409052,51.3445
12,18,8,0,19,3,3,5,2,0,0,1,1,0,0,0,0,13.718427,51.087718
12,18,8,0,15,3,3,6,6,0,0,1,0,1,0,0,0,13.80066,51.006199
12,18,8,0,18,3,3,5,2,0,0,1,1,0,0,0,0,13.744988,51.072314
12,18,8,0,16,2,3,3,6,0,0,1,0,0,0,0,1,13.741375,51.023649
12,18,8,0,7,3,3,5,3,0,0,1,1,0,0,0,0,13.782788,51.042582
12,18,8,0,16,2,3,0,1,0,0,1,0,0,0,0,0,13.717541,51.028382
12,18,8,0,15,3,3,5,3,0,0,1,1,0,0,0,0,13.802848,51.040301
12,18,8,0,10,2,3,5,3,0,0,1,1,0,0,0,0,13.757834,51.05145
12,18,8,0,16,3,3,5,2,0,0,1,1,0,0,0,1,13.757935,51.032867
12,18,8,0,15,2,3,5,3,0,0,1,0,0,0,0,0,13.793497,51.025692
12,18,8,0,16,3,3,2,6,0,0,1,1,0,0,0,0,13.769783,51.044754
12,18,8,0,17,2,3,0,7,0,0,1,1,0,0,0,0,13.749634,51.043108
12,18,8,0,9,3,2,3,3,0,0,1,0,0,0,1,0,13.705392,51.04336
12,18,8,0,7,2,2,5,3,0,0,1,0,0,0,1,0,13.831319,50.999653
28,18,8,0,11,7,3,0,1,0,1,1,0,0,0,0,0,13.872049,50.976382
22,18,8,0,19,3,2,5,3,0,0,1,1,0,0,0,0,13.34945,50.906773
21,18,8,0,18,3,3,6,4,0,0,1,0,1,0,0,0,12.939279,50.73545
12,18,8,0,5,7,3,0,1,2,0,1,0,0,0,0,0,13.753266,51.065345
11,18,8,0,5,3,2,5,2,1,0,1,1,0,0,0,0,12.854621,50.86727
22,18,8,0,12,2,2,4,6,0,0,1,1,0,0,0,0,13.218756,50.942605
30,18,8,0,13,2,3,5,3,0,0,1,0,0,1,0,0,12.662842,51.468008
13,18,8,0,11,2,3,2,2,0,0,1,1,0,0,0,0,12.366026,51.327137
12,18,8,0,5,7,2,0,1,1,1,1,0,0,0,0,0,13.778057,51.052914
30,18,8,0,13,1,3,2,6,0,0,1,0,0,0,0,0,12.382572,51.426351
29,18,8,0,13,1,3,4,6,0,0,1,0,0,0,0,0,12.698919,51.158188
13,18,8,0,20,1,3,5,3,0,0,1,1,0,0,0,0,12.372837,51.356275
26,18,8,0,5,1,3,0,1,0,1,1,0,0,0,0,0,14.981201,51.145536
28,18,8,0,12,1,2,4,6,0,0,1,0,0,0,0,0,13.896032,50.961585
27,18,8,0,19,1,3,5,3,0,0,1,1,0,0,0,0,13.587314,51.130841
12,18,8,0,16,2,3,4,6,0,0,1,1,0,0,0,0,13.681142,51.042377
12,18,8,0,0,1,3,0,1,2,0,1,0,0,0,0,0,13.809748,51.049249
12,18,8,0,10,2,3,5,2,0,0,1,1,0,0,0,0,13.828291,51.02473
12,18,8,0,14,1,3,6,4,0,0,1,0,1,0,0,0,13.805276,51.051553
29,18,8,0,20,1,3,5,3,0,0,1,1,0,0,0,0,12.410634,51.196728
13,18,8,0,18,1,2,5,3,0,0,1,1,0,0,0,0,12.285449,51.360367
12,18,8,0,16,1,3,0,1,0,0,1,0,0,0,0,0,13.846348,51.007815
24,18,8,0,16,7,3,0,7,0,1,1,0,0,0,0,0,12.54108,50.813176
13,18,8,0,18,7,3,5,3,0,0,1,1,0,0,0,0,12.424301,51.304482
13,18,8,0,15,7,3,5,3,0,0,1,1,0,0,0,0,12.37703,51.344507
23,18,8,0,8,7,3,4,2,0,0,1,1,0,0,0,0,12.168097,50.607159
25,18,8,0,17,7,3,5,3,0,0,1,1,0,0,0,0,13.924595,51.117828
13,18,8,0,7,6,3,5,3,0,0,1,1,0,0,0,0,12.328546,51.372909
25,18,8,0,0,7,3,0,7,2,0,1,0,0,0,0,0,14.394964,51.412364
28,18,8,0,11,7,3,0,7,0,0,1,0,0,0,0,1,13.937611,50.967172
13,18,8,0,14,6,3,3,2,0,0,1,1,0,0,0,0,12.345767,51.327679
30,18,8,0,19,7,3,4,6,0,0,1,1,0,0,0,0,12.490094,51.388692
12,18,8,0,11,7,3,5,2,0,0,1,1,0,0,0,0,13.807504,51.034954
13,18,8,0,15,6,3,5,3,0,0,1,1,0,0,0,0,12.376798,51.321436
12,18,8,0,12,7,3,5,3,0,0,1,1,0,0,0,0,13.748921,51.051259
13,18,8,0,15,7,2,1,5,0,0,1,1,0,0,0,0,12.368011,51.361866
12,18,8,0,9,7,3,5,3,0,0,1,1,0,0,0,0,13.746476,51.038444
25,18,8,0,17,7,3,0,3,0,0,1,1,0,0,0,0,14.222637,51.435515
25,18,8,0,12,7,2,4,6,0,1,1,1,0,0,0,0,14.436947,51.122745
11,18,8,0,0,7,3,0,1,2,0,1,0,0,0,0,0,12.921999,50.833661
28,18,8,0,14,7,2,0,4,0,0,1,0,1,0,0,0,13.954912,50.965235
11,18,8,0,14,7,3,0,7,0,0,1,0,0,0,0,0,12.922874,50.835659
11,18,8,0,22,7,2,5,3,2,0,1,1,0,0,0,0,12.916883,50.856281
13,18,8,0,17,7,3,3,2,0,0,1,1,0,0,0,0,12.390857,51.338655
11,18,8,0,18,7,3,6,6,0,0,1,0,1,0,0,0,12.9216,50.834248
12,18,8,0,7,6,3,5,3,0,0,1,1,0,0,0,0,13.796856,51.049985
13,18,8,0,22,6,2,0,1,2,0,1,0,0,0,0,0,12.347517,51.350357
13,18,8,0,7,6,2,5,3,0,0,1,1,0,0,0,0,12.325993,51.373813
12,18,8,0,17,6,3,8,1,0,0,1,0,0,0,0,0,13.724083,51.075809
13,18,8,0,20,6,3,5,3,0,0,1,1,0,0,0,0,12.38501,51.363092
24,18,8,0,10,6,2,5,3,0,0,1,1,0,0,0,0,12.752917,50.85826
13,18,8,0,10,6,3,5,3,0,0,1,1,0,0,0,0,12.367599,51.327407
13,18,8,0,15,6,2,5,2,0,0,1,0,0,0,1,0,12.358646,51.342036
29,18,8,0,14,6,3,5,3,0,0,1,1,0,0,0,0,12.578313,51.329947
29,18,8,0,15,6,2,5,3,0,0,1,1,0,0,0,0,12.50882,51.128831
25,18,8,0,23,6,3,0,1,2,0,1,0,0,0,0,0,14.452359,51.174843
13,18,8,0,7,6,3,3,2,0,0,1,1,0,0,0,0,12.384898,51.338147
12,18,8,0,17,6,3,0,1,0,0,1,0,0,0,0,0,13.7536,51.070497
12,18,8,0,11,6,3,6,4,0,0,1,0,1,0,0,0,13.754545,51.069797
26,18,8,0,17,6,3,1,5,0,1,1,1,0,0,0,0,14.977528,51.145704
12,18,8,0,9,6,2,5,2,0,0,1,0,0,0,0,1,13.754768,51.046281
28,18,8,0,18,6,3,5,3,0,0,1,1,0,0,0,0,14.283143,50.972628
12,18,8,0,7,6,2,7,1,0,0,1,0,0,0,0,0,13.732511,51.056253
12,18,8,0,9,6,3,5,3,0,0,1,1,0,0,0,0,13.791445,51.050705
12,18,8,0,18,6,3,0,7,0,0,1,0,0,0,0,0,13.708763,51.078965
21,18,8,0,20,6,3,6,6,0,0,1,0,1,0,0,0,13.016071,50.596277
11,18,8,0,14,6,3,3,2,0,0,1,1,0,0,0,0,12.901159,50.816455
21,18,8,0,18,6,3,5,3,0,0,1,1,0,0,0,0,13.169643,50.648022
24,18,8,0,23,5,2,8,1,2,0,1,0,0,0,0,0,12.524777,50.726139
30,18,8,0,12,5,3,0,7,0,0,1,1,0,0,0,0,12.359749,51.47893
13,18,8,0,15,5,3,2,2,0,0,1,1,0,0,0,0,12.378723,51.345009
29,18,8,0,18,5,3,3,2,0,0,1,0,0,0,0,1,12.59355,51.280906
13,18,8,0,15,5,3,5,2,0,0,1,0,0,1,0,0,12.357962,51.37948
13,18,8,0,15,5,3,5,3,0,0,1,1,0,0,0,0,12.32563,51.31218
30,18,8,0,14,5,3,3,6,0,0,1,1,0,0,0,0,12.488071,51.374917
13,18,8,0,16,5,3,5,3,0,0,1,1,0,0,0,0,12.267982,51.3209
13,18,8,0,16,5,2,5,3,0,0,1,0,0,0,0,0,12.376531,51.350287
25,18,8,0,9,5,3,1,5,0,0,1,1,0,0,0,0,14.429634,51.178114
13,18,8,0,15,5,3,5,2,0,0,1,1,0,0,0,0,12.367444,51.341168
12,18,8,0,17,5,3,4,6,0,0,1,0,0,0,0,0,13.845672,51.017492
12,18,8,0,17,5,2,2,6,0,0,1,1,0,0,0,0,13.742349,51.068356
12,18,8,0,8,5,2,5,3,0,0,1,1,0,0,0,0,13.831952,51.027273
25,18,8,0,22,5,2,5,3,2,0,1,1,0,0,0,0,14.26964,51.442849
12,18,8,0,17,5,3,5,2,0,0,1,1,0,0,0,0,13.721458,51.05563
13,18,8,0,10,4,3,5,3,0,0,1,1,0,0,0,0,12.373483,51.351702
13,18,8,0,17,4,2,0,1,0,0,1,0,0,0,0,0,12.310542,51.328671
13,18,8,0,18,5,3,4,2,0,1,1,1,0,0,0,0,12.384897,51.338145
12,18,8,0,16,4,3,1,7,0,0,1,1,0,0,0,0,13.719905,51.037487
22,18,8,0,14,2,3,3,6,0,0,1,0,0,0,0,1,13.340725,50.914598
12,18,8,0,8,5,3,0,1,0,1,1,0,0,0,0,0,13.691404,51.051674
30,18,8,0,16,1,3,0,1,0,0,1,0,0,0,0,0,12.633831,51.449683
25,18,8,0,14,5,3,2,6,0,1,1,0,0,0,0,0,14.269954,51.442525
13,18,8,0,16,1,2,5,3,0,0,1,1,0,0,0,0,12.404288,51.332845
25,18,8,0,18,1,3,3,6,0,0,1,0,0,0,0,0,14.112322,51.28299
13,18,8,0,6,6,3,5,3,1,0,1,1,0,0,0,0,12.340226,51.393046
26,18,8,0,12,1,3,8,6,0,0,1,0,0,1,0,0,14.851954,51.197654
12,18,8,0,22,5,3,7,7,2,0,1,0,0,0,0,0,13.689607,51.011508
27,18,8,0,11,1,3,8,1,0,0,1,0,0,0,0,0,13.285905,51.298686
22,18,8,0,6,2,3,3,6,0,0,1,1,0,0,0,0,13.329287,50.935818
28,18,8,0,11,1,3,0,1,0,0,1,0,0,0,0,0,13.932749,50.967952
12,18,8,0,18,1,3,1,5,0,0,1,1,0,0,0,0,13.75389,51.066525
11,18,8,0,18,1,3,4,2,0,0,1,1,0,0,0,0,12.92654,50.833817
28,18,8,0,14,6,3,5,2,0,0,1,1,0,0,0,0,13.864083,50.979968
13,18,8,0,18,4,3,3,6,0,0,1,0,0,0,0,0,12.367991,51.33473
13,18,8,0,13,7,3,6,4,0,0,1,0,1,0,0,0,12.37446,51.33423
13,18,8,0,12,7,3,5,3,0,0,1,1,0,0,0,0,12.451868,51.316524
29,18,8,0,10,5,3,5,2,0,0,1,1,0,0,0,0,12.741578,51.372616
13,18,8,0,11,4,2,5,3,0,0,1,1,0,0,0,0,12.445922,51.348044
13,18,8,0,10,3,3,5,3,0,0,1,1,0,0,0,0,12.373344,51.35306
27,18,8,0,10,7,3,0,1,0,0,1,0,0,0,0,0,13.528505,51.293524
13,18,8,0,8,5,3,3,2,0,1,1,1,0,0,0,0,12.37684,51.343395
12,18,8,0,13,7,3,0,1,0,0,1,0,0,0,0,0,13.768976,51.043994
13,18,8,0,16,3,3,5,2,0,0,1,1,0,0,0,0,12.380649,51.330827
13,18,8,0,9,3,3,1,5,0,0,1,1,0,0,0,0,12.392028,51.337197
12,18,8,0,11,7,3,5,2,0,0,1,1,0,0,0,0,13.75577,51.047248
12,18,8,0,18,7,2,6,4,0,0,1,0,1,0,0,0,13.736661,51.046908
24,18,8,0,17,7,3,2,7,0,0,1,1,0,0,0,0,12.388907,50.815466
22,18,8,0,10,7,3,0,1,0,1,1,0,0,0,0,0,12.986408,50.990314
25,18,8,0,13,5,3,1,5,0,1,1,1,0,0,0,0,14.440634,51.173479
29,18,8,0,5,6,3,5,3,2,0,1,0,0,0,1,0,12.366367,51.182618
13,18,8,0,13,6,3,5,2,0,0,1,1,0,0,0,0,12.405881,51.33177
23,18,8,0,13,3,3,0,7,0,0,1,0,0,0,0,0,12.106476,50.496064
13,18,8,0,7,6,3,3,6,0,1,1,1,0,0,0,0,12.437793,51.327519
26,18,8,0,16,6,3,0,1,0,1,1,0,0,0,0,0,14.980918,51.145594
25,18,8,0,18,6,2,0,1,0,0,1,0,0,0,0,0,14.457057,51.157357
11,18,8,0,22,5,3,8,7,2,1,1,0,0,0,0,0,12.893799,50.830994
12,18,8,0,17,6,3,0,7,0,0,1,1,0,0,0,0,13.686595,51.05574
12,18,8,0,12,6,3,5,3,0,0,1,1,0,0,0,0,13.687905,51.042489
12,18,8,0,16,6,3,3,6,0,0,1,1,0,0,0,0,13.75262,51.043831
12,18,8,0,15,6,3,0,1,0,0,1,0,0,0,0,0,13.806536,51.039113
12,18,8,0,12,6,3,6,7,0,0,1,0,1,0,0,0,13.732284,51.088698
12,18,8,0,8,3,3,5,3,0,0,1,0,0,0,0,0,13.692656,51.053662
29,18,8,0,18,3,3,5,3,0,0,1,1,0,0,0,0,12.572505,51.354536
22,18,8,0,7,6,3,0,2,0,0,1,1,0,0,0,0,12.80736,50.908503
30,18,8,0,15,5,3,0,7,0,0,1,0,0,0,0,0,12.839395,51.586232
12,18,8,0,18,3,3,0,1,1,0,1,0,0,0,0,1,13.791945,50.999369
13,18,8,0,7,5,3,1,5,0,0,1,1,0,0,0,0,12.394964,51.34359
22,18,8,0,16,2,3,5,3,0,0,1,1,0,0,0,0,13.189549,50.88647
12,18,8,0,16,4,2,0,1,0,0,1,0,0,0,0,0,13.741608,51.023625
12,18,8,0,9,3,3,5,3,0,0,1,0,0,0,0,0,13.751198,51.067064
13,18,8,0,17,5,3,4,6,0,1,1,0,0,0,1,0,12.378535,51.322689
12,18,8,0,23,5,2,0,1,2,1,1,0,0,0,0,0,13.676601,51.04171
13,18,8,0,15,5,3,5,3,0,0,1,1,0,0,0,0,12.430206,51.305316
13,18,8,0,18,5,3,5,2,0,1,1,1,0,0,0,0,12.365629,51.339622
12,18,8,0,16,3,3,1,1,0,0,1,1,0,0,0,0,13.729171,51.05581
13,18,8,0,15,5,2,5,3,0,0,1,0,0,1,0,0,12.376961,51.343903
13,18,8,0,14,5,3,5,3,0,0,1,1,0,0,0,0,12.367403,51.332022
25,18,8,0,8,5,3,5,3,0,0,1,1,0,0,0,0,14.257731,51.444077
27,18,8,0,12,5,3,1,5,0,0,1,1,0,0,0,0,13.269597,51.320224
27,18,8,0,12,5,3,1,5,0,0,1,1,0,0,0,0,13.30777,51.057686
13,18,8,0,11,6,3,5,3,0,0,1,1,0,0,0,0,12.376611,51.314794
12,18,8,0,17,5,3,3,6,0,0,1,0,0,0,0,0,13.787104,51.043328
12,18,8,0,7,5,3,0,3,0,1,1,1,0,0,0,0,13.7496,51.0336
12,18,8,0,18,3,2,0,1,0,0,1,0,0,0,0,0,13.823828,51.012918