CSV=`UKREIS,UJAHR,UMONAT,UTAG,USTUNDE,UWOCHENTAG,UKATEGORIE,UART,UTYP,LICHT,USTRZUSTAND,IstRad,IstPKW,IstFuss,IstKrad,IstGkfz,IstSonstig,@lon,@lat
12,18,8,0,14,5,2,6,4,0,0,1,0,1,0,0,0,13.774134,51.048603
12,18,8,0,16,5,3,5,3,0,0,1,1,0,0,0,0,13.757792,51.051457
12,18,8,0,17,5,3,2,6,0,0,1,0,0,0,0,0,13.811303,51.050258
30,18,8,0,15,4,2,5,3,0,0,1,0,0,0,0,1,12.308278,51.548889
12,18,8,0,7,3,3,3,6,0,0,1,1,0,0,0,0,13.748696,51.044372
22,18,8,0,16,5,3,5,3,0,0,1,1,0,0,0,0,13.115944,51.120797
30,18,8,0,13,5,3,1,5,0,0,1,1,0,0,0,0,12.638645,51.455973
23,18,8,0,17,4,3,5,3,0,0,1,1,0,0,0,0,12.416977,50.49879
13,18,8,0,10,4,3,5,2,0,0,1,1,0,0,0,0,12.350542,51.332651
13,18,8,0,13,4,3,6,4,0,0,1,0,1,0,0,0,12.3734,51.363082
13,18,8,0,17,4,2,5,3,0,0,1,1,0,0,0,0,12.366711,51.340545
13,18,8,0,16,4,3,5,3,0,0,1,1,0,0,0,0,12.425927,51.320669
22,18,8,0,16,3,2,5,3,0,0,1,1,0,0,0,0,13.174861,50.860777
13,18,8,0,18,4,2,3,3,0,0,1,1,0,0,0,0,12.409271,51.371629
28,18,8,0,13,4,3,9,1,0,0,1,0,0,0,0,0,13.872025,50.97608
13,18,8,0,18,5,3,3,7,0,1,1,1,0,0,0,0,12.376357,51.338855
12,18,8,0,7,4,3,5,2,0,0,1,1,0,0,0,0,13.757369,51.027233
12,18,8,0,13,4,3,1,1,0,0,1,0,0,0,0,1,13.80965,50.997842
24,18,8,0,16,6,2,0,6,0,0,1,1,0,0,0,0,12.61789,50.760822
12,18,8,0,10,5,2,0,1,0,1,1,0,0,0,0,0,13.719504,51.059472
13,18,8,0,16,2,3,2,6,0,0,1,1,0,0,0,0,12.380088,51.329347
12,18,8,0,13,4,3,0,1,0,0,1,0,0,0,0,0,13.804823,51.032564
13,18,8,0,11,6,3,3,2,0,0,1,1,0,0,0,0,12.408336,51.340091
12,18,8,0,9,5,3,5,3,0,1,1,1,0,0,0,0,13.773575,51.048732
26,18,8,0,17,2,3,1,5,0,0,1,1,0,0,0,0,14.980418,51.144321
30,18,8,0,12,3,3,5,7,0,0,1,1,0,0,0,0,12.656464,51.465958
13,18,8,0,8,3,3,3,5,0,0,1,1,0,0,0,0,12.376445,51.308682
13,18,8,0,7,3,2,5,3,0,1,1,1,0,0,0,0,12.338741,51.327997
29,18,8,0,10,3,3,5,3,0,0,1,0,0,0,0,0,12.376385,51.283347
27,18,8,0,14,6,3,0,1,0,0,1,0,0,0,0,0,13.632531,51.10556
13,18,8,0,17,3,2,5,2,0,0,1,1,0,0,0,0,12.309178,51.311143
27,18,8,0,10,2,2,3,6,0,0,1,0,0,0,0,1,13.445489,51.413444
12,18,8,0,17,3,3,5,2,0,0,1,1,0,0,0,0,13.792273,51.043159
12,18,8,0,7,3,3,9,1,0,0,1,0,0,0,0,0,13.811369,51.057181
13,18,8,0,21,5,3,5,3,2,1,1,1,0,0,0,0,12.393219,51.336945
12,18,8,0,17,3,3,5,3,0,0,1,1,0,0,0,0,13.732529,51.043515
12,18,8,0,22,6,2,5,3,2,0,1,1,0,0,0,0,13.741089,51.019246
12,18,8,0,8,3,3,5,3,0,0,1,0,0,0,1,0,13.783622,51.057323
12,18,8,0,11,3,2,5,2,0,0,1,1,0,0,0,0,13.745247,51.026828
27,18,8,0,16,3,3,8,1,0,0,1,0,0,0,0,0,13.561086,51.161891
13,18,8,0,15,5,3,5,3,0,1,1,1,0,0,0,0,12.341797,51.32428
12,18,8,0,8,4,3,2,6,0,0,1,1,0,0,0,0,13.72465,51.053295
21,18,8,0,15,2,2,1,3,0,0,1,1,0,0,0,0,12.808136,50.633201
11,18,8,0,9,3,3,4,6,0,1,1,1,0,0,0,0,12.96047,50.822599
12,18,9,0,17,7,3,0,1,0,0,1,0,0,0,0,0,13.72626,51.093931
27,18,8,0,15,5,3,0,7,0,0,1,0,0,0,0,0,13.304073,51.304724
23,18,8,0,14,3,3,5,3,0,0,1,1,0,0,0,0,12.187821,50.434512
30,18,8,0,22,2,2,0,1,2,0,1,0,0,0,0,0,12.334358,51.52906
29,18,8,0,9,2,3,5,3,0,0,1,1,0,0,0,0,12.709489,51.236658
29,18,8,0,13,2,3,0,1,0,0,1,1,0,0,0,0,12.722195,51.229985
13,18,8,0,19,6,3,3,3,0,0,1,0,0,0,0,1,12.345064,51.31898
13,18,8,0,9,2,3,1,5,0,0,1,0,0,0,0,1,12.37804,51.347956
12,18,8,0,17,5,3,3,2,0,0,1,1,0,0,0,0,13.683401,51.042429
13,18,8,0,14,2,3,1,3,0,0,1,1,0,0,0,0,12.310458,51.317515
11,18,8,0,19,1,3,0,1,0,0,1,0,0,0,0,0,12.932312,50.821587
13,18,8,0,18,2,3,1,3,0,0,1,1,0,0,0,0,12.402688,51.323705
13,18,8,0,19,2,2,5,3,0,0,1,1,0,0,0,0,12.376846,51.320516
25,18,8,0,9,2,2,5,3,0,0,1,1,0,0,0,0,14.261793,51.440989
12,18,8,0,15,6,3,5,2,0,0,1,1,0,0,0,0,13.747702,51.053474
13,18,8,0,9,4,3,3,5,0,0,1,1,0,0,0,0,12.382418,51.335683
30,18,8,0,13,3,3,5,3,0,0,1,1,0,0,0,0,12.35731,51.51906
12,18,8,0,19,2,2,3,6,1,0,1,1,0,0,0,0,13.747099,51.071293
12,18,8,0,17,2,3,5,3,0,0,1,1,0,0,0,0,13.756565,51.055093
12,18,8,0,8,2,3,5,3,0,0,1,1,0,0,0,0,13.785442,51.035948
12,18,8,0,14,2,3,5,3,0,0,1,1,0,0,0,0,13.808889,51.052747
11,18,8,0,9,2,3,0,7,0,0,1,0,0,0,0,0,12.909076,50.840011
24,18,8,0,16,7,2,2,6,0,0,1,1,0,0,0,0,12.630632,50.716175
21,18,8,0,11,2,3,4,2,0,0,1,0,0,0,0,1,12.888923,50.7226
13,18,9,0,16,4,2,5,3,0,0,1,1,0,0,0,0,12.386452,51.299094
26,18,9,0,9,4,2,5,3,0,0,1,1,0,0,0,0,14.979416,51.169547
13,18,9,0,2,1,3,0,7,2,0,1,0,0,0,0,0,12.451075,51.302548
27,18,9,0,11,6,3,5,3,0,1,1,1,0,0,0,0,13.259206,51.298927
12,18,9,0,15,4,3,1,1,0,0,1,1,0,0,0,0,13.721429,51.094524
12,18,9,0,15,4,3,5,3,0,0,1,0,0,0,0,1,13.783738,51.017716
12,18,9,0,17,4,3,5,3,0,0,1,1,0,0,0,0,13.752235,51.077782
11,18,9,0,15,1,2,0,1,0,0,1,0,0,0,0,0,12.94942,50.805816
12,18,9,0,18,4,3,4,3,0,0,1,0,0,0,0,0,13.71841,51.053409
12,18,9,0,17,4,2,5,2,0,0,1,1,0,0,0,0,13.792803,51.059335
12,18,9,0,14,6,3,0,1,0,1,1,0,0,0,0,0,13.831074,50.999574
21,18,9,0,5,4,2,5,3,1,0,1,1,0,0,0,0,12.986029,50.577683
29,18,9,0,13,6,3,0,5,0,0,1,1,0,0,0,0,12.739587,51.370361
30,18,9,0,7,5,3,5,3,0,0,1,0,0,1,0,0,12.536488,51.377592
13,18,9,0,8,6,3,6,7,0,0,1,0,1,0,0,0,12.409085,51.328111
13,18,9,0,13,7,3,4,2,0,0,1,0,0,0,0,1,12.334865,51.326118
26,18,9,0,20,5,2,0,7,2,0,1,0,0,0,0,0,14.634587,51.499884
13,18,9,0,15,4,3,6,4,0,0,1,0,1,0,0,0,12.326887,51.306795
24,18,9,0,13,3,3,0,3,0,0,1,1,0,0,0,0,12.539475,50.813776
28,18,9,0,17,1,3,6,7,0,0,1,0,1,0,0,0,13.944523,50.96164
13,18,9,0,14,3,3,5,2,0,0,1,1,0,0,0,0,12.280221,51.319721
26,18,9,0,10,7,3,0,7,0,0,1,0,1,0,0,0,14.9881,51.144581
28,18,9,0,14,6,3,2,6,0,1,1,1,0,0,0,0,13.872661,50.973476
30,18,9,0,11,3,3,1,5,0,0,1,1,0,0,0,1,12.222011,51.39733
25,18,9,0,23,6,3,0,7,2,1,1,0,0,0,0,0,14.249127,51.440077
13,18,9,0,7,6,3,0,1,0,0,1,0,0,0,0,0,12.374642,51.331056
13,18,9,0,15,6,3,5,3,0,0,1,1,0,0,0,0,12.331404,51.349657
13,18,9,0,11,7,3,5,2,0,0,1,0,0,1,0,0,12.303135,51.314384
13,18,9,0,15,6,3,5,3,0,0,1,0,0,0,0,0,12.327172,51.329606
30,18,9,0,11,3,3,1,5,0,0,1,1,0,0,0,0,12.503283,51.382027
13,18,9,0,8,6,2,5,3,0,0,1,1,0,0,0,0,12.387289,51.309254
12,18,9,0,8,6,3,3,6,0,1,1,0,0,0,0,1,13.775334,51.069848
13,18,9,0,1,6,3,1,7,2,0,1,1,0,0,0,0,12.415827,51.32186
13,18,9,0,8,6,3,5,3,0,0,1,1,0,0,0,0,12.416727,51.329791
13,18,9,0,18,3,3,5,2,0,0,1,1,0,0,0,0,12.395938,51.310834
13,18,9,0,13,6,3,5,3,0,0,1,1,0,0,0,0,12.413367,51.359512
13,18,9,0,9,3,3,0,5,0,0,1,0,0,0,1,0,12.37398,51.328445
26,18,9,0,0,6,3,0,7,2,1,1,0,0,0,0,0,14.688593,51.113352
25,18,9,0,15,6,3,5,3,0,0,1,1,0,0,0,0,14.091384,51.273492
24,18,9,0,23,5,3,0,7,2,0,1,0,0,0,0,0,12.49782,50.717608
27,18,9,0,9,6,3,0,1,0,0,1,0,0,0,0,0,13.68431,51.097977
27,18,9,0,7,6,3,0,3,0,0,1,1,0,0,0,0,13.682792,51.105461
12,18,9,0,8,6,3,5,3,2,1,1,0,0,0,0,1,13.757837,51.075869
13,18,9,0,12,5,3,3,6,0,0,1,1,0,0,0,0,12.409103,51.3387
13,18,9,0,7,4,3,3,2,0,0,1,1,0,0,0,0,12.377172,51.333224
12,18,9,0,10,6,3,0,1,0,1,1,0,0,0,0,0,13.794494,51.053551
12,18,9,0,21,3,3,0,1,2,0,1,1,0,0,0,0,13.715852,51.080656
12,18,9,0,16,3,3,5,2,0,0,1,1,0,0,0,0,13.828134,50.997344
13,18,9,0,17,6,3,5,3,0,0,1,1,0,0,0,0,12.405048,51.30194
22,18,9,0,18,6,2,5,3,0,0,1,1,0,0,0,0,12.915806,50.944302
12,18,9,0,17,3,3,5,3,0,0,1,1,0,0,0,0,13.781193,51.035958
29,18,9,0,12,5,3,6,3,0,0,1,0,1,0,0,0,12.743355,51.370167
13,18,9,0,16,5,3,3,6,0,0,1,1,0,0,0,0,12.309785,51.270931
29,18,9,0,16,1,3,5,2,0,0,1,1,0,0,0,0,12.281192,51.156393
12,18,9,0,6,3,3,5,2,0,0,1,1,0,0,0,0,13.732229,51.052403
26,18,9,0,11,5,3,5,3,0,0,1,1,0,0,0,0,14.593829,50.934509
12,18,9,0,7,3,3,5,2,0,0,1,1,0,0,0,0,13.788552,51.043281
26,18,9,0,6,5,3,0,3,2,0,1,1,0,0,0,0,14.964899,51.176376
13,18,9,0,11,7,2,6,6,0,0,1,0,1,0,0,0,12.342721,51.359247
12,18,9,0,9,3,3,5,3,0,0,1,0,0,0,0,0,13.719234,51.094345
11,18,9,0,7,5,3,3,2,0,0,1,1,0,0,0,0,12.926621,50.83587
24,18,9,0,15,2,3,6,7,0,1,1,0,1,0,0,0,12.381145,50.816936
11,18,9,0,13,5,3,0,1,0,1,1,0,0,0,0,0,12.923637,50.835278
24,18,9,0,18,4,3,3,5,0,0,1,1,0,0,0,0,12.571884,50.817828
30,18,9,0,18,4,3,1,2,0,0,1,1,0,0,0,0,12.313252,51.537807
24,18,9,0,14,5,2,2,1,0,0,1,1,0,0,0,0,12.514175,50.687313
29,18,9,0,6,4,3,5,3,0,0,1,1,0,0,0,0,12.231375,51.140645
29,18,9,0,15,4,3,5,3,0,0,1,1,0,0,0,0,12.508933,51.274159
13,18,9,0,12,4,3,2,5,0,0,1,1,0,0,0,0,12.33785,51.330884
13,18,9,0,8,4,3,0,1,0,0,1,0,0,0,0,1,12.393982,51.344291
13,18,9,0,9,4,2,5,2,0,0,1,1,0,0,0,0,12.319687,51.350082
29,18,9,0,14,6,2,0,7,0,0,1,0,0,0,0,0,12.761755,51.357937
29,18,9,0,7,4,3,5,3,0,0,1,0,0,0,0,0,12.357261,51.279053
13,18,9,0,15,4,3,2,2,0,0,1,0,0,0,0,0,12.32987,51.371587
13,18,9,0,21,4,3,5,3,1,0,1,0,0,0,0,0,12.314054,51.367889
13,18,9,0,18,4,3,5,3,0,0,1,1,0,0,0,0,12.378286,51.334598
13,18,9,0,15,6,3,5,3,0,0,1,1,0,0,0,0,12.365713,51.363474
13,18,9,0,16,2,3,5,3,0,0,1,1,0,0,0,0,12.326612,51.336099
13,18,9,0,6,4,2,3,2,1,0,1,1,0,0,0,0,12.345946,51.351007
29,18,9,0,20,6,3,1,5,1,0,1,1,0,0,0,0,12.372917,51.281868
13,18,9,0,6,4,3,4,6,1,0,1,0,0,0,0,0,12.368349,51.332166
13,18,9,0,12,5,3,6,6,0,0,1,0,1,0,0,0,12.418699,51.374894
13,18,9,0,15,4,3,5,3,0,0,1,1,0,0,0,0,12.376617,51.34171
13,18,9,0,17,4,3,3,6,0,0,1,1,0,0,0,0,12.362328,51.35937
13,18,9,0,16,2,3,4,2,0,0,1,1,0,0,0,0,12.335529,51.32172
25,18,9,0,17,1,2,5,3,0,0,1,1,0,0,0,0,14.399317,51.102378
25,18,9,0,17,2,3,1,1,0,0,1,1,0,0,0,0,14.101089,51.279218
26,18,9,0,15,4,3,2,7,0,0,1,1,0,0,0,0,14.634258,51.503361
26,18,9,0,8,4,3,5,3,0,0,1,1,0,0,0,0,14.823768,51.291087
27,18,9,0,13,2,3,5,3,0,0,1,0,0,0,0,1,13.628105,51.104355
27,18,9,0,10,4,3,5,3,0,0,1,1,0,0,0,0,13.728577,51.212667
27,18,9,0,16,2,3,5,3,0,0,1,1,0,0,0,0,13.477486,51.16834
27,18,9,0,16,4,2,0,7,0,0,1,0,0,0,0,0,13.562825,51.165073
12,18,9,0,8,4,3,4,2,0,0,1,1,0,0,0,0,13.802521,50.994832
12,18,9,0,9,4,2,0,1,0,0,1,0,0,0,0,0,13.843208,51.020328
12,18,9,0,22,2,2,0,1,2,0,1,0,0,0,0,0,13.706323,51.033987
12,18,9,0,7,4,2,3,6,0,0,1,0,0,0,0,1,13.785148,51.029002
12,18,9,0,14,2,2,5,3,0,0,1,0,0,0,0,0,13.747119,51.076183
22,18,9,0,1,7,3,0,1,2,0,1,0,0,0,0,0,12.979802,50.983387
12,18,9,0,16,4,3,0,7,0,0,1,1,0,0,0,0,13.789203,51.027391
30,18,9,0,18,5,3,3,6,0,0,1,0,0,0,0,0,12.971962,51.56809
12,18,9,0,17,4,3,0,1,0,0,1,0,0,0,0,0,13.767897,51.042879
22,18,9,0,7,4,3,5,3,0,0,1,1,0,0,0,0,12.805477,50.8989
21,18,9,0,0,4,2,9,1,2,0,1,0,0,0,0,0,12.972847,50.71016
12,18,9,0,15,2,3,5,3,0,0,1,1,0,0,0,0,13.756671,51.065631
30,18,9,0,17,3,3,0,2,0,0,1,1,0,0,0,0,12.342943,51.527016
13,18,9,0,12,5,3,5,3,0,0,1,1,0,0,0,0,12.367547,51.320954
13,18,9,0,7,3,3,5,2,0,0,1,1,0,0,0,0,12.380939,51.330644
12,18,9,0,16,2,3,5,2,0,0,1,0,0,0,0,1,13.755931,51.055877
25,18,9,0,15,3,3,0,7,0,0,1,0,0,0,0,0,13.910512,51.112689
24,18,9,0,17,1,3,5,3,0,0,1,1,0,0,0,0,12.553896,50.817587
12,18,9,0,15,2,3,5,2,0,0,1,0,0,0,1,0,13.765621,51.073294
12,18,9,0,17,3,3,5,3,0,0,1,1,0,0,0,0,13.695383,51.072846
27,18,9,0,13,5,3,0,7,0,0,1,0,0,0,0,1,13.568523,51.138334
12,18,9,0,20,3,3,1,5,2,0,1,1,0,0,0,0,13.720268,51.03928
11,18,9,0,6,2,3,2,6,0,1,1,1,0,0,0,0,12.909741,50.838532
12,18,9,0,16,3,2,5,3,0,0,1,1,0,0,0,0,13.773597,51.048727
12,18,9,0,19,3,3,0,1,0,0,1,0,0,0,0,0,13.702887,51.038226
30,18,9,0,5,1,3,5,3,2,0,1,1,0,0,0,0,13.008341,51.556443
11,18,9,0,12,3,2,5,3,0,0,1,1,0,0,0,0,12.915401,50.832635
13,18,9,0,20,1,3,0,6,1,0,1,1,0,0,0,0,12.361732,51.332511
11,18,9,0,14,3,3,0,7,0,0,1,0,0,0,0,0,12.879877,50.819936
13,18,9,0,18,7,3,3,6,0,0,1,0,0,0,0,0,12.374764,51.320537
24,18,9,0,12,2,2,5,3,0,0,1,1,0,0,0,0,12.507436,50.740826
29,18,9,0,9,2,3,5,3,0,0,1,0,0,0,1,0,12.445729,51.091833
12,18,9,0,3,1,2,0,1,2,1,1,0,0,0,0,0,13.753266,51.065346
29,18,9,0,7,2,3,4,7,0,0,1,1,0,0,0,0,12.361453,51.277261
12,18,9,0,20,7,3,5,3,2,0,1,1,0,0,0,0,13.775626,51.045361
30,18,9,0,16,2,3,5,3,0,0,1,1,0,0,0,0,12.508116,51.379058
13,18,9,0,9,2,3,5,2,0,0,1,1,0,0,0,0,12.479243,51.34582
23,18,9,0,8,5,3,5,7,0,0,1,1,0,0,0,0,12.128933,50.494963
29,18,9,0,16,2,3,1,3,0,0,1,1,0,0,0,0,12.542196,51.348301
27,18,9,0,20,2,3,0,1,2,0,1,0,0,0,0,0,13.258893,51.302036
12,18,9,0,16,2,3,6,4,0,0,1,0,1,0,0,0,13.808889,51.052747
13,18,9,0,11,6,2,5,2,0,0,1,1,0,0,0,0,12.411622,51.342634
12,18,9,0,15,2,3,3,6,0,0,1,0,0,0,0,0,13.790389,51.02692
12,18,9,0,19,2,3,1,1,2,0,1,1,0,0,0,0,13.788336,51.037192
30,18,9,0,13,7,2,3,2,0,0,1,1,0,0,0,0,12.340775,51.527147
29,18,9,0,12,6,2,5,2,0,0,1,1,0,0,0,0,12.368769,51.277038
12,18,9,0,13,5,3,0,7,0,0,1,1,0,0,0,0,13.742916,51.072889
13,18,9,0,16,6,3,1,5,0,0,1,1,0,0,0,0,12.325388,51.311721
13,18,9,0,7,6,3,5,3,0,0,1,0,0,0,0,0,12.344837,51.339192
13,18,9,0,18,6,3,1,5,0,1,1,1,0,0,0,0,12.414709,51.353331
13,18,9,0,22,6,3,5,3,2,1,1,1,0,0,0,0,12.427137,51.371212
13,18,9,0,0,6,2,5,3,2,0,1,0,0,1,0,0,12.357018,51.320491
25,18,9,0,7,6,3,5,3,0,0,1,1,0,0,0,0,14.429133,51.176869
12,18,9,0,8,6,3,5,3,0,0,1,1,0,0,0,0,13.702133,51.034932
12,18,9,0,13,6,3,3,6,0,0,1,0,0,0,0,1,13.824378,51.010428
12,18,9,0,10,6,3,3,2,0,0,1,1,0,0,0,0,13.809223,51.047379
12,18,9,0,8,6,2,5,3,0,0,1,1,0,0,0,0,13.725158,51.05026
12,18,9,0,17,6,3,6,4,0,1,1,0,1,0,0,0,13.763272,51.050527
29,18,9,0,13,5,3,6,7,0,0,1,0,1,0,0,0,12.496742,51.123156
13,18,9,0,14,5,3,5,3,0,0,1,1,0,0,0,0,12.293923,51.302381
13,18,9,0,14,6,2,5,3,0,0,1,1,0,0,0,0,12.479402,51.350604
11,18,9,0,15,7,3,5,3,0,0,1,1,0,0,0,0,12.792156,50.815137
29,18,9,0,12,5,3,4,6,0,0,1,0,0,0,0,1,12.375201,51.275776
29,18,9,0,17,5,2,5,3,0,0,1,1,0,0,0,0,12.377155,51.273688
12,18,9,0,16,6,3,2,6,0,0,1,1,0,0,0,0,13.743619,51.035673
11,18,9,0,10,7,3,5,3,0,0,1,1,0,0,0,0,12.966705,50.833153
12,18,9,0,5,6,3,6,2,2,1,1,0,1,0,0,0,13.777364,51.058756
27,18,9,0,7,5,3,1,5,0,0,1,0,0,0,0,0,13.518097,51.287414
13,18,9,0,13,5,3,1,5,0,0,1,0,0,0,1,0,12.366248,51.365431
27,18,9,0,15,5,3,5,3,0,0,1,1,0,0,0,0,13.528184,51.289621
30,18,9,0,12,5,3,5,3,0,0,1,1,0,0,0,0,12.746066,51.500737
12,18,9,0,16,5,3,5,3,0,0,1,1,0,0,0,0,13.795394,51.045091
13,18,9,0,18,5,3,1,1,0,0,1,1,0,0,0,0,12.373633,51.3221
12,18,9,0,16,5,3,4,1,0,0,1,0,0,0,0,0,13.753991,51.057675
13,18,9,0,16,5,3,5,2,0,0,1,0,0,0,0,0,12.376616,51.341713
12,18,9,0,9,5,3,0,1,0,0,1,0,0,0,0,0,13.77773,51.052881
12,18,9,0,5,5,3,5,3,2,0,1,1,0,0,0,0,13.757977,51.052259
12,18,9,0,18,5,3,0,7,0,0,1,1,0,0,0,0,13.68459,51.048695
13,18,9,0,18,5,3,3,2,0,0,1,1,0,0,0,0,12.365399,51.369613
13,18,9,0,1,5,3,3,6,2,0,1,1,0,0,0,0,12.38562,51.37445
24,18,9,0,14,4,3,0,7,0,0,1,0,0,0,0,0,12.49798,50.717215
26,18,9,0,7,5,3,2,6,0,0,1,1,0,0,0,0,14.989646,51.152951
24,18,9,0,16,4,3,5,2,0,0,1,1,0,0,0,0,12.764208,50.860604
28,18,9,0,14,5,3,9,1,0,0,1,0,0,0,0,0,13.872006,50.975843
23,18,9,0,7,4,3,5,7,0,0,1,1,0,0,0,0,12.40435,50.527342
30,18,9,0,15,4,3,5,3,0,0,1,1,0,0,0,0,13.101094,51.297714
30,18,9,0,17,4,3,5,3,0,0,1,1,0,0,0,0,12.454092,51.466498
12,18,9,0,16,5,3,2,6,0,0,1,1,0,0,0,0,13.726247,51.081793
29,18,9,0,14,4,3,5,3,0,0,1,1,0,0,0,0,12.732012,51.385613
12,18,9,0,17,5,3,0,1,0,0,1,0,0,0,0,0,13.752304,51.070891
29,18,9,0,14,4,3,5,2,0,0,1,0,0,0,0,1,12.491299,51.120769
12,18,9,0,17,5,3,0,7,0,0,1,1,0,0,0,0,13.748412,51.076144
29,18,9,0,12,4,3,1,7,0,0,1,1,0,0,0,0,12.501821,51.124432
13,18,9,0,16,4,3,5,3,0,0,1,1,0,0,0,0,12.268041,51.344843
24,18,9,0,17,4,3,2,6,0,0,1,1,0,0,0,0,12.433056,50.735742
13,18,9,0,7,4,3,0,1,0,0,1,0,0,0,0,0,12.328005,51.341108
13,18,9,0,15,4,3,4,6,0,0,1,0,0,0,0,0,12.452609,51.322122
30,18,9,0,7,4,3,0,1,0,1,1,0,0,0,0,0,12.354932,51.524939
13,18,9,0,23,4,3,1,5,2,0,1,1,0,0,0,0,12.369279,51.309693
13,18,9,0,13,4,3,5,3,0,0,1,0,0,0,0,1,12.320972,51.302777
13,18,9,0,22,4,3,5,3,2,0,1,0,0,0,0,1,12.396667,51.343039
13,18,9,0,9,4,3,5,3,0,0,1,1,0,0,0,0,12.416727,51.329792
13,18,9,0,9,4,2,5,3,0,0,1,1,0,0,0,0,12.320752,51.384719
13,18,9,0,7,4,3,2,6,0,0,1,1,0,0,0,0,12.398578,51.361036
25,18,9,0,15,4,3,1,5,0,0,1,1,0,0,0,0,14.429089,51.177896
28,18,9,0,13,4,2,6,4,0,0,1,0,1,0,0,0,13.939076,50.959959
27,18,9,0,7,4,3,0,1,0,0,1,0,0,0,0,0,13.672693,51.105741
27,18,9,0,15,4,3,3,3,0,0,1,1,0,0,0,0,13.635847,51.105033
12,18,9,0,17,4,3,5,3,0,0,1,0,0,0,0,0,13.702208,51.045826
12,18,9,0,7,4,3,0,1,0,0,1,0,0,0,0,0,13.848932,51.053301
12,18,9,0,11,4,3,0,2,0,0,1,1,0,0,0,0,13.767776,51.026084
12,18,9,0,9,4,3,5,2,0,0,1,1,0,0,0,0,13.777364,51.058758
12,18,9,0,15,4,3,0,1,0,0,1,0,0,0,0,0,13.771469,51.046525
11,18,9,0,0,3,3,8,1,2,0,1,0,0,0,0,0,12.920496,50.825374
21,18,9,0,19,4,2,2,6,1,0,1,0,0,0,0,1,12.997183,50.663169
11,18,9,0,17,4,3,5,3,0,0,1,1,0,0,0,0,12.991425,50.787421
13,18,9,0,4,3,3,2,3,2,0,1,1,0,0,0,0,12.354133,51.382103
13,18,9,0,17,3,2,5,3,0,0,1,0,0,0,0,0,12.34263,51.329079
29,18,9,0,19,3,3,5,3,1,0,1,0,0,0,0,0,12.431744,51.256511
13,18,9,0,17,3,2,1,5,0,0,1,1,0,0,0,0,12.295917,51.382876
13,18,9,0,9,3,3,1,2,0,0,1,1,0,0,0,0,12.378209,51.375816
13,18,9,0,8,3,3,1,5,0,0,1,1,0,0,0,0,12.40773,51.34677
25,18,9,0,10,3,3,7,7,0,0,1,1,0,0,0,0,14.17477,51.142287
13,18,9,0,16,3,2,5,2,0,0,1,1,0,0,0,0,12.373477,51.351684
13,18,9,0,9,3,3,6,4,0,0,1,0,1,0,0,0,12.337358,51.325665
13,18,9,0,9,3,3,3,2,0,0,1,1,0,0,0,0,12.344237,51.324808
12,18,9,0,16,3,3,5,2,0,0,1,1,0,0,0,0,13.75593,51.055876
13,18,9,0,16,3,3,5,3,0,0,1,1,0,0,0,0,12.470408,51.304338
11,18,9,0,9,3,3,3,2,0,0,1,1,0,0,0,0,12.91715,50.826111
11,18,9,0,10,3,2,5,3,0,0,1,0,0,0,0,1,12.893097,50.795482
26,18,9,0,19,3,3,4,2,1,0,1,1,0,0,0,0,14.969216,51.169214
28,18,9,0,15,3,2,5,3,0,0,1,0,0,0,0,1,13.939716,50.964181
23,18,9,0,7,2,2,0,1,1,1,1,0,0,0,0,0,12.43173,50.434926
12,18,9,0,15,3,3,0,1,0,0,1,0,0,0,0,0,13.81206,50.990658
30,18,9,0,15,2,3,0,3,0,0,1,1,0,0,0,0,12.640061,51.457116
12,18,9,0,15,3,2,0,1,0,0,1,0,0,0,0,0,13.716189,51.065413
12,18,9,0,13,3,3,3,6,0,0,1,1,0,0,1,0,13.752184,51.058961
13,18,9,0,10,2,3,5,3,0,0,1,1,0,0,0,0,12.367398,51.332033
12,18,9,0,17,3,3,3,2,0,0,1,1,0,0,0,0,13.754801,51.046275
12,18,9,0,11,3,2,5,3,0,0,1,1,0,0,0,0,13.705766,51.090559
25,18,9,0,12,2,2,5,3,0,0,1,1,0,0,0,0,14.114521,51.27782
12,18,9,0,7,3,3,6,6,0,0,1,0,1,0,0,0,13.730932,51.07695
22,18,9,0,11,3,3,5,3,0,0,1,1,0,0,0,0,13.335542,50.90385
11,18,9,0,16,3,3,4,2,0,0,1,1,0,0,0,0,12.896522,50.802866
26,18,9,0,16,2,3,5,3,0,0,1,1,0,0,0,0,14.961185,51.146232
12,18,9,0,11,2,3,5,2,0,0,1,1,0,0,0,0,13.823592,51.012447
30,18,9,0,13,2,3,5,3,0,0,1,1,0,0,0,0,12.997674,51.561109
29,18,9,0,14,2,3,4,2,0,0,1,1,0,0,0,0,12.738087,51.368243
13,18,9,0,15,2,3,1,2,0,0,1,0,0,0,0,1,12.374036,51.334245
12,18,9,0,8,2,3,5,3,0,0,1,1,0,0,0,0,13.740724,51.047272
12,18,9,0,11,2,2,0,1,0,0,1,0,0,0,0,0,13.753085,51.034496
13,18,9,0,7,2,3,5,3,0,0,1,1,0,0,0,0,12.416726,51.32979
12,18,9,0,18,2,3,5,3,0,0,1,0,0,0,0,0,13.80617,51.038299
24,18,9,0,16,6,2,5,3,0,0,1,1,0,0,0,0,12.388501,50.81226
22,18,9,0,17,2,2,0,7,0,1,1,0,0,0,0,0,12.889089,50.934068
13,18,9,0,8,2,3,1,5,0,0,1,1,0,0,0,0,12.382928,51.363184