CSV=`UKREIS,UJAHR,UMONAT,UTAG,USTUNDE,UWOCHENTAG,UKATEGORIE,UART,UTYP,LICHT,USTRZUSTAND,IstRad,IstPKW,IstFuss,IstKrad,IstGkfz,IstSonstig,@lon,@lat
12,18,11,0,8,6,3,4,6,0,0,1,0,0,0,0,0,13.720809,51.054512
12,18,11,0,14,6,3,2,6,0,0,1,1,0,0,0,0,13.836187,51.026509
13,18,11,0,14,6,3,4,2,0,0,1,1,0,0,0,0,12.372242,51.300079
13,18,11,0,17,6,2,0,1,2,0,1,0,0,0,0,0,12.479262,51.347603
11,18,11,0,14,6,3,0,7,0,0,1,0,0,0,0,0,12.927777,50.824428
11,18,11,0,9,6,3,5,3,0,0,1,1,0,0,0,0,12.931359,50.822205
12,18,11,0,17,6,3,0,1,2,0,1,0,0,0,0,0,13.654221,51.046851
12,18,11,0,12,6,3,0,1,0,0,1,0,0,0,0,0,13.741502,51.023636
13,18,11,0,9,5,3,5,3,0,0,1,1,0,0,0,0,12.371761,51.339623
12,18,11,0,8,6,3,3,6,0,0,1,1,0,0,0,0,13.789884,51.047309
13,18,11,0,9,5,3,1,7,0,0,1,1,0,0,0,0,12.385423,51.329009
12,18,11,0,8,6,3,0,7,0,0,1,1,0,0,0,0,13.785428,51.04939
13,18,11,0,5,5,3,3,2,1,0,1,1,0,0,0,0,12.308763,51.347284
12,18,11,0,18,6,3,5,3,2,0,1,0,0,0,0,0,13.749821,51.077631
12,18,11,0,14,6,3,5,2,0,0,1,1,0,0,0,0,13.830986,51.009917
30,18,11,0,16,5,2,5,3,1,1,1,1,0,0,0,0,13.111019,51.297218
13,18,11,0,11,5,3,5,2,0,0,1,1,0,0,0,0,12.385324,51.340134
13,18,11,0,20,5,3,5,3,2,0,1,1,0,0,0,0,12.40785,51.337872
13,18,11,0,14,5,3,1,5,0,0,1,1,0,0,0,0,12.373479,51.32313
13,18,11,0,9,5,3,1,5,0,0,1,1,0,0,0,0,12.373496,51.329792
27,18,11,0,17,5,3,5,3,2,0,1,1,0,0,0,0,13.542398,51.29509
25,18,11,0,18,5,2,1,5,2,0,1,0,0,0,1,0,13.888204,51.25781
26,18,11,0,15,5,2,2,7,0,0,1,0,0,0,0,1,14.827095,51.292318
28,18,11,0,12,5,3,4,1,0,0,1,1,0,0,0,0,13.645117,51.007654
12,18,11,0,19,5,3,3,2,2,0,1,1,0,0,0,0,13.777403,51.058741
11,18,11,0,17,5,3,3,6,2,0,1,1,0,0,0,0,12.935846,50.808404
12,18,11,0,7,5,3,3,2,1,1,1,1,0,0,0,0,13.844695,51.003275
22,18,11,0,15,5,2,5,3,0,0,1,1,0,0,0,0,13.072425,50.856084
12,18,11,0,7,5,3,5,3,0,0,1,1,0,0,0,0,13.760673,51.049193
12,18,11,0,18,5,3,3,2,2,0,1,1,0,0,0,0,13.803077,51.04743
12,18,11,0,8,5,2,3,6,0,0,1,1,0,0,0,0,13.75091,51.060509
13,18,11,0,11,4,3,1,5,0,0,1,1,0,0,0,0,12.369676,51.324539
13,18,11,0,8,4,3,3,2,0,0,1,1,0,0,0,0,12.393149,51.324888
13,18,11,0,10,4,3,3,6,0,0,1,0,0,0,0,0,12.373517,51.317812
13,18,11,0,13,4,3,3,2,0,0,1,1,0,0,0,0,12.326991,51.373464
13,18,11,0,13,4,3,3,5,0,0,1,1,0,0,0,0,12.370512,51.346184
13,18,11,0,7,4,3,3,2,0,0,1,1,0,0,0,0,12.373272,51.367082
13,18,11,0,8,4,3,4,2,0,0,1,1,0,0,0,0,12.329209,51.335565
13,18,11,0,6,4,3,5,3,2,1,1,1,0,0,0,0,12.387286,51.309254
13,18,11,0,5,4,3,5,3,2,0,1,1,0,0,0,0,12.438957,51.392877
30,18,11,0,7,4,3,5,3,0,0,1,1,0,0,0,0,12.492792,51.371535
13,18,11,0,18,4,3,5,2,2,0,1,1,0,0,0,0,12.364189,51.344438
27,18,11,0,18,4,3,0,6,2,0,1,1,0,0,0,0,13.440289,51.412233
26,18,11,0,16,4,3,5,3,0,0,1,1,0,0,0,0,14.966287,51.072263
12,18,11,0,16,4,3,3,6,0,0,1,1,0,0,0,0,13.756044,51.073598
12,18,11,0,9,4,3,5,2,0,0,1,1,0,0,0,0,13.798157,51.023833
12,18,11,0,14,4,2,5,3,0,0,1,1,0,0,0,0,13.738474,51.074138
12,18,11,0,7,4,3,2,7,0,0,1,1,0,0,0,0,13.757741,51.062543
12,18,11,0,9,4,3,5,3,0,0,1,1,0,0,0,0,13.767431,51.066511
12,18,11,0,16,4,3,5,3,0,0,1,1,0,0,0,0,13.795437,51.042886
12,18,11,0,7,4,2,5,3,0,0,1,1,0,0,0,0,13.751353,51.023023
22,18,11,0,15,4,2,5,3,0,0,1,1,0,0,0,0,13.346618,50.916287
29,18,11,0,8,3,2,5,3,0,0,1,1,0,0,0,0,12.80449,51.411532
13,18,11,0,15,3,3,3,5,0,0,1,1,0,0,0,0,12.380462,51.340754
11,18,11,0,11,4,3,5,3,0,0,1,1,0,0,0,0,12.898978,50.802521
13,18,11,0,5,3,3,1,7,2,0,1,1,0,0,0,0,12.39703,51.346758
29,18,11,0,14,3,2,0,1,0,0,1,0,0,0,0,0,12.372671,51.28781
13,18,11,0,18,3,3,5,2,0,0,1,1,0,0,0,0,12.370878,51.335072
13,18,11,0,12,3,3,4,2,0,0,1,1,0,0,0,0,12.427305,51.295026
30,18,11,0,7,3,3,5,3,0,0,1,1,0,0,0,0,12.965806,51.565672
30,18,11,0,7,3,2,5,3,0,0,1,1,0,0,0,0,12.336339,51.528096
26,18,11,0,16,3,3,5,3,1,0,1,1,0,0,0,0,14.685078,51.079572
29,18,11,0,10,3,3,5,3,0,1,1,1,0,0,0,0,12.355562,51.273404
13,18,11,0,19,3,3,1,5,2,1,1,1,0,0,0,0,12.368407,51.357783
13,18,11,0,15,3,3,3,2,0,1,1,1,0,0,0,0,12.314131,51.330033
12,18,11,0,7,3,3,5,3,0,0,1,1,0,0,0,0,13.749631,51.033345
21,18,11,0,13,5,3,6,7,0,0,1,0,1,0,0,0,12.741561,50.726064
12,18,11,0,9,3,3,5,3,0,0,1,1,0,0,0,0,13.752642,51.060462
12,18,11,0,7,3,3,5,3,1,0,1,1,0,0,0,0,13.752432,51.116166
12,18,11,0,9,3,3,5,3,0,0,1,1,0,0,0,0,13.770291,51.028867
12,18,11,0,7,3,3,3,2,0,0,1,1,0,0,0,0,13.755946,51.055883
26,18,11,0,17,3,3,6,7,2,1,1,0,1,0,0,0,14.982251,51.149814
11,18,11,0,6,3,3,5,3,0,0,1,1,0,0,0,0,12.86999,50.833718
25,18,11,0,17,3,3,5,3,2,1,1,1,0,0,0,0,14.437683,51.172835
23,18,11,0,8,2,3,5,7,0,0,1,1,0,0,0,0,12.327444,50.639067
27,18,11,0,7,3,3,0,1,0,1,1,0,0,0,0,0,13.263114,51.316623
29,18,11,0,17,2,3,1,5,1,0,1,1,0,0,0,0,12.69552,51.055454
27,18,11,0,11,3,3,0,1,0,1,1,0,0,0,0,0,13.676789,51.09853
13,18,11,0,16,2,3,0,7,0,0,1,0,0,0,0,0,12.388129,51.346578
27,18,11,0,12,3,2,0,1,0,1,1,1,0,0,0,0,13.532516,51.2925
13,18,11,0,12,2,3,0,7,0,0,1,1,0,0,0,0,12.33582,51.327645
13,18,11,0,7,2,3,0,1,1,1,1,0,0,0,0,0,12.325782,51.313775
12,18,11,0,8,3,3,1,5,0,0,1,1,0,0,0,0,13.726329,51.08462
13,18,11,0,17,2,3,1,5,2,0,1,1,0,0,0,0,12.366037,51.368568
28,18,11,0,11,2,3,1,1,0,0,1,1,0,0,0,0,13.936163,50.974791
12,18,11,0,13,3,3,5,3,0,1,1,1,0,0,0,0,13.752602,51.060448
27,18,11,0,8,2,3,5,3,0,0,1,1,0,0,0,0,13.561507,51.160005
12,18,11,0,12,2,3,1,5,0,0,1,1,0,0,0,0,13.728307,51.056784
12,18,11,0,14,2,3,3,6,0,0,1,0,0,0,0,0,13.715519,51.088319
12,18,11,0,6,2,3,1,7,1,0,1,1,0,0,0,0,13.725716,51.050372
22,18,11,0,8,3,3,0,3,0,1,1,1,0,0,0,0,13.325192,50.919555
12,18,11,0,0,2,2,5,3,2,0,1,1,0,0,0,0,13.783982,51.047176
13,18,11,0,15,1,2,3,6,0,0,1,0,0,0,0,0,12.389704,51.321793
12,18,11,0,13,1,3,4,7,0,1,1,1,0,0,0,0,13.807182,51.006861
26,18,12,0,13,4,3,0,1,0,1,1,0,0,0,0,0,14.678888,51.105287
13,18,12,0,16,2,3,5,3,1,1,1,1,0,0,0,0,12.387448,51.357046
25,18,12,0,10,4,3,3,6,0,1,1,1,0,0,0,0,14.43451,51.180404
13,18,12,0,16,2,3,5,2,2,1,1,1,0,0,0,0,12.369037,51.319761
13,18,12,0,15,2,2,0,1,0,1,1,1,0,0,0,0,12.402107,51.332698
26,18,12,0,10,2,3,5,3,0,1,1,1,0,0,0,0,14.633901,51.495874
26,18,12,0,11,2,1,5,3,0,0,1,1,0,0,0,0,14.984254,51.149381
12,18,12,0,7,4,3,5,2,1,1,1,0,0,0,0,1,13.755929,51.055876
29,18,12,0,12,4,2,0,7,0,0,1,1,0,0,0,0,12.36372,51.279363
27,18,12,0,18,2,2,5,3,2,1,1,1,0,0,0,0,13.731409,51.214096
12,18,12,0,13,2,3,5,2,0,1,1,1,0,0,0,0,13.748567,51.071688
12,18,12,0,17,2,3,3,6,2,0,1,1,0,0,0,0,13.782515,51.033089
11,18,12,0,18,2,3,5,3,2,1,1,1,0,0,0,0,12.88073,50.831572
13,18,12,0,8,3,3,3,2,0,1,1,1,0,0,0,0,12.362462,51.338937
12,18,12,0,10,1,3,5,3,0,0,1,1,0,0,0,0,13.777672,51.031882
13,18,12,0,9,3,2,2,2,0,1,1,1,0,0,0,0,12.379647,51.327623
27,18,12,0,14,3,3,5,3,0,1,1,0,0,1,0,0,13.515273,51.294342
29,18,12,0,11,7,3,5,2,0,0,1,1,0,0,0,0,12.445936,51.216956
12,18,12,0,14,3,3,4,2,0,1,1,1,0,0,0,0,13.786895,51.015835
13,18,12,0,7,4,3,5,2,0,1,1,0,0,0,0,1,12.370615,51.335188
12,18,12,0,21,3,3,5,3,2,1,1,1,0,0,0,0,13.729467,51.045697
11,18,12,0,11,7,3,0,7,0,0,1,0,1,0,0,0,12.923919,50.835083
29,18,12,0,14,2,2,3,6,0,0,1,0,0,0,0,0,12.492798,51.113931
13,18,12,0,6,2,3,5,3,2,1,1,1,0,0,0,0,12.344842,51.339183
25,18,11,0,17,6,3,5,3,2,1,1,1,0,0,0,0,13.91819,51.106505
27,18,11,0,13,6,3,3,6,0,1,1,1,0,0,0,0,13.283692,51.306367
12,18,11,0,13,6,3,5,3,0,1,1,1,0,0,0,0,13.749578,51.033599
12,18,12,0,5,3,2,4,6,2,1,1,0,0,0,0,0,13.747474,51.053449
27,18,12,0,7,2,3,5,3,0,1,1,0,0,0,0,1,13.582319,51.127058
12,18,12,0,10,2,2,0,3,0,1,1,1,0,0,0,0,13.742202,51.065238
12,18,12,0,10,2,2,0,1,0,1,1,0,0,0,0,0,13.765724,51.071181
12,18,12,0,16,2,2,5,3,1,1,1,1,0,0,0,0,13.780961,51.045854
13,18,11,0,17,5,3,5,2,2,0,1,1,0,0,0,0,12.371358,51.346276
12,18,12,0,17,3,3,3,2,2,0,1,1,0,0,0,0,13.779835,51.044302
13,18,11,0,6,5,3,7,7,2,0,1,0,0,0,0,0,12.362676,51.373768
12,18,12,0,6,2,3,5,3,2,1,1,1,0,0,0,0,13.808411,51.045268
12,18,11,0,6,5,3,0,7,1,0,1,1,0,0,0,0,13.714026,51.086404
12,18,11,0,7,5,2,4,2,0,0,1,1,0,0,0,0,13.770271,51.028874
12,18,12,0,7,3,3,5,3,1,1,1,1,0,0,0,0,13.699863,51.074483
13,18,12,0,20,1,3,4,2,2,0,1,1,0,0,0,0,12.393207,51.336947
30,18,12,0,9,7,3,5,3,0,0,1,1,0,0,0,0,12.637613,51.460963
29,18,11,0,11,4,3,5,3,0,0,1,1,0,0,0,0,12.329873,51.223195
30,18,12,0,14,7,3,5,3,0,0,1,1,0,0,0,0,12.334754,51.525246
24,18,12,0,19,2,2,1,1,2,0,1,1,0,0,0,0,12.485595,50.728506
12,18,12,0,0,7,3,5,3,2,0,1,0,0,0,0,1,13.749889,51.063366
13,18,11,0,18,4,3,5,3,2,0,1,1,0,0,0,0,12.372971,51.301362
24,18,12,0,17,6,2,0,1,2,1,1,0,0,0,0,0,12.514883,50.672147
30,18,12,0,17,6,3,6,4,2,1,1,0,1,0,0,0,12.637939,51.457696
12,18,11,0,6,4,3,5,3,2,0,1,1,0,0,0,0,13.755439,51.049999
12,18,11,0,8,4,3,5,2,0,0,1,1,0,0,0,0,13.812504,51.019855
12,18,11,0,15,4,3,0,1,1,0,1,0,0,0,0,0,13.774455,51.033252
13,18,12,0,13,6,3,6,4,0,1,1,0,1,0,0,0,12.378026,51.332457
13,18,12,0,19,6,3,1,3,2,1,1,0,0,0,0,0,12.36821,51.324692
24,18,11,0,17,3,3,4,2,2,0,1,1,0,0,0,0,12.457218,50.720082
13,18,12,0,19,6,3,5,2,2,1,1,1,0,0,0,0,12.382087,51.332588
13,18,11,0,17,3,3,2,4,2,0,1,1,1,0,0,0,12.423649,51.319913
13,18,12,0,14,2,3,5,3,0,1,1,1,0,0,0,0,12.365468,51.336877
13,18,12,0,17,4,3,4,2,2,1,1,1,0,0,0,0,12.354429,51.365031
26,18,12,0,19,6,3,5,3,2,1,1,1,0,0,0,0,14.952798,51.149233
13,18,11,0,16,3,2,1,5,1,0,1,1,0,0,0,0,12.387283,51.332417
25,18,12,0,9,6,2,5,3,0,1,1,1,0,0,0,0,14.434163,51.179932
13,18,12,0,6,2,3,5,2,2,1,1,1,0,0,0,0,12.367445,51.341169
27,18,12,0,12,6,2,1,5,0,1,1,1,0,0,0,0,13.627699,51.105065
13,18,11,0,17,2,2,5,3,2,0,1,1,0,0,0,0,12.394736,51.318558
25,18,11,0,17,2,3,4,2,1,0,1,1,0,0,0,0,14.440513,51.185738
13,18,12,0,8,5,3,5,3,1,1,1,1,0,0,0,0,12.338811,51.33716
13,18,12,0,17,5,3,5,3,2,0,1,1,0,0,0,0,12.368863,51.36179
27,18,11,0,8,2,2,5,3,0,1,1,1,0,0,0,0,13.573951,51.119541
13,18,12,0,22,5,3,5,3,2,0,1,0,0,0,0,1,12.378385,51.332214
27,18,11,0,15,2,3,5,3,0,0,1,1,0,0,0,0,13.7309,51.214233
12,18,11,0,13,2,3,0,1,0,0,1,0,0,0,0,0,13.709697,51.044884
12,18,11,0,11,2,3,6,4,0,0,1,0,1,0,0,0,13.821071,51.036922
12,18,12,0,16,5,3,1,7,2,1,1,1,0,0,0,0,13.756248,51.068665
11,18,12,0,7,5,3,5,2,1,0,1,1,0,0,0,0,12.922085,50.841277
12,18,11,0,18,1,3,1,5,2,0,1,1,0,0,0,0,13.744381,51.072481
26,18,11,0,11,7,3,5,3,0,0,1,1,0,0,0,0,14.981344,51.139974
13,18,12,0,16,4,3,4,2,1,0,1,1,0,0,0,0,12.377237,51.390276
13,18,12,0,18,4,2,5,3,2,0,1,1,0,0,0,0,12.378504,51.335834
13,18,11,0,11,6,3,5,3,0,0,1,1,0,0,0,0,12.339111,51.394004
29,18,12,0,9,2,2,5,3,0,1,1,1,0,0,0,0,12.363732,51.283249
29,18,12,0,16,4,3,5,3,1,0,1,1,0,0,0,0,12.362451,51.277178
13,18,11,0,11,6,3,6,4,0,0,1,0,1,0,0,0,12.328433,51.342113
25,18,11,0,5,6,2,5,3,2,0,1,1,0,0,0,0,14.444484,51.192426
27,18,11,0,11,6,3,2,7,0,0,1,1,0,0,0,0,13.660716,51.106731
26,18,12,0,10,4,3,0,1,0,2,1,0,0,0,0,0,14.809992,50.884602
12,18,11,0,14,6,3,0,7,0,0,1,0,0,0,0,0,13.781329,51.127898
27,18,12,0,12,4,2,0,1,0,2,1,0,0,0,0,0,13.466778,51.160844
12,18,11,0,10,6,3,5,3,0,0,1,1,0,0,0,0,13.737896,51.047027
12,18,11,0,17,6,3,5,3,2,0,1,1,0,0,0,0,13.777195,51.060112
12,18,11,0,12,6,3,3,6,0,0,1,1,0,0,0,0,13.767238,51.118775
12,18,12,0,16,4,3,4,2,2,0,1,1,0,0,0,0,13.770268,51.028922
21,18,11,0,16,6,3,5,3,1,1,1,1,0,0,0,0,13.336042,50.661085
11,18,12,0,7,4,3,4,2,0,0,1,1,0,0,0,0,12.90305,50.829518
11,18,12,0,14,4,3,1,5,0,0,1,1,0,0,0,0,12.925869,50.848583
11,18,11,0,15,6,2,4,2,0,0,1,1,0,0,0,0,12.934452,50.820396
24,18,12,0,19,3,3,2,7,1,0,1,1,0,0,0,0,12.765386,50.860532
29,18,12,0,12,3,3,2,6,0,0,1,0,0,0,0,1,12.333114,51.217191
13,18,12,0,7,3,3,3,2,1,1,1,0,0,0,0,1,12.305037,51.344379
29,18,11,0,10,5,3,0,7,0,0,1,0,0,0,0,0,12.275644,51.158491
13,18,11,0,16,5,3,5,3,0,0,1,1,0,0,0,0,12.392691,51.330618
13,18,11,0,20,5,3,5,3,2,0,1,1,0,0,0,0,12.417912,51.359974
13,18,11,0,8,5,3,5,2,0,1,1,1,0,0,0,0,12.334479,51.339252
26,18,12,0,17,3,3,5,3,2,1,1,1,0,0,0,0,14.964912,51.176379
12,18,11,0,8,5,3,0,1,0,0,1,0,0,0,0,0,13.746217,51.028999
12,18,11,0,18,5,3,1,5,2,0,1,1,0,0,0,0,13.789289,51.036246
25,18,12,0,7,2,3,4,2,2,1,1,1,0,0,0,0,14.021809,51.147193
27,18,12,0,14,2,3,8,1,0,1,1,0,0,0,0,0,13.626238,51.105137
22,18,12,0,13,1,2,6,6,0,1,1,0,1,0,0,0,13.056927,50.971715
13,18,12,0,11,6,3,1,5,0,1,1,1,0,0,0,0,12.373596,51.320903
13,18,12,0,7,6,3,5,2,1,1,1,1,0,0,0,0,12.44372,51.360148
27,18,12,0,7,6,3,5,3,0,1,1,1,0,0,0,0,13.304828,51.294797
12,18,12,0,17,6,3,5,3,2,1,1,1,0,0,0,0,13.756566,51.055093
23,18,12,0,6,5,2,5,3,2,1,1,1,0,0,0,0,12.14339,50.506193
30,18,12,0,9,5,3,3,3,0,0,1,1,0,0,0,0,12.587676,51.593429
27,18,12,0,6,5,3,5,2,2,1,1,1,0,0,0,0,13.286,51.296078
24,18,12,0,5,4,3,0,3,2,1,1,0,0,0,1,0,12.391341,50.809411
13,18,12,0,16,4,3,5,3,2,1,1,1,0,0,0,0,12.396103,51.34316
25,18,12,0,13,4,3,1,1,0,0,1,1,0,0,0,0,14.435997,51.173697
12,18,12,0,15,4,3,0,1,0,0,1,0,0,0,0,0,13.791568,51.006746
12,18,12,0,7,4,3,6,4,0,0,1,0,0,0,0,1,13.788504,51.043282
12,18,12,0,12,4,3,4,6,0,0,1,1,0,0,0,0,13.69017,51.060516
30,18,12,0,12,3,2,3,6,0,0,1,1,0,0,0,0,12.359723,51.478876
13,18,12,0,13,3,3,2,2,0,0,1,1,0,0,0,0,12.327165,51.324866
13,18,12,0,16,3,3,0,1,2,0,1,0,0,0,0,0,12.374085,51.334243
13,18,12,0,13,3,3,5,3,0,0,1,1,0,0,0,0,12.344039,51.318837
27,18,12,0,8,3,2,5,3,1,0,1,1,0,0,0,0,13.666711,51.097064
12,18,12,0,18,3,3,2,6,2,0,1,1,0,0,0,0,13.724271,51.030737
11,18,12,0,17,3,3,3,6,2,1,1,1,0,0,0,0,12.888683,50.831505
13,18,12,0,7,2,3,5,2,1,0,1,1,0,0,0,0,12.358047,51.344124
13,18,12,0,19,2,2,1,1,2,1,1,1,0,0,0,0,12.429958,51.344048
13,18,12,0,18,2,3,3,6,2,1,1,0,0,0,0,1,12.373844,51.32055
13,18,12,0,18,2,3,3,6,2,1,1,1,0,0,0,0,12.338335,51.331659
30,18,12,0,10,7,3,0,3,0,0,1,1,0,0,0,0,12.990698,51.545877
12,18,12,0,20,2,3,8,1,2,1,1,0,0,0,0,0,13.705851,51.043533
30,18,12,0,8,6,3,5,3,0,1,1,1,0,0,0,0,13.094942,51.299751
13,18,12,0,17,1,3,5,3,1,1,1,1,0,0,0,0,12.366375,51.357537
13,18,12,0,20,6,3,3,2,2,1,1,1,0,0,0,0,12.375797,51.358614
25,18,12,0,20,6,3,3,2,2,1,1,1,0,0,0,0,14.255949,51.433677
12,18,12,0,20,6,3,0,1,2,0,1,0,0,0,0,0,13.780535,51.019455
13,18,12,0,16,7,3,5,7,2,0,1,1,0,0,0,0,12.372074,51.342311
13,18,12,0,12,7,3,0,1,0,1,1,0,0,0,0,0,12.372807,51.33687
13,18,12,0,13,6,3,5,2,0,0,1,1,0,0,0,0,12.411863,51.31461
13,18,12,0,15,6,3,3,2,0,0,1,1,0,0,0,0,12.388159,51.353488
26,18,12,0,7,6,3,1,5,2,0,1,1,0,0,0,0,14.641023,51.508967
25,18,12,0,15,6,3,5,3,0,0,1,1,0,0,0,0,14.409997,51.179356
12,18,12,0,6,6,3,5,2,2,0,1,1,0,0,0,0,13.759177,51.03415
27,18,12,0,11,5,3,5,3,0,1,1,1,0,0,0,0,13.57677,51.123018
11,18,12,0,7,6,3,6,4,2,0,1,0,1,0,0,0,12.893901,50.836491
12,18,12,0,11,5,3,0,1,0,1,1,1,0,0,0,0,13.708501,51.030512
12,18,12,0,22,5,2,0,7,2,0,1,0,0,0,0,0,13.744881,51.06833
30,18,12,0,14,5,3,5,3,0,1,1,1,0,0,0,0,12.995757,51.557753
13,18,12,0,6,5,3,5,3,2,1,1,1,0,0,0,0,12.421485,51.322502
12,18,12,0,13,5,3,5,3,0,0,1,1,0,0,0,0,13.777927,51.03845
30,18,12,0,17,3,2,6,6,2,0,1,0,1,0,0,0,12.625966,51.456295
11,18,12,0,12,5,3,5,3,0,1,1,1,0,0,0,0,12.831971,50.819182
24,18,12,0,12,4,3,0,7,0,1,1,0,0,0,0,0,12.49862,50.709288
11,17,1,2,14,2,3,0,7,0,2,1,0,0,0,,0,12.968193,50.854941
29,17,1,27,19,6,2,5,3,2,0,1,1,0,0,,0,12.39219,51.276967
12,17,1,27,10,6,3,5,3,0,2,1,1,0,0,,0,13.770234,51.066323
28,17,1,26,15,5,3,5,3,0,1,1,1,0,0,,0,13.934126,50.963884
26,17,1,24,7,3,3,3,2,0,2,1,1,0,0,,0,14.640551,51.503797
30,17,1,23,18,2,3,5,3,2,1,1,1,0,0,,0,12.995641,51.557606
26,17,1,22,8,1,3,2,6,0,2,1,1,0,0,,0,14.87409,50.979626
12,17,1,13,16,6,3,5,3,2,1,1,1,0,0,,0,13.742022,51.064675
22,17,1,13,14,6,2,0,1,0,1,1,0,0,0,,0,13.339744,50.919492
30,17,1,12,20,5,3,3,6,2,0,1,1,0,0,,0,12.393741,51.544731
13,17,1,10,8,3,3,5,3,0,2,1,1,0,0,,0,12.353568,51.340899
22,17,1,10,14,3,3,3,5,0,2,1,1,0,0,,0,12.971886,51.094521
29,17,1,9,15,2,3,4,2,0,1,1,1,0,0,,0,12.224908,51.305395
27,17,1,9,13,2,3,0,1,0,1,1,0,0,0,,0,13.700503,51.091849
24,17,2,23,16,5,2,2,6,0,0,1,1,0,0,,0,12.743778,50.829477
29,17,2,23,16,5,3,5,3,0,0,1,1,0,0,,0,12.492201,51.124482
27,17,2,21,18,3,3,5,3,2,1,1,0,0,0,,1,13.575179,51.138085
12,17,3,3,7,6,3,5,2,0,0,1,1,0,0,,0,13.702332,51.043756
26,17,2,18,9,7,3,0,1,0,1,1,0,0,0,,0,14.636256,51.499132
12,17,3,1,7,4,3,4,2,0,0,1,1,0,0,,0,13.824629,51.05796
30,17,2,16,5,5,2,5,3,2,0,1,1,0,0,,0,12.562454,51.422869
28,17,2,16,8,5,3,5,3,0,0,1,1,0,0,,0,13.928165,50.943238
27,17,2,27,15,2,3,3,2,0,0,1,1,0,0,,0,13.486373,51.165234
13,17,3,1,21,4,3,0,3,2,0,1,1,0,0,,0,12.290315,51.392851
12,17,2,27,16,2,3,5,2,0,0,1,0,0,0,,1,13.693529,51.061066
29,17,2,15,8,4,3,5,3,0,1,1,1,0,0,,0,12.539721,51.357624
21,17,2,27,17,2,3,8,7,0,0,1,0,0,0,,0,12.749922,50.742913
29,17,2,15,15,4,2,3,6,0,0,1,1,0,0,,0,12.334497,51.121149
26,17,2,15,12,4,3,4,2,0,0,1,1,0,0,,0,14.642134,51.505348
22,17,2,27,17,2,2,5,3,0,0,1,1,0,0,,0,13.109137,51.121267
11,17,2,27,19,2,2,5,3,1,0,1,1,0,0,,0,12.923244,50.831584
11,17,2,27,18,2,2,3,5,2,0,1,1,0,0,,0,12.959342,50.82972
28,17,2,14,17,3,2,0,7,1,1,1,0,0,0,,0,13.677259,50.879772
12,17,2,14,6,3,3,5,3,2,0,1,1,0,0,,0,13.74202,51.064675
22,17,2,14,16,3,3,0,3,0,1,1,1,0,0,,0,13.336469,50.908393
22,17,2,14,18,3,3,5,2,2,1,1,1,0,0,,0,13.337854,50.904153
30,17,2,13,8,2,3,5,3,0,0,1,1,0,0,,0,12.927674,51.458652
13,17,2,13,16,2,3,5,3,0,0,1,1,0,0,,0,12.394715,51.410316
28,17,2,13,10,2,3,1,5,0,0,1,0,0,0,,1,13.935596,50.951626
22,17,2,26,10,1,3,5,3,0,0,1,1,0,0,,0,12.839816,50.937585
23,17,2,10,9,6,3,5,3,0,0,1,1,0,0,,0,12.149294,50.413149
29,17,2,10,11,6,3,5,2,0,0,1,1,0,0,,0,12.588577,51.279226
27,17,2,10,6,6,3,5,3,2,0,1,1,0,0,,0,13.294714,51.309486
13,17,3,1,6,4,3,5,3,2,1,1,1,0,0,,0,12.389954,51.346564
22,17,2,8,14,4,3,5,2,0,0,1,1,0,0,,0,12.808135,51.043917
12,17,2,7,7,3,3,5,2,2,1,1,1,0,0,,0,13.776359,51.067402
12,17,2,7,8,3,3,5,2,0,2,1,1,0,0,,0,13.739149,51.06426
12,17,2,4,8,7,2,0,1,0,2,1,0,0,0,,0,13.845546,51.128285
30,17,2,3,12,6,3,3,2,0,0,1,0,0,0,,1,12.663763,51.467286
25,17,2,2,15,5,3,5,3,0,0,1,1,0,0,,0,14.418566,51.179494
28,17,2,24,10,6,3,5,3,0,0,1,1,0,0,,0,13.940676,50.951129
28,17,2,24,9,6,3,3,6,0,0,1,1,0,0,,0,13.936689,50.957882
13,17,1,30,8,2,3,0,2,0,1,1,0,0,0,,1,12.378174,51.375847
23,17,1,27,12,6,2,5,3,0,0,1,1,0,0,,0,12.135804,50.488552
24,17,3,26,15,1,3,5,3,0,0,1,1,0,0,,0,12.464089,50.7087
26,17,4,10,8,2,3,9,1,0,0,1,0,0,0,,0,14.639332,51.087504
28,17,3,29,5,4,3,5,2,1,0,1,1,0,0,,0,13.889508,50.961472
22,17,3,30,16,5,2,5,2,0,0,1,1,0,0,,0,13.338748,50.922013
13,17,4,1,5,7,2,5,3,2,0,1,1,0,0,,0,12.376542,51.314831
28,17,3,29,13,4,3,5,3,0,0,1,1,0,0,,0,13.644962,51.014603
12,17,3,26,14,1,3,5,3,0,0,1,1,0,0,,0,13.71649,51.07762
22,17,3,26,19,1,2,0,1,0,0,1,0,0,0,,0,13.505542,50.771147
24,17,3,25,12,7,2,5,3,0,0,1,1,0,0,,0,12.503785,50.70122