CSV=`UKREIS,UJAHR,UMONAT,UTAG,USTUNDE,UWOCHENTAG,UKATEGORIE,UART,UTYP,LICHT,USTRZUSTAND,IstRad,IstPKW,IstFuss,IstKrad,IstGkfz,IstSonstig,@lon,@lat
28,17,4,8,11,7,2,0,1,0,0,1,0,0,0,,0,13.677253,50.879794
30,17,3,25,15,7,2,4,6,0,0,1,1,0,0,,0,12.969803,51.551733
21,17,4,9,10,1,3,5,3,0,0,1,1,0,0,,0,13.229667,50.700589
23,17,4,9,13,1,2,2,1,0,0,1,1,0,0,,0,12.484078,50.414106
25,17,3,25,13,7,2,3,6,0,0,1,1,0,0,,0,14.481532,51.184573
25,17,4,10,17,2,3,5,3,0,0,1,1,0,0,,0,14.046783,51.172662
26,17,4,1,15,7,3,0,1,0,0,1,0,0,0,,0,14.95448,51.066672
12,17,3,24,15,6,2,6,6,0,0,1,1,1,0,,0,13.838825,51.062259
21,17,4,13,7,5,3,5,3,0,1,1,1,0,0,,0,12.795044,50.763806
30,17,3,23,7,5,2,5,3,0,1,1,1,0,0,,0,12.995622,51.557603
28,17,3,23,15,5,2,3,7,0,0,1,1,0,0,,0,13.677555,50.895873
12,17,3,23,20,5,3,5,3,2,0,1,1,0,0,,0,13.721435,51.034374
11,17,3,23,5,5,2,4,2,1,0,1,1,0,0,,0,12.948591,50.849145
13,17,3,22,20,4,2,5,3,1,0,1,1,0,0,,0,12.426371,51.351842
12,17,3,22,14,4,3,5,2,0,0,1,1,0,0,,0,13.737169,51.063252
21,17,3,29,16,4,2,5,2,0,0,1,1,0,0,,0,12.861401,50.708555
12,17,3,22,14,4,3,5,3,0,0,1,1,0,0,,0,13.676608,51.064773
28,17,3,22,20,4,2,3,6,2,1,1,1,0,0,,0,14.109631,51.043047
11,17,3,22,9,4,2,2,2,0,0,1,1,0,0,,0,12.95907,50.829879
24,17,3,21,16,3,2,0,7,0,1,1,1,0,0,,0,12.373141,50.739567
28,17,4,6,16,5,3,4,2,0,0,1,1,0,0,,0,13.934463,50.967405
28,17,3,31,10,6,2,0,1,0,0,1,0,0,0,,0,13.677256,50.879784
11,17,3,29,16,4,3,5,3,0,0,1,0,0,0,,0,12.896215,50.82014
12,17,4,6,11,5,2,5,3,0,0,1,1,0,0,,0,13.768169,51.015858
13,17,3,21,7,3,3,5,3,0,0,1,0,0,1,,0,12.452221,51.350336
12,17,4,6,6,5,2,2,2,0,0,1,0,0,0,,0,13.723642,51.045314
12,17,3,21,10,3,3,5,3,0,0,1,1,0,0,,0,13.721484,51.041905
12,17,3,21,7,3,3,2,3,0,0,1,1,0,0,,0,13.72062,51.049233
22,17,3,21,5,3,3,3,2,1,0,1,1,0,0,,0,13.016012,50.870462
22,17,3,21,13,3,2,5,3,0,1,1,1,0,0,,0,13.132755,51.122784
25,17,3,30,15,5,3,5,3,0,0,1,1,0,0,,0,13.825142,51.176482
25,17,3,20,17,2,3,5,3,0,0,1,1,0,0,,0,13.902298,51.26199
27,17,3,20,5,2,3,5,2,2,1,1,1,0,0,,0,13.278533,51.080662
12,17,4,1,23,7,3,7,1,2,0,1,0,0,0,,0,13.70269,51.061371
12,17,3,20,15,2,3,5,2,0,0,1,1,0,0,,0,13.739054,51.073933
12,17,3,20,10,2,3,5,3,0,1,1,1,0,0,,0,13.746978,51.066039
30,17,3,18,11,7,2,5,3,0,1,1,1,0,0,,0,13.142396,51.288687
22,17,4,10,7,2,2,3,6,0,0,1,1,0,0,,0,12.799852,51.04808
29,17,4,10,11,2,3,5,3,0,0,1,1,0,0,,0,12.235478,51.311428
13,17,4,5,11,4,3,5,2,0,0,1,1,0,0,,0,12.377107,51.344261
21,17,4,1,15,7,3,5,2,0,0,1,1,0,0,,0,12.791868,50.542992
24,17,4,11,17,3,3,0,1,0,0,1,0,0,0,,0,12.759269,50.812743
25,17,4,5,15,4,3,3,6,0,0,1,1,0,0,,0,14.006055,51.180252
12,17,4,5,8,4,3,5,2,0,0,1,0,0,0,,1,13.71329,51.081199
12,17,3,17,16,6,3,0,1,0,1,1,0,0,0,,0,13.702533,51.090335
12,17,3,17,15,6,2,5,3,0,0,1,1,0,0,,0,13.759865,51.081335
25,17,4,8,10,7,3,5,3,0,0,1,1,0,0,,0,14.110377,51.269254
29,17,3,16,19,5,3,5,2,2,0,1,1,0,0,,0,12.377251,51.2726
12,17,3,30,7,5,3,5,2,0,1,1,0,0,0,,1,13.774186,51.109367
29,17,3,30,21,5,3,1,5,2,0,1,1,0,0,,0,12.408199,51.198647
26,17,4,3,16,2,3,3,2,0,1,1,1,0,0,,0,14.888192,50.949823
11,17,4,12,18,4,2,4,2,0,1,1,1,0,0,,0,12.960607,50.867368
13,17,3,16,16,5,3,3,2,0,0,1,1,0,0,,0,12.391409,51.347466
28,17,3,16,16,5,3,5,3,0,0,1,1,0,0,,0,14.218108,51.029075
24,17,3,15,15,4,2,5,3,0,0,1,1,0,0,,0,12.478459,50.736562
23,17,4,8,19,7,2,0,1,0,0,1,0,0,0,,0,12.377104,50.483416
13,17,3,28,11,3,3,0,7,0,0,1,0,0,0,,0,12.366758,51.343525
28,17,3,31,7,6,3,5,2,0,0,1,1,0,0,,0,13.913847,50.956692
30,17,4,4,8,3,2,5,3,0,0,1,1,0,0,,0,12.998296,51.54444
13,17,3,28,17,3,3,4,2,0,0,1,1,0,0,,0,12.331914,51.33591
26,17,3,15,17,4,2,5,3,0,0,1,1,0,0,,0,14.765044,50.869758
27,17,3,15,16,4,3,5,3,0,0,1,1,0,0,,0,13.641086,51.106592
28,17,4,7,20,6,3,5,2,2,1,1,1,0,0,,0,13.936094,50.957861
24,17,4,7,16,6,3,5,3,0,0,1,0,0,0,,1,12.79071,50.850998
12,17,3,30,16,5,3,2,6,0,0,1,1,0,0,,0,13.736942,51.093257
12,17,3,15,7,4,2,5,2,0,0,1,1,0,0,,0,13.71329,51.081199
24,17,3,14,11,3,2,4,2,0,0,1,1,0,0,,0,12.485417,50.700534
30,17,4,8,17,7,2,5,3,0,0,1,1,0,0,,0,12.548161,51.416022
13,17,3,14,17,3,3,5,3,0,0,1,0,0,0,,1,12.393756,51.33307
12,17,4,3,13,2,3,5,3,0,0,1,0,0,1,,0,13.72053,51.093032
13,17,4,7,19,6,3,5,3,1,0,1,1,0,0,,0,12.357978,51.342081
25,17,3,13,13,2,3,5,3,0,0,1,0,0,1,,0,14.222186,51.256303
27,17,3,13,16,2,3,5,2,0,0,1,1,0,0,,0,13.630466,51.108135
12,17,3,13,17,2,3,5,2,0,0,1,1,0,0,,0,13.718069,51.035882
27,17,4,8,18,7,3,0,7,0,0,1,0,0,0,,0,13.52169,51.286074
23,17,3,12,11,1,3,4,2,0,0,1,1,0,0,,0,12.414612,50.531251
27,17,3,28,14,3,2,5,3,0,0,1,1,0,0,,0,13.547867,51.250585
28,17,3,12,17,1,3,5,3,0,0,1,1,0,0,,0,13.638015,51.018759
27,17,3,28,17,3,3,0,1,0,0,1,0,0,0,,0,13.700484,51.091862
12,17,3,28,8,3,3,3,3,0,0,1,0,0,0,,1,13.727952,51.043377
11,17,3,12,14,1,3,5,3,0,0,1,1,0,0,,0,12.950268,50.816317
25,17,4,10,20,2,3,0,1,2,1,1,0,0,0,,0,14.103129,51.275903
13,17,3,10,22,6,3,1,2,2,0,1,0,0,0,,1,12.360069,51.342168
13,17,3,10,13,6,3,3,2,0,0,1,1,0,0,,0,12.395357,51.339227
26,17,4,1,4,7,3,0,6,2,0,1,1,0,0,,0,14.727213,51.52654
25,17,4,4,15,3,2,5,3,0,1,1,1,0,0,,0,14.524726,51.237961
28,17,3,30,7,5,2,0,1,0,0,1,0,0,0,,0,13.549738,50.95244
29,17,3,30,21,5,2,1,1,2,0,1,1,0,0,,0,12.407565,51.198848
28,17,3,10,6,6,3,5,3,0,1,1,1,0,0,,0,13.940163,50.952296
27,17,3,10,14,6,2,5,3,0,0,1,1,0,0,,0,13.632617,51.107818
30,17,4,10,11,2,2,3,7,0,0,1,1,0,0,,0,13.05628,51.325172
23,17,3,9,19,5,3,5,3,2,1,1,1,0,0,,0,12.136374,50.507103
25,17,3,27,7,2,3,5,3,0,0,1,0,0,0,,1,13.823883,51.172793
26,17,3,9,19,5,2,0,1,1,1,1,0,0,0,,0,14.642202,51.49722
26,17,4,3,17,2,3,6,4,0,0,1,0,1,0,,0,14.641383,51.504505
26,17,3,9,16,5,3,8,1,0,0,1,0,0,0,,0,14.801768,51.035243
22,17,3,9,10,5,2,0,1,0,0,1,0,0,0,,0,12.881895,50.936829
13,17,3,8,21,4,3,5,3,2,1,1,1,0,0,,0,12.406044,51.313917
28,17,4,9,16,1,3,0,7,0,0,1,0,0,0,,0,13.934069,50.967433
13,17,3,8,11,4,3,4,6,0,0,1,0,0,0,,0,12.3962,51.353435
26,17,3,8,15,4,3,1,1,0,0,1,1,0,0,,0,14.782267,50.883866
25,17,3,8,16,4,3,5,3,0,0,1,1,0,0,,0,13.838257,51.186398
12,17,3,8,15,4,3,3,6,0,1,1,0,0,0,,0,13.683071,51.06183
12,17,3,8,17,4,3,0,7,1,0,1,0,0,0,,0,13.756247,51.025857
28,17,3,27,16,2,3,5,3,0,0,1,1,0,0,,0,13.953596,50.957285
12,17,3,8,17,4,2,5,2,0,0,1,1,0,0,,0,13.772845,51.066798
28,17,3,27,12,2,2,0,1,0,0,1,0,0,0,,0,13.876864,50.968011
26,17,3,30,5,5,2,2,6,2,1,1,1,0,0,,0,14.933808,51.208212
11,17,4,4,15,3,3,1,5,0,0,1,1,0,0,,0,12.946665,50.852808
24,17,3,6,14,2,3,0,1,0,1,1,1,0,0,,0,12.376317,50.739777
12,17,3,27,5,2,3,4,6,2,0,1,0,0,0,,0,13.763256,51.120653
26,17,3,6,6,2,3,3,2,0,0,1,1,0,0,,0,14.651512,51.512568
12,17,3,6,12,2,3,0,7,0,1,1,1,0,0,,0,13.701943,51.059162
12,17,3,6,8,2,3,5,3,0,0,1,0,0,0,,1,13.729358,51.083158
11,17,3,6,17,2,3,5,3,0,1,1,1,0,0,,0,12.91249,50.827691
11,17,3,6,20,2,3,5,3,2,1,1,1,0,0,,0,12.953046,50.859819
22,17,4,3,20,2,3,0,1,2,0,1,0,0,0,,0,13.031878,50.908717
26,17,4,2,15,1,3,8,1,0,0,1,0,0,0,,0,14.651505,51.512563
29,17,3,5,1,1,3,8,1,2,0,1,0,0,0,,0,12.640341,51.14268
25,17,3,5,14,1,3,5,3,0,0,1,1,0,0,,0,14.236962,51.454332
30,17,4,3,6,2,2,5,3,0,0,1,1,0,0,,0,12.355078,51.531083
13,17,3,4,19,7,3,5,3,1,0,1,1,0,0,,0,12.435055,51.351119
28,17,3,4,12,7,3,8,1,0,0,1,0,0,0,,0,13.797319,50.939315
28,17,3,4,14,7,3,3,6,0,0,1,0,0,0,,1,13.725901,50.955458
11,17,4,10,9,2,2,5,2,0,0,1,1,0,0,,0,12.902551,50.772138
22,17,3,27,16,2,3,5,3,0,0,1,1,0,0,,0,13.043262,50.89871
26,17,3,31,21,6,2,0,7,2,0,1,0,0,0,,0,14.646388,51.508993
24,17,3,31,15,6,3,5,3,0,0,1,1,0,0,,0,12.478185,50.780083
27,17,5,31,14,4,2,5,2,0,0,1,0,0,0,,1,13.492587,51.166964
12,17,4,26,14,4,2,9,1,0,1,1,0,0,0,,0,13.816639,51.054654
22,17,6,1,20,5,3,5,3,0,0,1,1,0,0,,0,12.779461,50.966805
13,17,4,25,14,3,3,4,2,0,0,1,1,0,0,,0,12.338141,51.335386
26,17,5,26,20,6,2,5,3,0,0,1,1,0,0,,0,14.769244,50.871667
11,17,5,3,12,4,3,5,2,0,0,1,1,0,0,,0,12.915634,50.819816
13,17,5,4,7,5,2,5,2,0,0,1,1,0,0,,0,12.356899,51.37477
30,17,5,19,17,6,2,4,2,0,0,1,1,0,0,,0,13.036204,51.568637
26,17,5,19,10,6,3,0,7,0,0,1,1,0,0,,0,14.979295,51.117073
27,17,5,19,11,6,3,5,2,0,0,1,1,0,0,,0,13.284041,51.317097
25,17,5,2,16,3,2,5,2,0,0,1,0,0,0,,1,14.423143,51.16863
12,17,5,19,15,6,2,5,3,0,0,1,1,0,0,,0,13.742019,51.064675
12,17,5,19,10,6,2,1,1,0,0,1,0,0,0,,1,13.861505,51.015123
13,17,6,2,16,6,3,5,2,0,0,1,1,0,0,,0,12.33814,51.335386
28,17,5,26,12,6,3,6,7,0,0,1,0,1,0,,0,13.620641,50.981936
13,17,5,18,8,5,3,7,5,0,0,1,1,0,0,,0,12.361762,51.342456
24,17,5,22,15,2,2,5,2,0,0,1,1,0,0,,0,12.472324,50.736156
23,17,5,18,19,5,2,2,1,0,0,1,1,0,0,,0,12.061934,50.445093
26,17,5,3,16,4,3,5,3,0,0,1,1,0,0,,0,14.787064,51.397521
13,17,5,22,15,2,3,4,6,0,0,1,0,1,0,,0,12.372927,51.34441
13,17,5,18,9,5,3,5,3,0,0,1,1,0,0,,0,12.375715,51.344383
27,17,5,18,20,5,2,1,5,0,0,1,0,0,0,,1,13.614226,51.113947
28,17,5,18,16,5,2,3,6,0,0,1,1,0,0,,0,13.582088,50.983723
12,17,5,18,11,5,3,0,1,0,0,1,0,0,0,,0,13.722182,51.054062
26,17,6,1,13,5,3,0,1,0,0,1,0,0,0,,0,14.782369,50.900529
11,17,6,2,23,6,3,5,3,2,0,1,1,0,0,,0,12.906383,50.838711
22,17,5,18,15,5,3,2,6,0,0,1,1,0,0,,0,12.953627,51.024268
25,17,6,2,12,6,3,0,7,0,0,1,0,0,0,,0,14.431898,51.156703
27,17,4,24,19,2,3,5,3,0,0,1,1,0,0,,0,13.486427,51.165267
27,17,6,3,16,7,2,5,2,0,0,1,1,0,0,,0,13.563447,51.158596
25,17,5,22,16,2,2,5,3,0,0,1,1,0,0,,0,14.251445,51.442809
22,17,5,27,15,7,3,0,1,0,0,1,0,0,0,,0,12.94197,50.905649
12,17,4,24,13,2,3,5,2,0,0,1,1,0,0,,0,13.734004,51.074983
21,17,5,26,10,6,3,5,3,0,0,1,1,0,0,,0,12.920826,50.651491
26,17,5,26,17,6,3,3,6,0,0,1,1,0,0,,0,14.842243,51.289916
22,17,4,24,16,2,3,0,1,0,0,1,0,0,0,,0,12.754027,50.961711
11,17,5,2,22,3,2,5,3,2,0,1,1,0,0,,0,12.913385,50.814698
21,17,5,3,13,4,3,0,3,0,0,1,1,0,0,,0,13.105871,50.544347
24,17,5,17,16,4,2,4,6,0,0,1,1,0,0,,0,12.377581,50.719929
23,17,5,17,16,4,2,0,1,0,0,1,0,0,0,,0,12.134267,50.48932
30,17,5,17,22,4,3,5,3,2,0,1,1,0,0,,0,12.998514,51.555887
13,17,5,1,10,2,2,3,7,0,0,1,0,0,0,,1,12.363464,51.342843
26,17,5,1,13,2,3,2,6,0,0,1,0,0,0,,0,14.680213,51.524775
12,17,6,1,19,5,2,5,3,0,0,1,1,0,0,,0,13.869906,51.048205
25,17,5,17,20,4,3,0,2,1,0,1,1,0,0,,0,14.26661,51.453663
13,17,6,1,16,5,3,5,3,0,0,1,1,0,0,,0,12.285826,51.330942
27,17,5,22,5,2,3,5,2,0,0,1,0,0,0,,1,13.619046,51.112798
12,17,5,1,15,2,2,5,3,0,0,1,1,0,0,,0,13.779538,51.066934
12,17,5,17,19,4,2,0,1,0,0,1,0,0,0,,0,13.671288,51.070898
22,17,5,17,12,4,2,5,2,0,0,1,1,0,0,,0,12.862158,50.948268
24,17,5,25,23,5,3,3,3,2,0,1,0,0,1,,0,12.492512,50.703643
25,17,4,22,13,7,3,0,1,0,0,1,0,0,0,,0,14.227185,51.286772
27,17,4,22,6,7,3,1,5,0,1,1,1,0,0,,0,13.230444,51.263433
13,17,4,21,14,6,3,5,2,0,0,1,1,0,0,,0,12.403244,51.314056
24,17,5,5,15,6,3,2,7,0,0,1,1,0,0,,0,12.47802,50.72013
26,17,5,16,16,3,2,0,7,0,0,1,0,0,0,,0,14.888245,50.95022
25,17,5,16,0,3,3,8,1,2,0,1,0,0,0,,0,14.013327,51.176609
21,17,5,1,18,2,2,3,6,0,0,1,0,0,0,,1,12.742571,50.762175
28,17,6,1,21,5,3,0,1,1,0,1,0,0,0,,0,13.934452,50.966473
26,17,6,1,23,5,2,8,1,2,0,1,0,0,0,,0,14.655594,50.898158
27,17,5,16,17,3,3,4,6,0,0,1,1,0,0,,0,13.289392,51.272318
27,17,5,25,10,5,3,5,3,0,0,1,1,0,0,,0,13.57806,51.132492
13,17,4,21,13,6,3,3,2,0,0,1,0,0,0,,1,12.36109,51.375571
12,17,5,22,13,2,3,4,6,0,0,1,0,0,0,,0,13.776903,51.0131
26,17,4,21,17,6,3,5,3,0,0,1,1,0,0,,0,14.811145,50.892014
12,17,5,26,16,6,3,0,1,0,0,1,0,0,0,,0,13.761298,51.083375
25,17,5,26,14,6,3,5,2,0,0,1,1,0,0,,0,14.226503,51.424664
28,17,5,27,17,7,2,5,3,0,0,1,1,0,0,,0,13.636406,50.963794
27,17,4,21,8,6,3,5,3,0,0,1,1,0,0,,0,13.493757,51.159388
27,17,5,22,7,2,2,5,3,0,0,1,1,0,0,,0,13.653664,51.138085
12,17,5,16,7,3,3,5,2,0,0,1,1,0,0,,0,13.768258,51.019859
12,17,5,5,6,6,2,5,3,0,0,1,0,0,0,,0,13.739365,51.078705
21,17,5,16,23,3,2,0,1,2,0,1,0,0,0,,0,13.014734,50.581181
13,17,5,15,9,2,3,3,2,0,0,1,1,0,0,,0,12.37133,51.344451
22,17,5,22,15,2,3,0,2,0,0,1,1,0,0,,0,13.183693,51.066105
30,17,5,15,14,2,3,4,6,0,0,1,0,0,0,,0,12.230938,51.393186
26,17,5,15,19,2,2,5,3,0,0,1,1,0,0,,0,14.669473,51.102749
28,17,5,15,13,2,3,4,2,0,0,1,1,0,0,,0,13.866865,50.963742
27,17,5,15,10,2,3,0,1,0,0,1,0,0,0,,0,13.54551,51.177142
12,17,5,15,16,2,3,0,7,0,0,1,0,0,0,,0,13.692831,51.042921
12,17,6,1,9,5,3,3,6,0,0,1,1,0,0,,0,13.73305,51.066611
12,17,5,15,9,2,3,0,1,0,0,1,0,0,0,,0,13.760467,51.082179
12,17,5,24,8,4,3,3,6,0,0,1,0,0,0,,0,13.74542,51.049065
13,17,5,24,15,4,3,3,2,0,0,1,1,0,0,,0,12.391961,51.346448
25,17,5,25,16,5,2,0,1,0,0,1,0,0,0,,0,14.092758,51.265771
26,17,4,20,14,5,2,4,2,0,0,1,1,0,0,,0,14.644849,51.508016
22,17,5,29,22,2,3,3,6,2,0,1,1,0,0,,0,12.776917,50.870595
26,17,5,30,12,3,3,5,3,0,0,1,1,0,0,,0,14.60337,50.936248
12,17,5,15,11,2,3,5,2,0,0,1,1,0,0,,0,13.760158,51.023298
12,17,5,15,14,2,3,5,2,0,0,1,1,0,0,,0,13.69899,51.059569
29,17,5,14,10,1,2,4,2,0,0,1,1,0,0,,0,12.64386,51.294545
26,17,5,14,10,1,3,5,3,0,0,1,1,0,0,,0,14.840823,50.975491
28,17,5,14,11,1,3,0,1,0,0,1,0,0,0,,0,13.955006,51.019353
26,17,5,31,18,4,3,5,3,0,0,1,1,0,0,,0,14.719917,51.546813
30,17,6,1,8,5,2,5,3,0,0,1,1,0,0,,0,12.353109,51.521509
12,17,6,2,7,6,2,0,7,0,0,1,1,0,0,,0,13.783881,51.114207
26,17,5,21,13,1,2,8,1,0,0,1,0,0,0,,0,14.664001,50.991242
26,17,5,28,13,1,3,0,1,0,0,1,0,0,0,,0,14.893744,51.100103
12,17,6,2,14,6,3,5,2,0,0,1,0,0,0,,1,13.723211,51.089838
26,17,5,21,12,1,2,2,6,0,0,1,0,0,0,,0,14.851085,51.22424
24,17,5,24,17,4,3,4,2,0,1,1,1,0,0,,0,12.484314,50.614836
26,17,6,2,7,6,3,5,3,0,0,1,1,0,0,,0,14.603322,51.348759
27,17,5,21,20,1,3,3,6,1,0,1,1,0,0,,0,13.625863,51.109623
30,17,5,25,20,5,3,0,1,0,0,1,0,0,0,,0,13.095409,51.339634
12,17,4,19,20,4,3,0,1,1,0,1,0,0,0,,0,13.713833,51.08042
12,17,4,19,18,4,3,5,2,0,0,1,1,0,0,,0,13.733358,51.038917
27,17,5,30,17,3,3,5,3,0,0,1,0,0,0,,1,13.521872,51.13662
27,17,5,21,12,1,3,5,3,0,0,1,1,0,0,,0,13.524379,51.288287
28,17,5,14,15,1,3,5,2,0,0,1,1,0,0,,0,13.948446,50.957938
28,17,5,14,14,1,3,0,1,0,1,1,0,0,0,,0,13.677254,50.879789
12,17,5,5,16,6,3,3,2,0,0,1,1,0,0,,0,13.72037,51.093246
28,17,5,14,16,1,3,8,1,0,0,1,0,0,0,,0,13.576026,50.781081
27,17,5,23,16,3,3,4,6,0,0,1,1,0,0,,0,13.563553,51.108003
12,17,6,1,9,5,3,5,3,0,0,1,1,0,0,,0,13.739308,51.073962
23,17,5,23,16,3,3,4,2,0,0,1,1,0,0,,0,12.401529,50.506249
12,17,5,24,15,4,3,5,2,0,0,1,1,0,0,,0,13.735192,51.07339
21,17,5,14,11,1,2,3,6,0,1,1,1,0,0,,0,12.621246,50.529267
12,17,6,1,22,5,3,5,3,2,0,1,1,0,0,,0,13.688293,51.04075
12,17,5,24,15,4,3,0,7,0,0,1,0,0,0,,0,13.698277,51.093448
30,17,5,24,17,4,3,5,3,0,0,1,1,0,0,,0,13.039793,51.580021
12,17,5,21,21,1,2,0,1,0,0,1,0,0,0,,0,13.702025,51.090783
12,17,5,13,9,7,3,5,3,0,0,1,1,0,0,,0,13.701574,51.030592
11,17,5,13,22,7,2,3,2,2,0,1,1,0,0,,0,12.944125,50.81888
23,17,5,12,19,6,2,5,3,0,0,1,1,0,0,,0,12.128636,50.492425
13,17,5,12,23,6,2,5,3,2,1,1,1,0,0,,0,12.37972,51.343986
26,17,6,1,18,5,3,3,2,0,0,1,1,0,0,,0,14.953545,51.13724
12,17,4,18,10,3,3,5,3,0,0,1,1,0,0,,0,13.706541,51.028699
12,17,4,18,15,3,3,5,2,0,1,1,0,0,0,,1,13.741207,51.046313
27,17,5,29,13,2,3,5,2,0,0,1,0,0,0,,1,13.662393,51.10555
29,17,5,29,14,2,3,4,2,0,0,1,1,0,0,,0,12.357685,51.276591
29,17,5,4,10,5,2,5,3,0,0,1,1,0,0,,0,12.364404,51.180694
12,17,5,12,18,6,2,2,1,0,1,1,1,0,0,,0,13.737491,51.08711
12,17,5,5,9,6,3,4,2,0,0,1,1,0,0,,0,13.751913,51.062971
27,17,5,5,15,6,3,5,3,0,0,1,1,0,0,,0,13.654962,51.105416
23,17,5,11,16,5,1,4,2,0,0,1,1,0,0,,0,12.127756,50.50034
12,17,4,28,10,6,3,5,2,0,0,1,1,0,0,,0,13.788556,51.070225
11,17,5,31,16,4,3,3,3,0,0,1,1,0,0,,0,12.94917,50.81677
12,17,4,28,7,6,2,0,7,0,0,1,1,0,0,,0,13.759091,51.024079
28,17,4,17,12,2,3,4,1,0,1,1,1,0,0,,0,13.669766,50.94484
12,17,4,28,16,6,3,5,2,0,0,1,1,0,0,,0,13.750694,51.071376
25,17,5,11,14,5,2,5,3,0,0,1,1,0,0,,0,14.312133,51.309195
25,17,5,27,9,7,3,3,2,0,0,1,1,0,0,,0,14.427296,51.25658
25,17,5,28,19,1,2,0,6,0,0,1,0,0,0,,1,14.364401,51.057722
13,17,4,16,9,1,3,3,2,0,0,1,1,0,0,,0,12.378379,51.31494
28,17,5,25,11,5,2,4,6,0,0,1,0,0,1,,0,13.936024,50.875475
26,17,5,29,16,2,3,3,2,0,0,1,1,0,0,,0,14.805616,50.899214
26,17,5,11,18,5,2,5,3,0,0,1,1,0,0,,0,14.808493,51.265983
30,17,5,5,7,6,3,5,3,0,1,1,1,0,0,,0,12.65565,51.465966
27,17,5,11,16,5,3,3,2,0,0,1,1,0,0,,0,13.580192,51.124741
12,17,5,31,1,4,3,0,1,2,0,1,0,0,0,,0,13.737522,51.0872
13,17,5,31,12,4,3,4,6,0,0,1,0,0,0,,0,12.384999,51.344378
28,17,5,11,16,5,2,4,6,0,0,1,0,0,0,,0,13.919221,50.956341
11,17,4,28,6,6,3,5,3,0,0,1,1,0,0,,0,12.919908,50.863805
28,17,5,31,19,4,2,8,1,0,0,1,0,0,0,,0,13.687737,50.845172
12,17,6,1,19,5,2,5,2,0,0,1,1,0,0,,0,13.703582,51.034619
25,17,6,1,7,5,3,5,3,0,0,1,1,0,0,,0,14.039995,51.176612
29,17,4,14,14,6,3,2,7,0,0,1,1,0,0,,0,12.288423,51.169445
13,17,5,10,6,4,3,3,2,0,0,1,1,0,0,,0,12.353577,51.340901
29,17,4,14,11,6,3,5,3,0,0,1,1,0,0,,0,12.455238,51.216482
24,17,5,28,11,1,2,5,3,0,0,1,1,0,0,,0,12.28539,50.806241
13,17,5,10,9,4,2,5,3,0,0,1,1,0,0,,0,12.36472,51.343134
28,17,5,3,18,4,3,3,6,0,0,1,1,0,0,,0,13.595147,50.984214
13,17,5,10,6,4,3,5,3,0,0,1,1,0,0,,0,12.344902,51.339197
28,17,5,10,7,4,3,0,7,0,0,1,1,0,0,,0,13.93489,50.970846
12,17,5,10,17,4,3,5,2,0,0,1,1,0,0,,0,13.739944,51.064554
25,17,4,14,23,6,3,9,6,2,0,1,1,0,0,,0,14.105803,51.108981
28,17,5,6,22,7,3,5,3,2,0,1,1,0,0,,0,13.934693,50.969779
25,17,5,9,13,3,2,5,2,0,0,1,1,0,0,,0,14.420375,51.36698
26,17,5,31,8,4,2,5,3,0,0,1,1,0,0,,0,14.890861,51.147452
21,17,6,1,17,5,3,0,7,0,0,1,0,0,0,,0,12.595893,50.554441
26,17,5,23,17,3,3,5,3,0,0,1,1,0,0,,0,14.983099,51.123726
27,17,4,14,20,6,3,0,7,2,0,1,0,0,0,,0,13.280308,51.319302
27,17,4,14,20,6,3,8,1,2,1,1,0,0,0,,0,13.732841,51.294468
12,17,4,14,18,6,3,0,1,0,0,1,0,0,0,,0,13.747135,51.054454
12,17,4,14,14,6,3,5,3,0,0,1,1,0,0,,0,13.761247,51.06393
12,17,5,9,16,3,3,1,5,0,0,1,1,0,0,,0,13.722988,51.033333
28,17,5,9,19,3,2,5,2,0,0,1,1,0,0,,0,13.918838,50.95721
26,17,5,4,5,5,3,3,6,0,0,1,1,0,0,,0,14.763972,51.202077
12,17,5,9,13,3,2,3,7,0,0,1,1,0,0,,0,13.734378,51.061616
12,17,5,29,17,2,3,5,3,0,0,1,1,0,0,,0,13.721485,51.041905
13,17,5,8,18,2,2,4,2,0,0,1,1,0,0,,0,12.370038,51.344293
25,17,5,8,19,2,3,3,6,0,0,1,1,0,0,,0,14.013324,51.17657
27,17,4,27,15,5,3,5,3,0,0,1,1,0,0,,0,13.468753,51.157235
13,17,4,13,15,5,3,3,6,0,0,1,0,0,0,,0,12.44985,51.362992
12,17,5,8,7,2,3,2,2,0,0,1,1,0,0,,0,13.731215,51.03434
22,17,5,8,16,2,2,5,3,0,1,1,1,0,0,,0,13.332788,50.894731
12,17,5,26,15,6,3,9,1,0,0,1,0,0,0,,0,13.71617,51.037367
24,17,5,28,18,1,2,3,6,0,0,1,1,0,0,,0,12.355834,50.767078
28,17,4,13,14,5,3,0,1,0,0,1,0,0,0,,0,14.139241,50.922265
27,17,4,13,13,5,3,5,2,0,0,1,1,0,0,,0,13.568898,51.147864