CSV=`UKREIS,UJAHR,UMONAT,UTAG,USTUNDE,UWOCHENTAG,UKATEGORIE,UART,UTYP,LICHT,USTRZUSTAND,IstRad,IstPKW,IstFuss,IstKrad,IstGkfz,IstSonstig,@lon,@lat
28,17,5,28,15,1,3,4,2,0,0,1,1,0,0,,0,13.783908,50.974676
21,17,5,29,17,2,3,0,7,0,0,1,0,0,0,,0,12.75123,50.720915
27,17,4,13,9,5,2,2,6,0,0,1,0,0,1,,0,13.582857,51.13449
28,17,5,3,11,4,2,2,6,0,0,1,1,0,0,,0,13.778237,50.960456
26,17,5,20,19,7,2,0,1,0,0,1,0,0,0,,0,14.590803,50.99027
27,17,5,7,16,1,3,5,3,0,0,1,1,0,0,,0,13.279472,51.321504
12,17,5,7,12,1,3,5,3,0,0,1,1,0,0,,0,13.743458,51.047593
25,17,5,26,13,6,2,3,6,0,0,1,0,0,0,,0,14.442005,51.099337
12,17,6,15,22,5,2,0,1,1,0,1,0,0,0,,0,13.708798,51.084352
12,17,6,15,11,5,2,5,3,0,0,1,1,0,0,,0,13.747519,51.051647
12,17,6,15,15,5,3,5,3,0,0,1,0,0,0,,1,13.736407,51.063835
22,17,6,15,18,5,3,9,1,0,0,1,0,0,0,,0,12.756865,51.003581
21,17,6,15,16,5,3,1,1,0,0,1,1,0,0,,0,13.068574,50.749772
23,17,6,14,20,4,3,1,5,0,0,1,1,0,0,,0,12.093596,50.561634
23,17,6,15,13,5,3,1,5,0,0,1,1,0,0,,0,12.135159,50.428479
29,17,6,14,16,4,2,5,3,0,0,1,1,0,0,,0,12.830193,51.204263
24,17,6,3,14,7,3,0,1,0,0,1,1,0,0,,0,12.466349,50.685575
13,17,6,14,15,4,3,4,6,0,0,1,1,0,0,,0,12.351721,51.340772
27,17,6,14,20,4,2,0,1,0,0,1,0,0,0,,0,13.561816,51.10473
21,17,6,14,9,4,3,5,3,0,0,1,1,0,0,,0,12.818774,50.752191
22,17,6,14,13,4,3,3,2,0,0,1,0,0,0,,1,13.072699,50.853597
29,17,6,13,6,3,3,0,6,0,0,1,0,0,0,,1,12.523923,51.170248
29,17,6,13,17,3,3,5,3,0,0,1,0,0,0,,1,12.542104,51.354041
25,17,6,13,2,3,2,0,1,2,0,1,0,0,0,,0,14.428443,51.16335
25,17,6,13,14,3,3,5,3,0,0,1,1,0,0,,0,14.428159,51.091497
27,17,6,13,7,3,3,5,3,0,0,1,1,0,0,,0,13.472617,51.160021
12,17,6,13,12,3,3,5,3,0,0,1,1,0,0,,0,13.735741,51.099721
12,17,6,13,9,3,3,3,6,0,0,1,0,0,0,,1,13.713819,51.080439
29,17,6,12,9,2,3,5,3,0,0,1,1,0,0,,0,12.755031,51.288841
29,17,6,12,16,2,1,2,6,0,0,1,1,0,0,,0,12.934069,51.363716
13,17,6,12,20,2,2,0,1,0,0,1,0,0,0,,0,12.291432,51.343646
25,17,6,12,13,2,3,8,6,0,0,1,1,0,0,,0,13.792633,51.182213
25,17,6,12,17,2,3,3,2,0,0,1,1,0,0,,0,14.388354,51.095644
22,17,6,12,14,2,3,1,6,0,0,1,1,0,0,,0,13.118699,51.118804
24,17,6,11,16,1,2,0,1,0,1,1,0,0,0,,0,12.79081,50.850965
30,17,6,11,17,1,2,3,2,0,0,1,0,0,0,,1,12.2822,51.545579
13,17,6,11,15,1,3,6,4,0,0,1,0,1,0,,0,12.322141,51.338944
28,17,6,11,0,1,2,5,3,2,0,1,0,0,0,,1,13.81085,50.890892
28,17,6,11,15,1,2,3,6,0,0,1,0,0,0,,0,13.620521,50.981918
21,17,6,11,21,1,2,0,1,1,0,1,0,0,0,,0,12.916208,50.68445
30,17,6,10,17,7,3,0,7,0,0,1,1,0,0,,0,12.979309,51.5537
28,17,6,10,17,7,3,0,1,0,0,1,0,0,0,,0,13.838228,50.983336
26,17,6,15,16,5,2,4,2,0,0,1,1,0,0,,0,14.821094,50.900412
28,17,6,10,9,7,2,5,3,0,0,1,1,0,0,,0,13.927586,50.957646
21,17,6,10,19,7,2,0,1,0,0,1,0,0,0,,0,13.309498,50.664147
29,17,6,9,18,6,3,5,3,0,0,1,1,0,0,,0,12.799289,51.129049
29,17,6,9,13,6,3,5,3,0,0,1,1,0,0,,0,12.488543,51.121605
26,17,6,9,12,6,2,2,2,0,0,1,1,0,0,,0,14.878265,50.938251
26,17,6,9,15,6,3,4,2,0,0,1,1,0,0,,0,14.951962,51.148739
12,17,6,9,12,6,3,0,1,0,0,1,0,0,0,,0,13.738397,51.059878
22,17,6,9,14,6,3,5,2,0,0,1,0,0,0,,1,13.029239,51.076847
12,17,6,16,17,6,3,5,3,0,0,1,0,0,0,,0,13.720618,51.049243
25,17,6,8,12,5,3,5,7,0,0,1,1,0,0,,0,14.431604,51.157272
12,17,6,8,20,5,3,5,2,0,0,1,1,0,0,,0,13.736871,51.063109
24,17,6,7,15,4,2,4,6,0,0,1,0,0,0,,0,12.499576,50.728053
26,17,6,7,14,4,3,5,3,0,0,1,1,0,0,,0,14.803052,50.917602
25,17,6,7,8,4,3,5,3,0,0,1,1,0,0,,0,14.058285,51.147054
27,17,6,7,13,4,3,0,1,0,0,1,0,0,0,,0,13.63407,51.107595
27,17,6,7,15,4,2,0,1,0,0,1,0,0,0,,0,13.548928,51.144845
12,17,6,7,14,4,2,0,1,0,0,1,0,0,0,,0,13.690959,51.078455
12,17,6,7,7,4,3,6,4,0,0,1,0,1,0,,0,13.751889,51.062973
25,17,6,3,15,7,3,0,1,0,0,1,0,0,0,,0,13.916419,51.115297
12,17,6,7,6,4,3,5,3,0,0,1,1,0,0,,0,13.727335,51.057967
11,17,6,7,0,4,3,0,1,2,1,1,0,0,0,,0,12.910659,50.829556
29,17,6,6,14,3,3,5,3,0,0,1,1,0,0,,0,12.488239,51.121327
26,17,6,6,16,3,3,5,3,0,0,1,1,0,0,,0,14.731143,51.07697
25,17,6,6,11,3,3,5,3,0,0,1,0,0,0,,1,13.826783,51.18094
28,17,6,6,8,3,3,5,3,0,0,1,0,0,0,,1,13.931124,50.957438
28,17,6,6,16,3,3,5,3,0,0,1,1,0,0,,0,13.943333,50.944226
27,17,6,6,8,3,3,0,1,0,0,1,0,0,0,,0,13.582584,51.133887
24,17,6,5,15,2,3,2,6,0,0,1,0,0,0,,0,12.420567,50.698985
28,17,6,5,11,2,3,2,6,0,0,1,1,0,0,,0,14.171748,50.913524
28,17,6,5,14,2,3,5,3,0,0,1,1,0,0,,0,13.858344,50.972574
12,17,6,5,22,2,3,0,1,2,0,1,0,0,0,,0,13.701735,51.090982
12,17,6,5,15,2,3,5,3,0,0,1,1,0,0,,0,13.766897,51.094405
22,17,6,5,15,2,2,0,1,0,0,1,0,0,0,,0,12.799942,50.989723
26,17,6,4,10,1,3,0,1,0,0,1,0,0,0,,0,14.787207,51.397712
30,17,6,15,9,5,3,3,2,0,0,1,0,0,0,,1,12.641269,51.532398
12,17,6,4,21,1,3,0,1,0,0,1,0,0,0,,0,13.71494,51.079011
23,17,6,3,2,7,3,9,1,2,0,1,0,0,0,,0,12.468191,50.355115
11,17,6,29,20,5,2,0,3,0,0,1,1,0,0,,0,12.887448,50.851949
13,17,6,28,14,4,3,5,3,0,0,1,1,0,0,,0,12.37371,51.344396
30,17,6,28,8,4,2,5,3,0,0,1,1,0,0,,0,13.067047,51.568414
25,17,6,28,12,4,2,9,1,0,0,1,0,0,0,,0,14.273198,51.157219
27,17,6,28,14,4,2,0,1,0,1,1,0,0,0,,0,13.490148,51.167209
28,17,6,28,18,4,2,5,3,0,0,1,1,0,0,,0,13.649026,50.997745
12,17,6,28,17,4,3,5,3,0,0,1,1,0,0,,0,13.83974,51.12604
12,17,6,28,14,4,3,3,2,0,0,1,1,0,0,,0,13.783828,51.009679
30,17,6,27,9,3,3,5,3,0,0,1,1,0,0,,0,12.582302,51.594695
13,17,6,27,8,3,3,5,3,0,0,1,0,0,0,,1,12.362126,51.34254
25,17,6,27,13,3,3,3,2,0,0,1,0,0,1,,0,14.248888,51.434962
25,17,6,27,17,3,3,5,3,0,0,1,1,0,0,,0,14.419921,51.179554
12,17,6,27,22,3,2,5,3,2,0,1,0,0,0,,0,13.727226,51.05801
26,17,6,30,9,6,3,5,3,0,0,1,1,0,0,,0,14.642814,51.506038
13,17,6,26,13,2,3,5,3,0,0,1,1,0,0,,0,12.375272,51.375928
25,17,6,26,14,2,2,5,3,0,0,1,1,0,0,,0,14.111568,51.267581
12,17,6,26,1,2,2,0,1,2,1,1,0,0,0,,0,13.801853,51.065848
12,17,6,26,16,2,3,5,3,0,0,1,1,0,0,,0,13.73251,51.077948
12,17,6,25,4,1,3,0,1,2,0,1,0,0,0,,0,13.747315,51.063627
11,17,6,25,23,1,3,5,3,2,0,1,1,0,0,,0,12.913174,50.814706
11,17,6,25,12,1,3,5,3,0,0,1,1,0,0,,0,12.926015,50.77812
22,17,6,25,7,1,3,8,1,0,0,1,0,0,0,,0,12.949308,51.046213
22,17,7,2,12,1,3,0,1,0,0,1,0,0,0,,0,12.790216,51.056236
25,17,6,24,14,7,2,5,2,0,0,1,1,0,0,,0,14.253001,51.439188
28,17,6,24,20,7,2,8,1,0,0,1,0,0,0,,0,14.313774,50.948313
12,17,6,24,21,7,3,5,2,1,0,1,1,0,0,,0,13.731792,51.025267
12,17,6,24,13,7,3,5,3,0,0,1,0,0,0,,1,13.869947,51.048179
12,17,7,2,10,1,3,3,6,0,0,1,0,0,0,,0,13.736288,51.096534
24,17,6,23,13,6,3,3,6,0,0,1,1,0,0,,0,12.622134,50.771173
30,17,6,23,15,6,2,5,3,0,0,1,1,0,0,,0,12.335975,51.519161
27,17,6,29,16,5,3,5,3,0,1,1,1,0,0,,0,13.665425,51.104885
27,17,6,30,17,6,3,5,3,0,0,1,0,0,0,,1,13.500399,51.167383
27,17,6,23,12,6,3,5,2,0,0,1,0,0,0,,1,13.473872,51.160985
12,17,6,23,14,6,3,5,3,0,0,1,1,0,0,,0,13.766898,51.094406
30,17,6,22,12,5,3,5,3,0,0,1,1,0,0,,0,12.991787,51.561626
30,17,6,22,18,5,2,5,3,1,0,1,1,0,0,,0,12.649234,51.464235
26,17,6,22,12,5,3,4,6,0,0,1,0,0,0,,0,14.80784,51.254924
26,17,6,22,17,5,3,5,3,1,1,1,1,0,0,,0,14.975954,51.113139
28,17,6,29,19,5,2,3,6,0,0,1,1,0,0,,0,13.942657,50.957711
25,17,6,22,10,5,3,3,6,0,0,1,1,0,0,,0,14.42937,51.180983
12,17,6,22,15,5,3,0,1,0,0,1,0,0,0,,0,13.706628,51.019591
12,17,6,22,22,5,3,5,3,2,1,1,1,0,0,,0,13.747034,51.06657
13,17,7,1,14,7,3,5,3,0,0,1,1,0,0,,0,12.382657,51.314946
13,17,6,21,19,4,2,5,2,0,0,1,1,0,0,,0,12.331913,51.33591
27,17,6,21,10,4,3,0,1,0,0,1,0,0,0,,0,13.578125,51.075615
12,17,6,21,10,4,3,5,3,0,0,1,1,0,0,,0,13.779537,51.066934
26,17,7,8,19,7,1,4,2,0,0,1,1,0,0,,0,14.660122,51.103929
11,17,6,21,18,4,2,6,6,0,0,1,0,1,0,,0,12.951834,50.861721
29,17,6,20,12,3,3,2,6,0,0,1,0,0,0,,0,12.385459,51.216541
12,17,6,29,19,5,3,5,2,0,1,1,1,0,0,,0,13.728976,51.059315
29,17,6,20,10,3,3,5,3,0,0,1,1,0,0,,0,12.225158,51.305605
21,17,7,8,15,7,2,0,7,0,0,1,0,0,0,,0,13.015522,50.527921
12,17,6,29,16,5,3,0,7,0,1,1,0,0,0,,0,13.760467,51.08218
24,17,7,7,16,6,2,0,1,0,1,1,0,0,0,,0,12.531901,50.812453
30,17,7,7,20,6,3,3,6,0,0,1,0,0,0,,1,12.536179,51.470287
13,17,7,7,16,6,2,5,3,0,0,1,0,0,1,,0,12.399022,51.416926
25,17,6,20,16,3,3,4,2,0,0,1,0,0,0,,0,14.066145,51.370488
26,17,7,7,15,6,3,5,3,0,0,1,0,0,0,,1,14.850916,50.918467
12,17,6,20,7,3,3,0,1,0,0,1,0,0,0,,0,13.697982,51.022572
21,17,6,20,20,3,2,8,7,0,0,1,0,0,0,,0,12.742352,50.737506
21,17,6,20,12,3,3,3,6,0,0,1,0,0,0,,1,12.699472,50.583135
28,17,7,7,11,6,2,5,2,0,0,1,1,0,0,,0,13.545407,50.976771
13,17,7,6,18,5,3,0,4,0,0,1,0,1,0,,0,12.381685,51.343608
26,17,7,6,11,5,3,2,6,0,0,1,0,0,0,,0,14.979813,51.11745
29,17,6,19,18,2,2,5,3,0,0,1,1,0,0,,0,12.736803,51.375013
27,17,6,19,7,2,2,5,2,0,0,1,1,0,0,,0,13.267822,51.315544
25,17,7,6,16,5,3,3,6,0,0,1,1,0,0,,0,14.513934,51.159361
28,17,6,19,11,2,3,6,4,0,0,1,0,1,0,,0,14.032411,50.957776
28,17,7,6,20,5,3,0,1,0,0,1,0,0,0,,0,13.861707,50.97412
28,17,6,19,9,2,3,1,5,0,0,1,1,0,0,,0,13.589515,50.920659
28,17,6,19,7,2,2,5,3,0,0,1,1,0,0,,0,13.662056,51.01165
12,17,6,19,18,2,3,5,2,0,0,1,1,0,0,,0,13.750726,51.071406
24,17,7,5,10,4,3,3,2,0,0,1,1,0,0,,0,12.489518,50.738246
25,17,7,5,10,4,3,5,3,0,0,1,1,0,0,,0,14.331691,51.314121
12,17,7,5,9,4,3,0,1,0,0,1,0,0,0,,0,13.74743,51.052737
12,17,7,5,14,4,3,5,3,0,0,1,1,0,0,,0,13.736794,51.071542
12,17,7,5,15,4,3,5,3,0,0,1,0,0,0,,1,13.715549,51.099222
23,17,7,4,16,3,2,0,1,0,0,1,0,0,0,,0,11.96372,50.529297
29,17,6,18,10,1,2,4,2,0,0,1,1,0,0,,0,12.610534,51.336662
23,17,7,4,16,3,3,5,7,0,0,1,1,0,0,,0,12.130025,50.507202
29,17,7,4,16,3,2,0,7,0,0,1,0,0,0,,0,12.74349,51.365658
25,17,6,18,16,1,2,1,5,0,0,1,0,0,0,,1,14.29254,51.396303
12,17,6,18,23,1,3,2,2,2,0,1,1,0,0,,0,13.726035,51.057021
21,17,6,18,15,1,3,8,1,0,0,1,0,0,0,,0,12.947467,50.42286
13,17,7,4,13,3,3,5,3,0,0,1,0,0,0,,1,12.350836,51.340294
27,17,7,4,15,3,3,5,2,0,0,1,1,0,0,,0,13.29771,51.30514
12,17,7,4,6,3,3,0,1,0,1,1,0,0,0,,0,13.692338,51.009889
21,17,6,18,10,1,2,3,6,0,0,1,0,0,0,,0,12.943896,50.738969
13,17,6,17,19,7,3,5,2,0,0,1,1,0,0,,0,12.26166,51.316169
13,17,6,17,9,7,3,5,3,0,0,1,1,0,0,,0,12.344858,51.339187
25,17,6,17,9,7,3,5,3,0,0,1,1,0,0,,0,14.396017,51.179658
29,17,6,16,7,6,3,3,6,0,0,1,0,0,0,,1,12.611113,51.340922
28,17,7,3,15,2,2,1,5,0,0,1,1,0,0,,0,13.665676,51.014769
12,17,7,3,17,2,3,5,3,0,0,1,1,0,0,,0,13.705136,51.038322
27,17,7,3,19,2,1,2,6,0,0,1,0,0,1,,0,13.361467,51.422338
22,17,7,3,6,2,2,5,3,0,0,1,1,0,0,,0,13.027882,50.911515
27,17,7,2,17,1,2,5,3,0,0,1,1,0,0,,0,13.688112,51.099479
27,17,7,25,15,3,3,4,2,0,0,1,1,0,0,,0,13.567623,51.15095
12,17,7,25,18,3,3,1,7,0,0,1,1,0,0,,0,13.619485,51.044138
24,17,7,24,16,2,2,5,2,0,1,1,1,0,0,,0,12.656242,50.835472
23,17,7,24,14,2,3,5,7,0,1,1,1,0,0,,0,12.288672,50.622223
13,17,7,24,20,2,3,0,1,0,1,1,0,0,0,,0,12.377112,51.344516
13,17,7,24,15,2,3,3,2,0,1,1,0,0,0,,1,12.301808,51.342659
13,17,7,24,15,2,3,5,3,0,1,1,1,0,0,,0,12.40605,51.313917
28,17,8,8,6,3,2,0,7,0,0,1,0,0,0,,0,14.122854,50.915348
12,17,7,24,6,2,2,0,2,0,0,1,1,0,0,,0,13.672242,51.050254
22,17,7,24,8,2,2,5,2,0,0,1,1,0,0,,0,13.031711,50.915858
12,17,8,8,19,3,3,5,3,0,0,1,1,0,0,,0,13.730444,51.022219
12,17,8,8,7,3,3,5,7,0,0,1,1,0,0,,0,13.745646,51.049322
21,17,8,8,13,3,2,5,3,0,0,1,0,0,0,,1,12.876198,50.712488
21,17,8,8,9,3,3,5,3,0,0,1,1,0,0,,0,12.787004,50.53608
13,17,8,7,7,2,3,4,6,0,0,1,1,0,0,,0,12.420028,51.332908
26,17,8,7,7,2,3,5,3,0,0,1,0,0,0,,0,14.92438,51.140026
27,17,8,7,19,2,2,0,1,0,0,1,0,0,0,,0,13.494413,51.097295
27,17,8,7,11,2,3,5,2,0,0,1,0,0,0,,1,13.482837,51.163816
28,17,8,7,7,2,3,5,2,0,0,1,1,0,0,,0,13.553328,51.025404
23,17,7,23,17,1,2,4,2,0,0,1,0,0,1,,0,12.216607,50.606408
29,17,7,23,1,1,2,0,1,2,0,1,0,0,0,,0,12.794403,51.122168
12,17,7,23,21,1,2,0,1,2,0,1,0,0,0,,0,13.736434,51.06381
25,17,7,22,11,7,2,6,4,0,0,1,0,1,0,,0,13.918414,51.118373
30,17,8,6,10,1,3,5,3,0,0,1,0,0,1,,0,12.654973,51.520738
12,17,8,6,1,1,2,1,1,2,1,1,1,0,0,,0,13.710506,51.061587
23,17,8,5,9,7,2,2,2,0,0,1,1,0,0,,0,12.279607,50.442264
21,17,7,22,13,7,2,4,1,0,0,1,1,0,0,,0,12.645539,50.628546
24,17,7,21,19,6,3,0,1,0,0,1,0,0,0,,0,12.502324,50.741558
23,17,7,21,17,6,3,5,3,0,0,1,1,0,0,,0,12.00841,50.586648
26,17,8,5,14,7,3,3,2,0,0,1,1,0,0,,0,14.972643,51.143365
23,17,7,21,15,6,2,8,1,0,0,1,0,0,0,,0,12.164277,50.558724
29,17,7,21,15,6,3,5,3,0,0,1,1,0,0,,0,12.736968,51.375774
13,17,7,21,17,6,2,5,3,0,0,1,1,0,0,,0,12.437221,51.356998
25,17,7,21,17,6,2,0,1,0,0,1,0,0,0,,0,14.426498,51.053959
28,17,7,21,12,6,2,0,2,0,0,1,1,0,0,,0,13.93446,50.967392
12,17,8,5,18,7,3,5,3,0,0,1,1,0,0,,0,13.768128,51.065787
22,17,7,21,7,6,3,4,6,0,0,1,1,0,0,,0,12.827484,51.034728
26,17,8,1,9,3,3,5,3,0,0,1,1,0,0,,0,14.960547,51.163843
28,17,8,1,16,3,3,5,3,0,0,1,1,0,0,,0,13.641799,50.98983
11,17,7,21,14,6,2,0,1,0,0,1,0,0,0,,0,12.862826,50.796746
24,17,7,20,17,5,2,5,3,0,1,1,0,0,0,,1,12.703295,50.757269
24,17,7,20,13,5,3,5,3,0,0,1,1,0,0,,0,12.574268,50.738667
26,17,7,20,20,5,2,5,3,1,0,1,0,0,0,,0,14.703394,50.854482
27,17,7,20,9,5,3,5,3,0,0,1,1,0,0,,0,13.694666,51.096035
13,17,8,4,6,6,3,2,2,0,0,1,0,0,0,,1,12.261624,51.316164
26,17,8,4,17,6,3,3,3,0,0,1,0,0,0,,1,14.797184,50.929345
27,17,8,4,21,6,3,0,1,2,0,1,0,0,0,,0,13.56684,51.152175
12,17,8,4,18,6,3,5,3,0,0,1,1,0,0,,0,13.719197,51.076467
12,17,8,4,16,6,3,0,1,0,0,1,0,0,0,,0,13.731209,51.034329
12,17,8,4,6,6,3,5,3,0,0,1,1,0,0,,0,13.723201,51.033944
30,17,8,3,19,5,2,4,6,0,0,1,0,0,0,,0,12.985944,51.559694
12,17,7,20,0,5,3,0,1,2,0,1,0,0,0,,0,13.74605,51.057475
26,17,7,19,19,4,3,5,3,0,0,1,1,0,0,,0,14.826727,50.904039
25,17,7,19,9,4,3,4,2,0,0,1,1,0,0,,0,14.248848,51.434926
28,17,7,19,10,4,3,0,1,0,0,1,0,0,0,,0,13.683295,51.003066
13,17,8,3,14,5,3,5,3,0,0,1,1,0,0,,0,12.344856,51.339187
13,17,8,3,18,5,3,5,3,0,0,1,1,0,0,,0,12.328579,51.33671
27,17,8,3,11,5,2,0,1,0,0,1,0,0,0,,0,13.657679,51.105582
12,17,8,3,17,5,3,5,2,0,0,1,1,0,0,,0,13.753788,51.062882
12,17,8,3,13,5,3,4,6,0,0,1,0,0,0,,0,13.738091,51.029018
29,17,7,18,16,3,3,5,3,0,0,1,0,0,0,,1,12.862192,51.369854
13,17,7,18,10,3,3,5,3,0,0,1,1,0,0,,0,12.276701,51.320769
13,17,7,18,8,3,3,0,3,0,0,1,1,0,0,,0,12.342551,51.33861
26,17,7,18,12,3,3,9,7,0,0,1,0,0,0,,0,14.683221,51.348753
28,17,7,18,16,3,2,5,3,0,0,1,1,0,0,,0,14.218088,51.029052
27,17,7,18,16,3,3,0,6,0,0,1,1,0,0,,0,13.306762,51.195821
28,17,7,18,22,3,2,0,1,2,0,1,0,0,0,,0,13.957417,50.926862
28,17,7,18,17,3,3,5,2,0,0,1,1,0,0,,0,13.879939,50.966209
28,17,7,18,10,3,3,2,2,0,0,1,1,0,0,,0,13.934047,50.963768
27,17,7,18,8,3,2,4,2,0,0,1,1,0,0,,0,13.533284,51.28669
27,17,7,18,17,3,2,0,1,0,0,1,0,0,0,,0,13.532731,51.286721
12,17,7,18,8,3,2,5,2,0,0,1,0,0,0,,1,13.884814,51.060929
22,17,7,18,11,3,2,0,6,0,0,1,1,0,0,,0,13.087748,50.820222
21,17,7,18,11,3,3,5,3,0,1,1,0,0,0,,1,12.965463,50.662213
11,17,7,18,16,3,3,5,3,0,0,1,1,0,0,,0,12.923823,50.85998
12,17,8,3,6,5,3,1,3,0,0,1,1,0,0,,0,13.679601,51.062621
25,17,7,17,16,2,3,5,3,0,0,1,1,0,0,,0,13.821493,51.170038
13,17,8,2,16,4,3,5,3,0,0,1,1,0,0,,0,12.285836,51.330946
26,17,8,2,5,4,3,0,1,0,0,1,0,0,0,,0,14.76461,50.8699
28,17,8,2,16,4,3,8,1,0,0,1,0,0,0,,0,13.629136,50.971208
12,17,8,2,9,4,3,5,3,0,0,1,1,0,0,,0,13.774207,51.067037
12,17,8,2,14,4,3,3,2,0,0,1,1,0,0,,0,13.730735,51.030232
21,17,8,2,11,4,3,0,1,0,0,1,0,0,0,,0,13.014395,50.57979
13,17,8,1,13,3,3,5,3,0,0,1,1,0,0,,0,12.385015,51.344389
13,17,7,31,5,2,3,3,2,0,0,1,1,0,0,,0,12.303702,51.342503
13,17,7,31,9,2,3,5,3,0,0,1,1,0,0,,0,12.341227,51.335591
28,17,7,15,17,7,3,0,1,0,1,1,0,0,0,,0,13.860525,50.973667
12,17,7,15,14,7,3,6,7,0,0,1,0,1,0,,0,13.77499,51.013521
12,17,7,15,9,7,3,5,3,0,0,1,1,0,0,,0,13.795991,50.99608
29,17,7,14,17,6,3,1,2,0,0,1,1,0,0,,0,12.429275,51.1126
26,17,7,14,16,6,3,5,3,0,1,1,1,0,0,,0,14.8099,50.882723
12,17,7,14,21,6,3,0,1,2,1,1,0,0,0,,0,13.701825,51.030672
12,17,7,14,7,6,3,1,1,0,0,1,1,0,0,,0,13.728208,51.071101
27,17,7,31,12,2,2,0,7,0,0,1,0,0,0,,0,13.244125,51.348393
12,17,7,31,22,2,3,2,3,2,0,1,1,0,0,,0,13.709066,51.08434
12,17,7,31,0,2,2,0,1,2,0,1,0,0,0,,0,13.71687,51.077444
12,17,7,31,13,2,3,5,3,0,0,1,1,0,0,,0,13.736446,51.042338
12,17,7,31,8,2,2,5,3,0,0,1,0,0,0,,1,13.679601,51.062621
21,17,7,14,13,6,3,4,2,0,0,1,1,0,0,,0,12.688194,50.592539
25,17,7,13,16,5,3,4,6,0,0,1,0,0,0,,0,14.045607,51.142994
26,17,7,13,15,5,2,3,2,0,0,1,1,0,0,,0,14.777219,51.220425
12,17,7,13,16,5,3,5,3,0,0,1,1,0,0,,0,13.723744,51.045389
12,17,7,13,16,5,3,5,2,0,0,1,1,0,0,,1,13.680868,51.04867
13,17,7,12,12,4,3,7,7,0,1,1,0,0,0,,0,12.406041,51.319619
13,17,7,30,11,1,3,5,2,0,0,1,0,0,0,,1,12.394729,51.332343
26,17,7,30,9,1,3,5,3,0,0,1,1,0,0,,0,14.90498,51.049977
26,17,7,30,15,1,3,3,6,0,0,1,0,0,0,,1,14.609973,51.536972
28,17,7,12,12,4,3,5,3,0,0,1,1,0,0,,0,13.72448,50.961431
12,17,7,12,20,4,3,5,2,1,1,1,1,0,0,,0,13.76133,51.022672
28,17,7,30,11,1,3,0,1,0,0,1,0,0,0,,0,14.162709,50.925359
22,17,7,30,10,1,3,0,6,0,0,1,1,0,0,,0,13.246318,50.901653
11,17,7,12,17,4,2,4,2,0,1,1,1,0,0,,0,12.958071,50.853799
29,17,7,29,22,7,3,0,1,2,0,1,0,0,0,,0,12.919084,51.256617
13,17,7,11,20,3,3,4,6,0,0,1,0,0,0,,0,12.395182,51.352601
25,17,7,29,3,7,3,8,1,2,0,1,0,0,0,,0,14.039991,51.142125
12,17,7,29,1,7,3,0,1,2,0,1,0,0,0,,0,13.739276,51.071703
29,17,7,28,15,6,2,3,7,0,0,1,1,0,0,,0,12.559216,51.272809
13,17,7,28,18,6,3,3,2,0,0,1,0,0,0,,1,12.394278,51.336748
25,17,7,28,13,6,3,5,3,0,0,1,1,0,0,,0,13.824861,51.175431
12,17,7,11,6,3,2,0,2,0,0,1,1,0,0,,0,13.689854,51.071983
12,17,7,11,10,3,3,5,2,0,1,1,1,0,0,,1,13.726719,51.059336
12,17,7,28,4,6,3,0,4,2,1,1,0,1,0,,0,13.714616,51.079473
12,17,7,28,20,6,3,0,1,0,0,1,0,0,0,,0,13.643704,51.080129
29,17,7,10,4,2,3,8,6,2,0,1,1,0,0,,0,12.420512,51.140749
13,17,7,10,9,2,3,5,3,0,1,1,1,0,0,,0,12.406029,51.313916
29,17,7,27,15,5,3,0,3,0,0,1,1,0,0,,0,12.754215,51.286124
29,17,7,27,9,5,2,5,3,0,0,1,1,0,0,,0,12.883898,51.407506
12,17,7,27,18,5,3,0,1,0,1,1,0,0,0,,0,13.681212,51.061863
28,17,7,10,13,2,2,8,1,0,0,1,0,0,0,,0,14.205625,51.070155
27,17,7,10,1,2,3,0,1,2,0,1,0,0,0,,0,13.495736,51.177238
21,17,7,27,9,5,2,0,7,0,0,1,1,0,0,,0,12.806194,50.684539
26,17,7,26,8,4,2,5,3,0,0,1,1,0,0,,0,14.801722,50.898485
12,17,7,10,14,2,3,8,1,0,0,1,0,0,0,,0,13.625437,51.040815
12,17,7,10,2,2,2,3,6,2,0,1,0,0,0,,1,13.78114,51.011481
28,17,7,26,16,4,3,8,1,0,1,1,0,0,0,,0,13.93805,50.953294
11,17,7,10,13,2,3,5,3,0,0,1,1,0,0,,0,12.90627,50.839595
24,17,7,9,16,1,2,0,1,0,0,1,0,0,0,,0,12.58314,50.806682
25,17,7,9,14,1,2,1,5,0,0,1,1,0,0,,0,14.069402,51.382572
25,17,7,9,15,1,2,5,3,0,0,1,1,0,0,,0,14.430056,51.079905
22,17,7,9,17,1,2,0,1,0,0,1,0,0,0,,0,12.873126,50.908522
24,17,7,25,10,3,3,5,3,0,0,1,1,0,0,,0,12.467096,50.7095
30,17,7,25,10,3,2,0,7,0,1,1,0,0,0,,0,12.47883,51.593322