CSV=`UKREIS,UJAHR,UMONAT,UTAG,USTUNDE,UWOCHENTAG,UKATEGORIE,UART,UTYP,LICHT,USTRZUSTAND,IstRad,IstPKW,IstFuss,IstKrad,IstGkfz,IstSonstig,@lon,@lat
23,17,7,8,5,7,2,6,4,1,0,1,0,1,0,,0,12.359868,50.506963
25,17,7,25,17,3,2,5,3,0,0,1,1,0,0,,0,14.315013,51.09407
24,17,7,8,18,7,3,2,2,0,0,1,1,0,0,,0,12.534678,50.670496
25,17,7,8,12,7,3,1,7,0,0,1,0,0,0,,1,14.004401,51.209271
26,17,8,22,9,3,2,5,3,0,0,1,1,0,0,,0,14.666613,51.086095
11,17,9,5,15,3,3,5,3,0,0,1,1,0,0,,0,12.804146,50.846045
24,17,9,4,14,2,3,5,3,0,0,1,1,0,0,,0,12.486567,50.720239
30,17,9,4,9,2,2,5,3,0,0,1,1,0,0,,0,12.591176,51.592197
12,17,8,22,7,3,2,0,1,0,0,1,0,0,0,,0,13.699303,51.031886
12,17,8,22,6,3,3,8,7,0,0,1,0,0,0,,0,13.816221,51.064581
11,17,8,22,7,3,2,5,3,0,0,1,1,0,0,,0,12.754855,50.821582
12,17,9,4,9,2,3,5,2,0,0,1,1,0,0,,0,13.719232,51.076454
28,17,9,4,19,2,3,0,1,0,0,1,0,0,0,,0,13.649717,51.028785
12,17,9,4,16,2,3,4,2,0,0,1,1,0,0,,0,13.727245,51.058003
12,17,9,4,7,2,3,5,2,0,0,1,1,0,0,,0,13.715521,51.099248
22,17,9,4,12,2,3,0,3,0,0,1,1,0,0,,0,13.336615,50.907093
21,17,9,4,14,2,3,5,3,0,0,1,1,0,0,,0,13.015591,50.592262
29,17,9,3,19,1,3,3,6,1,0,1,0,0,0,,0,12.498987,51.27207
29,17,9,3,22,1,1,2,6,2,0,1,1,0,0,,0,12.580632,51.284837
25,17,9,11,9,2,2,5,3,0,0,1,1,0,0,,0,14.43915,51.180766
23,17,8,21,16,2,2,3,1,0,0,1,0,0,0,,1,12.379995,50.503769
12,17,9,3,13,1,3,5,3,0,0,1,1,0,0,,0,13.87287,51.012622
27,17,9,14,16,5,2,5,3,0,0,1,1,0,0,,0,13.549091,51.286238
12,17,9,3,11,1,3,0,7,0,0,1,0,0,0,,0,13.862513,51.014494
30,17,8,21,14,2,3,5,3,0,0,1,1,0,0,,0,12.614199,51.457828
13,17,8,21,9,2,3,4,6,0,0,1,0,0,0,,0,12.366433,51.343458
13,17,8,21,9,2,3,5,3,0,0,1,1,0,0,,0,12.377052,51.344509
26,17,8,21,16,2,2,3,2,0,0,1,1,0,0,,0,14.725649,51.02713
22,17,9,3,1,1,3,3,2,2,0,1,1,0,0,,0,13.317739,50.932754
30,17,9,8,15,6,3,3,2,0,0,1,1,0,0,,0,12.995561,51.554621
27,17,9,15,7,6,3,5,3,0,0,1,1,0,0,,0,13.581079,51.129641
11,17,9,3,20,1,2,3,6,1,0,1,1,0,0,,0,12.930666,50.83601
26,17,9,2,22,7,3,0,1,2,0,1,0,0,0,,0,14.631331,51.495884
26,17,8,21,16,2,3,5,3,0,0,1,1,0,0,,0,14.894139,51.147268
26,17,8,21,11,2,3,0,1,0,0,1,0,0,0,,0,14.9831,51.134123
25,17,9,13,13,4,3,5,3,0,0,1,1,0,0,,0,14.441265,51.141341
26,17,8,21,16,2,3,5,3,0,0,1,1,0,0,,0,14.970949,51.150914
28,17,9,8,18,6,3,5,2,0,0,1,1,0,0,,0,13.947524,50.959562
24,17,8,20,3,1,2,0,1,2,0,1,0,0,0,,0,12.756045,50.82828
24,17,8,20,21,1,3,3,6,1,0,1,1,0,0,,0,12.528671,50.823319
24,17,8,20,17,1,2,4,6,0,0,1,1,0,0,,0,12.434199,50.581758
29,17,9,1,19,6,3,5,3,1,0,1,1,0,0,,0,12.542112,51.354029
25,17,9,1,6,6,2,2,6,0,1,1,1,0,0,,0,13.821496,51.170048
12,17,9,15,15,6,3,0,2,0,0,1,1,0,0,,0,13.666611,51.075381
25,17,9,1,14,6,3,5,3,0,1,1,1,0,0,,0,14.430715,51.180972
13,17,8,20,13,1,3,5,3,0,0,1,1,0,0,,0,12.344876,51.339191
28,17,9,8,16,6,3,0,1,0,0,1,0,0,0,,0,13.586717,51.03638
27,17,8,20,14,1,2,0,1,0,0,1,0,0,0,,0,13.631045,51.109036
12,17,9,8,5,6,3,5,3,2,0,1,0,0,0,,1,13.759865,51.081336
12,17,8,20,18,1,3,0,5,0,0,1,1,0,0,,0,13.787289,51.066976
27,17,8,20,15,1,2,5,3,0,0,1,1,0,0,,0,13.704647,51.130593
22,17,9,1,16,6,3,3,6,0,1,1,1,0,0,,0,13.084861,51.201784
12,17,9,13,8,4,3,5,3,0,0,1,1,0,0,,0,13.718039,51.035895
13,17,9,13,20,4,2,6,4,0,0,1,0,1,0,,0,12.324866,51.338304
11,17,9,8,14,6,3,5,2,0,0,1,1,0,0,,0,12.93782,50.844582
25,17,9,5,16,3,3,5,3,0,0,1,1,0,0,,0,14.106854,51.282064
26,17,8,19,12,7,2,2,6,0,0,1,1,0,0,,0,14.741028,50.833501
25,17,8,31,0,5,3,3,2,2,0,1,1,0,0,,0,14.024573,51.14651
25,17,8,31,14,5,2,5,3,0,0,1,1,0,0,,0,13.990983,51.220536
28,17,8,19,16,7,3,5,3,0,0,1,0,0,0,,0,13.814393,50.877012
24,17,9,11,10,2,3,4,6,0,0,1,1,0,0,,0,12.761283,50.861835
12,17,9,12,20,3,3,0,7,2,0,1,0,0,0,,0,13.725307,51.043789
25,17,9,13,7,4,3,5,3,0,0,1,1,0,0,,0,14.44116,51.180514
28,17,8,31,17,5,3,0,1,0,1,1,0,0,0,,0,14.163716,50.925727
12,17,8,31,9,5,3,6,4,0,0,1,0,1,0,,0,13.828873,51.062111
12,17,9,12,5,3,3,5,3,1,0,1,1,0,0,,0,13.791059,51.121507
12,17,8,31,18,5,3,0,7,0,1,1,0,0,0,,0,13.723595,51.055193
21,17,9,5,16,3,2,0,7,0,0,1,0,0,0,,0,13.040369,50.546424
30,17,8,18,9,6,2,5,3,0,0,1,1,0,0,,0,12.66377,51.467287
27,17,8,18,14,6,3,5,3,0,0,1,1,0,0,,0,13.524364,51.288277
12,17,8,18,11,6,3,5,3,0,0,1,0,0,0,,1,13.74743,51.052737
21,17,8,18,21,6,2,5,3,2,1,1,1,0,0,,0,12.755025,50.721224
28,17,8,31,16,5,2,0,7,0,1,1,0,0,0,,0,13.664745,51.00406
26,17,9,7,16,5,2,2,7,0,0,1,1,0,0,,0,14.753702,50.897114
27,17,9,14,7,5,3,5,3,0,1,1,1,0,0,,0,13.483098,51.168492
25,17,9,7,15,5,3,3,2,0,0,1,1,0,0,,0,14.110395,51.284759
13,17,9,14,11,5,1,3,2,0,1,1,0,0,0,,1,12.328543,51.336731
12,17,9,7,8,5,3,0,3,0,0,1,1,0,0,,0,13.695738,51.043253
13,17,8,30,12,4,3,5,3,0,0,1,1,0,0,,0,12.275118,51.323154
29,17,8,30,8,4,1,5,3,0,0,1,1,0,0,,0,12.217201,51.30398
26,17,8,30,19,4,3,0,7,1,0,1,0,0,0,,0,14.980874,51.138043
29,17,9,11,19,2,1,2,6,0,0,1,1,0,0,,0,12.88076,51.120155
30,17,8,17,23,5,3,5,3,2,0,1,1,0,0,,0,12.971718,51.569424
29,17,9,13,14,4,3,4,2,0,0,1,1,0,0,,0,12.716629,51.23134
12,17,9,7,7,5,3,5,3,0,0,1,1,0,0,,0,13.722619,51.033477
26,17,8,17,18,5,3,0,7,0,0,1,0,0,0,,0,14.640739,51.503955
26,17,8,17,15,5,3,1,5,0,0,1,1,0,0,,0,14.991179,51.159481
25,17,8,17,19,5,3,8,1,0,0,1,0,0,0,,0,14.126717,51.12307
28,17,8,17,5,5,3,5,3,2,0,1,0,0,0,,1,13.857543,50.971907
28,17,9,14,5,5,3,5,3,2,1,1,1,0,0,,0,13.941237,50.974914
12,17,8,17,18,5,3,0,1,0,0,1,0,0,0,,0,13.730063,51.08246
12,17,8,17,18,5,3,4,2,0,0,1,1,0,0,,0,13.719698,51.094321
12,17,8,17,19,5,3,5,3,0,0,1,1,0,0,,0,13.760486,51.082207
27,17,9,14,18,5,3,0,3,0,0,1,1,0,0,,0,13.701435,51.111445
27,17,8,30,6,4,3,5,3,0,0,1,1,0,0,,0,13.49602,51.158825
12,17,8,30,16,4,3,5,2,0,0,1,1,0,0,,0,13.724885,51.073155
12,17,8,30,11,4,3,7,1,0,0,1,0,0,0,,0,13.711963,51.039599
22,17,9,11,6,2,3,5,3,0,0,1,0,0,0,,1,13.13022,51.123098
24,17,9,6,12,4,3,5,3,0,0,1,1,0,0,,0,12.484775,50.737315
24,17,8,16,17,4,3,5,3,0,0,1,1,0,0,,0,12.471986,50.710823
26,17,8,29,15,3,2,5,3,0,0,1,1,0,0,,0,14.538389,51.545813
21,17,9,14,8,5,3,0,2,0,1,1,0,0,0,,1,12.655835,50.599243
28,17,8,16,13,4,3,0,1,0,1,1,0,0,0,,0,14.137781,50.922678
26,17,9,6,20,4,3,0,7,2,0,1,0,0,0,,0,14.776441,50.902848
12,17,8,16,19,4,3,0,7,0,0,1,0,0,0,,0,13.788038,51.005635
12,17,8,16,14,4,3,0,1,0,1,1,0,0,0,,0,13.761485,51.063974
22,17,8,16,15,4,3,1,5,0,0,1,1,0,0,,0,13.096303,51.130484
27,17,9,14,18,5,2,0,7,0,0,1,0,0,0,,0,13.550106,51.143937
29,17,9,14,7,5,3,0,1,0,1,1,0,0,0,,0,12.723119,51.233186
12,17,8,29,8,3,3,6,4,0,0,1,0,1,0,,0,13.703476,51.088481
25,17,9,11,14,2,3,0,1,0,0,1,0,0,0,,0,14.409627,51.097954
29,17,8,15,10,3,3,5,3,0,0,1,1,0,0,,0,12.492654,51.124688
13,17,8,15,19,3,3,5,3,0,0,1,1,0,0,,0,12.339639,51.335314
25,17,8,15,14,3,3,0,7,0,0,1,0,0,0,,0,14.4179,51.313329
21,17,8,29,11,3,3,5,3,0,0,1,1,0,0,,0,12.754984,50.556217
22,17,8,29,7,3,3,2,6,0,0,1,1,0,0,,0,12.877849,50.932623
11,17,8,29,7,3,2,5,2,0,0,1,1,0,0,,0,12.903079,50.825369
13,17,8,28,12,2,3,5,3,0,0,1,1,0,0,,0,12.464412,51.350539
28,17,8,15,15,3,3,0,7,0,0,1,0,0,0,,0,14.050293,50.854252
28,17,8,15,16,3,2,5,3,0,0,1,0,0,1,,0,13.910415,50.985439
12,17,8,15,14,3,3,0,3,0,0,1,1,0,0,,0,13.730399,51.069293
12,17,8,15,15,3,3,5,3,0,0,1,1,0,0,,0,13.766733,51.094062
24,17,9,13,16,4,2,8,1,0,1,1,0,0,0,,0,12.629212,50.759572
29,17,8,14,11,2,2,0,1,0,0,1,0,0,0,,0,12.461546,51.222534
13,17,8,28,16,2,2,4,2,0,0,1,1,0,0,,0,12.394968,51.339002
26,17,8,28,10,2,3,5,3,0,0,1,1,0,0,,0,14.643335,51.506555
25,17,8,28,15,2,2,3,6,0,0,1,0,0,0,,1,14.318057,51.296124
28,17,8,28,17,2,3,3,6,0,0,1,1,0,0,,0,14.167978,50.930365
13,17,9,15,13,6,3,1,5,0,0,1,1,0,0,,0,12.362241,51.342568
27,17,8,28,13,2,3,0,1,0,0,1,0,0,0,,0,13.625251,51.110059
22,17,8,28,19,2,3,2,6,0,0,1,1,0,0,,0,13.555167,50.801134
12,17,9,11,18,2,3,5,2,0,0,1,1,0,0,,0,13.704935,51.039375
29,17,8,14,13,2,3,5,2,0,0,1,1,0,0,,0,12.486602,51.115749
28,17,8,14,12,2,3,0,1,0,0,1,0,0,0,,0,14.057175,50.923467
27,17,8,14,6,2,2,3,6,0,0,1,0,0,0,,1,13.643826,51.227418
12,17,8,14,8,2,2,8,1,0,0,1,0,0,0,,0,13.771384,51.011046
12,17,8,14,12,2,3,2,6,0,0,1,1,0,0,,0,13.741883,51.046176
11,17,8,28,10,2,3,3,2,0,0,1,1,0,0,,0,12.944125,50.81888
13,17,8,13,19,1,2,5,3,0,0,1,1,0,0,,0,12.389953,51.346563
28,17,9,14,20,5,2,3,6,2,0,1,1,0,0,,0,13.964693,50.98198
25,17,8,27,18,1,3,4,6,0,0,1,0,0,0,,0,14.398645,51.512673
26,17,8,27,18,1,2,9,1,0,0,1,0,0,0,,0,14.996614,51.165078
27,17,8,27,15,1,2,0,1,0,0,1,0,0,0,,0,13.592165,51.155613
12,17,8,27,15,1,3,8,1,0,0,1,0,0,0,,0,13.950538,51.036312
26,17,8,13,11,1,2,3,6,0,0,1,1,0,0,,0,14.85803,51.264479
27,17,8,13,2,1,2,5,3,2,0,1,1,0,0,,0,13.453054,51.416216
27,17,8,12,10,7,2,2,1,0,0,1,0,0,0,,0,13.604971,51.162119
25,17,9,6,16,4,3,3,2,0,0,1,1,0,0,,0,14.317432,51.093412
12,17,8,12,16,7,3,3,2,0,0,1,1,0,0,,0,13.731224,51.034355
13,17,8,11,12,6,3,3,2,0,0,1,1,0,0,,0,12.397054,51.330924
13,17,8,11,8,6,3,5,2,0,1,1,1,0,0,,0,12.38837,51.346331
25,17,8,26,14,7,2,4,2,0,0,1,0,0,0,,0,13.824961,51.176457
30,17,9,10,17,1,3,5,3,0,0,1,1,0,0,,0,12.999687,51.554403
25,17,8,26,17,7,3,5,3,0,0,1,1,0,0,,0,14.265723,51.430064
30,17,8,11,7,6,2,5,3,0,0,1,0,0,0,,1,12.968029,51.572293
13,17,8,11,13,6,2,5,2,0,0,1,1,0,0,,0,12.353567,51.340898
12,17,8,26,2,7,3,0,1,2,1,1,0,0,0,,0,13.738732,51.06866
22,17,8,26,17,7,3,5,3,0,0,1,1,0,0,,0,12.945767,51.009486
27,17,9,11,21,2,3,5,3,2,0,1,1,0,0,,0,13.580153,51.124749
25,17,8,11,7,6,3,5,3,0,0,1,1,0,0,,0,14.396012,51.179658
26,17,9,12,7,3,2,5,3,0,0,1,1,0,0,,0,14.646427,51.509017
30,17,8,25,20,6,3,0,7,2,0,1,0,0,0,,0,12.972606,51.561582
12,17,9,6,8,4,3,5,2,0,0,1,1,0,0,,0,13.785878,51.007978
29,17,8,25,20,6,3,5,3,1,0,1,1,0,0,,0,12.229835,51.308893
28,17,8,25,17,6,3,4,1,0,0,1,1,0,0,,0,13.53771,51.049456
27,17,8,25,17,6,2,5,3,0,0,1,1,0,0,,0,13.285141,51.070501
21,17,8,25,16,6,3,1,5,0,0,1,0,0,0,,1,12.844327,50.691336
22,17,8,25,9,6,3,5,2,0,0,1,0,0,0,,1,13.320464,50.861697
22,17,8,25,14,6,3,0,1,0,0,1,0,0,0,,0,13.400277,50.872303
23,17,8,24,5,5,3,5,3,0,0,1,1,0,0,,0,12.507494,50.535835
25,17,8,10,7,5,3,3,6,0,0,1,0,0,0,,1,14.41623,51.179285
13,17,8,24,14,5,3,4,6,0,0,1,0,0,0,,0,12.375842,51.344393
27,17,8,10,7,5,3,5,3,0,0,1,0,0,0,,1,13.581183,51.124526
12,17,8,10,7,5,3,5,3,0,0,1,1,0,0,,0,13.742019,51.064675
29,17,8,24,6,5,3,5,2,0,0,1,1,0,0,,0,12.792266,51.261735
12,17,9,6,18,4,3,5,3,0,1,1,1,0,0,,0,13.689707,51.061783
25,17,8,24,6,5,3,5,3,0,0,1,1,0,0,,0,13.987109,51.168417
26,17,8,24,13,5,3,5,3,0,0,1,1,0,0,,0,14.975005,51.143756
13,17,9,15,8,6,2,3,6,0,0,1,1,0,0,,0,12.374,51.314822
25,17,8,24,12,5,3,1,5,0,0,1,1,0,0,,0,14.03258,51.240736
13,17,8,23,12,4,3,5,3,0,0,1,0,0,0,,1,12.38081,51.343539
13,17,8,23,18,4,3,3,2,0,0,1,1,0,0,,0,12.2751,51.323183
26,17,8,9,12,4,2,0,1,0,0,1,0,0,0,,0,14.746258,50.868952
26,17,8,23,16,4,3,5,3,0,0,1,1,0,0,,0,14.598555,51.007647
28,17,8,23,8,4,3,5,3,0,0,1,0,0,0,,1,13.89657,50.958515
28,17,8,23,16,4,3,5,3,0,0,1,1,0,0,,0,14.141797,50.92157
27,17,8,9,14,4,3,5,2,0,0,1,0,0,0,,1,13.490294,51.163326
28,17,8,9,12,4,2,5,3,0,0,1,1,0,0,,0,13.660397,51.006018
12,17,8,9,12,4,3,5,3,0,0,1,1,0,0,,0,13.73313,51.076331
12,17,8,9,17,4,3,5,3,0,0,1,0,0,1,,0,13.705204,51.085103
12,17,8,9,16,4,3,3,2,0,0,1,1,0,0,,0,13.737294,51.085435
12,17,8,9,18,4,3,6,4,0,0,1,0,1,0,,0,13.736789,51.063062
12,17,8,9,17,4,2,5,3,0,0,1,0,0,0,,1,13.752955,51.073867
27,17,8,23,6,4,2,2,2,0,0,1,1,0,0,,0,13.558222,51.166858
27,17,8,23,16,4,2,5,3,0,0,1,1,0,0,,0,13.511332,51.169073
30,17,9,5,15,3,3,5,3,0,0,1,1,0,0,,0,12.99562,51.557602
30,17,9,5,8,3,3,0,1,0,0,1,0,0,0,,0,13.103981,51.300511
12,17,8,23,8,4,3,4,3,0,0,1,0,0,0,,0,13.725799,51.032428
12,17,8,23,7,4,3,5,3,0,0,1,1,0,0,,0,13.747519,51.051647
13,17,8,8,12,3,3,5,3,0,0,1,1,0,0,,0,12.318161,51.381219
30,17,8,22,13,3,2,5,3,0,0,1,1,0,0,,0,12.981764,51.55419
12,17,9,13,6,4,3,0,1,0,0,1,0,0,0,,1,13.725131,51.087506
23,17,9,13,6,4,2,0,2,1,0,1,1,0,0,,0,12.318512,50.610541
26,17,8,8,16,3,3,2,3,0,0,1,1,0,1,,0,14.539754,51.544339
12,17,10,2,14,2,2,5,3,0,0,1,1,0,0,,0,13.787392,51.006198
25,17,11,3,13,6,3,5,3,0,0,1,1,0,0,,0,14.439134,51.180768
12,17,10,2,19,2,3,5,3,2,1,1,1,0,0,,0,13.762453,51.085036
22,17,10,2,13,2,3,0,7,0,0,1,0,0,0,,0,12.978392,51.09081
23,17,10,1,11,1,2,0,1,0,1,1,0,0,0,,0,12.126131,50.490552
25,17,11,27,6,2,3,5,3,2,0,1,1,0,0,,0,14.426753,51.166604
30,17,11,27,10,2,2,3,2,0,0,1,1,0,0,,0,12.865048,51.626918
22,17,11,29,7,4,3,5,3,0,1,1,1,0,0,,0,13.078508,50.849125
27,17,10,1,8,1,3,5,2,0,0,1,1,0,0,,0,13.453824,51.416765
28,17,10,1,7,1,3,0,7,1,0,1,0,0,0,,0,13.648959,50.997994
12,17,10,16,10,2,3,5,3,0,0,1,1,0,0,,0,13.798257,51.139485
11,17,11,3,16,6,3,3,2,2,0,1,1,0,0,,0,12.944125,50.81888
26,17,10,16,11,2,3,5,3,0,0,1,1,0,0,,0,14.655282,51.492293
13,17,11,12,15,1,3,1,5,0,1,1,1,0,0,,0,12.362223,51.342564
29,17,11,2,17,5,3,4,6,2,0,1,0,0,0,,0,12.419975,51.141105
26,17,11,2,15,5,3,3,2,0,0,1,1,0,0,,0,14.974086,51.161423
28,17,11,2,13,5,3,0,7,0,0,1,0,0,0,,0,14.202512,51.03013
28,17,11,22,14,4,2,5,3,0,1,1,1,0,0,,0,13.641676,50.963787
12,17,11,23,17,5,2,0,7,2,0,1,0,0,0,,0,13.757182,51.025206
27,17,10,17,15,3,3,5,3,0,0,1,1,0,0,,0,13.525469,51.288782
27,17,11,21,6,3,3,5,3,2,1,1,1,0,0,,0,13.547071,51.145843
13,17,10,14,14,7,3,5,2,0,0,1,1,0,0,,0,12.391731,51.35175
12,17,11,27,18,2,3,4,6,2,1,1,0,0,0,,0,13.731589,51.122084
24,17,9,30,20,7,3,5,3,2,0,1,1,0,0,,0,12.516215,50.7005
29,17,9,30,21,7,2,8,7,2,0,1,0,0,0,,0,12.708555,51.230853
27,17,11,16,7,5,3,5,3,0,0,1,1,0,0,,0,13.563435,51.158575
25,17,9,30,17,7,3,5,3,0,0,1,1,0,0,,0,14.394524,51.179637
27,17,11,1,8,4,3,1,7,0,0,1,1,0,0,,0,13.482361,51.161602
12,17,11,1,13,4,3,5,3,0,1,1,1,0,0,,0,13.658789,51.079769
12,17,11,1,7,4,3,5,3,1,1,1,1,0,0,,0,13.720672,51.049281
13,17,11,11,13,7,3,3,5,0,1,1,1,0,0,,0,12.36317,51.34278
22,17,10,16,5,2,3,5,2,2,0,1,1,0,0,,0,13.275674,50.980937
13,17,10,30,11,2,3,5,3,0,0,1,1,0,0,,0,12.344864,51.339188
21,17,10,14,14,7,3,3,6,0,0,1,1,0,0,,0,12.600028,50.533502
27,17,10,30,14,2,2,2,6,0,0,1,1,0,0,,0,13.459738,51.413421
27,17,10,30,16,2,2,5,3,1,0,1,0,0,0,,1,13.500391,51.167381
12,17,9,30,0,7,3,0,2,2,0,1,1,0,0,,0,13.719707,51.094296
12,17,9,30,11,7,2,0,7,0,0,1,1,0,0,,0,13.73897,51.044574
24,17,9,29,7,6,3,0,1,0,0,1,0,0,0,,0,12.687906,50.753741
13,17,11,17,13,6,3,5,2,0,0,1,0,0,0,,1,12.391343,51.34743
12,17,11,7,17,3,2,0,1,2,0,1,0,0,0,,0,13.732297,51.036695
30,17,10,29,12,1,3,5,3,0,1,1,1,0,0,,0,12.971722,51.569421
13,17,10,16,16,2,3,3,2,0,0,1,1,0,0,,0,12.43352,51.355191
23,17,10,28,13,7,3,5,3,0,0,1,1,0,0,,0,12.467996,50.355168
27,17,10,28,17,7,2,8,1,0,0,1,0,0,0,,0,13.612561,51.150989
25,17,11,23,6,5,3,5,3,2,0,1,1,0,0,,0,14.394517,51.179637
12,17,10,28,23,7,3,7,7,2,1,1,0,0,0,,0,13.655886,51.081148
26,17,10,8,13,1,3,4,2,0,1,1,1,0,0,,0,14.956703,51.149575
26,17,10,8,17,1,2,3,1,0,0,1,1,0,0,,0,14.701739,51.283018
28,17,9,29,18,6,3,0,7,0,0,1,0,0,0,,0,13.849294,50.981093
27,17,9,29,14,6,2,0,1,0,0,1,0,0,0,,0,13.633784,51.107641
12,17,11,14,7,3,2,5,3,1,1,1,1,0,0,,0,13.748917,51.027819
11,17,11,15,5,4,3,3,2,2,1,1,1,0,0,,0,12.945859,50.851841
27,17,10,28,20,7,1,5,3,2,1,1,0,0,0,,1,13.323506,51.3273
25,17,11,24,7,6,2,5,3,0,0,1,1,0,0,,0,14.185052,51.131114
12,17,11,27,17,2,3,5,2,2,1,1,1,0,0,,0,13.734714,51.074034
22,17,9,29,15,6,3,5,3,0,0,1,1,0,0,,0,13.091358,51.124894
30,17,11,15,7,4,3,3,6,1,1,1,1,0,0,,0,12.624717,51.457876
24,17,9,28,7,5,3,0,1,0,0,1,0,0,0,,0,12.489555,50.738269
29,17,9,28,14,5,3,3,6,0,0,1,1,0,0,,0,12.719888,51.351856
13,17,11,10,15,6,3,3,2,0,1,1,1,0,0,,0,12.247294,51.318148
26,17,11,6,19,2,2,5,3,2,1,1,1,0,0,,0,14.765337,50.869856
13,17,10,27,15,6,2,5,3,0,1,1,1,0,0,,0,12.398685,51.365602
25,17,10,27,6,6,3,3,2,2,1,1,0,0,0,,1,13.919622,51.130886
26,17,10,27,6,6,3,5,3,2,1,1,1,0,0,,0,14.950215,51.148446
29,17,10,13,11,6,2,5,3,0,0,1,1,0,0,,0,12.597216,51.344339
26,17,11,21,23,3,3,8,1,2,1,1,0,0,0,,0,14.803467,50.898894
24,17,11,20,11,2,3,5,3,0,1,1,1,0,0,,0,12.486975,50.722163
12,17,10,7,17,7,3,4,6,0,1,1,0,0,0,,0,13.799617,51.144065
28,17,9,28,5,5,2,0,2,2,0,1,1,0,0,,0,13.783409,50.979681
12,17,9,28,9,5,3,0,3,0,0,1,0,0,0,,1,13.732213,51.029529
12,17,9,28,10,5,3,8,7,0,0,1,0,0,0,,0,13.88836,51.064085
12,17,9,28,19,5,3,5,3,2,0,1,0,0,0,,1,13.748704,51.063383
30,17,11,14,20,3,2,5,3,2,1,1,1,0,0,,0,12.649229,51.464234
30,17,11,15,6,4,3,2,2,2,0,1,1,0,0,,0,12.368162,51.435063
24,17,9,27,15,4,3,5,3,0,0,1,1,0,0,,0,12.48686,50.72237
25,17,11,6,13,2,2,5,3,0,0,1,1,0,0,,0,14.441083,51.180524
12,17,10,7,18,7,3,5,3,2,1,1,1,0,0,,0,13.713634,51.080696
25,17,11,11,13,7,3,5,3,0,1,1,1,0,0,,0,14.103413,51.279231
23,17,10,26,11,5,2,0,7,0,0,1,0,0,0,,0,12.123558,50.51195
24,17,10,26,15,5,2,5,3,0,0,1,1,0,0,,0,12.480631,50.736815
28,17,11,6,7,2,3,2,7,1,1,1,1,0,0,,0,13.642993,51.015234
27,17,10,16,13,2,3,5,3,0,0,1,1,0,0,,0,13.236676,51.351357
12,17,11,6,8,2,3,0,1,0,1,1,0,0,0,,0,13.727605,51.058163
29,17,10,26,16,5,3,3,6,0,0,1,1,0,0,,0,12.257422,51.165877
26,17,11,11,17,7,3,5,3,2,1,1,1,0,0,,0,14.748291,50.869237
13,17,10,26,12,5,3,4,6,0,0,1,0,0,0,,0,12.383657,51.343849
22,17,10,17,13,3,3,4,6,0,0,1,1,0,0,,0,13.283371,50.901613
12,17,10,13,12,6,2,5,3,0,0,1,1,0,0,,0,13.725797,51.032429
24,17,10,6,10,6,3,3,2,0,0,1,1,0,0,,0,12.389222,50.817762
30,17,10,14,14,7,2,3,2,0,0,1,1,0,0,,0,12.656999,51.466385
23,17,9,27,6,4,2,2,6,2,0,1,1,0,0,,0,12.277117,50.474526
13,17,9,27,16,4,3,5,3,0,0,1,1,0,0,,0,12.344886,51.339193
13,17,9,27,12,4,2,3,6,0,0,1,0,0,0,,1,12.392128,51.348015
26,17,9,27,7,4,2,0,1,0,1,1,0,0,0,,0,14.619624,51.507549
26,17,9,27,14,4,3,5,3,0,0,1,1,0,0,,0,14.955255,51.162976
27,17,9,27,14,4,2,5,2,0,0,1,1,0,0,,0,13.28057,51.318496
12,17,9,27,15,4,3,5,2,0,0,1,1,0,0,,0,13.718081,51.035876
12,17,9,27,14,4,3,5,3,0,0,1,1,0,0,,0,13.739274,51.071956
30,17,9,26,16,3,3,5,3,0,0,1,0,0,0,,0,12.994832,51.557401
11,17,11,17,7,6,2,3,3,0,1,1,1,0,0,,0,12.915681,50.819862
13,17,9,26,18,3,3,5,3,0,0,1,1,0,0,,0,12.373595,51.314928
12,17,10,26,18,5,3,3,2,2,1,1,1,0,0,,0,13.710743,51.104287
12,17,10,26,8,5,3,3,2,0,0,1,0,0,0,,1,13.760127,51.023306
11,17,10,26,7,5,3,5,3,0,0,1,1,0,0,,0,12.927114,50.858475
13,17,11,10,7,6,3,5,3,0,1,1,1,0,0,,0,12.371483,51.31481
11,17,10,26,17,5,3,5,2,1,0,1,1,0,0,,0,12.93219,50.823606
13,17,10,12,11,5,3,5,3,0,0,1,1,0,0,,0,12.35919,51.3752
27,17,10,25,16,4,3,5,2,0,0,1,1,0,0,,0,13.297049,51.304444
28,17,10,25,12,4,3,5,2,0,0,1,0,0,0,,1,13.932547,50.957206
30,17,11,21,19,3,3,5,3,2,1,1,0,0,0,,1,12.490329,51.378383
12,17,10,6,9,6,3,5,3,0,0,1,1,0,0,,0,13.742019,51.064675