CSV=`UKREIS,UJAHR,UMONAT,UTAG,USTUNDE,UWOCHENTAG,UKATEGORIE,UART,UTYP,LICHT,USTRZUSTAND,IstRad,IstPKW,IstFuss,IstKrad,IstGkfz,IstSonstig,@lon,@lat
12,17,10,14,14,7,3,5,2,0,0,1,1,0,0,,0,13.736993,51.06317
12,17,11,22,5,4,3,0,1,2,0,1,0,0,0,,0,13.702883,51.043739
12,17,11,23,7,5,2,5,3,0,0,1,1,0,0,,1,13.793607,51.12919
28,17,9,26,22,3,3,8,1,2,1,1,0,0,0,,0,13.944477,50.862009
12,17,9,26,8,3,3,3,6,0,0,1,1,0,0,,0,13.730968,51.024734
28,17,11,5,21,1,2,8,1,2,1,1,0,0,0,,0,13.703484,50.961157
27,17,11,5,8,1,2,0,1,0,0,1,0,0,0,,0,13.504323,51.231195
28,17,11,29,16,4,3,5,3,2,0,1,1,0,0,,0,14.218486,51.027415
13,17,9,25,13,2,3,5,7,0,0,1,1,0,0,,0,12.355915,51.341427
11,17,10,6,22,6,2,5,3,2,1,1,1,0,0,,0,12.882589,50.853558
13,17,9,25,17,2,3,0,2,0,0,1,1,0,0,,0,12.321936,51.338992
21,17,11,5,12,1,3,5,3,0,0,1,1,0,0,,0,12.884556,50.708403
27,17,9,25,13,2,3,0,1,0,0,1,0,0,0,,0,13.562564,51.064643
12,17,9,25,17,2,2,0,1,0,1,1,0,0,0,,0,13.770443,51.102554
13,17,11,15,11,4,3,5,2,0,0,1,1,0,0,,0,12.37341,51.314811
25,17,10,15,10,1,3,5,3,0,0,1,1,0,0,,0,13.879402,51.136311
21,17,11,5,10,1,2,0,1,0,0,1,0,0,0,,0,12.854126,50.745409
12,17,11,10,6,6,2,5,3,1,0,1,0,0,0,,1,13.746954,51.051684
12,17,11,27,11,2,3,5,3,0,0,1,1,0,0,,0,13.886753,51.062895
13,17,10,5,20,5,3,5,3,2,0,1,1,0,0,,0,12.389955,51.346565
13,17,10,17,10,3,3,4,1,0,0,1,0,0,0,,0,12.366172,51.343399
24,17,10,24,15,3,3,0,7,0,0,1,0,0,0,,0,12.481338,50.71436
29,17,10,24,10,3,3,3,2,0,0,1,1,0,0,,0,12.386288,51.224311
12,17,9,24,18,1,3,5,3,0,0,1,1,0,0,,0,13.697981,51.022572
13,17,10,24,19,3,2,0,1,2,0,1,0,0,0,,0,12.319757,51.339509
12,17,10,24,12,3,3,3,2,0,0,1,0,0,0,,1,13.768224,51.019899
12,17,10,24,13,3,3,5,2,0,0,1,1,0,0,,0,13.740344,51.064711
23,17,10,12,8,5,3,0,7,0,0,1,0,0,0,,0,12.197163,50.500293
28,17,10,5,8,5,3,0,7,0,1,1,0,0,0,,0,13.871296,50.970577
22,17,11,24,17,6,2,3,6,2,1,1,1,0,0,,0,13.133349,50.964877
27,17,10,5,17,5,3,5,3,0,0,1,1,0,0,,0,13.490021,51.165062
12,17,10,5,15,5,3,5,3,0,1,1,1,0,0,,0,13.709068,51.08434
27,17,11,14,11,3,3,3,6,0,0,1,0,0,0,,0,13.660643,51.106077
26,17,9,23,13,7,3,5,3,0,0,1,1,0,0,,0,14.821114,51.046486
13,17,11,8,14,4,3,6,4,0,0,1,0,1,0,,0,12.380966,51.343903
12,17,10,5,6,5,3,5,3,1,1,1,1,0,0,,0,13.741798,51.028903
13,17,11,10,7,6,3,1,5,1,1,1,1,0,0,,0,12.372297,51.314859
11,17,10,24,9,3,3,5,3,0,1,1,1,0,0,,0,12.912673,50.827751
26,17,10,23,15,2,2,3,2,0,0,1,1,0,0,,0,14.672531,50.894565
13,17,10,12,15,5,3,4,2,0,0,1,1,0,0,,0,12.331936,51.335913
26,17,10,23,22,2,3,5,3,2,1,1,1,0,0,,0,14.789877,50.891761
22,17,9,23,15,7,3,8,1,0,0,1,0,0,0,,0,13.366121,50.867749
24,17,10,13,23,6,2,2,6,2,0,1,1,0,0,,0,12.790524,50.859564
12,17,10,14,5,7,3,0,1,2,0,1,0,0,0,,0,13.696481,51.043331
12,17,11,23,12,5,3,6,6,0,0,1,0,1,0,,0,13.792415,51.119825
13,17,9,22,7,6,3,5,3,0,0,1,0,0,0,,1,12.405545,51.320026
13,17,9,22,13,6,3,5,3,0,0,1,1,0,0,,0,12.39727,51.370324
26,17,9,22,12,6,2,5,3,0,0,1,1,0,0,,0,14.809849,50.888488
26,17,11,9,20,5,3,2,6,2,0,1,1,0,0,,0,14.970718,51.150813
27,17,10,23,5,2,3,5,3,2,1,1,1,0,0,,0,13.694666,51.096035
13,17,11,4,11,7,3,5,2,0,0,1,1,0,0,,0,12.461394,51.282023
12,17,10,23,15,2,2,5,3,0,1,1,0,0,1,,0,13.757621,51.063329
28,17,9,22,10,6,3,5,3,0,0,1,0,0,1,,0,13.666873,50.899435
21,17,9,22,6,6,3,3,6,2,0,1,1,0,0,,0,12.748733,50.720773
29,17,11,4,14,7,3,0,7,0,0,1,1,0,0,,0,12.252782,51.167285
25,17,10,17,18,3,3,4,6,2,0,1,0,0,0,,0,14.38847,51.054012
29,17,10,22,16,1,3,1,5,0,1,1,1,0,0,,0,12.782771,51.24821
28,17,10,22,16,1,2,3,6,0,0,1,1,0,0,,0,13.626307,50.982007
12,17,10,22,14,1,3,0,2,0,0,1,0,0,0,,0,13.819823,51.050872
12,17,10,22,18,1,3,8,1,2,0,1,0,0,0,,0,13.735401,51.04128
12,17,10,22,8,1,3,0,1,0,1,1,0,0,0,,0,13.735815,51.041697
11,17,11,21,13,3,3,3,2,0,1,1,1,0,0,,0,12.924128,50.85972
26,17,10,4,19,4,2,3,6,2,0,1,1,0,0,,0,14.95458,51.149209
23,17,10,12,15,5,2,0,7,0,0,1,1,0,0,,0,12.260194,50.275701
28,17,10,4,17,4,3,5,3,0,0,1,1,0,0,,0,13.934468,50.967425
12,17,10,22,0,1,3,5,2,2,0,1,1,0,0,,0,13.737554,51.087277
12,17,11,28,16,3,3,5,2,2,1,1,1,0,0,,0,13.782161,51.113433
12,17,9,21,10,5,3,0,3,0,0,1,0,0,0,,1,13.719712,51.094284
30,17,9,20,6,4,3,5,3,1,0,1,1,0,0,,0,12.489967,51.37817
12,17,11,28,10,3,3,5,3,0,1,1,1,0,0,,0,13.729377,51.070397
12,17,11,29,17,4,3,5,2,2,0,1,1,0,0,,0,13.743958,51.04729
25,17,9,20,17,4,2,5,3,0,0,1,0,0,0,,1,13.824961,51.17645
25,17,9,20,13,4,3,4,7,0,0,1,1,0,0,,0,14.12697,51.257808
26,17,9,20,17,4,2,0,1,0,0,1,0,0,0,,0,14.929343,51.341484
25,17,9,20,18,4,3,2,6,0,0,1,0,0,1,,0,14.226261,51.172983
25,17,10,15,10,1,3,5,3,0,0,1,1,0,0,,0,14.431807,51.272662
28,17,11,10,21,6,2,0,1,2,1,1,0,0,0,,0,13.938956,50.973421
24,17,10,21,20,7,3,8,1,2,1,1,0,0,0,,0,12.393608,50.818908
24,17,10,10,4,3,3,0,1,2,1,1,0,0,0,,0,12.47662,50.736239
26,17,10,11,15,4,3,5,3,0,0,1,1,0,0,,0,14.888864,51.244207
27,17,11,20,17,2,3,5,2,2,1,1,1,0,0,,0,13.680553,51.154897
11,17,10,4,8,4,3,3,2,0,0,1,1,0,0,,0,12.952052,50.862066
25,17,10,21,17,7,2,5,3,0,0,1,1,0,0,,0,14.445513,51.103595
24,17,10,3,18,3,2,4,2,0,0,1,1,0,0,,0,12.387421,50.817607
28,17,10,21,15,7,3,2,6,0,0,1,1,0,0,,0,13.778416,50.960013
28,17,10,21,15,7,3,5,2,0,0,1,1,0,0,,0,13.604154,50.983377
12,17,10,15,20,1,3,5,3,2,0,1,1,0,0,,0,13.689887,51.071025
13,17,9,19,15,3,3,6,4,0,0,1,0,1,0,,0,12.358745,51.342013
30,17,9,19,20,3,3,5,3,2,0,1,1,0,0,,0,12.49033,51.378384
22,17,11,29,21,4,3,0,2,2,1,1,1,0,0,,0,13.338722,50.921988
26,17,9,19,13,3,3,0,1,0,0,1,0,0,0,,0,14.888244,50.950217
12,17,9,19,18,3,3,2,6,1,0,1,1,0,0,,0,13.740302,51.064695
25,17,11,9,9,5,3,5,2,0,0,1,1,0,0,,0,13.828015,51.182504
26,17,10,20,13,6,3,5,3,0,0,1,1,0,0,,0,14.65734,50.899283
12,17,11,4,1,7,3,0,1,2,0,1,0,0,0,,0,13.724265,51.043567
25,17,10,20,16,6,3,5,3,0,0,1,1,0,0,,0,13.909995,51.114522
21,17,10,17,15,3,3,2,6,0,0,1,1,0,0,,0,13.053195,50.617123
27,17,10,20,12,6,3,5,3,0,0,1,1,0,0,,0,13.285378,51.072211
29,17,10,17,7,3,3,4,6,0,0,1,0,0,0,,0,12.407151,51.198973
12,17,10,20,20,6,3,0,1,2,0,1,0,0,0,,0,13.784219,51.066979
22,17,11,21,13,3,3,0,7,0,1,1,0,0,0,,0,13.078846,50.848174
25,17,10,3,18,3,2,8,1,1,0,1,0,0,0,,0,14.017589,51.192058
11,17,9,19,16,3,3,3,2,0,0,1,0,0,0,,0,12.906269,50.839601
28,17,10,20,7,6,2,5,3,1,0,1,1,0,0,,0,13.94145,50.957694
11,17,10,20,16,6,3,0,7,0,0,1,0,0,0,,0,12.912989,50.813691
11,17,10,20,14,6,3,5,3,0,0,1,1,0,0,,0,12.911746,50.803808
21,17,10,20,6,6,3,5,3,1,0,1,1,0,0,,0,12.883396,50.698646
22,17,10,12,12,5,3,5,2,0,0,1,1,0,0,,0,13.336977,50.909991
29,17,9,18,21,2,3,0,1,2,0,1,0,0,0,,0,12.7246,51.226552
29,17,11,27,6,2,2,7,7,2,0,1,0,0,0,,0,12.386178,51.22368
12,17,11,28,16,3,3,5,3,2,1,1,1,0,0,,0,13.733358,51.038918
25,17,9,18,16,2,2,5,3,0,0,1,1,0,0,,0,14.426751,51.166607
30,17,10,19,18,5,3,0,6,1,0,1,1,0,0,,0,13.094714,51.253118
12,17,10,16,14,2,3,5,2,0,0,1,1,0,0,,0,13.741883,51.046176
13,17,10,19,20,5,2,5,2,2,0,1,1,0,0,,0,12.377052,51.344509
22,17,11,4,14,7,2,2,6,0,0,1,1,0,0,,0,13.05483,51.099546
26,17,10,19,14,5,3,5,3,0,0,1,1,0,0,,0,14.833688,51.291948
26,17,10,19,15,5,3,5,3,0,0,1,1,0,0,,0,14.98505,51.156844
12,17,9,18,7,2,3,0,1,0,0,1,0,0,0,,0,13.714905,51.079062
12,17,9,18,15,2,3,3,2,0,0,1,1,0,0,,0,13.760128,51.023305
12,17,9,18,14,2,3,5,2,0,0,1,1,0,0,,0,13.747716,51.068033
12,17,9,18,8,2,3,5,2,0,0,1,0,0,0,,1,13.739105,51.06912
23,17,11,8,19,4,3,4,6,2,1,1,0,0,0,,0,12.17352,50.61091
12,17,11,10,18,6,3,5,2,2,1,1,1,0,0,,0,13.715066,51.078821
28,17,10,19,16,5,2,8,7,0,0,1,0,0,0,,0,13.642703,50.795908
12,17,10,17,7,3,3,5,3,0,0,1,1,0,0,,0,13.804229,50.994777
22,17,10,19,15,5,3,5,3,0,0,1,1,0,0,,0,13.337184,50.905875
26,17,11,13,15,2,3,5,3,0,1,1,1,0,0,,0,14.96418,51.338752
11,17,11,14,14,3,3,0,3,0,0,1,1,0,0,,0,12.839794,50.818559
25,17,10,12,19,5,2,5,3,2,0,1,1,0,0,,0,14.265615,51.430078
13,17,10,2,11,2,3,5,2,0,0,1,1,0,0,,0,12.369367,51.344163
25,17,11,21,17,3,2,3,2,2,1,1,1,0,0,,0,14.26571,51.430065
21,17,9,18,22,2,3,0,7,2,0,1,0,0,0,,0,12.750897,50.497566
23,17,10,18,17,4,2,4,6,0,0,1,1,0,0,,0,12.285834,50.494395
30,17,10,18,4,4,3,5,3,2,0,1,1,0,0,,0,12.581824,51.591445
13,17,9,17,18,1,3,0,7,0,1,1,0,0,0,,0,12.393898,51.33312
12,17,11,17,5,6,3,3,6,2,1,1,1,0,0,,0,13.760645,51.082435
25,17,9,16,6,7,3,5,2,0,0,1,1,0,0,,0,14.248909,51.434979
13,17,11,17,10,6,3,5,3,0,1,1,1,0,0,,0,12.464558,51.280062
29,17,11,8,15,4,3,5,3,0,0,1,0,0,0,,1,12.288111,51.15844
12,17,10,18,7,4,3,5,3,0,0,1,1,0,0,,0,13.742016,51.064676
12,17,10,18,19,4,3,2,2,1,0,1,1,0,0,,0,13.733379,51.03896
24,17,11,3,13,6,3,3,2,0,0,1,1,0,0,,0,12.753968,50.830242
12,17,10,18,7,4,3,5,3,1,0,1,1,0,0,,0,13.727952,51.043376
29,17,11,3,6,6,3,5,3,1,1,1,1,0,0,,0,12.36441,51.18069
22,17,10,18,6,4,3,5,3,1,0,1,1,0,0,,0,13.031761,50.91588
11,17,10,18,15,4,3,3,2,0,0,1,0,0,0,,0,12.920728,50.828168
12,17,10,11,12,4,3,5,3,0,0,1,1,0,0,,0,13.734476,51.065464
27,17,9,16,7,7,3,5,2,0,0,1,1,0,0,,0,13.581818,51.164808
27,17,10,14,22,7,2,0,1,2,0,1,0,0,0,,0,13.635565,51.10737
13,17,11,23,12,5,2,0,1,0,0,1,0,0,0,,0,12.378113,51.375849
12,17,9,16,16,7,3,8,1,0,0,1,0,0,0,,0,13.758661,51.063498
25,17,11,3,15,6,3,5,2,0,0,1,0,0,1,,0,14.249906,51.144366
13,17,12,15,16,6,2,4,2,1,0,1,1,0,0,,0,12.394895,51.342724
25,17,12,15,17,6,3,5,3,2,1,1,1,0,0,,0,14.148691,51.151564
22,17,12,15,0,6,3,0,1,2,2,1,0,0,0,,0,13.008542,50.863131
21,17,12,14,13,5,3,0,1,0,1,1,0,0,0,,0,12.841576,50.677441
30,17,12,13,14,4,3,6,6,0,0,1,0,1,0,,0,12.994225,51.371709
29,17,12,13,17,4,2,5,3,2,1,1,1,0,0,,0,12.385417,51.216017
25,17,12,13,15,4,3,5,3,0,0,1,1,0,0,,0,14.417214,51.179396
27,17,12,13,5,4,3,5,3,2,0,1,1,0,0,,0,13.245022,51.319448
28,17,12,13,16,4,2,4,2,1,0,1,1,0,0,,0,13.931124,50.957426
24,17,12,11,7,2,3,5,2,2,1,1,1,0,0,,0,12.383728,50.802297
25,17,12,11,22,2,2,8,1,2,1,1,0,0,0,,0,13.832294,51.187473
27,17,12,11,5,2,3,5,2,2,1,1,1,0,0,,0,13.531276,51.286673
25,17,12,10,20,1,2,9,1,2,2,1,0,0,0,,0,14.401701,51.179836
12,17,12,31,15,1,2,5,2,0,0,1,1,0,0,,0,13.731641,51.026522
27,17,12,30,1,7,2,8,1,2,0,1,0,0,0,,0,13.295684,51.303109
13,17,12,29,19,6,3,5,3,2,0,1,1,0,0,,0,12.344867,51.339189
12,17,12,9,7,7,2,0,1,0,2,1,0,0,0,,0,13.662789,51.049457
27,17,12,28,5,5,3,5,3,2,1,1,1,0,0,,0,13.573862,51.163665
29,17,12,8,15,6,3,5,3,0,1,1,0,0,0,,1,12.292179,51.210947
12,17,12,8,10,6,3,5,3,0,0,1,1,0,0,,0,13.874754,51.060543
12,17,12,27,15,4,3,0,7,0,0,1,1,0,0,,0,13.740458,51.064744
24,17,12,7,18,5,3,1,5,2,0,1,1,0,0,,0,12.387691,50.824483
24,17,12,26,11,3,3,5,3,0,0,1,1,0,0,,0,12.761233,50.859782
24,17,12,26,18,3,3,0,7,2,0,1,0,0,0,,1,12.450015,50.815364
30,17,12,7,12,5,3,3,2,0,0,1,1,0,0,,0,12.646884,51.463636
13,17,12,7,13,5,3,3,2,0,0,1,1,0,0,,0,12.391408,51.347454
12,17,12,26,17,3,3,5,3,2,1,1,1,0,0,,0,13.724938,51.04395
13,17,12,7,6,5,2,5,3,2,0,1,1,0,0,,0,12.377007,51.344505
25,17,12,7,9,5,3,3,6,0,0,1,1,0,0,,0,14.247642,51.301973
26,17,12,7,15,5,3,0,7,0,0,1,0,0,0,,0,14.990541,51.159419
21,17,12,7,12,5,2,5,3,0,0,1,1,0,0,,0,12.731912,50.618656
12,17,12,24,16,1,3,5,2,0,0,1,1,0,0,,0,13.713832,51.080422
11,17,12,23,14,7,3,6,6,0,0,1,0,1,0,,0,12.92452,50.832508
29,17,12,6,7,4,2,3,6,1,0,1,1,0,0,,0,12.442154,51.119655
13,17,12,6,17,4,3,3,5,2,0,1,0,0,0,,1,12.363976,51.34296
25,17,12,6,13,4,2,5,3,0,0,1,1,0,0,,0,14.398579,51.100377
28,17,12,6,14,4,3,5,3,0,0,1,1,0,0,,0,13.934042,50.963761
29,17,12,22,10,6,3,5,3,0,0,1,1,0,0,,0,12.743262,51.365669
30,17,12,22,7,6,3,5,3,2,1,1,1,0,0,,0,12.494056,51.382409
28,17,12,22,11,6,3,5,3,0,1,1,1,0,0,,0,13.934642,50.955156
11,17,12,22,8,6,3,5,2,0,1,1,0,0,0,,1,12.838952,50.819339
22,17,12,5,15,3,2,5,3,0,1,1,1,0,0,,0,12.803072,50.916777
24,17,12,4,10,2,2,5,3,0,1,1,1,0,0,,0,12.629409,50.759679
26,17,12,4,6,2,3,4,2,1,1,1,0,0,0,,1,14.966788,51.336069
27,17,12,4,18,2,3,0,1,2,1,1,0,0,0,,0,13.321387,51.291338
30,17,12,21,6,5,2,1,5,2,0,1,1,0,0,,0,12.551297,51.43241
25,17,12,21,18,5,3,4,2,2,1,1,1,0,0,,0,14.309309,51.095685
30,17,12,20,12,4,2,2,6,0,1,1,0,0,0,,1,12.223903,51.464981
27,17,12,20,11,4,3,5,2,0,1,1,1,0,0,,0,13.486974,51.165615
13,17,12,2,22,7,2,5,3,2,0,1,1,0,0,,0,12.39442,51.336767
29,17,12,19,8,3,3,5,3,0,0,1,1,0,0,,0,12.75466,51.363371
30,17,12,19,7,3,3,5,3,2,0,1,1,0,0,,0,12.490328,51.378383
26,17,12,2,7,7,3,0,1,1,1,1,0,0,0,,0,14.638752,51.502216
27,17,12,19,17,3,3,5,3,2,1,1,1,0,0,,0,13.360355,51.328521
27,17,12,2,11,7,3,5,3,0,0,1,1,0,0,,0,13.473363,51.160761
21,17,12,2,16,7,3,7,7,2,0,1,0,0,0,,0,12.700565,50.726928
25,17,12,1,22,6,2,8,1,2,0,1,0,0,0,,0,14.013722,51.178358
22,17,12,19,6,3,3,5,3,2,1,1,1,0,0,,0,12.838454,50.919784
30,17,12,18,8,2,3,5,3,0,0,1,1,0,0,,0,12.668015,51.469562
25,17,12,18,16,2,3,5,3,1,1,1,1,0,0,,0,14.085173,51.384667
29,17,11,30,6,5,3,5,3,2,0,1,1,0,0,,0,12.696273,51.36208
25,17,11,30,18,5,2,3,6,2,1,1,1,0,0,,0,14.1444,51.442732
25,17,11,30,6,5,3,5,3,1,1,1,1,0,0,,0,14.477699,51.097223
22,17,11,30,18,5,2,0,7,2,0,1,0,0,0,,0,13.33521,50.913327
12,17,12,18,12,2,3,0,7,0,0,1,1,0,0,,0,13.874607,51.009778
12,17,1,4,8,4,3,5,3,0,1,1,1,0,0,,0,13.783111,51.029883
12,17,1,4,16,4,3,5,2,1,1,1,1,0,0,,0,13.724422,51.057846
30,17,1,3,16,3,3,5,3,2,0,1,1,0,0,,0,12.343827,51.525575
29,17,1,3,14,3,3,5,3,0,1,1,1,0,0,,0,12.729832,51.234779
13,17,1,3,11,3,3,5,3,0,1,1,1,0,0,,0,12.262863,51.347866
13,17,1,3,19,3,3,1,5,1,1,1,1,0,0,,0,12.373547,51.319359
12,17,1,3,17,3,2,5,3,2,1,1,1,0,0,,0,13.700313,51.044957
13,17,1,2,16,2,3,0,1,1,2,1,0,0,0,,0,12.44462,51.338855
30,17,1,1,1,1,2,8,1,2,1,1,1,0,0,,0,12.336914,51.524241
12,17,1,31,17,3,3,5,3,1,2,1,1,0,0,,0,13.748234,51.11774
13,17,1,30,15,2,3,0,5,0,1,1,1,0,0,,0,12.405928,51.345431
13,17,1,30,11,2,2,3,2,0,1,1,0,0,0,,1,12.397459,51.346005
12,17,1,30,19,2,3,2,2,2,2,1,1,0,0,,0,13.777869,51.053965
11,17,1,30,6,2,3,4,2,1,0,1,1,0,0,,0,12.936766,50.829191
23,17,1,29,19,1,3,1,3,2,0,1,1,0,0,,0,12.143504,50.497025
30,17,1,28,11,7,3,2,2,0,0,1,1,0,0,,0,12.446996,51.465004
13,17,1,27,21,6,3,3,5,2,0,1,1,0,0,,0,12.366349,51.365791
12,17,1,27,5,6,3,5,3,2,0,1,1,0,0,,0,13.789525,51.018317
13,17,1,26,11,5,3,5,3,0,0,1,0,0,0,,1,12.357994,51.344142
13,17,1,26,15,5,3,0,7,0,0,1,1,0,0,,0,12.376737,51.343095
13,17,1,26,11,5,2,3,2,0,0,1,1,0,0,,0,12.398897,51.330139
12,17,1,25,13,4,3,2,6,0,1,1,0,0,0,,1,13.714571,51.079535
12,17,1,25,11,4,2,5,3,0,1,1,0,0,0,,1,13.758723,51.049533
30,17,1,24,15,3,2,5,3,0,0,1,1,0,0,,0,12.656853,51.466404
25,17,1,24,7,3,3,0,6,1,1,1,1,0,0,,0,14.278451,51.444569
26,17,1,24,5,3,3,0,1,2,1,1,0,0,0,,0,14.981227,51.241825
30,17,1,23,16,2,2,0,7,0,2,1,0,0,0,,0,12.97312,51.43395
25,17,1,23,7,2,3,3,2,2,1,1,1,0,0,,0,14.265013,51.437154
12,17,1,23,9,2,3,5,3,0,0,1,1,0,0,,0,13.778485,51.020537
12,17,1,23,16,2,3,0,1,1,2,1,0,0,0,,0,13.815498,51.027987
12,17,1,23,15,2,2,0,1,0,2,1,0,0,0,,0,13.76636,51.051418
11,17,1,23,16,2,3,4,6,0,2,1,1,0,0,,0,12.885655,50.837823
13,17,1,21,15,7,3,3,6,0,1,1,1,0,0,,0,12.420102,51.332929
12,17,1,21,13,7,3,3,6,0,0,1,1,0,0,,0,13.724094,51.084456
13,17,1,19,19,5,3,3,2,2,1,1,1,0,0,,0,12.369099,51.320909
12,17,1,19,16,5,3,5,2,0,0,1,1,0,0,,0,13.747862,51.05151
29,17,1,18,14,4,3,3,3,0,2,1,0,0,0,,1,12.750463,51.377474
30,17,1,13,5,6,2,0,1,2,2,1,0,0,0,,0,12.637187,51.460845
29,17,1,11,6,4,2,6,7,1,0,1,0,1,0,,0,12.526619,51.358922
26,17,1,7,12,7,3,5,3,0,0,1,1,0,0,,0,14.826826,51.291891
13,17,1,6,14,6,3,5,3,0,2,1,1,0,0,,0,12.358436,51.379199
12,17,1,6,15,6,3,0,1,0,2,1,0,0,0,,0,13.710783,51.084403
12,17,1,6,14,6,3,5,2,0,1,1,1,0,0,,0,13.732363,51.052257
13,17,1,5,18,5,3,5,3,2,0,1,1,0,0,,0,12.37355,51.319676
13,17,1,5,7,5,3,3,5,0,1,1,0,0,0,,1,12.373327,51.317587
13,17,1,5,6,5,3,0,1,1,2,1,0,1,0,,0,12.38524,51.34189
29,17,1,4,16,4,3,5,3,1,1,1,1,0,0,,0,12.499107,51.132053
28,17,2,3,12,6,3,6,6,0,1,1,0,1,0,,0,13.669141,50.898437
13,17,2,1,7,4,3,0,5,0,0,1,1,0,0,,0,12.406552,51.352286
12,17,2,3,12,6,3,5,3,0,2,1,1,0,0,,0,13.755345,51.063581
24,17,2,2,8,5,3,0,1,0,2,1,0,0,0,,0,12.391425,50.826971
24,17,2,2,5,5,3,5,3,2,1,1,1,0,0,,0,12.535312,50.694386
13,17,2,2,19,5,3,4,2,2,0,1,1,0,0,,0,12.34991,51.366045
13,17,3,2,20,5,3,5,3,2,0,1,1,0,0,,0,12.479403,51.350604
13,17,3,2,8,5,2,5,3,0,1,1,1,0,0,,0,12.430815,51.362792
27,17,3,2,7,5,2,5,2,0,0,1,0,0,1,,0,13.65992,51.096051
12,17,3,2,18,5,3,3,6,1,0,1,1,0,0,,0,13.776288,51.067992
25,17,3,1,18,4,3,0,7,2,1,1,0,0,0,,0,14.425627,51.184928
12,17,3,1,8,4,3,4,2,0,0,1,1,0,0,,0,13.758743,51.061296
24,17,2,28,6,3,3,4,2,2,1,1,1,0,0,,0,12.405736,50.828654
30,17,2,28,11,3,3,5,3,0,0,1,1,0,0,,0,12.387811,51.435142
13,17,2,28,13,3,3,0,7,0,0,1,1,0,0,,0,12.390856,51.340644
13,17,2,28,15,3,3,3,2,0,0,1,1,0,0,,0,12.355373,51.335257
11,17,2,28,7,3,3,5,3,0,1,1,1,0,0,,0,12.923187,50.847588
13,17,2,27,7,2,3,5,3,0,0,1,1,0,0,,0,12.390628,51.338585
30,17,2,27,6,2,2,5,3,2,0,1,0,0,0,,1,12.870198,51.445662
25,17,2,27,13,2,2,5,3,0,0,1,1,0,0,,0,14.425505,51.169052
27,17,2,27,15,2,3,5,3,0,0,1,0,0,0,,1,13.586718,51.126279
27,17,2,27,18,2,3,0,1,0,0,1,0,0,0,,0,13.522913,51.293868
12,17,2,27,17,2,3,5,3,1,0,1,1,0,0,,0,13.760606,51.043821
12,17,2,27,9,2,2,5,3,0,0,1,1,0,0,,0,13.690448,51.082457
13,17,2,25,8,7,3,5,3,0,0,1,1,0,0,,0,12.395579,51.323638
13,17,2,25,0,7,3,5,3,2,0,1,1,0,0,,0,12.437321,51.395788
13,17,2,24,12,6,3,5,3,0,1,1,1,0,0,,0,12.365459,51.336719
13,17,2,24,15,6,3,5,3,0,1,1,1,0,0,,0,12.479362,51.350922
28,17,2,23,22,5,3,5,3,2,0,1,1,0,0,,0,13.942408,50.944231
12,17,2,23,9,5,3,5,3,0,1,1,1,0,0,,0,13.76601,51.070307
12,17,2,23,11,5,3,5,3,0,1,1,1,0,0,,0,13.799672,51.04695
27,17,2,22,11,4,3,5,3,0,1,1,1,0,0,,0,13.386981,51.302059
12,17,2,22,9,4,3,5,3,0,0,1,1,0,0,,0,13.748964,51.033788
12,17,2,22,6,4,3,5,3,1,1,1,1,0,0,,0,13.761538,51.051905
13,17,2,21,17,3,3,0,5,1,0,1,1,0,0,,0,12.334278,51.319533
13,17,2,21,13,3,3,5,3,0,0,1,1,0,0,,0,12.303107,51.3144
11,17,2,21,14,3,3,9,1,0,0,1,0,0,0,,0,12.916211,50.845572
13,17,2,20,14,2,3,3,2,0,1,1,1,0,0,,0,12.370122,51.325611
29,17,2,20,16,2,2,5,3,0,1,1,1,0,0,,0,12.740925,51.373736
12,17,2,20,10,2,3,5,3,0,0,1,0,0,0,,1,13.833962,51.008418
12,17,2,20,7,2,2,8,1,0,1,1,0,0,0,,0,13.767951,51.100265
13,17,2,19,9,1,3,5,3,0,0,1,1,0,0,,0,12.317713,51.350114
13,17,2,19,12,1,3,6,4,0,0,1,0,1,0,,0,12.323582,51.330421
26,17,2,19,14,1,2,0,1,0,2,1,0,0,0,,0,14.625735,51.513505
28,17,2,19,9,1,3,5,3,0,0,1,1,0,0,,0,13.939797,50.964153
13,17,2,18,13,7,3,2,6,0,0,1,1,0,0,,0,12.378481,51.320723
30,17,2,17,13,6,3,0,7,0,0,1,0,0,0,,0,12.977484,51.563366
26,17,2,17,5,6,3,5,3,1,1,1,1,0,0,,0,14.953172,51.148654
28,17,2,17,17,6,3,0,1,0,1,1,0,0,0,,0,13.929757,50.978886
12,17,2,17,19,6,2,5,7,2,1,1,1,0,0,,0,13.79882,51.043393