CSV=`UKREIS,UJAHR,UMONAT,UTAG,USTUNDE,UWOCHENTAG,UKATEGORIE,UART,UTYP,LICHT,USTRZUSTAND,IstRad,IstPKW,IstFuss,IstKrad,IstGkfz,IstSonstig,@lon,@lat
29,17,5,19,9,6,3,5,3,0,0,1,1,0,0,,0,12.353918,51.270978
13,17,5,19,15,6,3,4,6,0,0,1,0,0,0,,0,12.429484,51.335541
25,17,5,19,13,6,3,6,7,0,0,1,0,1,0,,0,14.436663,51.184748
27,17,5,19,15,6,2,2,6,0,0,1,0,0,0,,0,13.469781,51.158737
27,17,5,19,14,6,3,5,3,0,0,1,1,0,0,,0,13.486593,51.166171
12,17,5,19,15,6,3,2,3,0,0,1,1,0,0,,0,13.732316,51.071594
12,17,5,19,10,6,3,5,2,0,0,1,1,0,0,,0,13.746791,51.038344
12,17,5,19,8,6,3,5,3,0,0,1,0,0,0,,1,13.804818,51.024661
12,17,5,19,8,6,3,2,6,0,0,1,1,0,0,,0,13.786991,51.046195
12,17,5,19,6,6,3,3,6,0,0,1,0,0,0,,0,13.724669,51.053307
13,17,5,18,15,5,2,3,2,0,0,1,1,0,0,,0,12.370824,51.336353
13,17,5,18,10,5,3,3,2,0,0,1,1,0,0,,0,12.316948,51.300538
29,17,5,18,6,5,3,3,5,0,0,1,1,0,0,,0,12.363661,51.281287
13,17,5,18,18,5,3,4,2,0,0,1,1,0,0,,0,12.419454,51.333044
13,17,5,18,14,5,3,5,3,0,0,1,1,0,0,,0,12.328277,51.372671
13,17,5,18,16,5,3,5,3,0,0,1,1,0,0,,0,12.380205,51.305273
13,17,5,18,12,5,2,5,3,0,0,1,1,0,0,,0,12.367514,51.388467
13,17,5,18,17,5,3,5,3,0,0,1,0,0,1,,0,12.355585,51.337976
26,17,5,18,15,5,3,4,6,0,0,1,1,0,0,,0,14.643354,51.500791
12,17,5,18,9,5,2,5,3,0,0,1,1,0,0,,0,13.673576,51.082011
12,17,5,18,21,5,3,0,1,1,0,1,1,0,0,,0,13.808581,51.011648
12,17,5,18,9,5,3,3,6,0,0,1,1,0,0,,0,13.708944,51.033138
12,17,5,18,8,5,3,5,3,0,0,1,1,0,0,,0,13.72878,51.037674
12,17,5,18,9,5,2,5,3,0,0,1,1,0,0,,0,13.814154,51.054322
12,17,6,14,16,4,3,5,3,0,0,1,1,0,0,,0,13.686437,51.083979
12,17,6,14,15,4,3,5,3,0,0,1,1,0,0,,0,13.720746,51.077397
12,17,6,14,17,4,3,5,3,0,0,1,1,0,0,,0,13.839532,51.008762
12,17,6,14,21,4,3,5,3,1,0,1,1,0,0,,0,13.751717,51.066987
12,17,6,14,15,4,3,0,1,0,0,1,0,0,0,,0,13.757895,51.080334
21,17,6,14,18,4,3,4,6,0,0,1,1,0,0,,0,12.920767,50.538137
11,17,6,14,18,4,3,1,5,0,0,1,1,0,0,,0,12.958666,50.822745
12,17,6,14,6,4,3,0,7,0,0,1,1,0,0,,0,13.774512,51.043923
12,17,6,14,6,4,2,5,3,0,0,1,1,0,0,,0,13.738918,51.01915
11,17,6,14,18,4,3,0,1,0,0,1,0,0,0,,0,12.837033,50.814743
24,17,6,13,12,3,3,2,7,0,0,1,0,0,0,,1,12.542908,50.826873
13,17,6,13,8,3,3,5,2,0,0,1,1,0,0,,0,12.341178,51.332337
13,17,6,13,18,3,3,1,5,0,0,1,1,0,0,,0,12.378993,51.343517
13,17,6,13,16,3,3,6,4,0,0,1,0,1,0,,0,12.378291,51.342732
27,17,6,13,15,3,3,5,7,0,0,1,1,0,0,,0,13.572875,51.15204
12,17,6,13,7,3,3,2,3,0,0,1,1,0,0,,0,13.697392,51.0741
12,17,6,13,15,3,3,0,1,0,0,1,0,0,0,,0,13.787026,51.072861
12,17,6,13,13,3,3,4,6,0,0,1,1,0,0,,0,13.789563,51.042328
29,17,6,12,16,2,3,5,3,0,0,1,1,0,0,,0,12.738365,51.364847
13,17,6,12,16,2,3,5,3,0,0,1,1,0,0,,0,12.406446,51.33968
27,17,6,12,11,2,3,0,7,0,0,1,0,0,0,,0,13.529518,51.292115
12,17,6,12,15,2,3,5,3,0,0,1,1,0,0,,0,13.691658,51.050494
12,17,6,12,16,2,3,6,7,0,0,1,0,1,0,,0,13.79889,51.011664
12,17,6,12,18,2,3,5,3,0,0,1,1,0,0,,0,13.777289,51.060086
11,17,6,12,17,2,3,1,5,0,0,1,1,0,0,,0,12.930973,50.850388
13,17,6,11,18,1,3,3,2,0,0,1,1,0,0,,0,12.3072,51.346503
13,17,6,11,17,1,2,5,3,0,0,1,1,0,0,,0,12.262892,51.344658
29,17,6,11,9,1,3,0,7,0,0,1,0,1,0,,0,12.358604,51.286522
30,17,6,11,14,1,3,5,3,0,0,1,1,0,0,,0,12.188953,51.389306
29,17,6,11,20,1,3,0,5,1,0,1,1,0,0,,0,12.52123,51.3617
12,17,6,11,11,1,2,5,3,0,0,1,1,0,0,,0,13.788553,51.038034
21,17,6,11,18,1,3,5,3,0,0,1,0,0,0,,0,12.941191,50.679382
24,17,6,10,15,7,2,0,7,0,0,1,0,0,0,,0,12.630429,50.750778
26,17,6,10,16,7,3,1,7,0,0,1,1,0,0,,0,14.99441,51.156523
27,17,6,10,14,7,3,0,7,0,0,1,0,0,0,,0,13.584695,51.12958
12,17,6,10,15,7,3,0,1,0,0,1,0,0,0,,0,13.688434,51.056185
12,17,6,10,14,7,2,0,1,0,0,1,0,0,0,,0,13.693791,51.051333
12,17,6,10,13,7,3,6,4,0,0,1,0,1,0,,0,13.736315,51.054632
24,17,6,9,21,6,3,0,6,1,0,1,0,0,0,,0,12.538412,50.825113
26,17,6,9,10,6,2,3,2,0,0,1,0,0,0,,1,14.756225,50.8693
26,17,6,9,7,6,2,0,7,0,0,1,0,0,0,,1,14.98256,51.15009
12,17,6,9,7,6,3,5,3,0,0,1,1,0,0,,0,13.776873,51.047966
12,17,6,9,15,6,3,6,4,0,0,1,0,1,0,,0,13.805809,51.039494
12,17,6,9,18,6,3,0,1,0,0,1,0,0,0,,0,13.750035,51.047567
22,17,6,9,14,6,3,1,5,0,0,1,1,0,0,,0,13.424802,50.963264
21,17,6,9,12,6,3,1,5,0,0,1,1,0,0,,0,12.786557,50.562764
11,17,6,9,12,6,3,8,1,0,0,1,0,0,0,,0,12.844415,50.818908
13,17,6,8,6,5,3,3,7,0,0,1,1,0,0,,0,12.367496,51.32074
13,17,6,8,16,5,2,4,2,0,0,1,1,0,0,,0,12.40731,51.345455
25,17,6,8,8,5,3,3,6,0,0,1,0,0,0,,1,14.216424,51.443703
25,17,6,8,15,5,3,5,3,0,0,1,1,0,0,,0,14.248063,51.439635
26,17,6,8,15,5,3,5,3,0,0,1,1,0,0,,0,14.981653,51.170037
12,17,6,8,17,5,3,5,2,0,0,1,1,0,0,,0,13.71908,51.049096
12,17,6,8,10,5,3,5,7,0,0,1,1,0,0,,0,13.8213,51.01234
12,17,6,8,6,5,3,3,2,0,0,1,1,0,0,,0,13.761604,51.051965
12,17,6,8,7,5,3,0,1,0,0,1,0,0,0,,0,13.751465,51.04297
12,17,6,8,16,5,3,6,4,0,0,1,0,1,0,,0,13.81044,51.051148
12,17,6,8,15,5,3,5,2,0,0,1,1,0,0,,0,13.805215,51.039709
12,17,6,8,15,5,2,5,3,0,0,1,1,0,0,,0,13.669702,51.061405
12,17,6,8,7,5,3,5,3,0,0,1,1,0,0,,0,13.728383,51.039219
13,17,6,7,17,4,3,5,3,0,0,1,1,0,0,,0,12.370112,51.343182
29,17,6,7,18,4,3,5,3,0,0,1,1,0,0,,0,12.370725,51.281196
30,17,6,7,14,4,3,0,7,0,0,1,0,0,0,,0,12.492448,51.366143
30,17,6,7,13,4,3,5,3,0,0,1,1,0,0,,0,12.313504,51.513509
13,17,6,7,11,4,3,5,3,0,0,1,1,0,0,,0,12.361809,51.332572
13,17,6,7,18,4,3,5,3,0,0,1,1,0,0,,0,12.359718,51.358332
25,17,6,7,17,4,3,4,2,0,0,1,1,0,0,,0,14.423603,51.171644
12,17,6,7,18,4,3,1,7,0,0,1,1,0,0,,0,13.77289,51.04775
12,17,6,7,8,4,3,5,3,0,0,1,0,0,1,,0,13.806512,51.037467
22,17,6,7,19,4,3,0,1,0,0,1,0,0,0,,0,13.330575,50.892909
11,17,6,7,19,4,3,3,6,0,0,1,1,0,0,,0,12.902037,50.802039
11,17,6,7,16,4,3,5,7,0,0,1,1,0,0,,0,12.828887,50.812081
24,17,6,6,6,3,2,3,6,0,0,1,1,0,0,,0,12.698169,50.798625
23,17,6,6,16,3,3,2,2,0,0,1,1,0,0,,0,12.295425,50.626418
30,17,6,6,15,3,3,3,6,0,0,1,1,0,0,,0,13.00287,51.55783
13,17,6,6,17,3,3,0,7,0,0,1,0,0,0,,0,12.325699,51.313181
13,17,6,6,7,3,3,3,2,0,0,1,0,0,0,,1,12.38169,51.36236
13,17,6,6,13,3,3,3,2,0,0,1,1,0,0,,0,12.373321,51.311655
29,17,6,6,7,3,3,5,3,0,0,1,0,0,1,,0,12.721985,51.233435
13,17,6,6,9,3,3,0,1,0,0,1,0,0,0,,0,12.263155,51.344626
25,17,6,6,15,3,3,0,3,0,0,1,0,0,0,,1,13.829933,51.185745
25,17,6,6,10,3,2,3,2,0,0,1,0,0,0,,1,14.436905,51.184914
12,17,6,6,16,3,3,0,1,0,0,1,0,0,0,,0,13.837369,51.131984
12,17,6,6,12,3,3,5,3,0,0,1,1,0,0,,0,13.804205,51.040058
12,17,6,6,16,3,3,1,5,0,0,1,1,0,0,,0,13.778928,51.039193
12,17,6,6,13,3,3,5,3,0,0,1,1,0,0,,0,13.777108,51.060081
12,17,6,6,10,3,3,2,2,0,0,1,1,0,0,,0,13.729937,51.054942
13,17,6,5,14,2,3,2,2,0,0,1,1,0,0,,0,12.268136,51.384984
27,17,6,5,17,2,2,0,1,0,0,1,0,0,0,,0,13.374847,51.321196
28,17,6,5,18,2,3,1,7,0,0,1,1,0,0,,0,13.87253,50.966626
12,17,6,5,8,2,3,0,7,0,0,1,0,1,0,,0,13.70127,51.045429
11,17,6,4,8,1,2,0,7,0,1,1,0,0,0,,0,12.917575,50.842504
24,17,6,3,21,7,3,0,7,2,0,1,0,0,0,,0,12.515657,50.67394
24,17,6,3,11,7,3,5,3,0,0,1,1,0,0,,0,12.583727,50.730158
13,17,6,3,13,7,3,0,1,0,0,1,0,0,0,,0,12.316518,51.347937
26,17,6,3,9,7,3,6,6,0,0,1,0,1,0,,0,14.640833,51.503694
21,17,6,3,19,7,3,5,3,1,1,1,1,0,0,,0,12.80568,50.636609
24,17,6,2,18,6,3,5,3,0,0,1,1,0,0,,0,12.492756,50.70894
13,17,6,2,11,6,3,2,6,0,0,1,1,0,0,,0,12.40794,51.335613
13,17,6,2,17,6,3,3,7,0,0,1,1,0,0,,0,12.371031,51.333686
13,17,6,2,7,6,3,5,3,0,0,1,1,0,0,,0,12.366583,51.32967
13,17,6,2,13,6,3,4,6,0,1,1,1,0,0,,0,12.381327,51.332775
26,17,6,2,8,6,3,5,2,0,0,1,1,0,0,,0,14.646209,51.505469
25,17,6,2,5,6,3,4,2,0,0,1,1,0,0,,0,13.90457,51.109069
25,17,6,2,17,6,3,5,3,0,0,1,1,0,0,,0,14.020676,51.144651
26,17,6,2,15,6,2,0,7,0,0,1,0,0,0,,0,14.955985,51.155661
28,17,6,2,13,6,3,1,7,0,0,1,1,0,0,,0,13.868208,50.979017
12,17,6,2,14,6,2,0,1,0,0,1,0,0,0,,0,13.725269,51.053167
12,17,6,2,12,6,3,3,6,0,0,1,0,0,0,,1,13.761469,51.0551
12,17,6,2,7,6,2,0,6,0,0,1,0,0,0,,1,13.753746,51.041474
12,17,6,2,20,6,2,2,6,0,0,1,1,0,0,,0,13.739048,51.037088
12,17,6,2,7,6,3,5,3,0,0,1,1,0,0,,0,13.768987,51.049606
22,17,6,2,20,6,2,0,7,0,0,1,0,0,0,,0,13.336845,50.919428
29,17,6,1,12,5,3,5,3,0,0,1,1,0,0,,0,12.429276,51.112579
13,17,6,1,17,5,3,4,2,0,0,1,1,0,0,,0,12.326634,51.323158
26,17,6,1,16,5,2,0,1,0,0,1,0,0,0,,0,14.626007,51.498964
26,17,6,1,9,5,2,0,1,0,0,1,0,0,0,,0,14.940739,51.137284
27,17,6,1,15,5,3,8,1,0,0,1,0,0,0,,0,13.577641,51.123624
12,17,6,1,9,5,3,5,3,0,0,1,1,0,0,,0,13.799374,51.041723
12,17,6,1,19,5,3,3,5,0,0,1,1,0,0,,0,13.775146,51.028584
12,17,6,1,16,5,3,5,2,0,0,1,1,0,0,,0,13.786325,51.028542
22,17,6,1,10,5,3,0,7,0,0,1,1,0,0,,0,13.11623,51.120541
11,17,6,1,13,5,3,0,1,0,0,1,0,0,0,,0,12.923396,50.828923
23,17,5,31,17,4,3,5,2,0,0,1,1,0,0,,0,12.139271,50.493679
30,17,5,31,9,4,3,5,7,0,0,1,1,0,0,,0,12.881593,51.636134
30,17,5,31,11,4,3,1,5,0,0,1,1,0,0,,0,12.334585,51.519617
13,17,5,31,17,4,3,6,6,0,0,1,0,1,0,,0,12.374858,51.335693
13,17,5,31,6,4,3,2,1,0,0,1,1,0,0,,0,12.405823,51.345536
13,17,5,31,18,4,3,6,4,0,0,1,0,1,0,,0,12.381926,51.304466
13,17,5,31,11,4,3,5,3,0,0,1,1,0,0,,0,12.365272,51.323644
13,17,5,31,12,4,3,3,6,0,0,1,1,0,0,,0,12.371286,51.331586
12,17,6,27,11,3,3,3,6,0,0,1,0,0,0,,1,13.698502,51.074309
12,17,6,27,11,3,3,3,1,0,0,1,1,0,0,,0,13.806543,51.039108
13,17,6,26,18,2,3,5,3,0,0,1,1,0,0,,0,12.301645,51.344018
12,17,6,27,7,3,2,5,2,0,0,1,1,0,0,,0,13.767514,51.042566
22,17,6,27,9,3,3,5,3,0,0,1,0,0,0,,1,13.34541,50.910032
11,17,6,27,18,3,3,5,3,0,0,1,1,0,0,,0,12.910781,50.833455
24,17,6,26,6,2,2,5,3,0,0,1,1,0,0,,0,12.461845,50.717792
13,17,6,26,7,2,3,5,5,0,0,1,1,0,0,,0,12.373221,51.320712
13,17,6,26,18,2,3,1,5,0,0,1,1,0,0,,0,12.378707,51.312832
26,17,6,26,15,2,2,0,7,0,0,1,0,0,0,,0,14.985048,51.151729
25,17,6,26,16,2,2,5,3,0,0,1,1,0,0,,0,14.288604,51.096132
28,17,6,26,13,2,2,9,1,0,0,1,0,0,0,,0,13.68743,50.889533
12,17,6,26,7,2,3,3,6,0,0,1,1,0,0,,0,13.734578,51.07523
11,17,6,26,18,2,3,5,3,0,0,1,1,0,0,,0,12.902608,50.772194
13,17,6,25,5,1,3,3,6,0,0,1,1,0,0,,0,12.353572,51.351375
25,17,6,25,9,1,3,5,3,0,0,1,1,0,0,,0,13.921622,51.087999
12,17,6,25,5,1,2,0,1,1,0,1,0,0,0,,0,13.711588,51.091675
12,17,6,25,0,1,3,0,1,2,0,1,0,0,0,,0,13.830431,51.031672
12,17,6,25,2,1,3,7,1,2,0,1,0,0,0,,0,13.725673,51.11835
24,17,6,24,22,7,3,1,5,2,0,1,1,0,0,,0,12.579593,50.73406
23,17,6,24,22,7,3,1,1,2,0,1,1,0,0,,0,12.127099,50.495766
24,17,6,24,14,7,3,5,3,0,0,1,1,0,0,,0,12.703087,50.799964
13,17,6,24,8,7,3,5,3,0,0,1,1,0,0,,0,12.336375,51.338687
13,17,6,24,11,7,2,5,3,0,0,1,1,0,0,,0,12.39983,51.33469
12,17,6,24,15,7,3,8,7,0,0,1,0,0,0,,0,13.69316,51.089991
12,17,6,24,0,7,2,0,1,2,0,1,0,0,0,,0,13.705599,51.044851
12,17,6,24,9,7,3,5,2,0,0,1,1,0,0,,0,13.833896,51.028493
12,17,6,24,21,7,3,5,3,1,0,1,1,0,0,,0,13.790631,51.013034
12,17,6,24,19,7,3,4,2,0,0,1,1,0,0,,1,13.731175,51.083439
23,17,6,23,23,6,2,8,1,2,0,1,0,0,0,,0,12.166982,50.475575
24,17,6,23,20,6,2,3,6,0,0,1,1,0,0,,0,12.560454,50.828615
13,17,6,23,14,6,3,1,7,0,0,1,1,0,0,,0,12.343058,51.328622
13,17,6,23,15,6,1,3,2,0,0,1,1,0,0,,0,12.319438,51.320419
27,17,6,23,12,6,3,5,3,0,0,1,1,0,0,,0,13.676015,51.110018
27,17,6,23,8,6,3,0,1,0,0,1,0,0,0,,0,13.53145,51.293943
12,17,6,23,8,6,3,5,2,0,1,1,1,0,0,,0,13.780388,51.030846
12,17,6,23,9,6,3,2,2,0,0,1,1,0,0,,0,13.755996,51.055907
24,17,6,22,8,5,2,0,1,0,0,1,0,0,0,,0,12.321493,50.779646
13,17,6,22,8,5,3,5,3,0,0,1,1,0,0,,0,12.348293,51.328976
13,17,6,22,16,5,3,5,2,0,0,1,1,0,0,,0,12.417461,51.311101
13,17,6,22,10,5,2,0,1,0,0,1,0,0,0,,0,12.374126,51.303373
13,17,6,22,8,5,3,4,2,0,0,1,1,0,0,,0,12.385494,51.341176
13,17,6,22,10,5,3,3,6,0,0,1,1,0,0,,0,12.343388,51.367716
13,17,6,22,8,5,2,4,6,0,0,1,0,0,0,,0,12.333006,51.298738
26,17,6,22,10,5,3,1,5,0,0,1,1,0,0,,0,14.823015,51.29226
27,17,6,22,8,5,3,5,3,0,0,1,0,0,0,,1,13.727048,51.210607
12,17,6,22,8,5,3,5,3,0,0,1,1,0,0,,0,13.744264,51.060737
12,17,6,22,21,5,3,5,3,2,1,1,1,0,0,,0,13.797033,51.044365
12,17,6,22,16,5,3,5,3,0,0,1,1,0,0,,0,13.80696,51.036171
12,17,6,22,19,5,2,5,2,0,1,1,1,0,0,,0,13.781836,50.994359
11,17,6,22,16,5,3,5,3,0,0,1,0,0,1,,0,12.896316,50.837305
13,17,6,21,11,4,3,5,3,0,0,1,1,0,0,,0,12.376898,51.356501
13,17,6,21,15,4,3,1,5,0,0,1,1,0,0,,0,12.381787,51.331769
13,17,6,21,10,4,3,5,3,0,0,1,0,0,0,,1,12.360115,51.333809
13,17,6,21,9,4,3,5,3,0,0,1,1,0,0,,0,12.427381,51.32154
13,17,6,21,14,4,3,5,3,0,0,1,1,0,0,,0,12.39538,51.376488
13,17,6,21,12,4,3,1,5,0,0,1,1,0,0,,0,12.348435,51.331513
13,17,6,21,8,4,2,5,2,0,0,1,0,0,0,,1,12.405897,51.345156
30,17,6,21,7,4,3,4,2,0,0,1,1,0,0,,0,12.484683,51.381248
13,17,6,21,21,4,2,3,6,1,0,1,0,0,0,,0,12.376612,51.351581
25,17,6,21,11,4,2,5,3,0,0,1,0,0,0,,1,13.904587,51.109067
25,17,6,21,10,4,3,5,3,0,0,1,1,0,0,,0,14.261657,51.435454
26,17,6,21,19,4,3,0,1,0,0,1,0,0,0,,0,14.981891,51.146447
26,17,6,21,21,4,2,5,3,1,0,1,1,0,0,,0,14.974687,51.147326
25,17,6,21,7,4,3,5,3,0,0,1,1,0,0,,0,14.453612,51.174193
25,17,6,21,8,4,3,9,3,0,0,1,1,0,0,,0,14.180247,51.177325
30,17,6,20,8,3,3,6,7,0,0,1,0,1,0,,0,13.101628,51.304763
30,17,6,20,15,3,3,5,3,0,0,1,1,0,0,,0,13.061544,51.294392
30,17,6,20,10,3,3,5,3,0,0,1,1,0,0,,0,12.59126,51.5927
13,17,6,20,11,3,3,5,2,0,0,1,1,0,0,,0,12.370439,51.32676
13,17,6,20,20,3,3,3,2,0,0,1,1,0,0,,0,12.391324,51.323422
13,17,6,20,12,3,3,3,2,0,0,1,1,0,0,,0,12.373598,51.327526
13,17,6,20,16,3,3,5,3,0,0,1,1,0,0,,0,12.382754,51.340481
13,17,6,20,15,3,3,3,2,0,0,1,1,0,0,,0,12.392523,51.334112
13,17,6,20,8,3,3,4,2,0,0,1,1,0,0,,0,12.381665,51.350835
26,17,6,20,7,3,3,5,3,0,0,1,1,0,0,,0,14.658393,50.981144
26,17,6,20,8,3,3,3,2,0,0,1,1,0,0,,0,14.666622,51.096628
25,17,6,20,6,3,3,0,1,0,0,1,0,0,0,,0,14.451429,51.188597
27,17,6,20,13,3,2,1,7,0,0,1,1,0,0,,0,13.382954,51.320289
27,17,6,20,10,3,2,0,7,0,0,1,0,0,0,,1,13.587821,51.121903
12,17,6,20,0,3,3,0,1,2,0,1,0,0,0,,0,13.71056,51.048453
12,17,6,20,17,3,2,0,7,0,0,1,0,0,0,,0,13.636929,51.09146
12,17,6,20,7,3,2,6,6,0,0,1,0,1,0,,0,13.718338,51.053583
12,17,6,20,7,3,3,0,1,0,0,1,0,0,0,,0,13.677673,51.046455
12,17,6,20,11,3,3,7,3,0,0,1,1,0,0,,0,13.776473,51.021562
12,17,6,20,8,3,3,6,4,0,0,1,0,1,0,,0,13.742071,51.116981
12,17,6,20,10,3,2,1,1,0,0,1,0,0,0,,1,13.76908,51.110036
12,17,6,20,21,3,3,5,2,1,0,1,1,0,0,,0,13.740363,51.068353
12,17,6,20,15,3,2,5,3,0,0,1,1,0,0,,0,13.771788,51.040831
12,17,6,20,7,3,2,0,1,0,0,1,0,0,0,,1,13.690401,51.054431
22,17,6,20,16,3,2,7,1,0,0,1,0,0,0,,0,13.318272,50.908105
11,17,6,20,5,3,3,3,2,0,0,1,1,0,0,,0,12.935273,50.839523
23,17,6,19,14,2,3,0,7,0,0,1,0,0,0,,0,12.259868,50.311098
30,17,6,19,9,2,3,5,3,0,0,1,1,0,0,,0,12.327166,51.53759
30,17,6,19,15,2,3,5,6,0,0,1,1,0,0,,0,12.331043,51.530728
13,17,6,19,11,2,3,0,3,0,0,1,1,0,0,,0,12.413127,51.344293
13,17,6,19,19,2,3,3,2,0,0,1,1,0,0,,0,12.412757,51.375147
29,17,6,19,13,2,2,5,3,0,0,1,0,0,0,,0,12.610098,51.333799
25,17,6,19,16,2,2,6,7,0,0,1,0,1,0,,0,14.440776,51.189828
28,17,6,19,9,2,3,5,3,0,0,1,1,0,0,,0,13.932261,50.969451
27,17,6,19,14,2,3,8,1,0,0,1,0,0,0,,0,13.531898,51.28976
12,17,6,19,18,2,3,5,2,0,0,1,1,0,0,,0,13.681546,51.049403
12,17,6,19,15,2,3,0,1,0,0,1,0,0,0,,0,13.763572,51.02698
12,17,6,19,6,2,3,0,1,0,0,1,0,0,0,,0,13.752157,51.063717
12,17,6,19,19,2,3,0,7,1,0,1,1,0,0,,0,13.796459,51.044663
12,17,6,19,19,2,3,1,5,0,0,1,1,0,0,,0,13.646754,51.088245
12,17,6,19,13,2,2,5,3,0,0,1,0,0,0,,0,13.728368,51.056705
22,17,6,19,17,2,3,1,5,0,0,1,0,0,0,,1,12.806011,50.916335
22,17,6,19,16,2,2,5,3,0,0,1,1,0,0,,0,13.348453,50.927203
21,17,6,19,14,2,2,0,1,0,0,1,1,0,0,,0,12.64088,50.612323
11,17,6,19,18,2,3,5,2,0,0,1,1,0,0,,0,12.931091,50.846261
23,17,6,18,11,1,2,0,1,0,0,1,0,0,0,,0,12.379956,50.609238
13,17,6,18,5,1,3,0,1,1,0,1,0,0,0,,0,12.338579,51.32765
13,17,6,18,13,1,3,5,3,0,0,1,0,0,0,,0,12.397631,51.336486
29,17,6,18,19,1,3,4,2,0,0,1,1,0,0,,0,12.365922,51.285564
26,17,6,18,20,1,2,9,1,1,0,1,0,0,0,,0,14.989372,51.154233
25,17,6,18,2,1,3,0,1,2,0,1,0,0,0,,0,14.428389,51.183115
12,17,6,18,2,1,2,9,1,2,0,1,0,0,0,,0,13.755083,51.056673
12,17,6,18,18,1,3,4,2,0,0,1,1,0,0,,0,13.78703,51.048629
21,17,6,18,14,1,3,5,3,0,0,1,1,0,0,,0,12.950174,50.561219
26,17,6,17,12,7,3,0,6,0,0,1,1,0,0,,0,14.985325,51.154632
28,17,6,17,18,7,3,5,3,0,0,1,1,0,0,,0,13.640634,51.01128
12,17,6,17,18,7,3,5,2,0,0,1,1,0,0,,0,13.823689,51.012864
12,17,6,17,22,7,3,2,1,2,0,1,1,0,0,,0,13.805483,51.02558
12,17,6,17,23,7,3,4,6,2,0,1,1,0,0,,0,13.760441,51.067108
21,17,6,17,19,7,3,5,3,0,0,1,1,0,0,,0,12.634542,50.584984
11,17,6,17,23,7,3,8,1,2,0,1,0,0,0,,0,12.91603,50.837412
13,17,6,16,7,6,3,5,3,0,0,1,1,0,0,,0,12.393876,51.339107
13,17,6,16,12,6,3,5,3,0,1,1,1,0,0,,0,12.362408,51.341063
13,17,6,16,6,6,3,5,3,0,0,1,0,0,0,,0,12.369459,51.30913
13,17,6,16,11,6,3,5,3,0,0,1,1,0,0,,0,12.44835,51.383033
26,17,6,16,14,6,3,4,2,0,1,1,1,0,0,,0,14.615837,51.51307
28,17,6,16,15,6,2,6,4,0,0,1,0,1,0,,0,13.939354,50.960915
12,17,6,16,16,6,3,2,6,0,0,1,1,0,0,,0,13.679863,51.042349
12,17,6,16,8,6,3,5,2,0,0,1,1,0,0,,0,13.728404,51.061001
12,17,6,16,13,6,2,5,7,0,1,1,1,0,0,,0,13.731041,51.039718
12,17,6,16,12,6,3,0,1,0,0,1,0,0,0,,0,13.754031,51.057639
12,17,6,16,17,6,3,5,3,0,1,1,1,0,0,,0,13.752244,51.077792
12,17,6,16,11,6,3,5,2,0,1,1,1,0,0,,0,13.806246,51.039275
22,17,6,16,5,6,3,0,1,0,0,1,0,0,0,,0,12.96138,50.990591
30,17,6,15,14,5,3,5,3,0,0,1,1,0,0,,0,12.940395,51.283079
13,17,6,15,17,5,3,5,3,0,0,1,1,0,0,,0,12.356811,51.343112
13,17,6,15,7,5,2,5,3,0,0,1,1,0,0,,0,12.344837,51.339194
13,17,6,15,12,5,3,2,6,0,0,1,0,0,0,,1,12.345723,51.32768
26,17,6,15,19,5,3,5,3,0,0,1,1,0,0,,0,14.95258,51.148552
12,17,6,15,8,5,3,5,2,0,0,1,0,0,1,,0,13.711961,51.080978
12,17,6,15,6,5,3,6,4,0,0,1,0,1,0,,0,13.724094,51.084456
28,17,6,15,19,5,3,0,1,0,0,1,0,0,0,,0,13.657139,51.011779
12,17,6,15,19,5,3,5,3,0,0,1,1,0,0,,0,13.83133,50.999641
12,17,6,15,20,5,3,5,3,0,0,1,1,0,0,,0,13.808255,51.006045
12,17,6,15,19,5,2,0,1,0,0,1,0,0,0,,0,13.696838,51.043405
22,17,6,15,8,5,2,8,1,0,0,1,0,0,0,,0,12.814648,50.903339
11,17,6,15,7,5,3,4,2,0,0,1,1,0,0,,0,12.926752,50.801741
24,17,6,14,20,4,3,5,6,0,0,1,1,0,0,,0,12.365232,50.722827
29,17,6,14,7,4,3,1,7,0,0,1,1,0,0,,0,12.483643,51.120143
13,17,6,14,10,4,3,5,3,0,0,1,1,0,0,,0,12.394701,51.318557
13,17,6,14,7,4,2,5,3,0,0,1,1,0,0,,0,12.376858,51.355718
13,17,6,14,7,4,2,4,2,0,0,1,1,0,0,,0,12.400695,51.339285
30,17,6,14,11,4,2,5,3,0,0,1,0,0,0,,0,12.350782,51.531475
13,17,6,14,18,4,3,5,2,0,0,1,1,0,0,,0,12.362686,51.321205
13,17,6,14,19,4,2,5,3,0,0,1,1,0,0,,0,12.368117,51.33489
25,17,6,14,11,4,3,0,6,0,0,1,1,0,0,,0,13.907807,51.110945
25,17,6,14,15,4,3,5,3,0,0,1,1,0,0,,0,14.239212,51.383238
28,17,6,14,18,4,3,1,2,0,0,1,1,0,0,,0,13.939799,50.964125