CSV=`UKREIS,UJAHR,UMONAT,UTAG,USTUNDE,UWOCHENTAG,UKATEGORIE,UART,UTYP,LICHT,USTRZUSTAND,IstRad,IstPKW,IstFuss,IstKrad,IstGkfz,IstSonstig,@lon,@lat
27,17,6,14,19,4,3,2,6,0,0,1,1,0,0,,0,13.629057,51.106119
27,17,6,14,14,4,3,5,3,0,0,1,1,0,0,,0,13.672233,51.30506
12,17,6,14,23,4,2,0,1,2,0,1,0,0,0,,0,13.720217,51.054798
12,17,7,19,20,4,3,0,6,1,0,1,1,0,0,,0,13.79756,50.991645
12,17,7,19,7,4,3,2,6,0,0,1,0,0,0,,0,13.752423,51.029194
12,17,7,19,8,4,3,5,3,0,0,1,1,0,0,,0,13.776441,51.046892
12,17,7,19,6,4,3,5,3,0,0,1,0,0,0,,0,13.755545,51.068892
21,17,7,19,16,4,2,5,3,0,0,1,1,0,0,,0,12.784045,50.71436
11,17,7,19,19,4,3,5,3,0,0,1,1,0,0,,0,12.923046,50.829828
13,17,7,18,13,3,3,3,2,0,0,1,1,0,0,,0,12.327203,51.329645
13,17,7,18,13,3,3,3,2,0,0,1,1,0,0,,0,12.30718,51.346491
13,17,7,18,7,3,3,3,2,0,0,1,1,0,0,,0,12.368914,51.320737
13,17,7,18,12,3,2,4,2,0,0,1,1,0,0,,0,12.370851,51.335003
12,17,7,18,16,3,3,2,6,0,0,1,1,0,0,,0,13.696959,51.044191
12,17,7,18,18,3,3,3,5,0,0,1,1,0,0,,0,13.814365,51.011242
12,17,7,18,14,3,3,5,3,0,0,1,0,0,0,,1,13.778084,51.116765
12,17,7,18,15,3,3,5,3,0,0,1,1,0,0,,0,13.733514,51.046891
12,17,7,17,8,2,3,5,3,0,0,1,1,0,0,,0,13.774712,51.049807
12,17,7,17,11,2,3,0,1,0,0,1,0,0,0,,0,13.811817,51.020241
11,17,7,17,14,2,2,5,2,0,0,1,1,0,0,,0,12.898361,50.802772
29,17,7,16,19,1,3,5,3,0,0,1,1,0,0,,0,12.5604,51.194019
13,17,7,16,19,1,2,0,6,0,0,1,1,0,0,,0,12.415478,51.359355
26,17,7,16,1,1,2,1,5,2,0,1,1,0,0,,0,14.784317,51.296185
27,17,7,16,9,1,3,3,2,0,0,1,0,0,0,,0,13.628215,51.112092
27,17,7,16,17,1,3,2,6,0,0,1,0,0,0,,0,13.655991,51.096717
13,17,7,15,23,7,3,1,1,2,0,1,1,0,0,,0,12.410934,51.335847
13,17,7,15,17,7,3,1,1,0,0,1,0,0,0,,1,12.381253,51.342897
26,17,7,15,22,7,3,0,1,2,0,1,0,0,0,,0,14.841631,51.288684
26,17,7,15,9,7,2,0,7,0,0,1,0,0,0,,0,14.983951,51.170509
27,17,7,15,14,7,3,3,5,0,0,1,1,0,0,,0,13.465231,51.154182
12,17,7,15,14,7,3,0,1,0,0,1,0,0,0,,0,13.741759,51.023609
13,17,7,14,14,6,3,5,3,0,0,1,1,0,0,,0,12.385384,51.343541
13,17,7,14,19,6,3,5,3,0,0,1,1,0,0,,0,12.37328,51.367113
26,17,7,14,6,6,2,5,3,0,0,1,0,0,0,,1,14.709225,51.567099
12,17,7,14,20,6,3,0,1,1,1,1,0,0,0,,0,13.83744,51.024899
12,17,7,14,21,6,3,5,3,2,1,1,1,0,0,,0,13.748589,51.07171
22,17,7,14,7,6,2,0,7,0,0,1,0,0,0,,0,12.905344,50.996654
13,17,7,13,23,5,3,1,1,2,0,1,1,0,0,,0,12.323673,51.318069
13,17,7,13,9,5,3,3,2,0,0,1,0,0,0,,1,12.333948,51.319428
13,17,7,13,16,5,2,3,2,0,0,1,1,0,0,,0,12.385864,51.37019
13,17,7,13,14,5,2,5,3,0,0,1,0,0,0,,1,12.373616,51.322
12,17,7,13,0,5,3,5,3,2,1,1,1,0,0,,0,13.748978,51.033781
24,17,7,12,14,4,3,0,7,0,0,1,1,0,0,,0,12.374191,50.728484
13,17,7,12,17,4,3,3,6,0,1,1,0,0,0,,1,12.474302,51.33774
13,17,7,12,9,4,3,3,2,0,0,1,1,0,0,,0,12.38973,51.361571
13,17,7,12,8,4,3,5,3,0,0,1,1,0,0,,0,12.376524,51.353221
13,17,7,12,20,4,3,5,3,0,1,1,1,0,0,,0,12.376966,51.344806
12,17,7,12,17,4,3,5,3,0,1,1,1,0,0,,0,13.789594,51.047431
12,17,7,12,13,4,2,5,3,0,0,1,1,0,0,,0,13.775637,51.045359
11,17,7,12,16,4,3,1,5,0,0,1,0,0,0,,1,12.93008,50.84413
25,17,7,11,17,3,3,6,7,0,1,1,0,1,0,,0,14.270249,51.443687
26,17,7,11,15,3,3,5,3,0,1,1,1,0,0,,0,14.955984,51.147902
25,17,7,11,11,3,3,0,1,0,1,1,0,0,0,,0,14.429495,51.174235
27,17,7,11,18,3,2,0,1,0,0,1,0,0,0,,0,13.378922,51.308978
12,17,7,11,17,3,3,0,1,0,1,1,0,0,0,,0,13.706189,51.034028
12,17,7,11,19,3,2,5,3,0,0,1,1,0,0,,0,13.747135,51.071977
12,17,7,11,10,3,3,1,5,0,0,1,1,0,0,,0,13.813768,51.015139
13,17,7,10,13,2,3,6,4,0,1,1,0,1,0,,0,12.410593,51.335043
26,17,7,10,16,2,3,0,7,0,0,1,1,0,0,,0,14.793582,50.893364
26,17,7,10,18,2,3,5,3,0,0,1,1,0,0,,0,14.981346,51.13998
12,17,7,10,17,2,3,5,2,0,1,1,1,0,0,,0,13.747976,51.022967
12,17,7,10,6,2,3,5,3,0,0,1,1,0,0,,0,13.801054,51.054649
13,17,7,9,18,1,2,5,3,0,0,1,1,0,0,,0,12.304837,51.313446
13,17,7,9,19,1,2,0,7,0,0,1,0,0,0,,0,12.331133,51.330699
26,17,7,9,12,1,3,0,2,0,0,1,0,0,0,,0,14.896638,51.041529
12,17,7,9,11,1,3,0,1,0,0,1,0,0,0,,0,13.690401,51.054429
12,17,7,9,17,1,3,3,6,0,0,1,0,0,0,,0,13.737669,51.051866
11,17,7,9,10,1,3,0,6,0,0,1,0,0,0,,1,12.893818,50.877556
11,17,7,9,1,1,3,9,1,2,0,1,0,0,0,,0,12.895389,50.844491
29,17,7,8,7,7,2,5,3,0,0,1,1,0,0,,0,12.708516,51.236776
28,17,7,8,23,7,2,0,7,2,0,1,0,0,0,,0,13.673065,50.904771
28,17,7,8,16,7,3,5,2,0,0,1,1,0,0,,0,13.597173,51.031868
12,17,7,8,0,7,3,0,1,2,1,1,0,0,0,,0,13.715547,51.080679
23,17,7,7,17,6,3,8,7,0,0,1,0,0,0,,0,12.428538,50.519206
29,17,7,7,15,6,3,5,3,0,0,1,1,0,0,,0,12.494106,51.117893
13,17,7,7,16,6,3,6,4,0,0,1,0,1,0,,0,12.373692,51.332444
13,17,7,7,20,6,3,5,3,0,0,1,1,0,0,,0,12.295149,51.338312
13,17,7,7,15,6,3,0,7,0,0,1,1,0,0,,0,12.409484,51.339242
13,17,7,7,16,6,3,4,6,0,0,1,0,0,0,,0,12.376696,51.353218
13,17,7,7,16,6,3,1,5,0,0,1,1,0,0,,0,12.362019,51.364954
13,17,7,7,22,6,3,4,2,2,0,1,1,0,0,,0,12.367514,51.320956
25,17,7,7,7,6,3,5,3,0,1,1,1,0,0,,0,14.11478,51.28791
12,17,7,7,22,6,3,1,5,2,0,1,1,0,0,,0,13.829435,51.021352
12,17,7,7,7,6,2,0,1,0,0,1,0,0,0,,0,13.774918,51.021426
12,17,7,7,21,6,3,0,1,1,0,1,0,0,0,,0,13.806732,51.052101
11,17,7,7,17,6,2,4,2,0,0,1,1,0,0,,0,12.915335,50.837599
24,17,7,6,16,5,3,0,1,0,0,1,0,0,0,,0,12.489652,50.71993
13,17,7,6,20,5,3,0,7,1,0,1,1,0,0,,0,12.371308,51.332681
25,17,7,6,15,5,2,5,3,0,0,1,0,0,0,,1,14.530233,51.094935
12,17,7,6,14,5,3,1,2,0,0,1,1,0,0,,0,13.717427,51.040021
12,17,7,6,7,5,3,5,2,0,0,1,1,0,0,,0,13.770348,51.071726
12,17,7,6,2,5,3,0,1,2,0,1,0,0,0,,0,13.74146,51.072093
12,17,7,6,7,5,2,5,2,0,0,1,1,0,0,,0,13.760685,51.049193
12,17,7,6,16,5,3,1,5,0,0,1,1,0,0,,0,13.775857,51.053726
22,17,7,6,15,5,3,0,4,0,0,1,0,1,0,,0,13.345135,50.915949
22,17,7,6,16,5,3,5,3,0,0,1,1,0,0,,0,13.338186,50.901908
11,17,7,6,7,5,3,5,3,0,0,1,0,0,0,,1,12.872861,50.832739
13,17,7,5,18,4,3,1,5,0,0,1,1,0,0,,0,12.366717,51.33198
13,17,7,5,7,4,2,3,2,0,0,1,0,0,0,,0,12.380454,51.360646
13,17,7,5,11,4,3,0,7,0,0,1,1,0,0,,0,12.319949,51.350076
26,17,7,5,11,4,3,0,2,0,0,1,1,0,0,,0,14.805489,50.890428
12,17,7,5,22,4,3,4,2,2,0,1,1,0,0,,0,13.744997,51.072354
21,17,7,5,20,4,3,0,1,0,0,1,0,0,0,,0,13.378019,50.69772
11,17,7,5,17,4,3,0,7,1,0,1,0,0,0,,1,12.90237,50.79109
11,17,7,5,17,4,2,0,7,0,0,1,0,0,0,,0,12.865562,50.86682
24,17,7,4,15,3,3,5,3,0,0,1,1,0,0,,0,12.478499,50.715513
13,17,7,4,16,3,3,5,3,0,0,1,0,0,0,,1,12.376566,51.346006
13,17,7,4,15,3,3,5,3,0,0,1,1,0,0,,0,12.327051,51.341772
13,17,7,4,14,3,3,3,3,0,0,1,1,0,0,,0,12.406613,51.338106
29,17,7,4,12,3,2,5,3,0,0,1,1,0,0,,0,12.741787,51.372675
26,17,7,4,19,3,3,0,1,0,0,1,0,0,0,,0,14.983456,51.163192
12,17,7,4,16,3,3,5,2,0,0,1,1,0,0,,0,13.709784,51.032883
12,17,7,4,16,3,3,3,2,0,0,1,1,0,0,,0,13.781466,51.04384
12,17,7,4,7,3,2,2,6,0,1,1,0,0,0,,0,13.767311,51.036076
13,17,7,3,14,2,3,0,2,0,0,1,1,0,0,,0,12.371899,51.341033
13,17,7,3,15,2,3,0,1,0,0,1,0,0,0,,0,12.421621,51.343726
13,17,7,3,12,2,3,5,3,0,0,1,1,0,0,,0,12.422672,51.306606
13,17,7,3,8,2,3,5,3,0,0,1,1,0,0,,0,12.377929,51.375011
13,17,7,3,17,2,3,3,2,0,0,1,1,0,0,,0,12.399432,51.319395
13,17,7,3,14,2,3,5,3,0,0,1,1,0,0,,0,12.407559,51.351299
25,17,7,3,18,2,3,6,4,0,0,1,0,1,0,,0,14.093797,51.271975
25,17,7,3,15,2,3,3,6,0,0,1,1,0,0,,0,14.390467,51.146933
27,17,7,3,18,2,2,5,2,0,0,1,1,0,0,,0,13.442417,51.40994
12,17,7,3,7,2,3,5,3,0,0,1,1,0,0,,0,13.744966,51.072327
21,17,7,3,17,2,2,5,3,0,0,1,1,0,0,,0,12.877336,50.775328
11,17,7,3,17,2,3,5,2,0,0,1,1,0,0,,0,12.871649,50.832848
13,17,7,2,15,1,3,4,2,0,0,1,1,0,0,,0,12.349293,51.348486
13,17,7,2,20,1,3,1,5,1,0,1,1,0,0,,0,12.333496,51.33133
13,17,7,2,2,1,3,1,5,2,0,1,1,0,0,,0,12.452274,51.341818
12,17,7,2,8,1,3,5,3,0,0,1,1,0,0,,0,13.748918,51.051242
29,17,7,1,11,7,3,6,4,0,0,1,0,1,0,,0,12.328675,51.220079
13,17,7,1,20,7,2,5,3,0,0,1,1,0,0,,0,12.413788,51.319089
12,17,7,1,22,7,3,0,1,2,1,1,0,0,0,,0,13.811516,51.037103
13,17,6,30,20,6,3,3,6,1,0,1,1,0,0,,0,12.286931,51.322686
13,17,6,30,16,6,3,1,5,0,0,1,1,0,0,,0,12.317117,51.325169
13,17,6,30,20,6,2,5,3,0,0,1,1,0,0,,0,12.266944,51.306961
13,17,6,30,6,6,3,5,3,0,0,1,1,0,0,,0,12.34051,51.374727
28,17,6,30,18,6,3,5,2,0,0,1,1,0,0,,0,13.954787,50.998357
12,17,6,30,17,6,3,5,3,0,0,1,1,0,0,,0,13.838401,51.008961
24,17,6,29,11,5,2,6,7,0,1,1,0,1,0,,0,12.479614,50.715996
13,17,6,29,6,5,3,5,3,0,0,1,1,0,0,,0,12.373435,51.351645
13,17,6,29,14,5,3,5,2,0,1,1,1,0,0,,0,12.362672,51.321169
13,17,6,29,15,5,3,1,5,0,1,1,1,0,0,,0,12.373568,51.327666
13,17,6,29,12,5,3,5,2,0,1,1,1,0,0,,0,12.414401,51.345079
12,17,6,29,11,5,2,0,1,0,1,1,0,0,0,,0,13.669189,51.062504
12,17,6,29,8,5,3,5,3,0,1,1,1,0,0,,0,13.797363,50.991617
12,17,6,29,8,5,3,0,2,0,1,1,1,0,0,,0,13.748778,51.063132
12,17,6,29,15,5,3,0,1,0,1,1,0,0,0,,0,13.752257,51.065123
12,17,6,29,8,5,3,0,3,0,1,1,0,0,0,,1,13.740182,51.053693
29,17,6,28,9,4,3,1,1,0,0,1,0,0,0,,1,12.801008,51.370322
29,17,6,28,14,4,3,6,4,0,1,1,0,1,0,,0,12.365077,51.28264
13,17,6,28,18,4,3,3,2,0,0,1,1,0,0,,0,12.378492,51.388375
25,17,6,28,16,4,3,0,1,0,0,1,0,0,0,,0,14.188102,51.124649
12,17,6,28,18,4,2,7,7,0,0,1,0,0,0,,0,13.698076,51.082983
12,17,6,28,16,4,3,0,3,0,0,1,0,0,0,,1,13.715666,51.036828
12,17,6,28,9,4,3,5,3,0,0,1,1,0,0,,0,13.777088,51.060081
21,17,6,28,13,4,3,4,6,0,0,1,1,0,0,,0,13.306932,50.595545
24,17,6,27,14,3,3,5,2,0,0,1,1,0,0,,0,12.495651,50.704589
12,17,7,20,18,5,3,5,3,0,0,1,1,0,0,,0,13.763934,51.06652
28,17,7,20,14,5,3,8,1,0,0,1,0,0,0,,0,13.727663,50.994414
13,17,7,19,9,4,2,4,6,0,0,1,0,0,0,,0,12.420311,51.376336
13,17,7,20,15,5,3,3,2,0,0,1,1,0,0,,0,12.405738,51.313706
27,17,7,21,5,6,2,0,7,0,1,1,0,0,0,,0,13.30361,51.202017
11,17,7,21,13,6,3,1,2,0,0,1,1,0,0,,0,12.910674,50.814599
12,17,7,21,10,6,3,5,2,0,0,1,1,0,0,,0,13.743559,51.040288
25,17,7,20,18,5,2,7,1,0,0,1,0,0,0,,0,14.440952,51.053547
12,17,7,20,10,5,3,5,2,0,0,1,1,0,0,,0,13.769757,51.044767
11,17,8,4,10,6,2,5,2,0,0,1,1,0,0,,0,12.901163,50.816439
13,17,8,3,18,5,3,5,3,0,0,1,1,0,0,,0,12.434365,51.317238
13,17,8,3,10,5,3,5,3,0,1,1,1,0,0,,0,12.291385,51.322463
13,17,8,3,23,5,3,5,3,2,0,1,1,0,0,,0,12.389487,51.321751
26,17,8,3,15,5,3,3,6,0,0,1,1,0,0,,0,14.970169,51.143422
13,17,7,19,17,4,3,4,2,0,0,1,1,0,0,,0,12.373675,51.305653
12,17,8,3,7,5,2,5,3,0,0,1,0,0,0,,1,13.707125,51.045986
12,17,8,3,10,5,3,6,4,0,1,1,0,1,0,,0,13.716739,51.096745
12,17,8,3,21,5,3,0,5,2,0,1,0,0,0,,1,13.778729,51.017424
12,17,8,3,16,5,3,5,3,0,0,1,1,0,0,,0,13.739471,51.045427
12,17,8,3,10,5,3,3,2,0,0,1,0,0,0,,1,13.724052,51.030956
21,17,8,3,20,5,3,0,6,0,0,1,0,1,0,,0,12.811088,50.634883
22,17,8,3,8,5,3,4,6,0,0,1,1,0,0,,0,13.36874,50.868474
22,17,8,3,16,5,3,5,3,0,0,1,1,0,0,,0,12.977852,50.988262
13,17,8,2,23,4,3,0,1,2,0,1,0,0,0,,0,12.362184,51.332064
13,17,8,2,17,4,3,5,3,0,0,1,1,0,0,,0,12.364738,51.334258
13,17,8,2,17,4,2,3,2,0,0,1,1,0,0,,0,12.343332,51.350932
13,17,8,2,11,4,3,5,3,0,0,1,1,0,0,,0,12.394087,51.346173
26,17,8,2,13,4,3,5,3,0,0,1,1,0,0,,0,14.981651,51.170041
25,17,8,2,10,4,2,3,7,0,0,1,0,0,0,,1,14.377492,51.096819
27,17,8,2,7,4,3,6,4,0,0,1,0,1,0,,0,13.510979,51.294626
28,17,8,2,6,4,2,5,2,0,1,1,1,0,0,,0,13.768761,50.95043
12,17,8,2,12,4,3,5,3,0,0,1,1,0,0,,0,13.719035,51.094396
12,17,8,2,16,4,3,6,4,0,0,1,0,1,0,,0,13.788071,51.043298
12,17,8,2,7,4,3,5,3,0,0,1,0,0,0,,0,13.708703,51.077379
23,17,8,1,13,3,3,3,1,0,0,1,1,0,0,,1,12.163844,50.602043
13,17,8,1,12,3,3,5,3,0,0,1,1,0,0,,0,12.389917,51.296197
29,17,8,1,6,3,3,5,3,0,1,1,1,0,0,,0,12.363742,51.283245
25,17,8,1,14,3,2,1,7,0,0,1,1,0,0,,0,13.902911,51.160955
12,17,8,1,10,3,3,0,3,0,0,1,1,0,0,,0,13.701738,51.038169
12,17,8,1,15,3,3,0,7,0,0,1,1,0,0,,0,13.799685,51.024391
12,17,8,1,14,3,3,5,3,0,0,1,1,0,0,,0,13.74892,51.051253
12,17,8,1,19,3,3,5,3,0,0,1,1,0,0,,0,13.812535,51.011049
11,17,8,1,14,3,3,4,6,0,0,1,0,0,0,,0,12.919652,50.83091
30,17,7,31,18,2,2,0,7,0,0,1,0,0,0,,0,12.840324,51.496688
13,17,7,31,14,2,3,3,2,0,0,1,1,0,0,,0,12.376816,51.322166
25,17,7,31,18,2,2,0,1,0,0,1,0,0,0,,0,13.829707,51.187659
28,17,7,31,15,2,3,5,3,0,0,1,1,0,0,,0,13.863704,50.979907
12,17,7,31,6,2,3,3,5,0,0,1,1,0,0,,0,13.704873,51.030347
12,17,7,31,15,2,3,1,3,0,0,1,0,0,0,,1,13.822161,51.012143
12,17,7,31,8,2,2,5,2,0,0,1,1,0,0,,0,13.786898,51.015832
12,17,7,31,10,2,3,0,1,0,0,1,0,0,0,,0,13.785473,51.010421
12,17,7,31,13,2,2,0,1,0,0,1,0,0,0,,0,13.809937,51.018714
11,17,7,31,17,2,3,4,2,0,0,1,1,0,0,,0,12.94296,50.813986
11,17,7,31,13,2,3,0,6,0,0,1,0,0,0,,1,12.902756,50.832289
23,17,7,30,13,1,3,5,3,0,0,1,1,0,0,,0,12.328093,50.310887
23,17,7,30,13,1,3,0,2,0,0,1,1,0,0,,0,12.137874,50.506153
13,17,7,30,5,1,3,1,1,2,0,1,1,0,0,,0,12.375681,51.304606
13,17,7,30,17,1,3,1,3,0,0,1,1,0,0,,0,12.334948,51.370677
13,17,7,30,15,1,3,2,6,0,0,1,1,0,0,,0,12.373624,51.331214
26,17,7,30,12,1,3,4,6,0,0,1,0,0,0,,0,14.791349,50.894431
26,17,7,30,0,1,2,6,6,2,0,1,0,1,0,,0,14.631775,50.975104
28,17,7,30,10,1,3,4,2,0,0,1,0,0,0,,0,13.877649,50.973704
12,17,7,30,15,1,3,0,1,0,0,1,0,0,0,,0,13.733502,51.051668
12,17,7,30,10,1,3,1,1,0,0,1,1,0,0,,0,13.811137,51.017088
21,17,7,30,19,1,3,2,2,0,0,1,0,0,0,,0,12.946248,50.669611
30,17,7,29,15,7,3,5,3,0,0,1,1,0,0,,0,13.000756,51.55592
13,17,7,29,13,7,3,1,7,0,0,1,1,0,0,,0,12.409,51.368573
13,17,7,29,15,7,2,0,1,0,0,1,0,0,0,,0,12.338906,51.332365
12,17,7,29,23,7,3,5,7,2,0,1,1,0,0,,0,13.736978,51.049387
12,17,7,29,12,7,3,2,7,0,0,1,1,0,0,,0,13.820191,51.032402
23,17,7,28,8,6,3,3,5,0,1,1,1,0,0,,0,12.139033,50.498308
29,17,7,28,19,6,3,4,6,0,0,1,1,0,0,,0,12.258308,51.166378
13,17,7,28,12,6,3,0,7,0,0,1,0,0,0,,0,12.290137,51.358088
13,17,7,28,12,6,2,5,3,0,0,1,1,0,0,,0,12.479262,51.347621
13,17,7,28,8,6,3,5,3,0,0,1,1,0,0,,0,12.305998,51.325215
26,17,7,28,13,6,3,5,3,0,0,1,0,0,0,,1,14.960547,51.163843
28,17,7,28,19,6,3,6,6,0,0,1,0,1,0,,0,13.877551,50.96948
12,17,7,28,16,6,3,5,3,0,0,1,1,0,0,,0,13.73281,51.049328
12,17,7,28,5,6,2,5,3,0,0,1,1,0,0,,0,13.80323,51.021731
13,17,7,27,16,5,3,5,3,0,1,1,1,0,0,,0,12.402408,51.364715
27,17,7,27,8,5,3,1,5,0,0,1,1,0,0,,0,13.545834,51.289038
12,17,7,27,19,5,3,5,3,0,1,1,0,0,0,,0,13.748631,51.071753
12,17,7,27,11,5,3,0,7,0,0,1,1,0,0,,0,13.777538,51.044875
12,17,7,27,14,5,3,0,1,0,1,1,0,0,0,,0,13.766772,51.041796
21,17,7,27,16,5,2,0,1,0,1,1,0,0,0,,0,13.008911,50.569976
29,17,7,26,17,4,2,5,2,0,1,1,0,0,0,,1,12.377155,51.273985
29,17,7,26,10,4,3,5,3,0,1,1,1,0,0,,0,12.417748,51.195668
13,17,7,26,15,4,2,3,3,0,1,1,1,0,0,,0,12.376578,51.346006
28,17,7,26,13,4,3,0,1,0,0,1,0,0,0,,0,13.931878,50.961072
12,17,7,26,9,4,3,0,1,0,0,1,0,0,0,,0,13.70578,51.076594
12,17,7,26,15,4,3,0,1,0,1,1,0,0,0,,0,13.752213,51.065134
22,17,7,26,8,4,3,5,3,0,0,1,0,0,0,,1,13.430643,50.919139
13,17,7,25,18,3,3,5,3,0,0,1,1,0,0,,0,12.35749,51.345052
26,17,7,25,17,3,3,0,1,0,0,1,0,0,0,,0,14.682251,51.094233
26,17,7,25,15,3,3,3,2,0,0,1,1,0,0,,0,14.648175,51.501672
27,17,7,25,15,3,3,5,3,0,0,1,0,0,0,,0,13.575394,51.123988
12,17,7,25,21,3,3,4,6,2,0,1,0,0,0,,0,13.673184,51.083549
12,17,7,25,18,3,3,4,6,0,0,1,1,0,0,,0,13.766706,51.025181
12,17,7,25,22,3,3,5,3,2,1,1,1,0,0,,0,13.777287,51.060086
12,17,7,25,7,3,2,1,7,0,0,1,1,0,0,,0,13.743105,51.050246
12,17,7,25,7,3,3,5,2,0,1,1,1,0,0,,0,13.778948,51.031594
21,17,7,25,6,3,3,5,3,0,0,1,1,0,0,,0,13.009388,50.582928
13,17,7,24,17,2,2,3,6,0,1,1,1,0,0,,0,12.402891,51.345695
13,17,7,24,17,2,3,3,2,0,1,1,0,0,0,,0,12.324416,51.326999
13,17,7,24,13,2,3,5,3,0,0,1,1,0,0,,0,12.262852,51.347867
25,17,7,24,6,2,3,3,2,0,0,1,1,0,0,,0,13.833756,51.181617
28,17,7,24,11,2,3,5,2,0,0,1,1,0,0,,0,13.932525,50.968102
29,17,7,23,14,1,2,6,7,0,0,1,0,1,0,,0,12.370692,51.279172
27,17,7,23,17,1,3,5,1,0,0,1,1,0,0,,0,13.332345,51.184287
21,17,7,23,16,1,3,8,1,0,0,1,0,0,0,,0,12.81991,50.525977
11,17,7,23,12,1,3,5,3,0,0,1,1,0,0,,0,12.940022,50.829262
13,17,7,22,15,7,2,5,3,0,0,1,1,0,0,,0,12.333731,51.340731
13,17,7,22,21,7,3,5,3,1,0,1,0,0,0,,1,12.405915,51.343036
13,17,7,22,13,7,3,2,6,0,0,1,1,0,0,,0,12.373616,51.321984
27,17,7,22,12,7,3,7,7,0,0,1,0,0,0,,0,13.56903,51.138435
12,17,7,22,17,7,3,0,7,0,0,1,1,0,0,,0,13.736845,51.037382
12,17,7,22,18,7,3,0,1,0,0,1,0,0,0,,0,13.776451,51.021573
12,17,7,22,9,7,3,5,3,0,0,1,1,0,0,,0,13.83593,51.026676
12,17,7,22,18,7,3,7,1,0,0,1,0,0,0,,0,13.719239,51.046744
23,17,7,21,20,6,3,2,2,1,0,1,1,0,0,,0,12.146833,50.501491
13,17,7,21,18,6,2,1,6,0,0,1,1,0,0,,0,12.39887,51.331109
13,17,7,21,8,6,3,0,7,0,0,1,0,0,0,,0,12.400183,51.327021
13,17,7,21,18,6,2,6,2,0,0,1,0,1,0,,0,12.365523,51.362409
25,17,7,21,11,6,3,7,7,0,0,1,0,0,0,,0,14.256949,51.442361
26,17,7,21,11,6,2,3,2,0,0,1,1,0,0,,0,14.787322,51.307915
27,17,7,21,14,6,3,6,6,0,0,1,0,1,0,,0,13.304072,51.304725
28,17,7,21,14,6,3,0,7,0,1,1,0,0,0,,1,13.905348,50.958834
11,17,7,20,16,5,3,0,7,0,0,1,1,0,0,,0,12.826366,50.86326
13,17,7,20,8,5,3,6,4,0,0,1,1,1,0,,0,12.382694,51.333666
28,17,7,21,12,6,3,0,1,0,0,1,0,0,0,,0,13.726796,50.994284
27,17,7,21,20,6,3,1,5,0,0,1,1,0,0,,0,13.627938,51.105064
27,17,7,20,19,5,3,1,5,0,1,1,1,0,0,,0,13.377596,51.308592
12,17,7,20,7,5,3,0,1,0,1,1,0,0,0,,0,13.812739,51.06227
13,17,8,15,17,3,3,2,6,0,0,1,1,0,0,,0,12.368912,51.320714
25,17,8,15,7,3,3,4,2,0,0,1,0,0,0,,1,13.923212,51.105717
12,17,8,15,19,3,3,0,1,0,0,1,0,0,0,,0,13.786743,51.028377
12,17,8,15,15,3,3,5,3,0,0,1,1,0,0,,0,13.65859,51.051271
22,17,8,15,19,3,3,0,1,0,0,1,0,0,0,,0,13.331673,50.895173
11,17,8,15,7,3,3,5,2,0,0,1,1,0,0,,0,12.900366,50.794969
11,17,8,15,8,3,3,2,6,0,0,1,1,0,0,,0,12.942659,50.813562
11,17,8,15,14,3,3,6,7,0,0,1,0,1,0,,0,12.92412,50.828435
30,17,8,14,14,2,3,6,6,0,0,1,0,1,0,,0,12.972178,51.567133
29,17,8,14,9,2,2,5,3,0,0,1,1,0,0,,0,12.546179,51.164245
13,17,8,14,19,2,3,0,7,0,0,1,0,0,0,,0,12.378508,51.336149
29,17,8,15,11,3,2,0,5,0,0,1,1,0,0,,0,12.742666,51.368428
29,17,8,15,7,3,3,4,2,0,0,1,1,0,0,,0,12.736579,51.373794
29,17,8,15,9,3,2,5,3,0,0,1,1,0,0,,0,12.506104,51.123723
13,17,8,15,18,3,3,5,3,0,0,1,1,0,0,,0,12.371676,51.33885
13,17,8,15,7,3,3,3,6,0,0,1,1,0,0,,0,12.436929,51.34207
13,17,8,15,14,3,3,6,4,0,0,1,0,1,0,,0,12.376266,51.39153
13,17,8,15,17,3,3,3,2,0,0,1,1,0,0,,0,12.36886,51.320775
13,17,8,14,15,2,3,5,2,0,0,1,0,0,0,,0,12.380944,51.34205
13,17,8,14,6,2,3,0,7,0,0,1,0,0,0,,0,12.46065,51.34971
26,17,8,14,18,2,3,0,3,0,0,1,1,0,0,,0,14.792697,50.892571
27,17,8,14,17,2,2,8,1,0,0,1,0,0,0,,0,13.658433,51.108688
12,17,8,14,15,2,3,5,2,0,0,1,1,0,0,,0,13.698567,51.082226
12,17,8,14,8,2,3,4,6,0,0,1,1,0,0,,0,13.728416,51.039275
12,17,8,14,9,2,3,0,7,0,0,1,0,0,0,,0,13.741466,51.02381
12,17,8,14,11,2,3,3,6,0,0,1,0,0,0,,0,13.80878,51.052862
12,17,8,14,17,2,3,0,1,0,0,1,0,0,0,,0,13.727335,51.081399