CSV=`UKREIS,UJAHR,UMONAT,UTAG,USTUNDE,UWOCHENTAG,UKATEGORIE,UART,UTYP,LICHT,USTRZUSTAND,IstRad,IstPKW,IstFuss,IstKrad,IstGkfz,IstSonstig,@lon,@lat
13,17,8,13,18,1,3,4,2,0,0,1,1,0,0,,0,12.371423,51.331596
25,17,8,13,16,1,3,0,1,0,0,1,0,0,0,,0,14.498864,51.098113
29,17,8,12,19,7,3,5,3,1,0,1,1,0,0,,0,12.490478,51.121612
13,17,8,12,9,7,2,1,5,0,0,1,1,0,0,,0,12.30808,51.315109
27,17,8,12,8,7,3,0,1,0,0,1,0,0,0,,0,13.569045,51.085424
12,17,8,12,23,7,3,4,6,2,0,1,0,0,0,,0,13.846101,51.017461
12,17,8,12,8,7,3,0,1,0,0,1,0,0,0,,0,13.765956,51.053023
23,17,8,11,6,6,2,1,3,0,0,1,1,0,0,,0,12.143251,50.499328
13,17,8,11,18,6,3,3,6,0,1,1,1,0,0,,0,12.345199,51.318918
13,17,8,11,15,6,3,3,2,0,1,1,1,0,0,,0,12.40488,51.345586
29,17,8,11,7,6,3,4,2,0,0,1,1,0,0,,0,12.364992,51.276043
13,17,8,11,0,6,3,8,1,2,0,1,0,0,0,,0,12.329961,51.335678
25,17,8,11,9,6,3,5,3,0,0,1,1,0,0,,0,14.274911,51.44611
25,17,8,11,11,6,3,2,7,0,1,1,1,0,0,,0,14.444469,51.191876
12,17,8,11,23,6,3,1,1,2,1,1,1,0,0,,0,13.724593,51.077099
12,17,8,11,22,6,2,0,1,2,1,1,0,0,0,,0,13.687079,51.083717
12,17,8,11,7,6,3,5,2,0,0,1,1,0,0,,0,13.717049,51.05262
13,17,8,10,13,5,3,4,2,0,1,1,1,0,0,,0,12.380645,51.330829
13,17,8,10,16,5,3,3,3,0,0,1,1,0,0,,0,12.283491,51.357889
25,17,8,10,11,5,3,8,1,0,0,1,0,0,0,,0,14.322233,51.403546
26,17,8,10,0,5,3,7,7,2,0,1,0,0,0,,0,14.87918,51.288752
25,17,8,10,14,5,2,0,1,0,0,1,0,0,0,,0,14.430234,51.180185
27,17,8,10,18,5,3,5,3,0,0,1,1,0,0,,0,13.30199,51.298075
12,17,8,10,14,5,2,5,3,0,0,1,1,0,0,,0,13.735116,51.03837
12,17,8,10,8,5,3,0,7,0,1,1,0,0,0,,0,13.839767,51.006344
12,17,8,10,16,5,3,5,3,0,0,1,1,0,0,,0,13.721899,51.117687
12,17,8,10,15,5,3,1,1,0,0,1,1,0,0,,0,13.752388,51.064044
12,17,8,10,15,5,3,5,3,0,0,1,1,0,0,,0,13.778954,51.0316
12,17,8,10,7,5,3,5,3,0,1,1,1,0,0,,0,13.788069,51.04594
12,17,8,10,14,5,2,0,1,0,0,1,0,0,0,,0,13.831515,51.012686
12,17,8,10,17,5,2,3,6,0,0,1,0,0,0,,1,13.720737,51.054538
12,17,8,10,15,5,3,4,6,0,0,1,0,0,0,,0,13.739454,51.055129
24,17,8,9,12,4,3,0,1,0,0,1,0,0,0,,0,12.513249,50.829626
29,17,8,9,6,4,3,0,7,0,0,1,0,0,0,,0,12.45199,51.130311
13,17,8,9,17,4,3,1,1,0,0,1,1,0,0,,0,12.39605,51.320966
13,17,8,9,17,4,3,4,2,0,0,1,1,0,0,,0,12.411655,51.34263
29,17,8,9,15,4,3,0,5,0,0,1,1,0,0,,0,12.220319,51.302342
13,17,8,9,17,4,3,5,3,0,0,1,1,0,0,,0,12.478216,51.341481
13,17,8,9,12,4,2,3,6,0,0,1,0,0,0,,1,12.32643,51.308743
13,17,8,9,10,4,3,5,3,0,0,1,1,0,0,,0,12.384383,51.300463
13,17,8,9,16,4,3,5,2,0,0,1,1,0,0,,0,12.449769,51.345559
25,17,8,9,14,4,2,5,3,0,0,1,1,0,0,,0,14.430181,51.179231
12,17,8,9,7,4,3,0,7,0,0,1,0,0,0,,0,13.784746,51.017153
12,17,8,9,16,4,3,0,1,0,0,1,0,0,0,,0,13.743222,51.068352
12,17,8,9,15,4,3,3,6,0,0,1,1,0,0,,0,13.754824,51.067878
12,17,8,9,12,4,3,3,2,0,0,1,1,0,0,,0,13.75657,51.055126
21,17,8,9,15,4,3,5,3,0,0,1,1,0,0,,0,13.014541,50.584974
11,17,8,9,7,4,3,5,3,0,0,1,1,0,0,,0,12.92249,50.845392
23,17,8,8,19,3,2,0,1,0,0,1,0,0,0,,0,12.121318,50.499681
13,17,8,8,21,3,3,5,4,1,0,1,0,1,0,,0,12.387179,51.33808
13,17,8,8,6,3,3,5,3,0,0,1,1,0,0,,0,12.345645,51.330044
13,17,8,8,16,3,3,5,3,0,0,1,0,0,0,,1,12.301775,51.342746
13,17,8,8,10,3,3,5,3,0,0,1,1,0,0,,0,12.28588,51.330953
27,17,8,8,16,3,3,5,3,0,0,1,1,0,0,,0,13.576849,51.122062
27,17,8,8,16,3,3,0,7,0,0,1,1,0,0,,0,13.536369,51.294635
12,17,8,8,6,3,3,5,3,0,0,1,1,0,0,,0,13.639536,51.030125
12,17,8,8,16,3,2,8,1,0,0,1,0,0,0,,0,13.70465,51.023263
12,17,8,8,11,3,3,0,1,0,0,1,0,0,0,,0,13.817373,51.034706
12,17,8,8,19,3,2,0,1,0,0,1,0,0,0,,0,13.806711,51.011394
12,17,8,8,19,3,3,0,1,0,0,1,0,0,0,,0,13.750527,51.07141
12,17,8,8,17,3,3,0,7,0,0,1,1,0,0,,0,13.821882,51.029509
12,17,8,8,12,3,3,1,7,0,0,1,1,0,0,,0,13.757922,51.06427
12,17,8,8,22,3,3,5,2,2,0,1,1,0,0,,0,13.708573,51.078947
29,17,8,7,16,2,3,5,3,0,0,1,0,0,0,,0,12.746976,51.372092
29,17,8,7,18,2,3,0,3,0,0,1,1,0,0,,0,12.549156,51.173826
13,17,8,7,8,2,3,5,3,0,0,1,1,0,0,,0,12.404894,51.363346
13,17,8,7,16,2,2,5,3,0,0,1,1,0,0,,0,12.323872,51.32037
13,17,8,7,7,2,3,5,7,0,0,1,1,0,0,,0,12.373272,51.362997
13,17,8,7,14,2,2,3,6,0,0,1,1,0,0,,0,12.440834,51.330545
26,17,8,7,21,2,3,0,1,2,0,1,0,0,0,,0,14.671896,51.102447
26,17,8,7,18,2,3,0,1,0,0,1,0,0,0,,0,14.670208,51.096212
26,17,8,7,13,2,3,5,3,0,0,1,1,0,0,,0,14.931198,51.17652
12,17,8,7,14,2,3,5,3,0,0,1,0,0,0,,1,13.755979,51.055865
12,17,8,7,16,2,3,5,3,0,0,1,1,0,0,,0,13.781209,51.043093
12,17,8,7,17,2,3,0,7,0,0,1,0,0,0,,0,13.884188,51.059765
12,17,8,7,7,2,3,5,3,0,0,1,1,0,0,,0,13.77908,51.037977
22,17,8,7,17,2,3,4,2,0,0,1,1,0,0,,0,12.755478,50.958334
21,17,8,7,19,2,3,5,3,0,0,1,1,0,0,,0,12.9928,50.514583
23,17,8,6,16,1,2,9,1,0,0,1,0,0,0,,0,12.399715,50.510264
13,17,8,6,15,1,3,5,3,0,0,1,1,0,0,,0,12.343693,51.350948
13,17,8,6,19,1,3,5,2,0,0,1,1,0,0,,0,12.324145,51.333499
13,17,8,6,13,1,3,5,3,0,0,1,1,0,0,,0,12.385012,51.298896
30,17,8,6,11,1,3,5,3,0,0,1,1,0,0,,0,12.243815,51.38951
27,17,8,6,11,1,3,9,1,0,0,1,0,0,0,,0,13.49387,51.15875
12,17,8,6,19,1,3,5,3,0,0,1,1,0,0,,0,13.850513,50.993341
22,17,8,6,17,1,3,0,1,0,0,1,0,0,0,,0,12.705406,50.931607
11,17,8,6,19,1,3,5,3,0,0,1,1,0,0,,1,12.900408,50.837677
23,17,8,5,20,7,2,0,1,0,1,1,0,0,0,,0,12.126586,50.495866
24,17,8,5,15,7,3,8,7,0,0,1,1,0,0,,0,12.468927,50.721084
29,17,8,5,12,7,2,0,7,0,0,1,0,0,0,,0,12.371226,51.288263
25,17,8,5,8,7,3,5,3,0,0,1,1,0,0,,0,14.266489,51.431513
27,17,8,5,19,7,3,2,6,0,0,1,0,0,0,,0,13.607156,51.099587
12,17,8,5,13,7,3,0,7,0,0,1,1,0,0,,0,13.73122,51.053465
11,17,8,5,8,7,2,0,1,0,0,1,0,0,0,,0,12.904948,50.838851
24,17,8,4,13,6,3,5,7,0,0,1,1,0,0,,0,12.378087,50.73517
29,17,8,4,12,6,3,1,7,0,0,1,1,0,0,,0,12.284952,51.151933
13,17,8,4,15,6,3,5,3,0,0,1,1,0,0,,0,12.388476,51.341165
13,17,8,4,8,6,3,3,2,0,0,1,0,0,0,,0,12.383381,51.334877
12,17,8,4,15,6,2,2,2,0,0,1,1,0,0,,0,13.697277,51.036283
12,17,8,4,22,6,3,0,1,2,0,1,0,0,0,,0,13.740388,51.05647
12,17,8,4,21,6,3,4,6,1,0,1,0,0,0,,0,13.808104,51.053548
12,17,8,4,20,6,3,0,1,2,0,1,0,0,0,,0,13.788357,51.046451
12,17,8,4,14,6,3,5,3,0,0,1,1,0,0,,0,13.756594,51.055089
12,17,8,29,22,3,2,4,7,2,0,1,0,0,0,,0,13.748542,51.077126
12,17,8,29,9,3,3,5,3,0,0,1,1,0,0,,0,13.750287,51.061238
12,17,8,29,14,3,3,2,6,0,0,1,0,0,0,,1,13.777863,51.05401
30,17,8,28,7,2,3,5,3,0,0,1,1,0,0,,0,12.982294,51.561627
29,17,8,29,13,3,3,0,7,0,0,1,0,0,0,,0,12.42972,51.285919
13,17,8,29,17,3,3,5,3,0,0,1,1,0,0,,0,12.423676,51.350478
13,17,8,29,16,3,2,5,3,0,0,1,1,0,0,,0,12.387877,51.353391
13,17,8,29,9,3,2,5,3,0,0,1,1,0,0,,0,12.372981,51.301381
26,17,8,29,12,3,3,6,7,0,0,1,0,1,0,,0,14.982035,51.149623
26,17,8,29,15,3,3,5,3,0,0,1,1,0,0,,0,14.985806,51.153256
28,17,8,29,7,3,3,5,3,0,0,1,1,0,0,,0,13.866086,50.971153
27,17,8,29,9,3,2,5,2,0,0,1,1,0,0,,0,13.72881,51.210716
13,17,8,28,12,2,3,5,3,0,0,1,1,0,0,,0,12.400203,51.327025
13,17,8,28,7,2,3,5,3,0,0,1,1,0,0,,0,12.436313,51.305637
13,17,8,28,16,2,3,5,3,0,0,1,0,0,0,,1,12.29079,51.413937
13,17,8,28,14,2,2,1,5,0,0,1,1,0,0,,0,12.373665,51.333355
13,17,8,28,19,2,3,4,2,1,0,1,1,0,0,,0,12.303978,51.301612
13,17,8,28,15,2,3,3,5,0,0,1,1,0,0,,0,12.36474,51.359308
27,17,8,28,15,2,2,1,7,0,0,1,0,0,0,,1,13.244082,51.354185
12,17,8,28,11,2,3,0,1,0,0,1,0,0,0,,0,13.741641,51.023621
12,17,8,28,17,2,3,0,1,0,0,1,0,0,0,,0,13.75167,51.058515
12,17,8,28,15,2,3,3,6,0,0,1,0,0,0,,0,13.823279,51.031238
12,17,8,28,15,2,3,5,2,0,0,1,1,0,0,,0,13.76971,51.044812
12,17,8,28,22,2,3,5,3,2,0,1,1,0,0,,0,13.777587,51.056046
11,17,8,28,7,2,3,5,2,0,0,1,1,0,0,,0,12.901081,50.816688
30,17,8,27,20,1,2,5,3,1,0,1,0,0,1,,0,12.634874,51.455801
26,17,8,27,5,1,1,9,1,2,0,1,0,0,0,,0,14.617435,50.963914
26,17,8,27,20,1,3,6,4,2,0,1,0,1,0,,0,14.993063,51.158033
12,17,8,27,8,1,3,1,5,0,0,1,1,0,0,,0,13.680142,51.042691
12,17,8,27,17,1,3,4,6,0,0,1,0,0,0,,0,13.846229,51.017395
12,17,8,27,0,1,3,0,7,2,1,1,0,0,0,,0,13.848444,51.007924
12,17,8,27,1,1,2,6,4,2,1,1,0,1,0,,0,13.751623,51.066885
11,17,8,27,14,1,3,5,3,0,0,1,1,0,0,,0,12.931496,50.838006
23,17,8,26,0,7,1,8,1,2,1,1,0,0,0,,0,12.165941,50.489457
13,17,8,26,12,7,2,5,3,0,0,1,1,1,0,,0,12.37423,51.335733
13,17,8,26,18,7,2,5,3,0,0,1,1,0,0,,0,12.327107,51.305729
13,17,8,26,14,7,2,1,7,0,0,1,1,0,0,,0,12.41164,51.375574
28,17,8,26,13,7,3,3,2,0,1,1,1,0,0,,0,13.861126,50.980386
12,17,8,26,19,7,3,9,1,0,0,1,0,0,0,,0,13.755047,51.068194
12,17,8,26,11,7,3,5,3,0,1,1,1,0,0,,0,13.760815,51.044141
22,17,8,26,13,7,3,4,1,0,0,1,1,0,0,,0,13.013418,50.879662
13,17,8,25,17,6,3,3,6,0,0,1,1,0,0,,0,12.399445,51.345878
13,17,8,25,15,6,2,5,2,0,0,1,0,0,0,,1,12.324713,51.328984
13,17,8,25,19,6,2,1,1,1,0,1,1,0,0,,0,12.396454,51.304883
13,17,8,25,22,6,3,4,2,2,0,1,0,0,0,,0,12.320993,51.345311
27,17,8,25,13,6,3,5,2,0,0,1,1,0,0,,0,13.270873,51.298524
28,17,8,25,9,6,3,5,3,0,0,1,1,0,0,,0,14.168593,50.911177
12,17,8,25,7,6,3,5,3,0,0,1,1,0,0,,0,13.722166,51.079217
12,17,8,25,19,6,3,0,1,1,0,1,0,0,0,,0,13.809928,51.048879
12,17,8,25,14,6,2,0,7,0,0,1,1,0,0,,0,13.742033,51.048129
11,17,8,25,6,6,3,0,7,1,0,1,1,0,0,,0,12.865751,50.803565
11,17,8,25,16,6,3,0,2,0,0,1,1,0,0,,0,12.953192,50.863028
11,17,8,25,11,6,2,1,1,0,0,1,1,0,0,,0,12.89198,50.821506
13,17,8,24,15,5,3,5,3,0,0,1,1,0,0,,0,12.361288,51.375563
13,17,8,24,12,5,2,5,3,0,0,1,1,0,0,,0,12.32664,51.336108
25,17,8,24,15,5,3,4,2,0,0,1,1,0,0,,0,14.42371,51.174152
12,17,8,24,20,5,2,0,6,1,0,1,0,0,0,,1,13.7045,51.024754
12,17,8,24,9,5,3,5,3,0,0,1,1,0,0,,0,13.777088,51.060081
12,17,8,24,7,5,3,0,1,0,0,1,0,0,0,,0,13.776867,51.048013
12,17,8,24,14,5,3,5,1,0,0,1,1,0,0,,0,13.764894,51.113532
29,17,8,23,15,4,3,0,6,0,0,1,1,0,0,,0,12.608445,51.338002
13,17,8,23,15,4,3,4,2,0,0,1,1,0,0,,0,12.399146,51.345895
13,17,8,23,11,4,3,5,3,0,0,1,1,0,0,,0,12.326083,51.337511
13,17,8,23,16,4,3,0,7,0,0,1,1,0,0,,0,12.422467,51.357122
29,17,8,23,7,4,3,5,3,0,0,1,0,0,0,,1,12.591285,51.27239
26,17,8,23,15,4,2,5,3,0,0,1,0,0,1,,0,14.724622,50.999354
25,17,8,23,14,4,3,3,2,0,0,1,1,0,0,,0,13.921908,51.105817
25,17,8,23,16,4,2,5,3,0,0,1,0,0,0,,1,13.949427,51.168279
27,17,8,23,9,4,2,8,1,0,0,1,0,0,0,,0,13.589139,51.157415
12,17,8,23,18,4,2,1,5,0,0,1,1,0,0,,0,13.836312,51.000017
12,17,8,23,13,4,3,6,6,0,0,1,0,1,0,,0,13.737671,51.044501
11,17,8,23,16,4,3,5,2,0,0,1,1,0,0,,0,12.88423,50.831676
11,17,8,23,15,4,3,9,1,0,0,1,0,0,0,,0,12.955426,50.88067
13,17,8,22,18,3,3,3,2,0,0,1,1,0,0,,0,12.369104,51.320954
13,17,8,22,19,3,3,0,3,0,0,1,1,0,0,,0,12.380365,51.366187
13,17,8,22,17,3,3,5,3,0,0,1,0,0,0,,1,12.393527,51.331193
13,17,8,22,19,3,3,3,6,2,0,1,1,0,0,,0,12.32242,51.373248
13,17,8,22,8,3,3,5,3,0,0,1,1,0,0,,0,12.422679,51.306606
26,17,8,22,12,3,3,1,1,0,0,1,1,0,0,,0,14.947371,51.143419
25,17,8,22,16,3,3,2,6,0,0,1,0,0,0,,1,14.436111,51.184429
28,17,8,22,9,3,3,0,1,0,1,1,0,0,0,,0,14.189515,50.995077
12,17,8,22,5,3,3,3,6,0,0,1,1,0,0,,0,13.759978,51.023137
12,17,8,22,14,3,3,5,3,0,0,1,1,0,0,,0,13.789533,51.018314
12,17,8,22,15,3,3,5,3,0,0,1,1,0,0,,0,13.754633,51.061128
12,17,8,22,14,3,3,3,5,0,0,1,1,0,0,,0,13.782577,51.014031
12,17,8,22,16,3,3,5,2,0,0,1,1,0,0,,0,13.797855,51.042236
22,17,8,22,12,3,3,4,6,0,0,1,0,0,0,,0,13.339745,50.915344
11,17,8,22,17,3,2,0,1,0,0,1,0,0,0,,0,12.94115,50.836369
13,17,8,21,18,2,2,3,2,0,0,1,1,0,0,,0,12.350492,51.332574
13,17,8,21,15,2,3,1,5,0,0,1,1,0,0,,0,12.396492,51.320848
26,17,8,21,15,2,3,5,3,0,0,1,1,0,0,,0,14.799958,50.886283
26,17,8,21,8,2,3,5,3,0,0,1,1,0,0,,0,14.640063,51.503123
12,17,8,21,4,2,3,0,1,2,0,1,0,0,0,,0,13.746763,51.048693
22,17,8,21,14,2,3,5,2,0,0,1,1,0,0,,0,13.112696,50.962366
22,17,8,21,16,2,3,5,3,0,0,1,1,0,0,,0,13.340816,50.917918
11,17,8,21,16,2,3,5,2,0,0,1,1,0,0,,0,12.926526,50.845698
11,17,8,21,16,2,2,0,1,0,0,1,0,0,0,,0,12.937735,50.851494
11,17,8,21,8,2,3,0,6,0,0,1,0,0,0,,0,12.918561,50.834758
13,17,8,20,21,1,2,0,1,2,0,1,0,0,0,,0,12.286031,51.322067
13,17,8,20,20,1,2,6,4,0,0,1,0,1,0,,0,12.377231,51.305202
12,17,8,20,17,1,3,5,3,0,0,1,1,0,0,,0,13.738498,51.039528
25,17,8,19,15,7,3,0,1,0,0,1,0,0,0,,0,14.192414,51.11038
12,17,8,19,10,7,3,6,6,0,0,1,0,1,0,,0,13.812578,51.030403
23,17,8,18,17,6,2,9,1,0,0,1,1,0,0,,0,12.394236,50.521873
13,17,8,18,11,6,3,5,5,0,0,1,1,0,0,,0,12.38831,51.32768
13,17,8,18,0,6,3,5,3,2,1,1,1,0,0,,0,12.373478,51.351689
13,17,8,18,11,6,3,6,4,0,0,1,0,1,0,,0,12.369999,51.34008
13,17,8,18,15,6,3,1,7,0,0,1,1,0,0,,0,12.373643,51.33325
13,17,8,18,17,6,2,4,2,0,0,1,1,0,0,,0,12.382067,51.332606
13,17,8,18,19,6,3,4,6,2,1,1,1,0,0,,0,12.377048,51.342999
25,17,8,18,6,6,2,3,2,0,0,1,1,0,0,,0,14.414817,51.181361
12,17,8,18,11,6,2,0,7,0,0,1,0,0,0,,1,13.712753,51.089224
12,17,8,18,7,6,3,1,5,0,0,1,1,0,0,,0,13.787523,51.054295
12,17,8,18,14,6,3,4,6,0,0,1,0,0,0,,0,13.738791,51.054152
12,17,8,18,8,6,2,1,7,0,0,1,1,0,0,,0,13.729751,51.055152
12,17,8,18,10,6,2,6,7,0,0,1,0,1,0,,0,13.779579,51.031162
24,17,8,17,12,5,3,1,1,0,0,1,1,0,0,,0,12.496062,50.722989
23,17,8,17,15,5,2,0,2,0,0,1,1,0,0,,0,12.39522,50.501355
29,17,8,17,15,5,3,4,6,0,0,1,1,0,0,,0,12.375057,51.28079
13,17,8,17,14,5,3,3,1,0,0,1,1,0,0,,0,12.386271,51.295201
13,17,8,17,11,5,3,3,2,0,0,1,0,0,0,,1,12.368834,51.320895
27,17,8,17,6,5,2,0,7,0,0,1,0,0,0,,0,13.655637,51.105058
12,17,8,17,15,5,3,1,5,0,0,1,1,0,0,,0,13.713708,51.086281
12,17,8,17,16,5,2,0,7,0,0,1,0,0,0,,0,13.751976,51.065193
12,17,8,17,9,5,3,3,2,0,0,1,0,0,0,,1,13.742303,51.049622
12,17,8,17,17,5,3,3,6,0,0,1,1,0,0,,0,13.802727,51.030158
11,17,8,17,9,5,3,5,3,0,0,1,1,0,0,,0,12.920584,50.837035
13,17,8,16,17,4,3,1,5,0,0,1,1,0,0,,0,12.361154,51.373998
13,17,8,16,14,4,3,5,3,0,0,1,1,0,0,,0,12.357858,51.363141
25,17,8,16,18,4,3,8,1,0,0,1,0,0,0,,0,14.246517,51.266184
25,17,8,16,16,4,3,5,2,0,0,1,1,0,0,,0,14.122682,51.282545
27,17,8,16,14,4,3,5,3,0,0,1,0,0,0,,0,13.538081,51.29561
27,17,8,16,10,4,3,0,7,0,1,1,0,0,0,,0,13.532101,51.29029
28,17,8,16,7,4,3,0,6,0,0,1,0,0,0,,1,13.746676,50.960058
12,17,8,16,7,4,2,5,3,0,0,1,1,0,0,,0,13.755604,51.029562
12,17,8,16,16,4,3,3,2,0,0,1,1,0,0,,0,13.788428,51.041403
12,17,8,16,16,4,3,0,1,0,0,1,0,0,0,,0,13.777855,51.054081
12,17,8,16,7,4,3,3,6,0,1,1,1,0,0,,0,13.802627,51.02204
11,17,9,14,12,5,3,5,2,0,1,1,1,0,0,,0,12.90104,50.81647
29,17,9,13,20,4,3,0,6,2,0,1,1,0,0,,0,12.722264,51.235895
13,17,9,13,13,4,3,5,3,0,0,1,1,0,0,,0,12.413938,51.345847
13,17,9,13,15,4,2,5,3,0,0,1,1,0,0,,0,12.331933,51.34029
25,17,9,13,14,4,2,5,3,0,0,1,1,0,0,,0,14.099286,51.277953
28,17,9,13,10,4,3,5,2,0,1,1,1,0,0,,0,13.940737,50.964192
28,17,9,13,16,4,2,1,1,0,0,1,1,0,0,,0,13.592238,51.006362
12,17,9,13,14,4,3,5,3,0,0,1,1,0,0,,0,13.748791,51.033005
12,17,9,13,10,4,3,5,3,0,1,1,0,0,0,,0,13.809076,51.023457
12,17,9,13,15,4,3,5,3,0,0,1,1,0,0,,0,13.777089,51.060081
11,17,9,13,16,4,2,5,3,0,1,1,1,0,0,,0,12.897307,50.842309
13,17,9,12,17,3,2,5,3,0,0,1,1,0,0,,0,12.326006,51.373808
13,17,9,12,6,3,3,5,3,1,0,1,1,0,0,,0,12.430815,51.362814
26,17,9,12,11,3,3,6,6,0,0,1,0,1,0,,0,14.643299,51.500928
26,17,9,12,17,3,3,6,6,0,0,1,0,1,0,,0,14.983109,51.150472
25,17,9,12,16,3,3,5,3,0,0,1,1,0,0,,0,14.503377,51.099368
28,17,9,12,14,3,2,6,4,0,0,1,0,1,0,,0,13.939055,50.959639
12,17,9,12,15,3,3,5,3,0,0,1,1,0,0,,0,13.717679,51.087576
12,17,9,12,15,3,3,0,1,0,0,1,0,0,0,,0,13.740953,51.057259
11,17,9,12,15,3,3,4,2,0,0,1,1,0,0,,0,12.920318,50.804934
24,17,9,11,17,2,3,8,1,2,0,1,0,0,0,,0,12.385886,50.725891
23,17,9,11,15,2,3,3,2,0,0,1,1,0,0,,0,12.368789,50.572628
13,17,9,11,17,2,3,0,7,0,0,1,0,0,0,,0,12.336537,51.328786
30,17,9,11,14,2,3,5,3,0,0,1,1,0,0,,0,12.210048,51.393325
28,17,9,11,9,2,2,2,2,0,0,1,1,0,0,,0,13.860207,50.980117
12,17,9,11,21,2,3,0,1,2,0,1,0,0,0,,0,13.882162,51.057149
12,17,9,11,19,2,3,0,7,2,0,1,1,0,0,,0,13.788471,51.040473
12,17,9,11,15,2,3,3,6,0,0,1,0,0,0,,0,13.8048,51.032571
11,17,9,11,13,2,2,0,3,0,1,1,1,0,0,,0,12.909774,50.837571
23,17,9,10,6,1,2,0,6,0,0,1,1,0,0,,0,12.091417,50.479918
28,17,9,10,11,1,2,0,1,0,1,1,0,0,0,,0,14.209299,51.021951
12,17,9,10,14,1,3,0,1,0,0,1,0,0,0,,0,13.751731,51.071064
24,17,9,9,17,7,3,0,1,0,0,1,0,0,0,,0,12.538968,50.825078
26,17,9,9,10,7,2,3,6,0,0,1,1,0,0,,0,14.825192,51.294342
24,17,9,8,11,6,3,0,7,0,0,1,0,0,0,,0,12.336833,50.696476
23,17,9,8,21,6,3,4,6,2,0,1,0,0,1,,0,12.168089,50.605758
13,17,9,8,16,6,2,3,2,0,0,1,1,0,0,,0,12.371205,51.346934
12,17,9,8,19,6,3,0,1,0,0,1,0,0,0,,0,13.786886,51.072818
12,17,9,8,8,6,3,6,4,0,0,1,0,1,0,,0,13.785236,51.035816
12,17,9,8,14,6,3,5,2,0,0,1,1,0,0,,0,13.713727,51.052114
13,17,9,7,7,5,3,4,6,0,0,1,0,0,0,,0,12.383038,51.342671
13,17,9,7,15,5,3,0,5,0,0,1,1,0,0,,0,12.369317,51.356509
13,17,9,7,9,5,3,0,7,0,0,1,0,0,0,,0,12.412219,51.343244
13,17,9,7,8,5,3,5,3,0,1,1,1,0,0,,0,12.372387,51.349628
13,17,9,7,16,5,3,5,3,0,0,1,1,0,0,,0,12.370895,51.292175
13,17,9,7,8,5,2,5,3,0,1,1,1,0,0,,0,12.396122,51.341088
13,17,9,7,17,5,3,0,7,0,0,1,0,0,0,,0,12.371589,51.354552
25,17,9,7,7,5,2,5,3,0,0,1,1,0,0,,0,14.091753,51.441032
22,17,9,7,6,5,2,5,3,0,0,1,1,0,0,,0,12.962179,50.966924
22,17,9,7,14,5,1,8,1,0,1,1,0,0,0,,0,13.116157,51.029589
30,17,9,6,14,4,3,5,3,0,0,1,0,0,0,,0,12.336462,51.525829
13,17,9,6,13,4,3,0,7,0,1,1,0,0,0,,0,12.361771,51.332604
13,17,9,6,17,4,3,3,2,0,0,1,1,0,0,,0,12.356487,51.346914
13,17,9,6,16,4,3,4,6,0,1,1,0,0,0,,0,12.398639,51.358252
13,17,9,6,11,4,3,4,2,0,0,1,1,0,0,,0,12.411293,51.342064
25,17,9,6,14,4,3,3,2,0,0,1,1,0,0,,0,14.104975,51.278178
25,17,9,6,15,4,3,4,2,0,1,1,1,0,0,,0,14.274634,51.443319
26,17,9,6,15,4,3,1,7,0,1,1,1,0,0,,0,14.817427,51.293367
26,17,9,6,14,4,3,0,7,0,1,1,0,0,0,,0,14.974957,51.143838
28,17,9,6,18,4,3,0,1,1,1,1,0,0,0,,0,13.943273,50.960396
27,17,9,6,13,4,3,5,3,0,0,1,1,0,0,,0,13.66778,51.102453
12,17,9,6,0,4,2,0,1,2,0,1,0,0,0,,0,13.722035,51.055754
12,17,9,6,14,4,3,0,7,0,0,1,0,0,0,,0,13.811287,51.028695
12,17,9,6,7,4,3,5,3,0,0,1,0,0,0,,1,13.740729,51.047255
12,17,9,6,13,4,3,5,3,0,0,1,1,0,0,,0,13.671826,51.065594
24,17,9,5,13,3,3,5,3,0,0,1,1,0,0,,0,12.449266,50.831512
13,17,9,5,8,3,3,3,5,0,0,1,1,0,0,,0,12.40822,51.345408
13,17,9,5,15,3,3,5,3,0,0,1,0,0,0,,0,12.413231,51.323254
13,17,9,5,9,3,3,2,5,0,0,1,0,0,0,,1,12.318563,51.375689
13,17,9,5,16,3,3,3,5,0,0,1,1,0,0,,0,12.367117,51.387835
13,17,9,5,11,3,3,1,5,0,0,1,1,0,0,,0,12.383924,51.336203
25,17,9,5,12,3,3,0,1,0,0,1,0,0,0,,0,13.916687,51.12779
25,17,9,5,15,3,3,0,7,0,0,1,0,0,0,,0,14.18829,51.124792
28,17,9,5,11,3,3,0,7,0,0,1,0,0,0,,0,13.924127,50.975827
12,17,9,5,7,3,3,0,3,0,0,1,1,0,0,,0,13.718187,51.094613
12,17,9,5,10,3,3,5,2,0,0,1,1,0,0,,0,13.805884,51.049567
12,17,9,5,6,3,3,5,3,0,0,1,1,0,0,,0,13.850778,51.038236
12,17,9,5,18,3,2,0,1,0,0,1,0,0,0,,0,13.672399,51.082618