CSV=`UKREIS,UJAHR,UMONAT,UTAG,USTUNDE,UWOCHENTAG,UKATEGORIE,UART,UTYP,LICHT,USTRZUSTAND,IstRad,IstPKW,IstFuss,IstKrad,IstGkfz,IstSonstig,@lon,@lat
29,17,9,4,16,2,2,6,6,0,0,1,0,1,0,,0,12.710566,51.375895
26,17,9,4,8,2,3,8,1,0,0,1,0,0,0,,0,14.625681,50.999953
25,17,9,4,13,2,2,0,1,0,0,1,0,0,0,,0,14.065211,51.199626
26,17,9,4,14,2,1,4,2,0,0,1,1,0,0,,0,14.990033,51.150902
12,17,9,4,15,2,3,3,6,0,0,1,0,0,0,,0,13.7183,51.053561
11,17,9,4,9,2,3,2,2,0,0,1,1,0,0,,0,12.907162,50.785785
11,17,9,4,18,2,3,5,3,0,0,1,1,0,0,,0,12.933383,50.835966
30,17,9,3,10,1,2,0,1,0,0,1,0,0,0,,0,13.18518,51.442721
13,17,9,3,19,1,3,5,3,2,0,1,1,0,0,,0,12.393238,51.336943
13,17,9,3,14,1,3,3,6,0,0,1,1,0,0,,0,12.335448,51.39279
12,17,9,2,15,7,3,6,4,0,0,1,0,1,0,,0,13.788254,51.013176
12,17,9,2,11,7,3,3,6,0,0,1,1,0,0,,0,13.784486,51.114766
12,17,9,2,10,7,3,2,3,0,0,1,1,0,0,,0,13.792512,51.047832
12,17,9,2,12,7,3,3,6,0,0,1,0,0,0,,1,13.777079,51.06134
13,17,9,1,14,6,3,5,3,0,0,1,1,0,0,,0,12.389388,51.335832
13,17,9,1,5,6,3,5,3,1,0,1,1,0,0,,0,12.36936,51.344177
13,17,9,1,11,6,3,5,3,0,0,1,1,0,0,,0,12.26313,51.344629
13,17,9,1,14,6,3,5,3,0,0,1,1,0,0,,0,12.376486,51.348377
30,17,9,1,21,6,3,5,3,2,0,1,1,0,0,,0,12.341086,51.524339
25,17,9,1,16,6,3,5,2,0,1,1,0,0,0,,1,13.901033,51.110214
12,17,9,1,8,6,3,0,7,0,1,1,0,0,0,,0,13.749042,51.062712
13,17,8,31,8,5,2,5,3,0,0,1,1,0,0,,0,12.402077,51.321654
13,17,8,31,17,5,3,3,6,0,1,1,0,0,1,,0,12.413191,51.323516
13,17,8,31,7,5,3,1,5,0,0,1,1,0,0,,0,12.392734,51.337163
13,17,8,31,9,5,3,5,3,0,0,1,1,0,0,,0,12.365458,51.336719
28,17,8,31,22,5,3,1,7,2,1,1,1,0,0,,0,13.866901,50.967745
12,17,8,31,21,5,3,3,6,2,1,1,0,0,0,,1,13.759983,51.023137
12,17,8,31,7,5,3,0,1,0,0,1,0,0,0,,0,13.829246,51.008627
22,17,8,31,9,5,3,0,1,0,0,1,0,0,0,,0,13.347873,50.916806
24,17,8,30,17,4,3,5,3,0,0,1,1,0,0,,0,12.373986,50.732604
13,17,8,30,14,4,3,5,3,0,0,1,1,0,0,,0,12.331919,51.340305
13,17,8,30,8,4,3,1,3,0,0,1,1,0,0,,0,12.361327,51.343844
13,17,8,30,18,4,3,0,3,0,0,1,0,0,0,,1,12.333159,51.392445
13,17,8,30,8,4,3,5,3,0,0,1,1,0,0,,0,12.453161,51.346519
13,17,8,30,19,4,3,5,6,0,0,1,1,0,0,,0,12.367548,51.341224
25,17,8,30,18,4,3,5,3,0,0,1,1,0,0,,0,14.258355,51.443456
26,17,8,30,12,4,3,4,2,0,0,1,1,0,0,,0,14.978702,51.170835
25,17,8,30,6,4,2,0,1,0,0,1,0,0,0,,0,14.450786,51.102235
12,17,8,30,15,4,3,1,5,0,0,1,1,0,0,,0,13.771965,51.050898
12,17,8,30,21,4,3,5,3,2,0,1,1,0,0,,0,13.777268,51.060086
12,17,8,30,5,4,3,5,3,0,0,1,1,0,0,,0,13.772278,51.127049
11,17,8,30,15,4,3,1,3,0,0,1,1,0,0,,0,12.922872,50.790526
24,17,9,28,9,5,2,5,3,0,0,1,1,0,0,,0,12.374687,50.788551
24,17,9,28,19,5,2,8,1,2,0,1,0,0,0,,0,12.618588,50.77668
24,17,9,28,14,5,3,5,3,0,0,1,0,0,0,,1,12.59001,50.721053
30,17,9,28,14,5,3,2,6,0,0,1,1,0,0,,0,12.374119,51.471352
29,17,9,28,16,5,3,5,3,0,0,1,1,0,0,,0,12.646705,51.144315
13,17,9,28,13,5,3,1,5,0,0,1,1,0,0,,0,12.37623,51.337706
12,17,9,29,22,6,3,5,3,2,0,1,1,0,0,,0,13.755449,51.050011
11,17,9,29,19,6,3,8,1,2,0,1,0,0,0,,0,12.91714,50.83707
26,17,9,28,15,5,2,5,3,0,0,1,1,0,0,,0,14.797548,50.898889
25,17,9,28,15,5,3,4,3,0,0,1,1,0,0,,0,14.430118,51.179206
28,17,9,28,14,5,3,5,3,0,0,1,1,0,0,,0,13.924069,50.976039
12,17,9,28,14,5,3,5,3,0,0,1,1,0,0,,0,13.73859,51.039517
11,17,9,28,14,5,3,5,3,0,0,1,1,0,0,,0,12.94078,50.817054
24,17,9,27,15,4,2,6,4,0,0,1,0,1,0,,0,12.495458,50.722785
30,17,9,27,18,4,3,5,3,0,0,1,1,0,0,,0,12.317483,51.536884
26,17,9,27,13,4,3,1,5,0,0,1,1,0,0,,0,14.972991,51.151675
28,17,9,27,16,4,3,5,3,0,0,1,1,0,0,,0,13.906664,50.958909
12,17,9,27,5,4,3,5,3,2,0,1,1,0,0,,0,13.752243,51.077791
12,17,9,27,15,4,3,5,3,0,0,1,1,0,0,,0,13.74369,51.049998
11,17,9,27,13,4,3,5,3,0,0,1,1,0,0,,0,12.94658,50.814136
13,17,9,26,19,3,3,5,2,1,0,1,1,0,0,,0,12.370842,51.33635
13,17,9,26,17,3,2,5,2,0,0,1,0,0,0,,1,12.394353,51.368557
13,17,9,26,9,3,3,2,6,0,0,1,1,0,1,,0,12.374414,51.335525
12,17,9,26,8,3,3,5,2,0,0,1,1,0,0,,0,13.767785,51.02614
12,17,9,26,19,3,2,0,7,2,0,1,1,0,0,,0,13.790807,51.006592
12,17,9,26,14,3,3,0,1,0,0,1,0,0,0,,0,13.739454,51.055128
12,17,9,26,7,3,3,1,7,0,0,1,1,0,0,,0,13.781338,51.050539
12,17,9,26,13,3,3,6,4,0,0,1,1,1,0,,0,13.772634,51.04769
13,17,9,25,7,2,3,5,3,0,1,1,1,0,0,,0,12.492326,51.345594
26,17,9,25,22,2,2,0,1,2,0,1,0,0,0,,0,14.528651,51.037382
12,17,9,25,19,2,3,0,7,2,1,1,1,0,0,,0,13.647035,51.040028
12,17,9,25,16,2,3,5,3,0,1,1,1,0,0,,0,13.699887,51.084854
12,17,9,25,7,2,3,0,1,0,1,1,0,0,0,,0,13.829626,51.000518
12,17,9,25,19,2,3,0,1,1,1,1,0,0,0,,0,13.834303,51.027426
13,17,9,24,0,1,3,0,7,2,1,1,0,0,0,,0,12.360572,51.331931
13,17,9,24,2,1,3,0,1,2,1,1,0,0,0,,0,12.411059,51.341993
26,17,9,24,9,1,3,0,1,0,1,1,0,0,0,,0,14.987038,51.152339
24,17,9,23,9,7,2,0,1,0,0,1,0,0,0,,0,12.403767,50.736526
13,17,9,23,9,7,3,5,3,0,0,1,1,0,0,,0,12.372977,51.301373
12,17,9,23,19,7,3,5,3,2,1,1,1,0,0,,0,13.827446,51.002118
12,17,9,23,14,7,3,5,2,0,0,1,1,0,0,,0,13.705604,51.043409
24,17,9,22,21,6,3,1,1,2,0,1,1,0,0,,0,12.495899,50.717621
23,17,9,22,13,6,3,3,5,0,0,1,1,0,0,,0,12.168363,50.417024
29,17,9,22,17,6,3,5,3,0,0,1,1,0,0,,0,12.23111,51.304033
29,17,9,22,7,6,3,1,5,0,0,1,1,0,0,,0,12.219707,51.304258
13,17,9,22,18,6,3,9,1,0,0,1,1,0,0,,0,12.375732,51.322033
13,17,9,22,18,6,3,5,2,1,0,1,1,0,0,,0,12.365465,51.362568
13,17,9,22,21,6,3,5,3,2,0,1,1,0,0,,0,12.396415,51.299878
26,17,9,22,11,6,3,5,3,0,0,1,0,0,0,,1,14.809057,50.907234
27,17,9,22,15,6,3,5,2,0,0,1,0,0,1,,0,13.673264,51.166573
12,17,9,22,16,6,3,1,3,0,0,1,1,0,0,,0,13.674813,51.090625
12,17,9,22,6,6,3,0,7,0,0,1,0,0,0,,0,13.776343,51.067845
12,17,9,22,14,6,3,5,3,0,0,1,1,0,0,,0,13.80293,51.039354
11,17,9,22,8,6,3,5,3,0,0,1,1,0,0,,0,12.924665,50.822022
11,17,9,22,14,6,2,5,3,0,0,1,1,0,0,,0,12.938554,50.844055
24,17,9,21,17,5,2,5,3,0,0,1,1,0,0,,0,12.544379,50.820169
30,17,9,21,10,5,2,0,7,0,0,1,0,0,0,,0,13.15435,51.33251
13,17,9,21,11,5,3,5,3,0,0,1,1,0,0,,0,12.335529,51.32172
13,17,9,21,18,5,3,2,1,1,0,1,0,0,0,,1,12.319011,51.390157
13,17,9,21,14,5,2,4,6,0,0,1,1,0,0,,0,12.397483,51.305455
26,17,9,21,6,5,3,5,3,2,0,1,1,0,0,,0,14.805257,50.890412
25,17,9,21,16,5,3,2,3,0,0,1,1,0,0,,0,14.393198,51.21133
27,17,9,21,15,5,3,1,5,0,0,1,1,0,0,,0,13.684097,51.095535
12,17,9,21,16,5,3,8,1,0,0,1,0,0,0,,0,13.766974,51.010571
12,17,9,21,7,5,3,5,3,0,0,1,1,0,0,,0,13.748196,51.067877
22,17,9,21,17,5,3,5,2,0,0,1,1,0,0,,0,13.322984,50.905318
11,17,9,21,11,5,2,5,3,0,0,1,0,0,0,,0,12.935948,50.827385
24,17,9,20,6,4,2,5,3,1,0,1,0,0,0,,1,12.488618,50.71889
13,17,9,20,7,4,3,5,3,0,1,1,1,0,0,,0,12.385384,51.343541
13,17,9,20,8,4,3,3,6,0,1,1,0,0,0,,0,12.391862,51.347958
13,17,9,20,16,4,3,5,2,0,0,1,1,0,0,,0,12.268045,51.344843
13,17,9,20,17,4,3,5,3,0,0,1,1,0,0,,0,12.329936,51.299199
25,17,9,20,12,4,2,0,1,0,0,1,0,0,0,,0,14.271818,51.449889
27,17,9,20,7,4,3,5,3,0,0,1,1,0,0,,0,13.324074,51.328559
28,17,9,20,15,4,3,5,3,0,1,1,1,0,0,,0,13.865161,50.965846
28,17,9,20,15,4,2,6,6,0,0,1,0,1,0,,0,13.865161,50.966605
12,17,9,20,15,4,3,5,3,0,0,1,1,0,0,,0,13.722819,51.056455
21,17,9,20,9,4,3,4,7,0,1,1,0,0,0,,1,12.915917,50.734183
29,17,9,19,14,3,3,5,3,0,0,1,1,0,0,,0,12.710907,51.232634
13,17,9,19,5,3,3,3,6,2,0,1,0,0,0,,0,12.379802,51.330341
13,17,9,19,22,3,3,1,5,2,0,1,1,0,0,,0,12.344248,51.367036
13,17,9,19,8,3,3,5,3,0,0,1,1,0,0,,0,12.400608,51.323979
13,17,9,19,9,3,3,5,2,0,0,1,1,0,0,,0,12.479194,51.345781
26,17,9,19,14,3,2,0,1,0,0,1,0,0,0,,0,14.718687,51.493535
25,17,9,19,3,3,2,0,1,2,0,1,0,0,0,,0,13.807244,51.18411
28,17,9,19,9,3,3,6,1,0,0,1,0,1,0,,0,13.939055,50.959562
27,17,9,19,14,3,3,5,3,0,0,1,1,0,0,,0,13.576763,51.123014
12,17,9,19,14,3,3,5,3,0,0,1,1,0,0,,0,13.732404,51.05093
12,17,9,19,14,3,3,5,3,0,0,1,1,0,0,,0,13.773556,51.048735
29,17,9,18,13,2,3,5,3,0,0,1,1,0,0,,0,12.493975,51.11978
29,17,9,18,10,2,3,0,5,0,0,1,1,0,0,,0,12.358727,51.28699
13,17,9,18,9,2,2,5,3,0,0,1,1,0,0,,0,12.473495,51.346596
13,17,9,18,14,2,3,6,4,0,0,1,0,1,0,,0,12.38269,51.340642
13,17,9,18,17,2,3,3,2,0,0,1,0,0,0,,1,12.374106,51.303305
13,17,9,18,17,2,3,5,3,0,0,1,1,0,0,,0,12.432555,51.379568
27,17,9,18,15,2,2,0,1,0,0,1,0,0,0,,0,13.527355,51.071111
27,17,9,18,23,2,2,0,7,2,0,1,0,0,0,,0,13.4362,51.130982
12,17,9,18,18,2,3,5,3,0,0,1,1,0,0,,0,13.792785,51.033398
11,17,9,18,7,2,2,5,3,0,0,1,0,0,0,,1,12.908566,50.796494
23,17,9,17,15,1,3,8,7,0,1,1,0,0,0,,0,12.105348,50.494072
28,17,9,17,17,1,2,0,7,0,0,1,0,0,0,,0,13.953675,50.965807
12,17,9,17,9,1,3,6,4,0,0,1,0,1,0,,0,13.71768,51.056851
12,17,9,17,17,1,3,5,3,0,0,1,1,0,0,,0,13.74892,51.051254
12,17,9,17,2,1,2,0,1,2,0,1,0,0,0,,0,13.723747,51.053746
13,17,9,16,21,7,3,2,2,1,0,1,0,0,0,,0,12.368836,51.320895
30,17,9,16,11,7,3,4,6,0,0,1,0,0,0,,0,12.516025,51.383371
12,17,9,16,23,7,3,0,1,2,0,1,0,0,0,,0,13.777182,51.060188
12,17,9,16,13,7,3,0,7,0,0,1,1,0,0,,0,13.777526,51.057144
21,17,9,16,8,7,3,5,3,0,0,1,1,0,0,,0,12.804403,50.63304
24,17,9,15,19,6,3,0,1,0,0,1,0,0,0,,0,12.458324,50.669929
24,17,9,15,16,6,2,4,2,0,0,1,1,0,0,,0,12.789967,50.854276
29,17,9,15,7,6,2,5,3,0,0,1,1,0,0,,0,12.32987,51.223188
13,17,9,15,7,6,3,5,3,0,0,1,1,0,0,,0,12.388685,51.335288
13,17,9,15,13,6,3,1,5,0,0,1,1,0,0,,0,12.349842,51.3291
13,17,9,15,10,6,3,2,6,0,0,1,1,0,0,,0,12.348059,51.328771
13,17,9,15,8,6,3,0,7,0,0,1,1,0,0,,0,12.469585,51.284018
13,17,9,15,11,6,2,5,3,0,0,1,1,0,0,,0,12.384311,51.300519
13,17,9,15,17,6,3,3,2,0,0,1,1,0,0,,0,12.371608,51.320775
13,17,9,15,20,6,2,0,4,1,0,1,0,1,0,,0,12.374657,51.341155
25,17,9,15,18,6,3,1,5,0,0,1,1,0,0,,0,13.913408,51.111798
12,17,9,15,14,6,3,0,1,0,0,1,0,0,0,,0,13.837954,51.024216
11,17,9,15,16,6,3,5,3,0,0,1,1,0,0,,0,12.906118,50.82617
13,17,9,14,8,5,3,5,3,0,1,1,1,0,0,,0,12.369234,51.356599
13,17,9,14,18,5,3,6,4,0,1,1,0,1,0,,0,12.368246,51.329997
13,17,9,14,22,5,2,5,3,2,1,1,1,0,0,,0,12.376947,51.344844
13,17,9,14,11,5,2,1,5,0,0,1,1,0,0,,0,12.315448,51.346923
26,17,9,14,14,5,3,3,2,0,1,1,1,0,0,,0,14.632051,51.496584
25,17,9,14,16,5,3,0,1,0,1,1,0,0,0,,0,14.052731,51.153992
25,17,9,14,11,5,3,5,3,0,0,1,1,0,0,,0,14.246777,51.440824
12,17,9,14,18,5,3,1,1,0,0,1,1,0,0,,0,13.742125,51.032823
24,17,9,28,15,5,3,8,1,0,0,1,0,0,0,,0,12.496764,50.715629
12,17,10,17,19,3,3,5,3,1,0,1,1,0,0,,0,13.780314,51.030832
22,17,10,17,18,3,3,0,1,1,0,1,1,0,0,,0,12.980316,50.990768
13,17,10,17,17,3,3,5,2,1,0,1,1,0,0,,0,12.365946,51.364479
13,17,10,17,15,3,3,2,6,0,0,1,1,0,0,,0,12.338808,51.332409
13,17,10,17,13,3,2,5,3,0,0,1,1,0,0,,0,12.372852,51.39994
11,17,10,17,6,3,3,5,2,0,0,1,1,0,0,,0,12.926411,50.833968
13,17,10,17,16,3,3,5,3,0,0,1,1,0,0,,0,12.368526,51.334804
13,17,10,17,7,3,3,3,6,0,0,1,0,0,0,,0,12.385465,51.376082
11,17,10,17,15,3,3,4,2,0,0,1,1,0,0,,0,13.018676,50.834264
29,17,10,16,19,2,3,5,3,2,0,1,1,0,0,,0,12.748787,51.376329
13,17,10,16,11,2,3,0,7,0,0,1,0,0,0,,0,12.379764,51.342251
13,17,10,16,12,2,3,1,5,0,0,1,0,0,0,,1,12.369881,51.355937
13,17,10,16,10,2,3,5,3,0,0,1,1,0,0,,0,12.361791,51.332513
13,17,10,16,8,2,3,4,2,0,0,1,1,0,0,,0,12.373192,51.347517
29,17,10,16,14,2,3,4,2,0,0,1,1,0,0,,0,12.363773,51.279365
27,17,10,16,17,2,3,0,6,1,0,1,1,0,0,,0,13.585668,51.137689
27,17,10,16,15,2,3,4,6,0,0,1,1,0,0,,0,13.657044,51.104456
12,17,10,16,7,2,3,1,6,0,0,1,1,0,0,,0,13.700026,51.08735
12,17,10,16,16,2,3,0,7,0,0,1,1,0,0,,0,13.784002,51.054526
12,17,10,16,15,2,3,1,5,0,0,1,1,0,0,,0,13.734295,51.013247
12,17,10,16,6,2,2,0,7,2,0,1,0,0,0,,0,13.775287,51.032986
12,17,10,16,20,2,3,5,3,2,0,1,1,0,0,,0,13.745214,51.062835
12,17,10,16,9,2,3,5,2,0,0,1,1,0,0,,0,13.748883,51.037496
22,17,10,16,6,2,3,4,2,1,0,1,1,0,0,,0,13.338237,50.92582
13,17,10,15,17,1,3,6,4,1,0,1,0,1,0,,0,12.310271,51.25127
13,17,10,15,14,1,2,0,1,0,0,1,0,0,0,,0,12.386961,51.289699
25,17,10,15,16,1,3,5,3,0,0,1,1,0,0,,0,14.013706,51.142296
12,17,10,15,8,1,3,5,3,0,0,1,0,0,0,,0,13.763511,51.015733
22,17,10,15,15,1,3,8,1,0,0,1,0,0,0,,0,13.393971,50.754094
22,17,10,15,13,1,2,5,3,0,0,1,1,0,0,,0,13.328799,50.90311
22,17,10,15,11,1,2,0,1,0,1,1,0,0,0,,0,13.347981,50.887811
21,17,10,15,14,1,3,0,7,0,0,1,0,0,0,,0,12.749796,50.476866
21,17,10,15,15,1,3,2,6,0,0,1,1,0,0,,0,12.511718,50.509482
21,17,10,15,10,1,2,4,2,0,0,1,1,0,0,,0,12.870901,50.529904
13,17,10,14,16,7,3,5,2,0,0,1,1,0,0,,0,12.327154,51.329632
12,17,10,14,14,7,2,5,3,0,0,1,1,0,0,,0,13.803237,51.021735
24,17,10,13,8,6,3,6,6,0,0,1,0,1,0,,0,12.464792,50.692278
13,17,10,13,16,6,3,1,5,0,0,1,1,0,0,,0,12.386757,51.331524
13,17,10,13,20,6,3,1,1,2,0,1,1,0,0,,0,12.294534,51.354263
13,17,10,13,13,6,3,8,1,0,0,1,0,0,0,,0,12.373691,51.332447
13,17,10,13,18,6,3,5,3,2,0,1,1,0,0,,0,12.341315,51.370863
28,17,10,13,13,6,3,5,3,0,0,1,1,0,0,,0,13.939751,50.963526
12,17,10,13,18,6,3,3,6,1,0,1,1,0,0,,0,13.794752,51.025186
12,17,10,13,15,6,3,4,2,0,0,1,1,0,0,,0,13.788761,51.042412
12,17,10,13,8,6,2,2,6,0,0,1,1,0,0,,0,13.768977,51.043992
13,17,10,12,12,5,2,5,3,0,0,1,0,0,0,,1,12.382691,51.340645
12,17,10,12,11,5,3,5,2,0,0,1,1,0,0,,0,13.782265,51.013847
12,17,10,12,15,5,3,5,2,0,0,1,1,0,0,,0,13.787862,51.027898
12,17,10,12,21,5,2,5,1,2,0,1,1,0,0,,0,13.748978,51.033781
24,17,10,11,19,4,2,7,1,2,0,1,0,0,0,,0,12.477327,50.725661
23,17,10,11,9,4,3,0,7,0,0,1,1,0,0,,0,12.310355,50.539697
30,17,10,11,19,4,3,3,6,2,0,1,1,0,0,,0,12.882348,51.636368
13,17,10,11,12,4,2,3,2,0,0,1,1,0,0,,0,12.356963,51.336132
30,17,10,11,15,4,3,3,3,0,0,1,1,0,0,,0,12.983778,51.554776
27,17,10,11,13,4,3,6,4,0,0,1,0,1,0,,0,13.661396,51.110465
12,17,10,11,5,4,3,0,7,2,0,1,0,0,0,,0,13.709157,51.033067
12,17,10,11,8,4,3,5,3,0,1,1,1,0,0,,0,13.756859,51.055239
12,17,10,11,19,4,3,0,1,2,0,1,0,0,0,,0,13.776378,51.046932
13,17,10,10,15,3,3,5,3,0,1,1,1,0,0,,0,12.400811,51.3116
13,17,10,10,9,3,3,5,3,0,1,1,1,0,0,,0,12.373413,51.363091
13,17,10,10,23,3,3,3,5,2,1,1,1,0,0,,0,12.368539,51.340602
13,17,10,10,15,3,2,5,3,0,1,1,1,0,0,,0,12.363478,51.362854
13,17,10,10,8,3,3,3,2,0,0,1,1,0,0,,0,12.378215,51.358431
25,17,10,10,5,3,3,4,2,2,1,1,1,0,0,,0,14.240317,51.43406
11,17,10,10,17,3,3,5,1,1,1,1,1,0,0,,0,12.899502,50.839757
24,17,10,9,16,2,2,4,2,0,0,1,1,0,0,,0,12.388443,50.81229
25,17,10,9,10,2,3,5,3,0,0,1,1,0,0,,0,14.244528,51.434008
25,17,10,9,10,2,3,5,2,0,0,1,1,0,0,,0,14.427869,51.174379
12,17,10,9,12,2,3,5,3,0,0,1,1,0,0,,0,13.844885,51.017493
12,17,10,9,13,2,3,6,4,0,0,1,0,1,0,,0,13.751737,51.067012
29,17,10,8,12,1,3,4,6,0,1,1,1,0,0,,0,12.719386,51.229052
13,17,10,8,13,1,3,5,3,0,1,1,1,0,0,,0,12.400584,51.336225
13,17,10,8,17,1,3,6,6,0,1,1,0,1,0,,0,12.353275,51.330061
12,17,10,7,9,7,3,5,3,0,1,1,1,0,0,,0,13.80323,51.021731
11,17,10,7,18,7,1,7,7,2,1,1,0,0,0,,0,12.96127,50.831567
30,17,10,6,7,6,3,4,2,0,1,1,1,0,0,,0,12.986863,51.552651
13,17,10,6,19,6,3,4,2,2,0,1,1,0,0,,0,12.38805,51.338172
13,17,10,6,17,6,3,3,2,0,1,1,1,0,0,,0,12.377855,51.337524
27,17,10,6,8,6,3,0,1,0,1,1,0,0,0,,0,13.294814,51.302255
12,17,10,6,9,6,3,5,2,0,0,1,1,0,0,,0,13.796539,51.02448
12,17,10,6,6,6,3,5,3,2,0,1,1,0,0,,0,13.787934,51.04589
12,17,10,6,7,6,3,5,3,0,0,1,1,0,0,,0,13.698586,51.074351
13,17,10,5,16,5,2,1,6,0,1,1,1,0,0,,0,12.333961,51.319329
26,17,10,5,5,5,3,1,6,0,1,1,1,0,0,,0,14.964181,51.17782
12,17,10,5,7,5,3,5,3,0,1,1,1,0,0,,0,13.712606,51.04997
13,17,10,4,11,4,3,3,2,0,0,1,1,0,0,,0,12.390437,51.346961
13,17,10,4,7,4,3,5,3,1,0,1,1,0,0,,0,12.368106,51.358038
13,17,10,4,6,4,2,5,3,1,0,1,1,0,0,,0,12.399305,51.376418
26,17,10,4,14,4,3,5,3,0,0,1,0,0,0,,0,14.94304,51.136643
29,17,10,3,16,3,3,0,7,0,1,1,0,1,0,,0,12.734922,51.238951
13,17,10,3,10,3,3,5,3,0,1,1,1,0,0,,0,12.38591,51.346531
28,17,10,3,19,3,2,0,1,2,1,1,0,0,0,,0,13.592788,51.031848
28,17,10,3,17,3,3,6,4,0,0,1,0,1,0,,0,13.566249,50.933361
12,17,10,3,10,3,2,0,1,0,1,1,0,0,0,,0,13.805059,51.011675
12,17,10,3,13,3,3,5,3,0,1,1,1,0,0,,0,13.816342,51.016119
11,17,10,3,18,3,2,0,3,1,0,1,1,0,0,,0,12.956459,50.822707
30,17,10,2,12,2,3,1,7,0,1,1,1,0,0,,0,12.343715,51.525753
13,17,10,2,18,2,3,5,3,1,1,1,1,0,0,,0,12.369279,51.341669
13,17,10,2,14,2,3,5,3,0,1,1,1,0,0,,0,12.381558,51.336673
25,17,10,2,10,2,3,3,2,0,0,1,1,0,0,,0,14.283691,51.431176
28,17,10,2,14,2,3,0,1,0,0,1,0,0,0,,0,13.662676,51.015028
12,17,10,2,15,2,3,2,6,0,1,1,1,0,0,,0,13.791333,51.037774
25,17,10,1,19,1,3,0,1,2,0,1,0,0,0,,0,14.219754,51.145214
27,17,10,1,9,1,2,2,6,0,0,1,0,0,0,,0,13.63347,51.114723
24,17,9,30,12,7,3,4,2,0,0,1,1,0,0,,0,12.507442,50.74082
29,17,9,30,11,7,3,5,2,0,0,1,1,0,0,,0,12.262674,51.165245
28,17,9,30,9,7,2,0,7,0,0,1,0,0,0,,0,13.638405,51.01923
12,17,9,30,14,7,2,0,1,0,0,1,0,0,0,,0,13.69277,51.053635
11,17,9,30,12,7,3,5,3,0,0,1,1,0,0,,0,12.960505,50.822243
13,17,9,29,14,6,3,5,3,0,0,1,1,0,0,,0,12.389395,51.335837
13,17,9,29,19,6,2,4,2,2,0,1,1,0,0,,0,12.37673,51.319648
13,17,9,29,9,6,3,5,3,0,0,1,0,0,0,,0,12.432984,51.306551
13,17,9,29,14,6,2,5,3,0,0,1,1,0,0,,0,12.295656,51.413305
13,17,9,29,14,6,3,9,1,0,0,1,1,0,0,,0,12.338946,51.332364
13,17,9,29,8,6,3,5,3,0,0,1,1,0,0,,0,12.387118,51.328254
13,17,9,29,18,6,3,4,2,0,0,1,1,0,0,,0,12.476335,51.345196
13,17,9,29,9,6,2,4,3,0,0,1,1,0,0,,0,12.418749,51.358422
22,17,9,29,15,6,3,6,6,0,0,1,0,1,0,,0,13.340886,50.918957
27,17,9,29,14,6,3,5,7,0,0,1,1,0,0,,0,13.301503,51.302629
28,17,9,29,16,6,3,8,1,0,0,1,0,0,0,,0,13.905308,50.958841
12,17,9,29,13,6,3,5,3,0,0,1,1,0,0,,0,13.723991,51.084582
12,17,9,29,14,6,3,3,6,0,0,1,1,0,0,,0,13.764148,51.024928
26,17,10,17,9,3,3,5,3,0,0,1,1,0,0,,0,14.676855,51.092491
25,17,11,4,10,7,3,3,2,0,0,1,1,0,0,,0,14.26501,51.437152
12,17,11,4,14,7,3,6,4,0,0,1,0,1,0,,0,13.750786,51.076101
13,17,11,6,15,2,2,6,4,0,0,1,0,1,0,,0,12.387206,51.326815
13,17,11,6,18,2,3,5,2,2,0,1,1,0,0,,0,12.383391,51.334893
25,17,11,6,7,2,3,5,3,1,1,1,1,0,0,,0,14.425288,51.17546
12,17,11,6,13,2,3,4,6,0,0,1,0,0,0,,0,13.769733,51.071863
12,17,11,6,12,2,3,0,1,0,1,1,0,0,0,,0,13.754207,51.062042
11,17,11,6,21,2,3,5,3,2,0,1,1,0,0,,0,12.973307,50.800295
22,17,11,5,10,1,3,5,3,0,0,1,1,0,0,,0,13.328962,50.907996
24,17,11,4,11,7,3,0,1,0,0,1,0,0,0,,0,12.49744,50.721291
29,17,11,4,15,7,2,5,2,0,0,1,1,0,0,,0,12.711473,51.357628
13,17,11,4,13,7,3,6,4,0,0,1,0,1,0,,0,12.374827,51.334237
12,17,11,4,17,7,3,5,3,2,0,1,1,0,0,,0,13.771002,51.046056
11,17,11,4,17,7,3,4,2,2,0,1,1,0,0,,0,12.895786,50.831287
24,17,11,3,15,6,2,5,3,0,0,1,1,0,0,,0,12.781396,50.854486
13,17,11,3,16,6,3,0,7,1,0,1,0,0,0,,0,12.394348,51.324294
12,17,11,3,12,6,3,1,7,0,0,1,1,0,0,,0,13.784173,51.053735
12,17,11,3,5,6,3,1,5,2,1,1,1,0,0,,0,13.793625,51.00357
12,17,11,3,8,6,3,5,3,0,0,1,1,0,0,,0,13.735116,51.03837
22,17,11,3,9,6,3,5,3,0,0,1,1,0,0,,0,13.334982,50.924599