CSV=`UKREIS,UJAHR,UMONAT,UTAG,USTUNDE,UWOCHENTAG,UKATEGORIE,UART,UTYP,LICHT,USTRZUSTAND,IstRad,IstPKW,IstFuss,IstKrad,IstGkfz,IstSonstig,@lon,@lat
22,17,11,3,13,6,2,5,3,0,0,1,1,0,0,,0,13.334314,50.911412
11,17,11,3,18,6,3,5,2,2,0,1,1,0,0,,0,12.916706,50.837217
11,17,11,3,16,6,3,5,3,0,0,1,1,0,0,,0,12.99362,50.787039
29,17,11,2,14,5,3,3,5,0,0,1,1,0,0,,0,12.741071,51.36839
13,17,11,2,17,5,3,5,3,2,1,1,1,0,0,,0,12.37838,51.332211
13,17,11,2,13,5,3,0,7,0,0,1,0,0,0,,0,12.38118,51.342706
13,17,11,2,16,5,3,3,2,1,0,1,1,0,0,,0,12.357666,51.364267
13,17,11,2,10,5,2,5,3,0,0,1,1,0,0,,0,12.416187,51.356735
29,17,11,2,17,5,3,5,3,2,0,1,1,0,0,,0,12.522465,51.349256
13,17,11,2,7,5,3,4,2,1,1,1,1,0,0,,0,12.37414,51.303449
25,17,11,2,13,5,3,5,3,0,1,1,1,0,0,,0,13.909246,51.26741
28,17,11,2,17,5,3,5,3,2,0,1,1,0,0,,0,13.872437,50.974743
12,17,11,2,7,5,3,5,3,0,1,1,0,0,0,,1,13.720589,51.083414
12,17,11,2,8,5,3,5,3,0,1,1,1,0,0,,0,13.702888,51.038217
12,17,11,2,20,5,3,5,3,2,0,1,1,0,0,,0,13.757974,51.05227
12,17,11,2,9,5,3,0,1,0,1,1,0,0,0,,0,13.790615,51.053804
21,17,11,2,15,5,3,0,5,0,0,1,1,0,0,,0,12.844998,50.698451
11,17,11,2,4,5,3,0,6,2,0,1,1,0,0,,0,12.940134,50.835714
13,17,11,1,13,4,3,5,3,0,0,1,1,0,0,,0,12.376923,51.345136
13,17,11,1,5,4,3,0,7,2,1,1,0,0,0,,0,12.375121,51.3409
13,17,11,1,8,4,2,6,4,0,1,1,0,1,0,,0,12.373699,51.324295
25,17,11,1,17,4,3,5,3,2,1,1,1,0,0,,0,13.921939,51.116512
25,17,11,1,9,4,2,5,3,0,1,1,1,0,0,,0,14.25933,51.439348
25,17,11,1,16,4,3,5,3,2,0,1,1,0,0,,0,14.421792,51.16632
25,17,11,1,8,4,1,5,3,0,1,1,1,0,0,,0,14.260266,51.439681
12,17,11,1,11,4,3,0,1,0,1,1,0,0,0,,0,13.83738,51.024835
12,17,11,1,7,4,3,0,1,1,1,1,0,0,0,,0,13.745036,51.053419
11,17,11,1,7,4,2,4,2,0,1,1,1,0,0,,0,12.892814,50.795404
13,17,10,31,2,3,3,5,3,2,0,1,1,0,0,,0,12.393342,51.32288
13,17,10,30,16,2,3,6,4,0,0,1,0,1,0,,0,12.378828,51.343573
13,17,10,30,13,2,3,1,1,0,0,1,1,0,0,,0,12.325681,51.317484
12,17,10,30,17,2,3,5,3,2,0,1,1,0,0,,0,13.822263,50.997777
12,17,10,30,13,2,3,5,3,0,0,1,0,0,0,,1,13.725192,51.050212
12,17,10,29,10,1,2,0,1,0,1,1,0,0,0,,0,13.744822,51.067032
12,17,10,28,16,7,2,0,1,0,0,1,0,0,0,,0,13.83127,51.031052
30,17,10,27,7,6,3,4,2,1,1,1,1,0,0,,0,13.107454,51.301071
13,17,10,27,20,6,3,3,2,2,1,1,1,0,0,,0,12.38167,51.331775
13,17,10,27,7,6,3,5,3,1,1,1,1,0,0,,0,12.371071,51.335807
13,17,10,27,12,6,3,6,3,0,0,1,0,1,0,,0,12.387183,51.326831
13,17,10,27,7,6,3,4,2,1,1,1,1,0,0,,0,12.376194,51.357923
28,17,10,27,14,6,2,5,3,0,1,1,1,0,0,,0,13.935881,50.974146
12,17,10,27,13,6,3,5,3,0,1,1,1,0,0,,0,13.702054,51.033492
12,17,10,27,8,6,3,5,3,0,1,1,1,0,0,,0,13.728397,51.056636
24,17,10,26,15,5,3,0,7,0,0,1,0,0,0,,0,12.535285,50.698518
24,17,10,26,11,5,2,4,2,0,0,1,1,0,0,,0,12.503302,50.738241
13,17,10,26,15,5,3,5,3,0,0,1,1,0,0,,0,12.325013,51.338269
13,17,10,26,16,5,3,5,3,0,0,1,1,0,0,,0,12.415792,51.333737
13,17,10,26,16,5,3,3,6,0,0,1,1,0,0,,0,12.380476,51.341337
13,17,10,26,15,5,3,1,7,0,0,1,1,0,0,,0,12.386645,51.335672
26,17,10,26,10,5,3,0,7,0,0,1,0,0,0,,0,14.983594,51.158479
25,17,10,26,5,5,3,4,6,2,1,1,1,0,0,,0,14.291971,51.09688
28,17,10,26,12,5,3,6,6,0,0,1,0,1,0,,0,14.268814,50.968279
22,17,10,26,7,5,3,3,2,0,0,1,0,0,1,,0,12.953017,51.064216
13,17,10,25,8,4,3,1,5,0,0,1,1,0,0,,0,12.409564,51.352497
13,17,10,25,16,4,3,5,3,0,0,1,1,0,0,,0,12.373038,51.309767
12,17,10,25,8,4,3,5,2,0,0,1,1,0,0,,0,13.78804,51.011706
12,17,10,25,9,4,3,5,2,0,0,1,0,0,0,,1,13.719006,51.049042
12,17,10,25,19,4,3,5,2,2,0,1,1,0,0,,0,13.763756,51.051687
12,17,10,25,7,4,3,5,3,1,1,1,0,0,0,,1,13.794664,51.041982
12,17,10,25,8,4,3,5,3,0,1,1,1,0,0,,0,13.7928,51.059327
11,17,10,25,7,4,3,5,2,0,1,1,1,0,0,,0,12.8813,50.820723
29,17,10,24,10,3,3,5,3,0,0,1,1,0,0,,0,12.357761,51.276641
13,17,10,24,20,3,3,5,3,2,0,1,1,0,0,,0,12.384863,51.378858
13,17,10,24,18,3,3,1,5,2,0,1,1,0,0,,0,12.373479,51.323102
25,17,10,24,13,3,3,5,3,0,0,1,1,0,0,,0,14.247117,51.435189
25,17,10,24,16,3,3,5,2,0,0,1,1,0,0,,0,14.239659,51.430225
26,17,10,24,7,3,2,7,1,1,1,1,0,0,0,,0,14.984759,51.131143
12,17,10,24,9,3,3,5,3,0,0,1,1,0,0,,0,13.77894,51.031586
11,17,10,24,16,3,3,1,6,0,0,1,1,0,0,,0,12.919961,50.836509
11,17,10,24,16,3,3,6,4,0,0,1,0,1,0,,0,12.880957,50.804871
13,17,10,23,11,2,3,5,2,0,1,1,1,0,0,,0,12.353997,51.340333
13,17,10,23,16,2,3,3,2,1,0,1,1,0,0,,0,12.369359,51.344179
13,17,10,23,13,2,3,5,3,0,1,1,1,0,0,,0,12.449902,51.345549
30,17,10,23,7,2,3,5,3,0,0,1,1,0,0,,0,12.349254,51.52362
12,17,10,23,6,2,3,5,3,2,1,1,1,0,0,,0,13.789534,51.018313
12,17,10,23,17,2,3,5,2,0,0,1,1,0,0,,0,13.751703,51.066971
12,17,10,23,7,2,3,1,1,1,1,1,1,0,0,,0,13.77717,51.060347
12,17,10,23,7,2,3,5,2,0,1,1,1,0,0,,0,13.775793,51.050821
11,17,10,23,14,2,2,5,3,0,1,1,1,0,0,,0,12.910382,50.840764
13,17,10,22,9,1,3,1,5,0,1,1,1,0,0,,0,12.373822,51.350499
24,17,10,21,11,7,3,5,3,0,0,1,1,0,0,,0,12.474325,50.689288
13,17,10,21,14,7,3,0,1,0,0,1,0,0,0,,0,12.345652,51.319416
13,17,10,21,17,7,3,6,4,1,1,1,0,1,0,,0,12.353618,51.340874
28,17,10,21,10,7,3,5,2,0,0,1,1,0,0,,0,13.860194,50.980103
11,17,10,21,14,7,3,1,6,0,0,1,1,0,0,,0,12.949816,50.788833
24,17,10,20,9,6,3,5,3,0,0,1,1,0,0,,0,12.467529,50.849373
24,17,10,20,7,6,3,1,5,1,0,1,1,0,0,,0,12.649733,50.743967
13,17,10,20,13,6,3,1,5,0,0,1,1,0,0,,0,12.390635,51.337603
25,17,10,20,9,6,3,5,3,0,0,1,1,0,0,,0,14.116084,51.280325
25,17,10,20,12,6,3,3,2,0,0,1,1,0,0,,0,14.437304,51.179916
12,17,10,20,6,6,3,0,1,2,0,1,0,0,0,,0,13.736426,51.117893
12,17,10,20,15,6,3,2,3,0,0,1,1,0,0,,1,13.761511,51.055114
12,17,10,20,6,6,3,2,2,2,0,1,1,0,0,,0,13.805494,51.025611
12,17,10,20,11,6,3,2,2,0,0,1,1,0,0,,0,13.726363,51.047077
13,17,10,19,17,5,3,5,2,0,0,1,1,0,0,,0,12.387094,51.326889
13,17,10,19,10,5,3,5,3,0,0,1,0,0,0,,1,12.468534,51.336145
29,17,10,19,7,5,3,0,3,0,0,1,1,0,0,,0,12.50541,51.124096
13,17,10,19,12,5,2,5,3,0,0,1,1,0,0,,0,12.374501,51.335803
13,17,10,19,16,5,2,3,6,0,0,1,0,0,0,,0,12.374173,51.335431
13,17,10,19,19,5,2,6,4,2,0,1,0,1,0,,0,12.376618,51.33981
13,17,10,19,16,5,3,5,3,0,0,1,1,0,0,,0,12.430815,51.362812
25,17,10,19,11,5,3,5,3,0,0,1,1,0,0,,0,14.431316,51.177894
27,17,10,19,15,5,3,5,2,0,0,1,1,0,0,,0,13.486669,51.160758
12,17,10,19,9,5,3,1,5,0,0,1,0,0,0,,1,13.673236,51.06339
12,17,10,19,7,5,3,5,3,2,0,1,1,0,0,,0,13.70936,51.081605
12,17,10,19,6,5,3,6,4,2,0,1,0,0,0,,1,13.787299,51.068111
12,17,10,19,10,5,3,5,3,0,0,1,1,0,0,,0,13.789341,51.030232
13,17,10,18,8,4,3,5,2,0,0,1,1,0,0,,0,12.327206,51.329646
30,17,10,18,5,4,3,0,3,2,0,1,1,0,0,,0,12.482489,51.381809
13,17,10,18,11,4,3,5,3,0,0,1,1,0,0,,0,12.407871,51.35142
29,17,10,18,17,4,3,3,2,0,0,1,1,0,0,,0,12.374535,51.279857
27,17,10,18,15,4,3,4,6,0,0,1,0,0,0,,1,13.62332,51.103981
27,17,10,18,11,4,2,0,7,0,0,1,0,0,0,,0,13.59268,51.170163
11,17,10,18,8,4,3,5,3,0,0,1,1,0,0,,0,12.926264,50.825487
11,17,10,18,16,4,3,5,3,0,0,1,0,0,0,,0,12.904891,50.826079
13,17,10,17,23,3,3,5,3,2,0,1,0,0,0,,1,12.371122,51.347384
13,17,10,17,12,3,3,1,7,0,0,1,1,0,0,,0,12.379753,51.320539
13,17,10,17,8,3,3,5,2,0,0,1,1,0,0,,0,12.385084,51.338128
13,17,11,27,13,2,3,5,2,0,0,1,0,0,0,,1,12.300425,51.325549
13,17,11,27,18,2,3,5,3,2,1,1,1,0,0,,0,12.361811,51.33257
13,17,11,27,14,2,3,5,3,0,0,1,0,0,0,,1,12.453588,51.383925
28,17,11,27,12,2,2,8,1,0,0,1,0,0,0,,0,13.674084,50.834241
21,17,11,27,7,2,2,5,3,1,0,1,1,0,0,,0,12.749888,50.720795
27,17,11,26,11,1,3,1,5,0,0,1,1,0,0,,0,13.606146,51.112359
24,17,11,25,10,7,3,5,3,0,1,1,1,0,0,,0,12.548997,50.818645
13,17,11,25,15,7,3,5,2,0,1,1,1,0,0,,0,12.376537,51.34839
25,17,11,25,1,7,2,9,1,2,1,1,0,0,0,,0,13.915981,51.114327
25,17,11,25,12,7,3,5,3,0,1,1,1,0,0,,0,13.90102,51.110206
28,17,11,25,21,7,3,5,3,2,1,1,1,0,0,,0,13.715096,50.975551
12,17,11,25,9,7,3,5,3,0,1,1,1,0,0,,0,13.757957,51.075829
30,17,11,24,11,6,3,5,3,0,0,1,1,0,0,,0,13.092443,51.303524
29,17,11,24,10,6,2,3,6,0,0,1,1,0,0,,0,12.593491,51.276999
13,17,11,24,8,6,3,4,3,0,0,1,1,0,0,,0,12.364185,51.344448
13,17,11,24,10,6,3,5,3,0,0,1,1,0,0,,0,12.357021,51.320493
13,17,11,24,6,6,3,5,3,1,0,1,1,0,0,,0,12.40866,51.359991
30,17,11,24,8,6,2,5,3,0,0,1,1,0,0,,0,12.322369,51.534076
13,17,11,24,9,6,2,5,2,0,0,1,1,0,0,,0,12.391969,51.289083
13,17,11,24,16,6,3,4,2,2,1,1,1,0,0,,0,12.423414,51.357463
27,17,11,24,18,6,3,5,2,2,1,1,1,0,0,,0,13.445452,51.41328
28,17,11,24,7,6,3,5,3,0,0,1,0,0,0,,1,13.93906,50.959796
27,17,11,24,12,6,2,5,3,0,0,1,1,0,0,,0,13.656027,51.112494
11,17,11,24,13,6,3,0,7,0,0,1,0,1,0,,0,12.893504,50.836393
13,17,11,23,8,5,3,5,2,0,0,1,1,0,0,,0,12.373457,51.328522
13,17,11,23,15,5,3,5,3,0,0,1,1,0,0,,0,12.400575,51.347179
13,17,11,23,11,5,3,5,3,0,0,1,1,0,0,,0,12.373366,51.353062
25,17,11,23,16,5,3,5,3,2,0,1,1,0,0,,0,14.195133,51.123107
12,17,11,23,14,5,2,0,1,0,0,1,0,0,0,,0,13.802316,51.144062
12,17,11,23,6,5,3,1,1,1,0,1,1,0,0,,0,13.812635,51.036797
12,17,11,23,19,5,3,1,7,2,0,1,1,0,0,,0,13.786919,51.034558
13,17,11,22,13,4,2,5,3,0,0,1,1,0,0,,0,12.458385,51.351821
12,17,11,22,13,4,2,5,3,0,0,1,1,0,0,,0,13.70377,51.094196
24,17,11,21,14,3,3,3,2,0,1,1,1,0,0,,0,12.622911,50.753141
30,17,11,21,7,3,2,4,5,1,0,1,0,0,0,,1,13.069721,51.573818
30,17,11,21,10,3,3,4,3,0,1,1,1,0,0,,0,12.948276,51.274908
29,17,11,21,16,3,3,5,3,1,1,1,1,0,0,,0,12.417749,51.195668
29,17,11,21,9,3,3,3,2,0,1,1,1,0,0,,0,12.495218,51.123915
13,17,11,21,12,3,3,6,3,0,1,1,0,1,0,,0,12.373415,51.320824
13,17,11,21,12,3,3,1,5,0,1,1,1,0,0,,0,12.324883,51.323763
13,17,11,21,19,3,3,5,7,1,1,1,1,0,0,,0,12.371575,51.339657
13,17,11,21,18,3,3,5,3,2,1,1,1,0,0,,0,12.344387,51.332229
13,17,11,21,20,3,3,5,3,2,1,1,1,0,0,,0,12.371337,51.337736
25,17,11,21,7,3,2,3,2,1,1,1,1,0,0,,0,14.435206,51.183935
28,17,11,21,12,3,3,0,7,0,1,1,0,0,0,,0,13.877275,50.966441
12,17,11,21,13,3,3,0,1,0,1,1,0,0,0,,0,13.710162,51.04499
12,17,11,21,17,3,3,5,3,2,1,1,1,0,0,,0,13.751496,51.050782
12,17,11,21,14,3,3,5,3,0,1,1,1,0,0,,0,13.801088,51.038725
30,17,11,20,10,2,3,5,3,0,1,1,1,0,0,,0,12.335768,51.535015
13,17,11,20,19,2,3,5,3,2,1,1,1,0,0,,0,12.285449,51.360372
13,17,11,20,6,2,3,5,3,1,1,1,1,0,0,,0,12.411189,51.382294
12,17,11,20,16,2,3,5,3,2,1,1,1,0,0,,0,13.678134,51.042236
12,17,11,20,14,2,3,0,1,0,1,1,0,0,0,,0,13.806266,51.011467
12,17,11,20,11,2,3,5,2,0,1,1,1,0,0,,0,13.745497,51.068286
12,17,11,20,14,2,3,5,2,0,0,1,1,0,0,,0,13.757135,51.049752
13,17,11,18,15,7,3,5,3,0,1,1,1,0,0,,0,12.406839,51.338155
13,17,11,18,0,7,3,0,1,2,0,1,0,0,0,,0,12.372427,51.342758
25,17,11,18,8,7,3,5,3,0,1,1,1,0,0,,0,14.428163,51.182396
29,17,11,17,14,6,3,5,3,0,0,1,1,0,0,,0,12.410031,51.197988
25,17,11,17,11,6,3,0,7,0,0,1,0,0,0,,0,14.440761,51.179259
25,17,11,17,9,6,2,5,3,0,1,1,1,0,0,,0,14.430737,51.176372
12,17,11,17,9,6,3,0,1,0,1,1,0,0,0,,0,13.728619,51.085849
12,17,11,17,13,6,3,5,3,0,0,1,0,0,0,,1,13.748742,51.048241
12,17,11,17,7,6,3,4,1,0,1,1,1,0,0,,0,13.751833,51.066896
11,17,11,17,12,6,3,0,3,0,0,1,1,0,0,,0,12.919552,50.82329
11,17,11,17,20,6,2,5,3,1,1,1,1,0,0,,0,12.90904,50.840018
13,17,11,16,17,5,2,4,2,2,0,1,1,0,0,,0,12.325805,51.320369
28,17,11,16,15,5,3,9,3,0,0,1,0,0,0,,1,13.943883,50.960299
12,17,11,16,19,5,3,5,3,2,0,1,1,0,0,,0,13.689939,51.079117
12,17,11,16,8,5,3,3,6,0,0,1,1,0,0,,0,13.777197,51.059999
12,17,11,16,15,5,2,4,2,0,0,1,1,0,0,,0,13.776222,51.051322
29,17,11,15,7,4,2,5,3,1,1,1,1,0,0,,0,12.493894,51.116944
13,17,11,15,7,4,3,0,7,0,0,1,1,0,0,,0,12.323097,51.334946
13,17,11,15,9,4,3,5,2,0,0,1,1,0,0,,0,12.394546,51.394594
25,17,11,15,7,4,3,5,3,0,1,1,1,0,0,,0,14.427594,51.17451
12,17,11,15,15,4,3,0,1,0,0,1,0,0,0,,0,13.668449,51.09319
12,17,11,15,17,4,3,5,2,2,0,1,1,0,0,,0,13.777115,51.060082
11,17,11,15,8,4,3,5,2,0,1,1,1,0,0,,0,12.897349,50.813244
29,17,11,14,18,3,3,4,6,2,0,1,1,0,0,,0,12.500321,51.126887
13,17,11,14,8,3,3,3,6,0,0,1,1,0,0,,0,12.359648,51.361884
28,17,11,14,6,3,3,5,3,2,0,1,1,0,0,,0,13.718875,50.966453
12,17,11,14,12,3,3,5,2,0,0,1,1,0,0,,0,13.712438,51.034
12,17,11,14,16,3,3,5,3,1,0,1,1,0,0,,0,13.732403,51.050929
12,17,11,14,9,3,3,5,3,0,0,1,1,0,0,,0,13.781212,51.054269
21,17,11,14,16,3,3,0,3,0,0,1,1,0,0,,0,12.85194,50.702672
13,17,11,13,8,2,3,5,3,0,0,1,1,0,0,,0,12.420678,51.353955
13,17,11,13,8,2,3,3,6,0,1,1,0,0,0,,0,12.385076,51.365745
13,17,11,13,11,2,3,0,5,0,0,1,1,0,0,,0,12.368336,51.315421
12,17,11,13,10,2,3,5,3,0,1,1,1,0,0,,0,13.679602,51.058986
12,17,11,13,9,2,3,1,5,0,1,1,1,0,0,,0,13.703042,51.046165
12,17,11,13,17,2,2,4,2,2,0,1,0,0,0,,1,13.783684,51.00957
12,17,11,13,17,2,3,6,4,2,1,1,0,1,0,,0,13.749763,51.06505
12,17,11,13,5,2,3,5,3,2,1,1,1,0,0,,0,13.770164,51.045177
12,17,11,12,22,1,3,5,3,2,1,1,0,0,0,,0,13.771786,51.057552
23,17,11,11,21,7,3,5,3,2,1,1,1,0,0,,0,12.166385,50.416348
12,17,11,11,12,7,2,5,3,0,0,1,1,0,0,,0,13.783853,51.014584
11,17,11,11,17,7,3,5,3,2,1,1,1,0,0,,0,12.884271,50.834127
13,17,11,10,17,6,3,6,4,1,1,1,0,1,0,,0,12.402693,51.338864
13,17,11,10,14,6,3,0,1,0,1,1,0,0,0,,0,12.378318,51.320658
12,17,11,10,8,6,3,5,3,0,0,1,1,0,0,,0,13.781546,51.053281
26,17,11,9,20,5,2,0,7,2,1,1,0,0,0,,0,14.821245,51.290023
13,17,11,8,16,4,3,5,3,1,0,1,0,0,0,,1,12.374475,51.33576
27,17,11,8,17,4,3,5,3,1,1,1,1,0,0,,0,13.261888,51.30285
12,17,11,8,14,4,3,0,3,0,0,1,1,0,0,,0,13.698505,51.074236
12,17,11,8,17,4,3,6,4,2,0,1,0,1,0,,0,13.791135,51.031711
29,17,11,7,14,3,3,5,3,0,1,1,1,0,0,,0,12.728853,51.237184
13,17,11,7,17,3,3,5,3,2,0,1,1,0,0,,0,12.359142,51.341483
13,17,11,7,17,3,3,4,2,2,0,1,1,0,0,,0,12.335817,51.327642
13,17,11,7,21,3,3,3,2,2,0,1,1,0,0,,0,12.360858,51.360674
13,17,11,7,10,3,3,4,2,0,0,1,1,0,0,,0,12.372737,51.353632
13,17,11,7,12,3,3,5,3,0,0,1,1,0,0,,0,12.361796,51.332515
13,17,11,7,18,3,3,5,3,2,0,1,1,0,0,,0,12.458413,51.351871
27,17,11,7,14,3,3,5,2,0,0,1,0,0,0,,0,13.307123,51.298313
12,17,11,7,8,3,3,5,2,0,0,1,0,0,0,,1,13.704741,51.046323
12,17,11,7,22,3,3,5,3,2,0,1,1,0,0,,0,13.756561,51.055094
12,17,11,7,17,3,3,5,2,2,0,1,1,0,0,,0,13.808428,51.045254
11,17,11,7,16,3,3,5,3,1,0,1,1,0,0,,0,12.901308,50.844007
13,17,11,6,12,2,2,6,4,0,0,1,0,1,0,,0,12.384673,51.328452
13,17,11,6,8,2,3,5,3,0,1,1,1,0,0,,0,12.377909,51.334015
30,17,11,6,14,2,3,5,3,0,0,1,1,0,0,,0,12.487366,51.377811
13,17,11,6,12,2,3,4,2,0,0,1,1,0,0,,0,12.368695,51.357271
13,17,12,15,12,6,3,1,7,0,0,1,1,0,0,,0,12.369894,51.325186
28,17,12,15,7,6,3,5,3,2,1,1,1,0,0,,0,13.870347,50.980268
27,17,12,15,8,6,3,5,3,0,1,1,1,0,0,,0,13.587323,51.130872
12,17,12,15,17,6,3,3,6,2,1,1,1,0,0,,0,13.647287,51.088936
12,17,12,15,8,6,3,5,3,0,1,1,0,0,0,,1,13.749602,51.033592
29,17,12,14,6,5,3,1,3,2,1,1,1,0,0,,0,12.505785,51.132007
13,17,12,14,18,5,3,3,2,2,1,1,1,0,0,,0,12.321026,51.302856
13,17,12,14,16,5,3,6,4,0,0,1,0,1,0,,0,12.378988,51.343518
12,17,12,14,9,5,2,0,1,0,1,1,0,0,0,,0,13.744941,51.072333
12,17,12,14,9,5,3,0,1,0,1,1,0,0,0,,0,13.80051,51.040181
22,17,12,14,10,5,3,5,3,0,1,1,1,0,0,,0,13.344666,50.914526
24,17,12,13,17,4,2,5,3,2,0,1,1,0,0,,0,12.542704,50.839538
30,17,12,13,8,4,3,5,3,0,0,1,0,0,0,,0,12.34184,51.527435
13,17,12,13,10,4,3,4,2,0,0,1,1,0,0,,0,12.365447,51.362462
13,17,12,13,18,4,3,5,3,2,0,1,1,0,0,,0,12.361802,51.332578
13,17,12,13,15,4,3,3,6,0,0,1,1,0,0,,0,12.340857,51.337802
27,17,12,13,21,4,2,0,1,2,1,1,0,0,0,,0,13.452731,51.413567
12,17,12,13,8,4,3,5,3,0,0,1,1,0,0,,0,13.772277,51.127048
12,17,12,13,15,4,2,3,2,0,0,1,1,0,0,,0,13.792533,51.047782
11,17,12,13,17,4,2,3,2,2,0,1,1,0,0,,0,12.897678,50.781508
30,17,12,12,18,3,2,4,2,2,1,1,1,0,0,,0,12.336961,51.526009
25,17,12,12,16,3,3,5,3,2,1,1,1,0,0,,0,14.440309,51.185991
12,17,12,12,9,3,3,5,2,0,0,1,1,0,0,,0,13.729455,51.045707
30,17,12,11,6,2,2,0,1,2,1,1,0,0,0,,0,12.952927,51.492421
13,17,12,11,17,2,3,7,1,1,1,1,0,0,0,,0,12.37369,51.33249
13,17,12,11,16,2,3,2,2,1,1,1,1,0,0,,0,12.402149,51.336118
13,17,12,11,13,2,3,5,3,0,1,1,1,0,0,,0,12.368034,51.358041
25,17,12,11,14,2,3,0,1,0,1,1,0,0,0,,0,14.419138,51.188148
25,17,12,11,9,2,3,5,3,0,0,1,1,0,0,,0,14.447932,51.176812
28,17,12,11,13,2,3,5,2,0,1,1,1,0,0,,0,13.939057,50.959764
12,17,12,11,12,2,3,5,3,0,1,1,1,0,0,,0,13.769717,51.044809
12,17,12,11,10,2,3,0,7,0,1,1,1,0,0,,0,13.722222,51.026125
12,17,12,11,17,2,3,5,3,2,1,1,1,0,0,,0,13.747668,51.053457
29,17,12,10,12,1,3,5,3,0,0,1,1,0,0,,0,12.505325,51.130699
25,17,12,9,12,7,2,5,3,0,2,1,1,0,0,,0,14.121681,51.282387
25,17,12,9,11,7,3,4,6,0,2,1,0,0,0,,0,14.25335,51.439112
12,17,12,9,18,7,3,1,5,2,0,1,1,0,0,,0,13.794057,51.049247
12,17,12,9,9,7,3,5,2,0,0,1,1,0,0,,0,13.74961,51.074738
12,17,12,9,9,7,3,5,2,0,2,1,1,0,0,,0,13.729454,51.045708
11,17,12,9,0,7,3,0,1,2,2,1,0,0,0,,0,12.942749,50.841458
30,17,12,8,17,6,3,5,3,2,1,1,1,0,0,,0,13.108308,51.303642
13,17,12,8,6,6,3,5,2,2,1,1,1,0,0,,0,12.309207,51.328029
29,17,12,8,9,6,2,5,3,0,1,1,0,0,0,,1,12.257465,51.166202
12,17,12,8,6,6,2,5,3,2,1,1,1,0,0,,0,13.700312,51.044958
12,17,12,8,8,6,3,5,3,0,0,1,1,0,0,,0,13.864904,50.993374
12,17,12,8,19,6,3,6,4,2,1,1,0,1,0,,0,13.811919,51.056747
11,17,12,8,11,6,3,5,3,0,0,1,1,0,0,,0,12.876901,50.8198
24,17,12,7,14,5,3,5,3,0,0,1,1,0,0,,0,12.38795,50.810147
30,17,12,7,21,5,2,4,6,2,0,1,0,0,0,,1,12.629905,51.448463
13,17,12,7,16,5,3,3,6,2,0,1,1,0,0,,0,12.373397,51.328747
13,17,12,7,7,5,3,3,7,0,0,1,1,0,0,,0,12.360614,51.328056
13,17,12,7,7,5,3,5,3,1,0,1,1,0,0,,0,12.384341,51.300517
13,17,12,7,15,5,3,2,2,0,0,1,1,0,0,,0,12.418194,51.36013
25,17,12,7,12,5,2,5,3,0,0,1,1,0,0,,0,14.100325,51.44018
27,17,12,7,7,5,3,5,7,2,0,1,1,0,0,,0,13.597587,51.12918
12,17,12,7,7,5,3,5,3,0,0,1,1,0,0,,0,13.748742,51.04824
12,17,12,7,8,5,3,5,3,0,0,1,1,0,0,,0,13.796837,51.041483
12,17,12,7,11,5,3,5,3,0,0,1,1,0,0,,0,13.779894,51.044329
13,17,12,6,22,4,2,8,1,2,0,1,0,0,0,,0,12.373867,51.333876
13,17,12,6,18,4,3,1,5,2,0,1,1,0,0,,0,12.381775,51.332673
13,17,12,6,19,4,3,1,5,2,0,1,1,0,0,,0,12.353369,51.341289
13,17,12,6,23,4,2,6,4,2,0,1,0,1,0,,0,12.365643,51.339635
26,17,12,6,17,4,3,5,3,2,0,1,1,0,0,,0,14.616241,51.000825
28,17,12,6,19,4,3,0,7,2,0,1,0,0,0,,0,13.94553,50.96354
12,17,12,6,17,4,3,5,3,1,0,1,1,0,0,,0,13.790644,51.013064
12,17,12,6,7,4,3,4,2,1,0,1,1,0,0,,0,13.771219,51.029873
11,17,12,6,12,4,3,5,3,0,0,1,1,0,0,,0,12.923639,50.828999
13,17,12,5,7,3,3,5,3,1,1,1,1,0,0,,0,12.315205,51.357473
13,17,12,5,23,3,2,0,1,2,0,1,0,0,0,,0,12.338905,51.350052
13,17,12,5,7,3,3,5,3,2,1,1,1,0,0,,0,12.419475,51.333078
13,17,12,5,22,3,3,6,6,2,0,1,0,1,0,,0,12.267714,51.307723
29,17,12,5,16,3,3,0,7,1,0,1,0,0,0,,0,12.756451,51.381734
25,17,12,5,4,3,3,5,3,2,1,1,0,0,1,,0,14.262317,51.439422
12,17,12,5,12,3,2,0,1,0,1,1,0,0,0,,0,13.721319,51.058877