CSV=`UKREIS,UJAHR,UMONAT,UTAG,USTUNDE,UWOCHENTAG,UKATEGORIE,UART,UTYP,LICHT,USTRZUSTAND,IstRad,IstPKW,IstFuss,IstKrad,IstGkfz,IstSonstig,@lon,@lat
25,16,5,0,20,5,2,9,6,1,0,1,0,0,0,0,0,14.237767,51.426025
22,16,5,0,15,3,3,0,1,0,0,1,0,0,0,0,0,13.433157,50.898768
12,16,4,0,19,3,3,5,3,0,0,1,1,0,0,0,0,13.747537,51.051684
12,16,4,0,16,6,3,3,2,0,0,1,1,0,0,0,0,13.743146,51.04724
27,16,4,0,10,2,3,5,3,0,0,1,1,0,0,0,0,13.63421,51.107574
13,16,4,0,18,5,3,2,3,0,0,1,1,0,0,0,0,12.422405,51.351712
23,16,4,0,13,2,3,6,7,0,0,1,0,1,0,0,0,12.149713,50.492052
13,16,5,0,13,2,3,5,2,0,0,1,0,0,0,0,1,12.369341,51.344158
12,16,4,0,21,6,3,0,3,2,0,1,1,0,0,0,0,13.736761,51.093763
28,16,5,0,6,5,3,5,2,0,0,1,0,0,0,0,1,13.654835,51.010485
12,16,4,0,10,2,3,2,6,0,0,1,1,0,0,0,0,13.736301,51.06393
25,16,4,0,15,6,3,5,3,0,0,1,1,0,0,0,0,14.44066,51.124163
12,16,5,0,17,6,2,5,3,0,0,1,1,0,0,0,0,13.745392,51.049036
27,16,4,0,11,2,2,5,2,0,0,1,1,0,0,0,0,13.581032,51.129761
27,16,5,0,1,1,2,6,6,2,0,1,0,1,0,0,0,13.217732,51.218477
11,16,4,0,16,4,3,4,2,0,0,1,1,0,0,0,0,12.892397,50.850556
27,16,5,0,7,3,2,5,2,0,0,1,0,0,0,0,1,13.685297,51.100823
26,16,5,0,15,3,2,0,1,0,0,1,0,0,0,0,0,14.636279,51.50384
30,16,5,0,13,5,2,5,2,0,0,1,0,0,0,0,0,12.832882,51.673348
28,16,5,0,7,3,3,5,3,0,0,1,0,0,0,0,1,13.907118,50.995405
21,16,5,0,16,6,2,5,3,0,0,1,1,0,0,0,0,13.053777,50.758348
12,16,5,0,14,2,3,3,6,0,0,1,0,0,0,0,0,13.743592,51.047759
29,16,4,0,16,3,2,0,3,0,0,1,1,0,0,0,0,12.748177,51.365328
12,16,4,0,7,5,3,5,3,0,0,1,1,0,0,0,0,13.738076,51.089981
25,16,4,0,7,6,3,3,2,0,0,1,1,0,0,0,0,14.09515,51.274811
27,16,5,0,7,4,3,5,3,0,0,1,1,0,0,0,0,13.57731,51.125641
25,16,5,0,19,5,3,5,3,0,0,1,1,0,0,0,0,14.092647,51.273314
25,16,4,0,11,1,2,3,6,0,1,1,0,0,0,0,0,14.333979,51.251627
21,16,5,0,8,6,2,2,6,0,0,1,1,0,0,0,0,13.335546,50.662974
28,16,4,0,9,4,2,0,7,0,0,1,0,0,0,0,0,13.538261,51.048178
27,16,4,0,16,1,2,0,1,0,0,1,0,0,0,0,0,13.656528,51.105326
26,16,5,0,17,5,3,8,1,0,0,1,0,0,0,0,0,14.93917,51.211133
29,16,5,0,13,6,3,0,1,0,0,1,0,0,0,0,0,12.65435,51.275749
24,16,5,0,17,2,2,0,1,0,0,1,0,0,0,0,0,12.5039,50.716302
24,16,5,0,7,2,3,5,3,0,0,1,1,0,0,0,0,12.482217,50.731334
25,16,5,0,7,5,2,5,3,0,0,1,1,0,0,0,0,14.266691,51.453732
12,16,4,0,5,3,2,0,1,1,1,1,0,0,0,0,0,13.684221,51.061969
24,16,5,0,12,1,3,2,3,0,0,1,1,0,0,0,0,12.631188,50.756464
27,16,5,0,19,5,2,2,6,0,0,1,1,0,0,0,0,13.569326,51.110162
23,16,5,0,8,2,2,0,1,0,0,1,0,0,0,0,0,12.400483,50.638874
27,16,4,0,7,6,3,5,3,0,0,1,1,0,0,0,0,13.28528,51.064662
12,16,4,0,9,2,3,5,2,0,0,1,1,0,0,0,0,13.745355,51.048992
12,16,4,0,15,4,3,4,2,0,0,1,1,0,0,0,0,13.761298,51.083375
25,16,5,0,17,3,2,5,3,0,0,1,1,0,0,0,0,14.199238,51.422142
25,16,4,0,18,5,2,3,6,0,0,1,1,0,0,0,0,14.22748,51.322785
12,16,4,0,16,5,3,5,2,0,0,1,1,0,0,0,0,13.75248,51.06293
12,16,5,0,19,2,3,5,2,0,0,1,1,0,0,0,0,13.741352,51.045929
11,16,4,0,16,4,3,5,2,0,0,1,1,0,0,0,0,12.912416,50.827669
27,16,4,0,8,5,3,5,3,0,0,1,1,0,0,0,0,13.492123,51.16701
22,16,4,0,11,3,3,0,1,0,0,1,0,0,0,0,0,13.316745,50.908145
21,16,4,0,7,2,2,5,3,0,0,1,1,0,0,0,0,12.851825,50.70344
29,16,5,0,13,7,3,9,1,0,0,1,0,0,0,0,0,12.782646,51.180892
13,16,5,0,17,4,3,5,3,0,0,1,1,0,0,0,0,12.413734,51.313445
27,16,4,0,8,5,3,2,2,0,0,1,1,0,0,0,0,13.496075,51.097076
12,16,4,0,14,4,3,0,1,0,1,1,0,0,0,0,0,13.761579,51.063993
12,16,4,0,15,5,3,0,7,0,1,1,1,0,0,0,0,13.748468,51.06342
25,16,5,0,17,5,2,0,1,0,0,1,0,0,0,0,0,14.380989,51.334996
12,16,5,0,16,4,3,5,2,0,1,1,1,0,0,0,0,13.719766,51.094136
13,16,4,0,18,6,3,5,2,0,0,1,1,0,0,0,0,12.386876,51.345683
25,16,5,0,15,4,2,0,1,0,1,1,0,0,0,0,0,13.817981,51.18297
28,16,5,0,10,3,2,3,6,0,0,1,1,0,0,0,0,13.667608,50.864047
12,16,4,0,9,4,3,0,7,0,0,1,1,0,0,0,0,13.698756,51.043582
24,16,4,0,8,2,2,3,2,0,0,1,1,0,0,0,0,12.469758,50.685324
25,16,5,0,20,5,2,0,1,2,0,1,0,0,0,0,0,14.495473,51.166712
26,16,5,0,14,6,3,0,7,0,0,1,0,0,0,0,0,14.72661,51.529914
22,16,4,0,10,6,2,5,3,0,0,1,1,0,0,0,0,13.047684,50.905628
25,16,5,0,5,5,2,7,7,1,0,1,0,0,0,0,0,14.196706,51.157467
12,16,4,0,15,5,3,4,6,0,0,1,0,0,0,0,0,13.738082,51.029018
12,16,4,0,11,6,3,0,7,0,0,1,0,0,0,0,0,13.734231,51.061572
30,16,5,0,17,3,3,3,2,0,0,1,1,0,0,0,0,13.112166,51.314198
29,16,4,0,10,4,3,5,3,0,0,1,0,0,0,0,1,12.503318,51.127399
11,16,4,0,8,2,2,3,2,0,0,1,1,0,0,0,0,12.864343,50.879777
13,16,4,0,16,2,3,5,2,0,0,1,1,0,0,0,0,12.265579,51.385175
27,16,4,0,15,4,3,3,6,0,0,1,1,0,0,0,0,13.599773,51.162708
30,16,5,0,12,4,3,3,2,0,0,1,1,0,0,0,0,12.664585,51.461872
12,16,4,0,7,5,3,0,3,0,0,1,0,0,0,0,1,13.730444,51.022215
12,16,5,0,19,6,3,2,6,0,0,1,1,0,0,0,0,13.820133,51.064116
29,16,4,0,19,5,2,3,6,0,0,1,0,0,0,0,1,12.865554,51.403629
12,16,5,0,7,2,3,5,3,0,0,1,0,0,0,1,0,13.707544,51.052844
29,16,4,0,15,6,2,4,2,0,1,1,1,0,0,0,0,12.73044,51.255595
12,16,5,0,10,5,3,5,3,0,0,1,1,0,0,0,0,13.728957,51.059328
30,16,4,0,15,2,3,5,3,0,0,1,1,0,0,0,0,12.996494,51.553271
29,16,4,0,14,1,3,3,5,0,0,1,1,0,0,0,0,12.223505,51.304161
23,16,5,0,18,7,2,8,1,0,0,1,0,0,0,0,0,12.506788,50.544584
30,16,5,0,18,4,2,5,3,0,0,1,1,0,0,0,0,12.228953,51.515687
29,16,4,0,15,3,3,5,3,0,0,1,1,0,0,0,0,12.492201,51.124482
26,16,5,0,1,1,3,9,7,2,0,1,0,0,0,0,0,14.869804,51.288308
29,16,5,0,17,5,2,4,1,0,0,1,0,0,0,0,0,12.385584,51.218122
12,16,5,0,16,3,3,5,3,0,0,1,1,0,0,0,0,13.738077,51.089983
26,16,4,0,22,7,2,5,3,2,0,1,0,0,1,0,0,14.863714,50.926563
27,16,4,0,12,4,3,5,3,0,0,1,1,0,0,0,0,13.580902,51.129591
22,16,5,0,16,2,2,5,3,0,0,1,1,0,0,0,0,13.091423,51.124892
12,16,5,0,8,2,3,2,2,0,0,1,0,0,0,1,0,13.722183,51.054064
27,16,4,0,16,2,3,5,2,0,0,1,1,0,0,0,0,13.571795,51.126539
11,16,4,0,8,6,3,5,2,0,0,1,0,0,0,0,1,12.903079,50.825369
12,16,4,0,11,1,3,5,3,0,1,1,1,0,0,0,0,13.79494,51.132992
12,16,5,0,22,7,3,8,1,2,0,1,0,0,0,0,0,13.847365,51.129068
25,16,5,0,20,5,2,5,3,1,0,1,1,0,0,0,0,14.058289,51.225601
27,16,4,0,15,7,3,3,2,0,0,1,1,0,0,0,0,13.682513,51.139647
22,16,4,0,17,2,3,4,2,0,0,1,1,0,0,0,0,13.317573,50.908607
30,16,4,0,6,3,3,5,3,0,1,1,1,0,0,0,0,12.462592,51.582176
26,16,5,0,17,1,3,3,6,0,0,1,1,0,0,0,0,14.79486,50.935676
25,16,5,0,1,6,2,8,1,2,0,1,0,0,0,0,0,14.548172,51.252366
29,16,4,0,6,2,3,5,3,0,0,1,1,0,0,0,0,12.724114,51.384978
26,16,6,0,17,6,3,5,3,0,0,1,1,0,0,0,0,14.983251,51.124131
24,16,7,0,13,6,3,5,3,0,0,1,1,0,0,0,0,12.471855,50.710783
12,16,6,0,12,6,3,0,1,0,0,1,0,0,0,0,0,13.730578,51.023063
27,16,5,0,7,2,3,6,7,0,0,1,0,1,0,0,0,13.686223,51.100386
26,16,6,0,17,3,3,1,5,0,0,1,1,0,0,0,0,14.891112,51.275261
12,16,7,0,2,4,3,3,6,2,0,1,1,0,0,0,0,13.713576,51.080781
24,16,6,0,11,2,2,5,3,0,0,1,1,0,0,0,0,12.702139,50.796425
22,16,7,0,18,3,3,4,2,0,0,1,1,0,0,0,0,13.324572,50.91163
25,16,6,0,5,2,3,5,3,1,0,1,1,0,0,0,0,14.425815,51.086606
23,16,6,0,7,4,3,0,1,0,1,1,1,0,0,0,0,12.354114,50.659786
29,16,6,0,11,5,3,5,3,0,0,1,1,0,0,0,0,12.64852,51.082676
30,16,6,0,13,5,3,0,3,0,0,1,1,0,0,0,0,12.992962,51.359314
13,16,6,0,10,5,3,2,6,0,0,1,1,0,0,0,0,12.417594,51.310821
22,16,6,0,13,2,2,0,1,0,0,1,0,0,0,0,0,12.867767,50.930193
12,16,6,0,12,7,2,5,3,0,0,1,0,0,0,0,1,13.789845,51.118941
21,16,6,0,16,3,3,3,6,0,0,1,1,0,0,0,0,12.785835,50.726045
13,16,6,0,8,3,3,5,2,0,0,1,1,0,0,0,0,12.394187,51.336199
12,16,6,0,16,4,3,3,6,0,0,1,0,0,0,0,0,13.683047,51.061829
24,16,6,0,16,1,2,5,3,0,0,1,1,0,0,0,0,12.492662,50.738521
12,16,6,0,20,7,2,3,2,1,0,1,1,0,0,0,0,13.719766,51.094136
11,16,6,0,11,7,3,0,1,0,0,1,0,0,0,0,0,12.911008,50.869385
12,16,5,0,7,3,3,2,6,0,0,1,1,0,0,0,0,13.769004,51.009243
25,16,6,0,14,5,2,3,6,0,0,1,0,0,0,1,0,14.310521,51.095272
26,16,6,0,12,3,3,5,3,0,0,1,1,0,0,0,0,14.961762,51.150531
25,16,5,0,8,6,3,5,3,0,0,1,1,0,0,0,0,14.108985,51.447126
27,16,6,0,11,1,3,0,7,0,0,1,0,0,0,0,0,13.575058,51.138375
27,16,6,0,18,6,3,5,2,0,0,1,1,0,0,0,0,13.22013,51.314705
29,16,5,0,9,2,3,5,3,0,0,1,1,0,0,0,0,12.41004,51.198005
13,16,6,0,17,4,2,3,2,0,1,1,1,0,0,0,0,12.392594,51.334098
27,16,7,0,16,6,2,0,1,0,0,1,0,0,0,0,0,13.534286,51.297085
12,16,6,0,12,3,3,3,2,0,0,1,0,0,0,0,1,13.788791,51.005232
24,16,6,0,19,6,2,3,2,0,0,1,1,0,0,0,0,12.775512,50.855685
11,16,6,0,18,5,3,3,6,0,0,1,0,0,0,0,1,12.943524,50.847905
24,16,6,0,11,3,3,3,6,0,0,1,0,0,0,0,1,12.414193,50.68356
12,16,6,0,5,3,3,3,6,0,0,1,1,0,0,0,0,13.693369,51.022687
11,16,6,0,4,2,3,5,3,1,0,1,1,0,0,0,0,12.924754,50.832403
22,16,6,0,17,5,3,1,6,0,0,1,1,0,0,0,0,12.928098,50.976747
25,16,6,0,9,6,3,5,3,0,0,1,1,0,0,0,0,13.829535,51.184429
21,16,7,0,10,6,2,0,1,0,0,1,0,0,0,0,0,13.125072,50.63017
23,16,6,0,18,2,3,3,6,0,0,1,1,0,0,0,0,12.036465,50.549737
13,16,6,0,8,5,3,5,2,0,0,1,1,0,0,0,0,12.319902,51.339479
26,16,5,0,11,2,3,0,7,0,0,1,0,0,0,0,0,14.975909,51.112546
27,16,7,0,16,4,3,0,3,0,0,1,1,0,0,0,0,13.580892,51.129592
30,16,6,0,15,4,2,3,2,0,0,1,0,0,0,0,1,12.55788,51.527959
13,16,7,0,8,4,3,4,2,0,0,1,1,0,0,0,0,12.336364,51.335417
12,16,6,0,17,3,3,5,3,0,0,1,1,0,0,0,0,13.735176,51.07341
22,16,5,0,16,2,3,3,3,0,0,1,1,0,0,0,0,13.328458,50.871677
24,16,5,0,22,7,3,4,2,2,0,1,1,0,0,0,0,12.488195,50.720201
11,16,5,0,9,5,3,6,4,0,0,1,0,0,0,0,1,12.920405,50.82545
22,16,7,0,14,2,3,3,2,0,0,1,1,0,0,0,0,13.323537,50.911187
26,16,5,0,23,3,3,8,1,2,0,1,0,0,0,0,0,14.982943,51.123288
26,16,6,0,10,6,3,4,6,0,0,1,0,0,1,0,0,14.695942,50.976188
21,16,6,0,19,6,3,5,3,0,0,1,1,0,0,0,0,13.338334,50.658806
12,16,5,0,21,2,2,0,6,2,1,1,0,0,0,0,0,13.733125,51.076341
24,16,7,0,16,2,3,3,2,0,0,1,1,0,0,0,0,12.357101,50.742907
26,16,6,0,13,7,3,5,3,0,0,1,0,0,1,0,0,14.729541,50.953979
27,16,5,0,19,1,3,3,6,2,0,1,0,0,0,0,1,13.439408,51.407613
28,16,6,0,9,2,3,0,3,0,0,1,1,0,0,0,0,13.659285,51.008912
12,16,6,0,7,7,3,5,3,0,1,1,1,0,0,0,0,13.759137,51.024047
12,16,5,0,17,3,3,5,3,0,1,1,1,0,0,0,0,13.712369,51.082331
26,16,6,0,7,5,2,8,1,0,0,1,0,0,0,0,0,14.98395,51.126098
24,16,5,0,12,1,3,5,3,0,1,1,1,0,0,0,0,12.775348,50.853806
13,16,6,0,16,5,3,5,3,0,0,1,0,0,0,0,0,12.378246,51.31484
28,16,5,0,7,6,3,5,3,0,0,1,1,0,0,0,0,13.662047,50.990655
12,16,6,0,10,7,3,3,2,0,0,1,1,0,0,0,0,13.733329,51.075979
26,16,6,0,17,7,3,0,7,0,1,1,0,0,0,0,0,14.982735,51.122683
27,16,5,0,14,3,3,4,2,0,0,1,1,0,0,0,0,13.318237,51.321434
25,16,7,0,18,6,3,5,3,0,0,1,1,0,0,0,0,13.88228,51.250578
23,16,6,0,6,5,2,5,3,0,0,1,1,0,0,0,0,12.278089,50.553344
25,16,6,0,6,5,3,5,3,0,0,1,0,0,0,0,1,14.433319,51.181203
30,16,6,0,16,3,2,5,3,0,0,1,1,0,0,0,0,13.139797,51.289126
12,16,6,0,8,4,3,5,3,0,0,1,1,0,0,0,0,13.742008,51.064676
27,16,6,0,14,7,3,2,2,0,0,1,1,0,0,0,0,13.458766,51.150337
12,16,6,0,9,2,3,6,4,0,0,1,0,1,0,0,0,13.756871,51.025575
28,16,7,0,11,1,3,2,1,0,1,1,0,0,0,0,0,13.692852,50.973894
27,16,5,0,12,1,2,0,1,0,0,1,0,0,0,0,0,13.30769,51.263646
12,16,6,0,7,5,3,5,3,0,0,1,1,0,0,0,0,13.70306,51.089318
21,16,5,0,20,1,3,8,1,0,0,1,0,0,0,0,0,12.70918,50.711959
11,16,6,0,19,5,3,5,3,0,0,1,1,0,0,0,0,12.932153,50.823628
27,16,6,0,9,3,2,0,7,0,0,1,0,0,0,1,0,13.378351,51.324918
12,16,7,0,15,2,3,5,3,0,0,1,1,0,0,0,0,13.71665,51.037804
30,16,6,0,14,5,3,0,3,0,0,1,0,0,1,0,0,12.490296,51.378364
12,16,5,0,17,7,3,5,3,0,0,1,1,0,0,0,0,13.742009,51.064676
30,16,7,0,12,3,3,3,6,0,0,1,1,0,0,0,0,13.117864,51.294826
25,16,7,0,7,2,3,4,2,0,0,1,0,0,0,0,1,14.437144,51.173051
28,16,6,0,15,5,3,6,7,0,1,1,0,1,0,0,0,13.679724,50.834202
11,16,5,0,10,5,3,5,7,0,0,1,0,0,0,1,0,12.922657,50.860676
25,16,6,0,17,6,3,6,7,0,0,1,0,0,0,0,1,14.485655,51.058199
30,16,6,0,18,6,3,3,6,0,0,1,1,0,0,0,0,13.115198,51.592124
24,16,5,0,14,2,3,2,6,0,0,1,1,0,0,0,0,12.751308,50.866775
29,16,5,0,19,6,3,0,3,0,0,1,1,0,0,0,0,12.72905,51.366788
28,16,5,0,15,7,3,0,1,0,0,1,0,0,0,0,0,13.58713,50.943563
21,16,6,0,20,3,3,0,1,0,0,1,0,0,0,0,0,12.808343,50.66795
12,16,5,0,19,6,3,0,1,0,1,1,0,0,0,0,0,13.736404,51.063837
30,16,6,0,15,6,3,5,3,0,0,1,1,0,0,0,0,12.228802,51.393768
29,16,5,0,7,3,3,5,3,0,0,1,1,0,0,0,0,12.570876,51.330484
28,16,7,0,12,7,3,2,2,0,1,1,1,0,0,0,0,13.685323,51.002593
25,16,5,0,9,2,3,5,3,0,0,1,1,0,0,0,0,13.821457,51.16671
13,16,6,0,8,3,3,5,2,0,0,1,0,0,0,0,1,12.395076,51.332101
13,16,6,0,7,4,3,5,3,0,0,1,0,0,0,0,1,12.357644,51.341804
27,16,6,0,13,6,3,0,3,0,0,1,0,0,1,0,0,13.494469,51.166792
25,16,6,0,14,2,2,5,3,0,0,1,0,0,0,1,0,14.480066,51.192414
25,16,5,0,20,4,3,5,3,0,0,1,1,0,0,0,0,14.020128,51.144939
13,16,6,0,18,2,3,3,2,0,0,1,1,0,0,0,0,12.342497,51.338357
27,16,6,0,15,4,2,3,2,0,0,1,1,0,0,0,0,13.691726,51.097728
27,16,6,0,13,4,3,5,3,0,0,1,0,0,0,0,1,13.665417,51.104887
26,16,5,0,9,1,3,3,2,0,0,1,1,0,0,0,0,14.979901,51.139092
25,16,5,0,18,6,2,4,2,0,0,1,1,0,0,0,0,14.194351,51.454715
26,16,6,0,16,5,3,5,3,0,0,1,1,0,0,0,0,14.955335,51.163058
29,16,6,0,18,3,2,0,6,0,0,1,0,0,0,0,1,12.250091,51.175149
12,16,6,0,19,4,3,5,2,0,0,1,1,0,0,0,0,13.706458,51.04553
12,16,6,0,8,7,3,0,2,0,0,1,1,0,0,0,0,13.731224,51.034355
21,16,5,0,11,4,2,0,1,0,0,1,0,0,0,0,0,13.33501,50.657749
28,16,5,0,16,3,3,5,3,0,0,1,1,0,0,0,0,13.941583,50.957694
28,16,6,0,14,2,3,5,3,0,0,1,1,0,0,0,0,13.940468,50.951603
12,16,6,0,8,2,3,2,6,0,0,1,0,0,0,0,0,13.694811,51.043161
26,16,6,0,8,7,3,5,3,0,0,1,1,0,0,0,0,14.983243,51.124111
28,16,5,0,13,4,2,0,1,0,0,1,0,0,0,0,0,13.999353,50.990746
26,16,6,0,7,3,2,5,3,0,0,1,1,0,0,0,0,14.643409,51.506628
30,16,5,0,23,1,3,6,4,2,0,1,0,1,0,0,0,12.4815,51.374832
12,16,6,0,16,5,3,2,7,0,0,1,0,0,0,0,1,13.760456,51.082163
12,16,6,0,9,2,3,3,5,0,0,1,0,0,0,0,1,13.719608,51.094577
22,16,6,0,17,1,2,8,6,0,0,1,1,0,0,0,0,13.375401,50.987953
24,16,5,0,16,5,3,5,2,0,0,1,1,0,0,0,0,12.480979,50.736862
12,16,7,0,12,6,3,5,3,0,0,1,1,0,0,0,0,13.721505,51.041913
25,16,6,0,18,1,3,5,2,0,0,1,1,0,0,0,0,14.193,51.137187
21,16,6,0,9,4,3,4,2,0,0,1,0,0,0,0,1,13.012795,50.588604
12,16,5,0,15,1,3,8,1,0,0,1,0,0,0,0,0,13.82323,51.057546
26,16,5,0,12,7,3,5,3,0,0,1,1,0,0,0,0,14.955331,51.163057
22,16,6,0,10,2,3,8,7,0,0,1,0,0,0,0,0,12.775704,51.038074
13,16,6,0,7,6,3,5,3,0,1,1,1,0,0,0,0,12.321923,51.338995
13,16,6,0,12,6,3,5,3,0,0,1,1,0,0,0,0,12.372979,51.301422
24,16,6,0,18,2,3,3,6,0,0,1,0,0,0,0,1,12.449116,50.7206
28,16,7,0,17,4,3,5,3,0,0,1,1,0,0,0,0,13.926743,50.941181
13,16,5,0,20,5,2,5,2,0,0,1,1,0,0,0,0,12.479314,51.352018
25,16,6,0,23,7,2,7,7,2,0,1,0,0,0,0,0,14.254369,51.198067
25,16,6,0,15,6,3,5,3,0,0,1,1,0,0,0,0,14.337434,51.185969
25,16,5,0,16,2,3,5,3,0,0,1,1,0,0,0,0,13.896567,51.113146
23,16,5,0,22,6,2,4,2,2,0,1,1,0,0,0,0,12.278077,50.553348
24,16,5,0,8,2,3,5,3,0,0,1,1,0,0,0,0,12.472771,50.850529
25,16,6,0,19,4,3,5,3,0,0,1,1,0,0,0,0,14.177865,51.175984
30,16,6,0,10,7,2,5,3,0,0,1,1,0,0,0,0,12.587712,51.594913
27,16,6,0,6,3,3,5,3,0,0,1,1,0,0,0,0,13.412278,51.274193
25,16,6,0,18,2,2,8,1,0,0,1,0,0,0,0,0,14.18169,51.21045
28,16,6,0,10,1,3,3,6,0,0,1,1,0,0,0,0,14.24299,50.991314
25,16,7,0,18,1,3,3,6,0,0,1,1,0,0,0,0,14.027986,51.180771
28,16,6,0,21,6,2,0,1,2,0,1,0,0,0,0,0,13.598074,50.936937
28,16,6,0,21,7,3,0,1,1,0,1,0,0,0,0,0,13.66039,51.00602
12,16,6,0,22,6,3,5,2,1,0,1,1,0,0,0,0,13.760125,51.023306
28,16,5,0,16,6,2,3,2,0,0,1,1,0,0,0,0,13.934445,50.967322
13,16,6,0,13,3,3,5,3,0,0,1,1,0,0,0,0,12.34486,51.339187
12,16,5,0,16,2,3,5,3,0,0,1,0,0,0,0,0,13.722179,51.054055
26,16,6,0,5,5,3,5,3,1,0,1,1,0,0,0,0,14.977472,51.115624
12,16,6,0,10,4,3,5,3,0,0,1,1,0,0,0,0,13.732642,51.029573
27,16,6,0,9,2,3,0,7,0,0,1,0,0,0,0,0,13.696755,51.121207
28,16,7,0,16,1,3,4,6,0,0,1,0,0,0,0,0,13.93994,50.956865
12,16,5,0,18,5,3,5,2,0,0,1,1,0,0,0,0,13.768348,51.015754
26,16,6,0,6,3,3,6,7,0,0,1,0,1,0,0,0,14.973518,51.156207
12,16,6,0,17,5,3,5,2,0,1,1,1,0,0,0,0,13.722553,51.090763
26,16,5,0,8,1,3,0,1,0,0,1,0,0,0,0,0,14.672365,51.134261
21,16,5,0,14,6,3,5,3,0,0,1,1,0,0,0,0,12.808905,50.578578
25,16,6,0,6,3,3,5,3,0,0,1,1,0,0,0,0,14.557242,51.245913
12,16,7,0,13,2,3,1,7,0,0,1,1,0,0,0,0,13.700881,51.043783
12,16,6,0,16,5,3,0,5,0,0,1,1,0,0,0,0,13.862841,51.01433
13,16,6,0,20,1,2,5,3,0,0,1,1,0,0,0,0,12.327308,51.337501
12,16,6,0,16,4,3,5,7,0,1,1,1,0,0,0,0,13.745893,51.057194
21,16,5,0,9,6,3,2,6,0,0,1,0,0,0,0,0,12.760597,50.690947
28,16,5,0,16,3,2,0,3,0,0,1,0,0,0,0,0,13.589025,50.92236
27,16,7,0,20,6,3,9,6,0,0,1,0,0,0,0,0,13.296773,51.311441
12,16,6,0,7,3,3,0,6,0,0,1,0,1,0,0,0,13.721345,51.041815
22,16,6,0,11,4,3,2,6,0,0,1,1,0,0,0,0,13.320991,50.862613
23,16,6,0,18,3,3,5,3,0,0,1,1,0,0,0,0,12.131804,50.515461
28,16,5,0,16,7,2,5,3,0,0,1,0,0,0,0,1,14.00461,51.026582
22,16,6,0,18,5,3,5,3,0,0,1,1,0,0,0,0,13.319038,50.909368
24,16,5,0,13,3,3,5,2,0,0,1,1,0,0,0,0,12.472319,50.736118
12,16,6,0,19,4,3,5,2,0,0,1,0,0,1,0,0,13.734466,51.061616
26,16,6,0,13,4,2,5,3,0,0,1,1,0,0,0,0,14.974098,51.161502
26,16,6,0,12,4,3,1,5,0,0,1,1,0,0,0,0,14.811434,50.906068
30,16,6,0,13,3,2,4,2,0,0,1,1,0,0,0,0,12.992541,51.358834
25,16,7,0,6,4,3,5,3,0,0,1,1,0,0,0,0,14.024002,51.147803
29,16,6,0,9,3,3,5,3,0,0,1,1,0,0,0,0,12.492189,51.124475
13,16,6,0,11,2,3,5,3,0,0,1,1,0,0,0,0,12.351405,51.375165
27,16,5,0,14,5,3,5,3,0,0,1,1,0,0,0,0,13.550389,51.128978
11,16,6,0,13,6,3,6,4,0,0,1,0,1,0,0,0,12.929368,50.855555
12,16,5,0,15,2,3,5,3,0,0,1,1,0,0,0,0,13.603741,51.093403
25,16,6,0,5,2,3,8,6,1,1,1,0,0,0,1,0,14.628639,51.187977
26,16,6,0,7,5,3,5,3,0,0,1,1,0,0,0,0,14.653201,51.493018
12,16,5,0,11,2,3,0,5,0,0,1,1,0,0,0,0,13.722823,51.034088
12,16,7,0,10,4,3,5,2,0,1,1,1,0,0,0,0,13.725384,51.04379
27,16,6,0,12,4,3,5,3,0,0,1,0,0,0,1,0,13.291326,51.311812
29,16,5,0,10,3,3,0,7,0,0,1,0,0,0,0,0,12.805906,51.342771
29,16,6,0,9,5,3,4,2,0,1,1,1,0,0,0,0,12.233492,51.310422
28,16,6,0,10,1,3,5,2,0,0,1,1,0,0,0,0,13.931051,50.961072
25,16,6,0,10,7,3,5,3,0,0,1,1,0,0,0,0,14.068004,51.373384
28,16,5,0,16,4,3,5,3,0,0,1,1,0,0,0,0,14.136715,50.922958
13,16,5,0,15,5,3,5,3,0,0,1,1,0,0,0,0,12.399907,51.327005
12,16,6,0,11,7,3,5,3,0,0,1,1,0,0,0,0,13.851905,51.061819
26,16,6,0,10,7,2,8,1,0,0,1,0,0,0,0,0,14.742264,51.142661
13,16,6,0,7,5,3,3,2,0,0,1,0,0,0,0,1,12.357698,51.341814
28,16,6,0,16,4,3,2,6,0,0,1,1,0,0,0,0,13.600774,51.021803
12,16,5,0,20,4,3,5,3,1,0,1,0,0,0,0,0,13.748186,51.068608
30,16,6,0,17,1,2,5,3,0,0,1,0,0,0,0,0,12.982232,51.351099
21,16,6,0,19,6,2,4,2,0,0,1,1,0,0,0,0,12.970975,50.65276
27,16,7,0,11,6,3,5,3,0,0,1,0,0,0,0,1,13.57731,51.125641
23,16,6,0,13,6,2,4,6,0,0,1,1,0,0,0,0,12.230113,50.631168
12,16,6,0,17,4,3,5,3,0,0,1,1,0,0,0,0,13.748085,51.068488
12,16,5,0,14,1,3,5,3,0,0,1,1,0,0,0,0,13.83862,51.03363
30,16,6,0,2,1,2,0,7,2,0,1,0,0,0,0,0,12.900507,51.491158
12,16,5,0,16,3,3,5,2,0,1,1,1,0,0,0,0,13.72466,51.088027
12,16,5,0,16,6,3,0,1,0,0,1,0,0,0,0,0,13.822032,51.047084
26,16,6,0,12,5,3,5,3,0,0,1,1,0,0,0,0,14.5464,51.546733
12,16,6,0,9,4,3,2,2,0,0,1,1,0,0,0,0,13.743138,51.047233
25,16,5,0,6,6,3,0,6,0,0,1,0,0,0,0,1,14.089702,51.292796