CSV=`UKREIS,UJAHR,UMONAT,UTAG,USTUNDE,UWOCHENTAG,UKATEGORIE,UART,UTYP,LICHT,USTRZUSTAND,IstRad,IstPKW,IstFuss,IstKrad,IstGkfz,IstSonstig,@lon,@lat
24,16,6,0,6,2,3,6,7,0,0,1,0,1,0,0,0,12.472007,50.721291
21,16,6,0,11,1,2,0,1,0,0,1,0,0,0,0,0,12.857291,50.758134
13,16,6,0,9,7,2,5,3,0,0,1,1,0,0,0,0,12.319157,51.300367
28,16,6,0,11,1,3,5,3,0,0,1,1,0,0,0,0,13.911383,50.95658
12,16,5,0,21,3,3,5,3,1,0,1,0,0,0,1,0,13.747036,51.066579
30,16,7,0,9,4,3,3,2,0,0,1,1,0,0,0,0,12.988251,51.559394
11,16,6,0,15,5,3,5,2,0,0,1,1,0,0,0,0,12.898059,50.848099
12,16,5,0,14,7,3,5,3,0,0,1,0,0,0,0,0,13.768467,51.014452
22,16,6,0,14,2,3,5,3,0,0,1,1,0,0,0,0,13.293469,50.87242
26,16,6,0,11,6,3,3,6,0,0,1,1,0,0,0,0,14.663876,50.896109
27,16,5,0,17,5,3,5,3,0,0,1,1,0,0,0,0,13.30244,51.304459
21,16,6,0,17,5,2,5,2,0,0,1,1,0,0,0,0,12.733164,50.559008
12,16,6,0,9,2,3,5,3,0,0,1,0,0,0,0,1,13.755705,51.026462
30,16,6,0,16,6,3,8,1,0,0,1,0,0,0,0,0,12.308473,51.514466
12,16,6,0,11,5,2,0,1,0,0,1,0,0,0,0,0,13.714565,51.079544
13,16,6,0,7,5,3,3,2,0,0,1,1,0,0,0,0,12.3536,51.340906
13,16,6,0,14,3,2,3,2,0,0,1,1,0,0,0,0,12.371145,51.344433
28,16,6,0,20,4,3,5,3,1,0,1,1,0,0,0,0,13.9345,50.967567
27,16,7,0,8,4,3,5,3,0,0,1,1,0,0,0,0,13.301007,51.303918
26,16,6,0,13,4,3,3,7,0,0,1,0,0,0,0,0,14.87776,50.937787
21,16,6,0,10,1,2,8,1,0,0,1,0,0,0,0,0,12.917698,50.630955
25,16,5,0,13,3,3,5,3,0,0,1,1,0,0,0,0,13.834452,51.194753
29,16,6,0,14,2,3,5,3,0,0,1,1,0,0,0,0,12.598158,51.301515
25,16,5,0,15,5,2,5,2,0,0,1,1,0,0,0,0,14.400606,51.052912
26,16,6,0,13,6,3,5,3,0,0,1,1,0,0,0,0,14.708626,51.313612
22,16,6,0,8,5,3,5,2,0,1,1,1,0,0,0,0,13.336459,50.908589
13,16,7,0,7,6,2,5,3,0,0,1,1,0,0,0,0,12.283773,51.344321
12,16,5,0,8,2,3,5,3,0,0,1,1,0,0,0,0,13.742029,51.064674
11,16,6,0,18,6,1,5,3,0,0,1,0,0,1,0,0,12.944138,50.848684
25,16,7,0,15,2,2,5,3,0,0,1,0,0,0,1,0,14.13011,51.283607
27,16,8,0,6,6,3,5,7,1,0,1,1,0,0,0,0,13.458639,51.139103
13,16,8,0,13,2,3,1,5,0,0,1,1,0,0,0,0,12.361874,51.342482
22,16,7,0,21,3,3,3,6,1,0,1,0,0,0,0,0,13.090415,51.170714
13,16,9,0,15,5,3,5,3,0,0,1,1,0,0,0,0,12.314308,51.340546
23,16,8,0,16,7,3,0,1,0,0,1,0,0,0,0,0,12.452352,50.5079
29,16,8,0,17,4,3,5,3,0,0,1,1,0,0,0,0,12.55395,51.163316
25,16,9,0,6,2,3,4,2,1,1,1,1,0,0,0,0,14.42797,51.164276
26,16,8,0,16,7,3,2,6,0,0,1,1,0,0,0,0,14.945651,51.322385
27,16,8,0,15,4,3,5,3,0,0,1,1,0,0,0,0,13.584194,51.123845
26,16,8,0,13,5,2,9,6,0,0,1,0,0,0,0,0,14.712482,51.520739
24,16,8,0,15,2,3,5,3,0,0,1,0,0,0,0,0,12.377528,50.719968
29,16,9,0,14,3,3,5,3,0,0,1,1,0,0,0,0,12.54211,51.354031
28,16,7,0,17,7,3,0,1,0,0,1,0,0,0,0,0,13.923613,50.98535
27,16,9,0,15,6,2,4,6,0,0,1,0,0,0,0,0,13.556588,51.127595
12,16,9,0,18,3,3,0,1,0,0,1,0,0,0,0,0,13.747672,51.067974
12,16,8,0,22,3,3,5,3,2,0,1,1,0,0,0,0,13.694206,51.043099
13,16,9,0,22,6,3,3,2,2,1,1,1,0,0,0,0,12.395265,51.33213
27,16,8,0,16,3,2,4,6,0,0,1,0,0,0,0,1,13.61119,51.229128
24,16,8,0,17,1,2,5,3,0,0,1,1,0,0,0,0,12.500387,50.704703
27,16,9,0,14,5,3,5,2,0,0,1,1,0,0,0,0,13.304769,51.302517
30,16,8,0,12,5,2,5,3,0,0,1,1,0,0,0,0,12.595643,51.5988
28,16,8,0,22,7,3,0,1,2,0,1,0,0,0,0,0,13.75564,50.749914
12,16,8,0,20,5,2,5,3,2,0,1,0,0,0,0,0,13.727223,51.058011
12,16,7,0,18,2,2,0,7,0,0,1,1,0,0,0,0,13.739018,51.044609
12,16,8,0,17,4,3,5,3,0,0,1,1,0,0,0,0,13.782161,51.113433
12,16,9,0,14,5,3,5,2,0,0,1,0,0,0,0,1,13.794275,51.066508
27,16,8,0,10,5,3,4,6,0,0,1,0,0,0,0,0,13.476606,51.164641
12,16,8,0,7,6,3,0,1,0,0,1,0,0,0,0,0,13.736269,51.072115
13,16,9,0,17,4,3,3,2,0,0,1,1,0,0,0,0,12.404532,51.320995
22,16,8,0,11,7,2,2,6,0,0,1,1,0,0,0,0,13.425878,50.779972
12,16,8,0,16,3,3,4,6,0,0,1,0,0,0,0,0,13.636562,51.087279
29,16,8,0,7,3,3,5,3,0,0,1,1,0,0,0,0,12.492642,51.124683
11,16,8,0,6,3,3,5,3,0,0,1,1,0,0,0,0,12.901038,50.825024
12,16,9,0,22,6,2,0,1,2,0,1,0,0,0,0,0,13.691742,51.042779
23,16,7,0,13,5,3,5,3,0,0,1,1,0,0,0,0,11.997574,50.580654
12,16,7,0,7,4,3,0,5,0,0,1,1,0,0,0,0,13.768953,51.018988
29,16,7,0,6,2,3,2,6,0,0,1,0,0,0,1,0,12.379805,51.251757
25,16,8,0,9,1,2,5,3,0,0,1,1,0,0,0,0,14.022866,51.201356
21,16,8,0,17,5,2,0,1,0,0,1,0,0,0,0,0,13.030606,50.505177
22,16,8,0,22,6,2,4,2,2,0,1,1,0,0,0,0,13.132763,51.122781
24,16,8,0,11,6,3,3,6,0,1,1,0,0,0,1,0,12.475683,50.677442
26,16,7,0,11,1,3,4,2,0,0,1,1,0,0,0,0,14.597145,51.008654
27,16,9,0,12,1,2,5,3,0,0,1,0,0,0,0,1,13.426568,51.319037
28,16,8,0,12,2,3,6,2,0,0,1,0,1,0,0,0,13.85538,50.959546
12,16,9,0,12,6,3,6,7,0,0,1,0,1,0,0,0,13.729359,51.083157
25,16,8,0,5,2,3,3,6,2,0,1,1,0,0,0,0,14.273038,51.459077
26,16,9,0,18,7,2,0,1,1,1,1,0,0,0,0,0,14.612734,51.003508
24,16,9,0,23,6,3,0,7,2,0,1,0,0,0,0,0,12.471525,50.710698
27,16,8,0,12,3,3,5,3,0,0,1,1,0,0,0,0,13.290807,51.290021
27,16,9,0,23,6,3,9,1,2,0,1,0,0,0,0,0,13.318922,51.324884
12,16,9,0,10,6,3,3,2,0,0,1,1,0,0,0,0,13.743477,51.047616
12,16,8,0,18,4,2,5,3,2,0,1,1,0,0,0,0,13.703422,51.088602
27,16,8,0,4,1,3,0,1,2,0,1,0,0,0,0,0,13.540424,51.319267
25,16,9,0,9,5,3,5,3,0,0,1,1,0,0,0,0,14.41125,51.179382
22,16,8,0,19,5,3,0,3,1,0,1,0,0,1,0,0,13.039438,51.156103
22,16,8,0,10,7,2,2,6,0,0,1,0,0,0,0,1,13.329837,50.922431
29,16,8,0,13,6,3,5,3,0,1,1,1,0,0,0,0,12.426011,51.111968
12,16,7,0,15,1,3,0,3,0,0,1,1,0,0,0,0,13.742017,51.064676
13,16,9,0,10,6,3,8,1,0,0,1,1,0,0,0,0,12.322859,51.338776
23,16,9,0,16,7,2,3,7,0,0,1,0,0,0,0,0,12.523939,50.421758
22,16,7,0,10,4,2,8,1,0,0,1,0,0,0,0,0,13.189586,51.064786
25,16,8,0,13,3,3,5,3,0,0,1,1,0,0,0,0,14.440338,51.144063
21,16,8,0,16,5,3,2,2,0,0,1,1,0,0,0,0,12.79589,50.539936
28,16,8,0,18,2,3,0,1,0,0,1,0,0,0,0,0,13.935019,50.967357
22,16,7,0,22,4,2,8,1,2,0,1,0,0,0,0,0,13.300094,50.92433
12,16,9,0,14,6,2,8,1,0,0,1,0,0,0,0,0,13.723715,51.045277
12,16,7,0,17,3,3,0,7,0,0,1,0,0,0,0,0,13.721435,51.034374
12,16,8,0,6,2,3,5,3,0,0,1,1,0,0,0,0,13.719711,51.094286
12,16,7,0,14,6,3,6,6,0,0,1,0,1,0,0,0,13.715376,51.037043
25,16,9,0,17,2,2,4,2,0,0,1,1,0,0,0,0,14.103341,51.279158
12,16,8,0,2,1,3,5,3,2,0,1,0,0,0,0,0,13.727232,51.058007
13,16,8,0,0,7,3,0,7,2,0,1,0,0,0,0,0,12.370935,51.344099
29,16,8,0,17,5,3,0,1,0,0,1,1,0,0,0,0,12.235489,51.311432
24,16,7,0,15,7,2,0,1,0,0,1,0,0,0,0,0,12.63092,50.870642
28,16,7,0,16,6,3,5,3,0,0,1,1,0,0,0,0,13.676031,50.881605
12,16,7,0,15,5,3,0,1,0,1,1,0,0,0,0,0,13.874843,51.060527
27,16,9,0,14,6,2,5,3,0,0,1,1,0,0,0,0,13.36035,51.328522
23,16,7,0,18,5,3,0,1,0,0,1,0,0,0,0,0,12.25244,50.333236
24,16,8,0,9,3,3,5,3,0,0,1,1,0,0,0,0,12.715058,50.798125
30,16,8,0,6,7,3,5,3,0,0,1,1,0,0,0,0,12.930396,51.455792
28,16,8,0,17,7,3,5,3,0,0,1,1,0,0,0,0,13.934482,50.967488
25,16,8,0,7,5,2,5,3,0,0,1,1,0,0,0,0,13.784509,51.182479
21,16,8,0,14,3,2,0,1,0,0,1,0,0,0,0,0,13.035841,50.770539
26,16,9,0,15,6,3,4,2,0,0,1,1,0,0,0,0,14.718047,51.515989
25,16,8,0,19,4,3,5,3,0,0,1,1,0,0,0,0,14.22048,51.451563
28,16,9,0,15,5,3,2,6,0,0,1,1,0,0,0,0,13.903136,50.96691
28,16,8,0,15,3,2,0,1,0,0,1,0,0,0,0,0,13.562595,50.853572
25,16,9,0,19,6,2,3,2,1,0,1,1,0,0,0,0,14.347702,51.098442
30,16,7,0,17,4,3,5,3,0,0,1,1,0,0,0,0,12.233394,51.392473
13,16,9,0,17,4,3,3,2,0,0,1,1,0,0,0,0,12.38688,51.345685
29,16,9,0,9,6,3,5,3,0,0,1,1,0,0,0,0,12.505101,51.130064
21,16,7,0,15,5,3,5,3,0,0,1,1,0,0,0,0,12.763346,50.47498
13,16,9,0,6,3,3,3,2,0,0,1,0,0,0,0,1,12.398044,51.366952
11,16,9,0,6,6,3,5,3,0,0,1,1,0,0,0,0,12.882866,50.798316
25,16,8,0,17,5,3,0,1,0,0,1,0,0,0,0,0,13.898034,51.13649
27,16,9,0,9,5,2,5,2,0,0,1,1,0,0,0,0,13.383378,51.300939
25,16,8,0,12,7,3,5,3,0,0,1,1,0,0,0,0,14.306041,51.442201
12,16,8,0,14,6,3,0,2,0,0,1,1,0,0,0,0,13.731269,51.024856
29,16,9,0,17,4,3,2,6,0,0,1,0,0,0,0,0,12.233504,51.310427
13,16,8,0,17,3,3,5,3,0,0,1,1,0,0,0,0,12.344842,51.339183
12,16,8,0,12,3,3,5,3,0,1,1,1,0,0,0,0,13.728963,51.059324
12,16,9,0,19,5,3,5,3,1,0,1,1,0,0,0,0,13.715234,51.078561
13,16,8,0,16,3,3,5,3,0,0,1,1,0,0,0,0,12.372968,51.301424
27,16,8,0,13,5,3,5,3,0,0,1,1,0,0,0,0,13.56596,51.150772
22,16,7,0,23,7,3,3,6,2,0,1,1,0,0,0,0,12.980218,50.986739
12,16,8,0,14,6,2,3,2,0,0,1,1,0,0,0,0,13.747243,51.051257
30,16,8,0,12,2,3,5,3,0,0,1,1,0,0,0,0,12.999745,51.554615
12,16,8,0,22,4,3,0,1,2,0,1,0,0,0,0,0,13.699057,51.04361
25,16,7,0,17,2,3,5,3,2,0,1,1,0,0,0,0,14.437715,51.180949
24,16,8,0,12,4,3,5,3,0,0,1,1,0,0,0,0,12.533158,50.675467
30,16,8,0,9,7,2,0,1,0,1,1,1,0,0,0,0,13.093982,51.291311
23,16,8,0,17,1,2,0,7,0,0,1,0,0,0,0,0,12.299001,50.400713
29,16,9,0,12,5,3,1,5,0,0,1,1,0,0,0,0,12.601327,51.277297
13,16,7,0,20,2,3,5,3,1,0,1,0,0,0,0,1,12.380162,51.344235
26,16,8,0,17,1,3,0,6,0,0,1,1,0,0,0,0,14.65959,51.05042
27,16,8,0,13,4,2,3,6,0,0,1,0,0,0,1,0,13.490457,51.164102
28,16,7,0,12,4,3,5,3,0,0,1,1,0,0,0,0,13.924624,50.957588
12,16,8,0,9,5,3,5,2,0,0,1,1,0,0,0,0,13.715174,51.078651
28,16,8,0,11,5,3,5,3,0,0,1,1,0,0,0,0,13.940421,50.95171
13,16,7,0,14,4,3,6,4,0,0,1,0,1,0,0,0,12.373506,51.314813
29,16,8,0,18,2,1,5,3,0,0,1,1,0,0,0,0,12.741593,51.356345
24,16,8,0,13,6,3,3,2,0,0,1,0,0,1,0,0,12.663506,50.652425
27,16,8,0,21,1,2,4,6,2,0,1,0,0,0,0,0,13.540403,51.319192
24,16,8,0,6,4,3,0,1,0,0,1,0,0,0,0,0,12.464219,50.708734
12,16,7,0,8,2,3,0,3,0,0,1,0,0,0,0,0,13.729543,51.082976
25,16,9,0,0,1,2,6,6,2,0,1,0,1,0,0,0,14.603345,51.155814
30,16,8,0,7,4,3,0,7,0,0,1,0,0,0,0,0,13.137768,51.289565
28,16,9,0,8,2,3,5,2,0,0,1,1,0,0,0,0,13.947522,50.959567
12,16,8,0,14,4,3,5,3,0,0,1,1,0,0,0,0,13.772869,51.014528
24,16,8,0,17,5,2,2,6,0,0,1,1,0,0,0,0,12.635458,50.750873
29,16,8,0,16,7,2,5,3,0,0,1,1,0,0,0,0,12.86862,51.397433
13,16,8,0,15,3,3,4,6,0,0,1,0,0,0,0,0,12.394196,51.350724
22,16,7,0,14,1,2,0,1,0,1,1,0,0,0,0,0,12.820055,50.88981
25,16,7,0,16,6,3,5,3,0,0,1,1,0,0,0,0,14.403723,51.257004
25,16,7,0,3,7,3,7,7,1,0,1,0,0,0,0,0,14.52941,51.218191
22,16,7,0,6,6,3,5,2,0,1,1,0,0,0,1,0,13.338748,50.922013
13,16,7,0,13,7,3,5,3,0,0,1,1,0,0,0,0,12.271011,51.317608
27,16,9,0,11,1,3,3,6,0,0,1,1,0,0,0,0,13.394812,51.196596
26,16,8,0,9,3,3,3,2,0,0,1,1,0,0,0,0,14.970744,51.151292
24,16,9,0,21,5,3,3,6,2,0,1,1,0,0,0,0,12.436854,50.757632
25,16,7,0,10,4,3,5,3,0,0,1,1,0,0,0,0,14.474523,51.211316
13,16,9,0,12,6,3,5,3,0,0,1,1,0,0,0,0,12.38995,51.346557
13,16,9,0,7,2,3,5,3,1,1,1,1,0,0,0,0,12.406599,51.314097
12,16,9,0,12,6,3,5,2,0,0,1,1,0,0,0,0,13.755453,51.026391
24,16,7,0,14,5,3,0,6,0,0,1,1,0,0,0,0,12.63475,50.752058
11,16,8,0,10,4,3,5,3,0,0,1,1,0,0,0,0,12.91958,50.829995
11,16,8,0,17,1,3,5,3,0,0,1,1,0,0,0,0,13.016244,50.844832
21,16,9,0,17,5,3,4,7,0,0,1,1,0,0,0,0,12.728538,50.723828
12,16,7,0,18,3,3,5,3,0,0,1,1,0,0,0,0,13.887779,51.035219
12,16,7,0,9,2,2,0,1,0,0,1,0,0,0,0,0,13.776355,51.067401
12,16,7,0,10,1,3,0,7,0,0,1,0,0,0,0,0,13.738633,51.029097
26,16,8,0,14,4,3,1,7,0,0,1,1,0,0,0,0,14.664958,51.098129
27,16,8,0,13,7,3,5,3,0,0,1,1,0,0,0,0,13.578145,51.1324
30,16,7,0,22,7,3,4,6,2,0,1,0,0,0,0,0,12.355241,51.43273
28,16,9,0,23,7,2,0,1,2,0,1,0,0,0,0,0,14.146745,50.919662
12,16,7,0,9,6,3,3,2,0,0,1,1,0,0,0,0,13.790618,51.119168
30,16,7,0,8,4,3,5,3,0,0,1,1,0,0,0,0,12.582125,51.592631
13,16,7,0,19,3,3,3,6,0,0,1,0,0,0,0,0,12.392947,51.344856
24,16,9,0,19,4,3,3,2,2,0,1,1,0,0,0,0,12.488751,50.696098
12,16,8,0,7,3,3,5,3,0,0,1,1,0,0,0,0,13.74892,51.027819
12,16,7,0,16,2,3,2,2,0,0,1,1,0,0,0,0,13.813153,51.083826
26,16,7,0,15,5,3,5,3,0,0,1,1,0,0,0,0,14.589002,51.00841
12,16,8,0,19,6,3,8,1,0,0,1,0,0,0,0,0,13.816402,51.055501
30,16,9,0,21,6,3,0,1,2,1,1,0,0,0,0,0,12.960107,51.332864
27,16,7,0,7,7,3,5,3,0,0,1,1,0,0,0,0,13.530935,51.286188
13,16,8,0,19,5,3,1,5,0,0,1,1,0,0,0,0,12.380461,51.344111
13,16,7,0,4,5,2,5,3,2,0,1,1,0,0,0,0,12.377074,51.344512
25,16,9,0,18,7,3,5,3,0,0,1,1,0,0,0,0,13.999881,51.094347
12,16,8,0,9,2,3,5,3,0,0,1,1,0,0,0,0,13.721503,51.041913
13,16,8,0,18,6,2,4,6,0,0,1,0,0,0,0,0,12.398254,51.352934
25,16,8,0,14,7,3,3,2,0,0,1,1,0,0,0,0,14.455984,51.177559
12,16,8,0,20,3,3,5,2,1,0,1,1,0,0,0,0,13.735737,51.099747
28,16,9,0,10,7,3,5,3,0,0,1,1,0,0,0,0,13.650763,51.000996
12,16,8,0,7,3,3,5,2,0,0,1,0,0,0,0,1,13.823779,51.057747
25,16,9,0,13,3,2,5,3,0,0,1,1,0,0,0,0,14.454712,51.082198
25,16,8,0,12,5,2,0,2,0,0,1,1,0,0,0,0,14.394595,51.179638
13,16,8,0,11,1,3,5,2,0,0,1,1,0,0,0,0,12.345036,51.375176
12,16,8,0,17,5,3,5,3,0,0,1,1,0,0,0,0,13.840239,51.06217
13,16,9,0,14,1,3,3,2,0,0,1,1,0,0,0,0,12.391406,51.34744
11,16,8,0,14,4,2,3,6,0,0,1,0,0,0,1,0,12.952819,50.86279
27,16,8,0,18,5,2,0,5,0,0,1,1,0,0,0,0,13.681155,51.102272
13,16,9,0,20,7,3,3,2,2,0,1,1,0,0,0,0,12.377059,51.34451
12,16,9,0,5,4,3,5,3,2,0,1,1,0,0,0,0,13.712865,51.061591
12,16,8,0,17,4,3,5,3,0,0,1,1,0,0,0,0,13.77931,51.066929
24,16,7,0,17,6,3,1,1,0,0,1,1,0,0,0,0,12.473716,50.735123
12,16,9,0,20,6,3,5,2,2,0,1,1,0,0,0,0,13.724896,51.073148
28,16,7,0,11,1,3,4,6,0,0,1,0,0,0,0,0,13.907082,50.966057
24,16,8,0,13,2,3,5,3,0,0,1,1,0,0,0,0,12.530226,50.762322
27,16,8,0,17,4,3,5,3,0,0,1,1,0,0,0,0,13.562706,51.162644
29,16,8,0,12,1,3,0,3,0,0,1,1,0,0,0,0,12.385651,51.227536
27,16,9,0,16,5,3,5,3,0,0,1,1,0,0,0,0,13.680018,51.161017
11,16,9,0,20,3,3,6,4,2,0,1,0,1,0,0,0,12.927344,50.85843
24,16,8,0,15,1,3,5,3,0,0,1,1,0,0,0,0,12.473913,50.720564
12,16,9,0,14,3,3,0,5,0,0,1,1,0,0,0,0,13.72151,51.09188
13,16,9,0,11,5,3,5,3,0,0,1,0,0,0,0,1,12.24726,51.31814
12,16,8,0,18,5,3,5,3,0,0,1,1,0,0,0,0,13.69243,51.042869
13,16,7,0,16,2,3,5,3,0,0,1,1,0,0,0,0,12.39502,51.342752
22,16,8,0,17,7,2,8,1,0,0,1,0,0,0,0,0,13.055676,51.062939
23,16,8,0,11,7,3,0,2,0,0,1,1,0,0,0,0,12.162008,50.432976
28,16,9,0,10,1,3,5,2,0,0,1,1,0,0,0,0,14.213492,51.020521
27,16,8,0,8,3,2,1,5,0,0,1,1,0,0,0,0,13.580361,51.125186
24,16,7,0,12,2,2,5,3,0,0,1,1,0,0,0,0,12.511658,50.675938
22,16,7,0,7,6,3,5,3,0,0,1,1,0,0,0,0,13.425914,50.70994
28,16,8,0,15,5,2,5,3,0,0,1,1,0,0,0,0,13.761081,50.763324
13,16,8,0,8,2,2,2,6,0,0,1,0,0,1,0,0,12.430087,51.353558
12,16,9,0,5,6,3,8,1,2,0,1,0,0,0,0,0,13.701911,51.090861
11,16,9,0,9,6,2,5,3,0,0,1,1,0,0,0,0,12.912044,50.811776
13,16,7,0,17,5,2,5,3,0,0,1,0,0,0,0,1,12.457667,51.350356
22,16,8,0,14,4,3,3,6,0,0,1,1,0,0,0,0,13.128519,51.125661
12,16,8,0,1,1,3,0,1,2,0,1,0,0,0,0,0,13.750703,51.071384
11,16,9,0,14,5,2,5,2,0,0,1,1,0,0,0,0,12.883299,50.816952
26,16,8,0,16,2,3,0,1,0,0,1,0,0,0,0,0,14.943044,51.147856
22,16,8,0,15,1,3,4,1,0,0,1,1,0,0,0,0,13.084282,50.833915
12,16,9,0,10,5,3,5,2,0,0,1,0,0,0,1,0,13.741222,51.046326
12,16,7,0,9,2,3,5,2,0,0,1,0,0,0,0,1,13.745045,51.049455
12,16,9,0,16,1,3,5,2,0,0,1,1,0,0,0,0,13.79376,51.001823
28,16,9,0,16,2,3,5,3,0,0,1,1,0,0,0,0,13.642134,51.015538
12,16,8,0,15,4,3,5,3,0,0,1,1,0,0,0,0,13.747031,51.063692
22,16,9,0,17,3,3,3,6,0,0,1,1,0,0,0,0,13.072834,50.861887
28,16,8,0,14,4,2,0,1,0,0,1,0,0,0,0,0,13.677258,50.879775
13,16,8,0,16,7,3,3,2,0,0,1,1,0,0,0,0,12.403912,51.321713
28,16,7,0,14,1,3,8,1,0,1,1,0,0,0,0,0,13.651048,50.844831
13,16,9,0,16,6,3,5,3,0,0,1,1,0,0,0,0,12.391303,51.347424
26,16,7,0,9,6,2,1,5,0,0,1,1,0,0,0,0,14.971098,51.146784
25,16,8,0,16,3,3,0,7,0,0,1,0,0,0,0,0,14.423411,51.179641
13,16,7,0,16,2,3,5,3,0,0,1,1,0,0,0,0,12.460868,51.367267
11,16,8,0,7,5,3,5,3,0,0,1,1,0,0,0,0,12.887343,50.851979
24,16,9,0,20,5,3,5,3,2,0,1,1,0,0,0,0,12.526945,50.622563
12,16,8,0,9,2,3,3,6,0,0,1,1,0,0,0,0,13.704783,51.039662
13,16,7,0,14,5,3,5,3,0,0,1,1,0,0,0,0,12.392597,51.334101
25,16,8,0,9,6,3,5,2,0,0,1,1,0,0,0,0,14.416684,51.179341
25,16,8,0,13,6,3,1,2,0,1,1,1,0,0,0,0,14.071929,51.334984
12,16,9,0,17,1,2,5,3,0,1,1,1,0,0,0,0,13.739278,51.066794
24,16,8,0,9,5,3,1,3,0,0,1,1,0,0,0,0,12.675915,50.695312
25,16,9,0,23,6,3,8,6,2,0,1,1,0,0,0,0,14.287732,51.250768
12,16,7,0,15,6,3,0,1,0,0,1,0,0,0,0,0,13.7507,51.071381
12,16,8,0,15,3,3,1,5,0,0,1,1,0,0,0,0,13.715243,51.078549
12,16,8,0,18,4,3,3,6,0,0,1,0,0,0,0,1,13.666575,51.075404
25,16,7,0,21,1,3,3,6,1,0,1,1,0,0,0,0,14.146253,51.250698
29,16,9,0,19,6,3,3,6,0,0,1,1,0,0,0,0,12.212043,51.264276
27,16,7,0,16,7,2,0,7,0,0,1,0,0,0,0,0,13.530717,51.281368
12,16,8,0,4,3,2,4,6,2,0,1,0,0,0,0,0,13.692671,51.082889
12,16,7,0,13,5,3,3,2,0,1,1,1,0,0,0,0,13.704343,51.043719
12,16,8,0,15,2,3,0,6,0,0,1,0,0,0,0,1,13.74697,51.051703
13,16,9,0,14,5,3,4,2,0,0,1,1,0,0,0,0,12.331942,51.335914
23,16,9,0,14,4,2,5,3,0,0,1,1,0,0,0,0,12.337374,50.57577
25,16,8,0,20,4,3,5,3,1,0,1,1,0,0,0,0,14.517064,51.101114
24,16,7,0,11,2,2,5,2,0,0,1,1,0,0,0,0,12.771349,50.86433
23,16,8,0,11,2,2,0,7,0,0,1,0,0,0,0,0,12.140166,50.489341
13,16,9,0,15,3,3,5,3,0,0,1,1,0,0,0,0,12.388276,51.346274
27,16,9,0,11,6,2,5,2,0,0,1,0,0,0,0,1,13.531881,51.289465
13,16,7,0,12,1,3,4,1,0,0,1,1,0,0,0,0,12.301552,51.293567
12,16,8,0,13,3,3,0,7,0,0,1,1,0,0,0,0,13.696047,51.043286
22,16,7,0,11,5,3,3,2,0,1,1,1,0,0,0,0,13.024039,50.907481
24,16,8,0,10,1,3,5,2,0,0,1,1,0,0,0,0,12.498347,50.686817
27,16,7,0,9,7,3,5,3,0,0,1,1,0,0,0,0,13.475651,51.163068
28,16,9,0,18,5,2,5,2,0,0,1,1,0,0,0,0,13.934463,50.967405
27,16,9,0,5,3,2,5,3,2,0,1,1,0,0,0,0,13.400821,51.36623
24,16,7,0,9,2,3,5,3,0,0,1,1,0,0,0,0,12.537364,50.829933
12,16,7,0,14,7,3,5,3,0,0,1,1,0,0,0,0,13.77152,51.015713
25,16,7,0,19,7,3,7,7,0,0,1,0,0,0,0,0,13.992164,51.246606
12,16,8,0,13,2,3,5,3,0,0,1,1,0,0,0,0,13.723022,51.074545
26,16,8,0,9,5,3,5,3,0,0,1,1,0,0,0,0,14.619098,51.507608
25,16,8,0,11,7,3,4,2,0,0,1,1,0,0,0,0,14.199795,51.233772
12,16,8,0,8,6,3,5,3,0,0,1,1,0,0,0,0,13.702625,51.033434
12,16,9,0,16,2,3,5,2,0,0,1,1,0,0,0,0,13.768325,51.019778
12,16,8,0,17,6,3,5,2,0,0,1,1,0,0,0,0,13.603681,51.093378
13,16,8,0,11,3,3,3,2,0,1,1,1,0,0,0,0,12.395357,51.339227
13,16,8,0,17,3,3,4,2,0,0,1,1,0,0,0,0,12.331941,51.335914
21,16,8,0,18,4,3,4,2,0,0,1,1,0,0,0,0,12.708349,50.713138
25,16,8,0,11,5,3,4,2,0,0,1,1,0,0,0,0,14.431366,51.077316
13,16,8,0,17,5,3,5,3,0,0,1,1,0,0,0,0,12.254651,51.281159
25,16,9,0,13,4,3,0,1,0,0,1,0,0,0,0,0,14.338855,51.460269
12,16,8,0,16,5,3,5,3,0,0,1,1,0,0,0,0,13.746486,51.05742
24,16,7,0,9,1,2,8,1,0,0,1,0,0,0,0,0,12.632836,50.784876
25,16,9,0,6,4,2,3,6,0,0,1,1,0,0,0,0,14.055444,51.145802
25,16,7,0,14,1,3,5,2,0,0,1,1,0,0,0,0,14.417525,51.179426
23,16,9,0,7,6,3,5,3,0,0,1,1,0,0,0,0,12.302424,50.542247
29,16,7,0,22,6,2,0,7,2,1,1,0,0,0,0,0,12.753624,51.186933
23,16,7,0,1,7,2,3,6,2,0,1,1,0,0,0,0,12.250823,50.613817
12,16,7,0,19,4,3,5,3,0,0,1,1,0,0,0,0,13.71865,51.076688
24,16,7,0,8,2,2,0,5,0,0,1,1,0,0,0,0,12.742054,50.790651
27,16,9,0,8,7,2,0,1,0,1,1,0,0,0,0,0,13.662693,51.105464
22,16,8,0,11,7,2,8,7,0,0,1,0,0,0,0,0,12.950791,50.912441
12,16,7,0,15,2,3,5,3,0,0,1,1,0,0,0,0,13.734717,51.040809
24,16,8,0,18,3,3,3,6,0,0,1,1,0,0,0,0,12.487405,50.758896