CSV=`UKREIS,UJAHR,UMONAT,UTAG,USTUNDE,UWOCHENTAG,UKATEGORIE,UART,UTYP,LICHT,USTRZUSTAND,IstRad,IstPKW,IstFuss,IstKrad,IstGkfz,IstSonstig,@lon,@lat
13,16,11,0,15,2,3,5,2,0,0,1,0,0,0,1,0,12.392451,51.345422
27,16,12,0,18,3,3,1,5,2,0,1,1,0,0,0,0,13.630838,51.108082
30,16,10,0,13,4,3,0,6,0,0,1,0,0,0,0,0,12.998559,51.555848
24,16,10,0,10,7,3,5,3,0,0,1,1,0,0,0,0,12.671373,50.661928
11,16,11,0,18,5,3,5,3,2,0,1,1,0,0,0,0,12.92368,50.860101
25,16,11,0,10,3,3,5,3,0,0,1,1,0,0,0,0,14.071668,51.377062
24,16,9,0,23,6,3,1,7,2,0,1,1,0,0,0,0,12.532721,50.820168
30,16,10,0,12,3,3,0,3,0,1,1,1,0,0,0,0,12.627933,51.458165
22,16,11,0,10,3,2,5,3,0,0,1,1,0,0,0,0,12.799634,51.048051
21,16,10,0,9,2,3,5,3,0,0,1,1,0,0,0,0,12.787087,50.539207
22,16,10,0,7,4,3,5,3,2,1,1,1,0,0,0,0,12.881942,50.936805
13,16,10,0,6,2,3,3,2,2,1,1,1,0,0,0,0,12.353385,51.341147
25,16,12,0,11,5,3,5,2,0,0,1,1,0,0,0,0,14.433319,51.181203
13,16,10,0,6,3,3,5,3,2,1,1,1,0,0,0,0,12.344883,51.339192
13,16,12,0,19,2,3,5,3,2,0,1,0,0,0,0,1,12.394888,51.342759
24,16,11,0,9,7,3,6,1,0,0,1,0,1,0,0,0,12.732842,50.789189
27,16,10,0,7,5,3,5,2,1,1,1,1,0,0,0,0,13.520896,51.284415
26,16,12,0,3,1,3,0,1,2,0,1,0,0,0,0,0,14.691924,50.898471
28,16,11,0,21,1,3,0,1,2,0,1,0,0,0,0,0,14.142738,50.921438
12,16,10,0,15,4,3,5,3,0,1,1,1,0,0,0,0,13.722043,51.046294
26,16,10,0,14,2,3,8,1,0,0,1,0,0,0,0,0,14.896328,51.229019
25,16,12,0,16,4,2,4,2,1,1,1,1,0,0,0,0,13.988527,51.092523
26,16,9,0,13,5,2,3,6,0,0,1,1,0,0,0,0,15.011078,51.300497
24,16,11,0,13,5,2,5,3,0,0,1,1,0,0,0,0,12.527008,50.824719
12,16,9,0,7,4,3,5,2,0,0,1,0,0,0,0,1,13.874874,51.010241
22,16,12,0,8,3,2,2,3,0,1,1,1,0,0,0,0,13.349366,50.914451
25,16,9,0,13,2,3,5,2,0,0,1,1,0,0,0,0,14.447822,51.179577
26,16,11,0,17,2,3,4,6,2,0,1,0,0,0,0,0,14.952577,51.136949
24,16,12,0,17,2,2,5,3,2,0,1,1,0,0,0,0,12.387385,50.817598
12,16,10,0,21,3,3,5,2,2,1,1,1,0,0,0,0,13.694257,51.043106
12,16,12,0,8,2,3,5,3,0,1,1,1,0,0,0,0,13.723786,51.045185
13,16,10,0,11,6,3,3,2,0,0,1,0,0,0,1,0,12.426637,51.303494
12,16,11,0,18,2,3,5,2,2,1,1,1,0,0,0,0,13.731946,51.079618
25,16,12,0,16,2,3,8,1,2,0,1,0,0,0,0,0,14.102396,51.278144
12,16,9,0,14,4,3,5,3,0,0,1,0,0,0,0,1,13.720605,51.049349
25,16,11,0,8,2,2,5,3,0,1,1,1,0,0,0,0,13.916854,51.090931
12,16,11,0,0,1,3,3,6,2,1,1,0,0,0,0,1,13.729201,51.083309
28,16,12,0,8,2,3,5,3,0,0,1,1,0,0,0,0,13.939564,50.953629
12,16,10,0,16,5,3,5,3,0,1,1,1,0,0,0,0,13.693278,51.061127
29,16,11,0,7,3,3,5,3,0,0,1,1,0,0,0,0,12.590963,51.329086
13,16,11,0,15,4,3,5,2,0,0,1,1,0,0,0,0,12.394847,51.343184
22,16,10,0,8,1,2,0,3,0,0,1,1,0,0,0,0,13.319646,50.858332
22,16,12,0,15,2,3,5,2,0,1,1,1,0,0,0,0,13.141839,51.121169
24,16,11,0,15,6,3,5,3,0,0,1,1,0,0,0,0,12.480979,50.736862
27,16,9,0,6,4,1,2,6,0,0,1,1,0,0,0,0,13.563797,51.127087
29,16,9,0,9,7,3,5,3,0,0,1,1,0,0,0,0,12.505097,51.130052
11,16,11,0,6,5,2,5,3,1,0,1,1,0,0,0,0,12.914863,50.828915
13,16,12,0,17,4,2,6,6,2,1,1,0,1,0,0,0,12.347349,51.339605
27,16,11,0,9,2,3,5,3,0,0,1,0,0,0,0,1,13.53434,51.296836
26,16,9,0,15,6,3,5,3,0,0,1,1,0,0,0,0,14.722154,50.880239
12,16,9,0,13,3,3,5,3,0,0,1,1,0,0,0,0,13.68972,51.06178
30,16,12,0,11,4,3,5,3,0,1,1,1,0,0,0,0,12.993185,51.359568
12,16,12,0,9,2,3,3,6,0,0,1,0,0,0,0,1,13.738687,51.044373
22,16,12,0,10,5,2,5,2,0,0,1,1,0,0,0,0,13.350377,50.91986
26,16,9,0,17,3,3,5,2,0,0,1,1,0,0,0,0,14.589197,51.537573
28,16,12,0,7,3,3,8,1,1,0,1,0,0,0,0,0,13.944711,50.838052
25,16,12,0,7,5,3,1,5,1,2,1,1,0,0,0,0,13.898628,51.141307
27,16,10,0,21,7,3,5,2,2,1,1,1,0,0,0,0,13.590114,51.138669
13,16,12,0,12,7,3,5,3,0,0,1,1,0,0,0,0,12.394985,51.332158
29,16,11,0,9,6,3,5,2,0,0,1,1,0,0,0,0,12.493356,51.124994
30,16,9,0,9,6,2,5,3,0,0,1,1,0,0,0,0,12.587622,51.593416
24,16,10,0,14,2,3,5,3,0,0,1,1,0,0,0,0,12.761273,50.861844
28,16,11,0,17,4,3,6,4,2,1,1,0,1,0,0,0,13.931045,50.962343
28,16,12,0,6,4,3,5,3,2,1,1,1,0,0,0,0,14.216459,51.020146
12,16,12,0,0,1,3,5,3,2,0,1,1,0,0,0,0,13.69685,51.043372
13,16,11,0,16,7,3,4,2,0,1,1,1,0,0,0,0,12.39443,51.336792
30,16,12,0,11,4,3,5,3,0,0,1,1,0,0,0,0,12.335224,51.518206
27,16,10,0,7,5,3,5,3,2,1,1,1,0,0,0,0,13.478775,51.170175
25,16,9,0,19,2,3,5,3,2,0,1,1,0,0,0,0,14.113276,51.290861
22,16,9,0,7,5,3,4,2,0,0,1,1,0,0,0,0,13.25349,50.897243
27,16,10,0,22,1,3,0,1,2,0,1,0,0,0,0,0,13.488112,51.166382
22,16,10,0,10,7,2,5,3,0,1,1,1,0,0,0,0,13.324586,50.911637
25,16,10,0,10,5,2,5,3,0,1,1,1,0,0,0,0,14.024011,51.147784
26,16,12,0,21,6,3,5,3,2,0,1,1,0,0,0,0,14.637268,51.500953
12,16,11,0,11,6,3,0,1,0,0,1,0,0,0,0,0,13.732786,51.03811
26,16,12,0,13,5,3,5,3,0,0,1,1,0,0,0,0,14.729921,50.950589
28,16,10,0,10,6,2,0,1,0,1,1,0,0,0,0,0,13.93453,50.966831
27,16,11,0,7,3,3,5,3,0,0,1,1,0,0,0,0,13.636737,51.107196
26,16,12,0,14,5,3,3,2,0,0,1,1,0,0,0,0,14.637215,51.500907
12,16,9,0,7,6,3,1,5,0,0,1,1,0,0,0,0,13.843047,51.059435
12,16,12,0,13,5,3,5,3,0,0,1,1,0,0,0,0,13.793759,51.001824
12,16,12,0,7,4,3,3,5,1,1,1,1,0,0,0,0,13.770911,51.115738
21,16,9,0,13,5,2,5,3,0,0,1,0,0,0,0,1,12.529966,50.520453
28,16,11,0,5,5,2,5,2,2,1,1,1,0,0,0,0,13.931053,50.961111
26,16,10,0,5,5,3,9,3,2,0,1,1,0,0,0,0,14.970957,51.150931
12,16,9,0,14,4,3,5,3,0,0,1,0,0,0,0,1,13.727702,51.043738
21,16,10,0,14,5,2,2,6,0,0,1,0,0,0,0,1,12.696992,50.58906
12,16,12,0,19,6,3,5,2,2,0,1,1,0,0,0,0,13.706522,51.028715
27,16,9,0,15,2,2,5,3,0,0,1,1,0,0,0,0,13.635014,51.107451
24,16,9,0,16,4,2,5,3,0,0,1,1,0,0,0,0,12.445431,50.842504
28,16,10,0,11,7,3,8,5,0,0,1,0,0,0,0,1,14.00359,51.027721
25,16,10,0,7,3,3,5,3,1,0,1,1,0,0,0,0,13.828839,51.174587
13,16,11,0,7,5,3,5,2,0,0,1,1,0,0,0,0,12.435063,51.351118
22,16,10,0,7,6,3,5,3,1,1,1,1,0,0,0,0,13.336061,50.913529
13,16,1,0,23,4,3,3,6,2,1,1,1,0,0,0,0,12.37323,51.314055
30,16,1,0,17,2,2,5,3,2,1,1,1,0,0,0,0,12.330609,51.530892
13,16,1,0,15,6,3,0,1,0,1,1,0,0,0,0,0,12.401006,51.34253
13,16,1,0,14,7,3,0,5,0,0,1,1,0,0,0,0,12.294439,51.358869
12,16,1,0,2,6,3,0,1,2,1,1,0,0,0,0,0,13.69158,51.051003
23,16,1,0,6,6,2,5,7,2,2,1,1,0,0,0,0,12.095906,50.497961
13,16,1,0,11,3,3,5,3,0,2,1,1,0,0,0,0,12.371065,51.338236
23,16,1,0,15,1,2,8,1,0,2,1,0,0,0,0,0,12.134976,50.516329
13,16,1,0,17,6,3,4,6,2,0,1,1,0,0,0,0,12.384332,51.342433
11,16,1,0,17,6,3,0,7,1,1,1,0,0,0,0,0,12.884559,50.83159
13,16,1,0,8,3,3,3,6,1,0,1,0,0,0,0,1,12.365438,51.362395
26,16,1,0,16,4,3,5,3,0,1,1,1,0,0,0,0,14.630471,51.494623
13,16,1,0,17,7,3,5,3,2,1,1,1,0,0,0,0,12.365713,51.363472
25,16,1,0,1,6,3,0,7,2,0,1,0,0,0,0,0,14.440726,51.174525
25,16,1,0,18,4,2,5,3,2,1,1,1,0,0,0,0,14.104184,51.278462
12,16,1,0,13,7,3,1,5,0,0,1,1,0,0,0,0,13.719129,51.077409
13,16,1,0,14,3,3,9,5,0,1,1,0,0,0,0,1,12.406051,51.346332
12,16,1,0,6,3,3,5,2,2,1,1,0,0,0,0,1,13.825166,51.003398
29,16,1,0,20,3,3,5,3,2,1,1,1,0,0,0,0,12.430886,51.281183
12,16,1,0,7,6,3,0,1,1,2,1,0,0,0,0,0,13.748451,51.053589
13,16,1,0,9,5,3,5,5,0,1,1,1,0,0,0,0,12.40018,51.335419
12,16,1,0,1,2,3,0,7,2,1,1,1,0,0,0,0,13.749623,51.071571
12,16,1,0,6,6,2,0,1,2,2,1,0,0,0,0,0,13.739349,51.084954
12,16,1,0,11,4,3,5,2,0,1,1,1,0,0,0,0,13.71845,51.029039
13,16,1,0,15,5,3,3,2,0,0,1,1,0,0,0,0,12.373691,51.320584
12,16,1,0,17,6,3,5,2,1,0,1,1,0,0,0,0,13.74262,51.061471
12,16,1,0,10,7,2,0,1,0,1,1,0,0,0,0,0,13.70014,51.044916
26,16,1,0,18,3,3,5,3,2,1,1,1,0,0,0,0,14.630577,51.499326
22,16,1,0,19,6,3,0,1,2,2,1,0,0,0,0,0,12.949967,50.904409
12,16,1,0,7,3,3,5,3,2,1,1,1,0,0,0,0,13.775194,51.032837
13,16,1,0,15,1,3,3,7,0,1,1,1,0,0,0,0,12.37381,51.343126
11,16,1,0,14,4,3,5,3,0,0,1,1,0,0,0,0,12.932889,50.83504
13,16,1,0,5,6,3,5,3,2,1,1,1,0,0,0,0,12.378967,51.345677
12,16,1,0,7,2,3,5,2,1,0,1,1,0,0,0,0,13.689942,51.079139
12,16,1,0,18,2,2,0,1,2,2,1,0,0,0,0,0,13.731109,51.039619
24,16,1,0,9,5,3,0,1,0,2,1,0,0,0,0,0,12.541092,50.813172
13,16,1,0,10,1,3,1,3,0,1,1,1,0,0,0,0,12.364199,51.344417
24,16,1,0,5,3,3,5,3,2,1,1,1,0,0,0,0,12.485417,50.7034
27,16,1,0,13,3,3,5,2,0,1,1,1,0,0,0,0,13.576265,51.122476
29,16,1,0,14,3,2,8,1,0,0,1,0,0,0,0,0,12.492695,51.121246
13,16,1,0,17,2,3,5,3,2,1,1,1,0,0,0,0,12.35897,51.358839
30,16,1,0,9,5,3,3,2,0,1,1,1,0,0,0,0,12.344391,51.524738
23,16,1,0,7,4,3,5,3,1,1,1,1,0,0,0,0,12.174389,50.415866
30,16,1,0,9,5,3,0,1,0,2,1,0,0,0,0,0,12.346708,51.527629
12,16,1,0,20,3,3,0,1,2,1,1,0,0,0,0,0,13.761638,51.036625
12,16,1,0,14,6,3,5,3,0,2,1,0,0,0,0,1,13.745557,51.062413
25,16,2,0,19,3,2,0,7,2,1,1,0,0,0,0,0,14.022319,51.183397
12,16,1,0,18,4,3,7,1,2,1,1,0,0,0,0,0,13.795232,51.042869
27,16,2,0,17,3,3,5,3,1,1,1,1,0,0,0,0,13.697349,51.120609
12,16,1,0,10,4,2,5,3,0,0,1,1,0,0,0,0,13.800259,51.034112
30,16,1,0,9,4,3,0,1,0,1,1,0,0,0,0,0,12.336811,51.52275
11,16,2,0,15,2,3,5,3,0,0,1,1,0,0,0,0,12.896051,50.839788
13,16,1,0,17,5,2,5,2,2,1,1,1,0,0,0,0,12.388011,51.338179
13,16,1,0,20,6,3,4,2,2,1,1,1,0,0,0,0,12.370576,51.361393
13,16,1,0,11,4,3,5,2,0,1,1,1,0,0,0,0,12.384939,51.338361
12,16,2,0,17,4,3,5,3,1,1,1,1,0,0,0,0,13.731868,51.056844
13,16,1,0,7,4,3,5,3,0,1,1,1,0,0,0,0,12.388579,51.325917
12,16,2,0,7,4,3,6,4,0,0,1,0,1,0,0,0,13.77815,51.044729
11,16,1,0,15,4,3,0,3,0,0,1,1,0,0,0,0,12.931836,50.82188
13,16,1,0,10,4,2,2,6,0,1,1,1,0,0,0,0,12.411697,51.342676
25,16,1,0,18,6,3,5,3,2,0,1,1,0,0,0,0,14.245194,51.151459
11,16,1,0,6,4,3,4,2,2,0,1,1,0,0,0,0,12.898889,50.840564
24,16,1,0,19,3,3,5,3,2,1,1,0,0,0,0,0,12.383774,50.817162
29,16,2,0,6,2,3,5,2,2,1,1,1,0,0,0,0,12.280235,51.154614
29,16,2,0,5,2,3,5,3,2,1,1,1,0,0,0,0,12.366622,51.286733
13,16,1,0,9,3,3,3,2,0,1,1,1,0,0,0,0,12.3761,51.348283
12,16,1,0,9,6,3,1,6,0,0,1,1,0,0,0,0,13.807379,51.043816
13,16,2,0,16,3,3,5,3,0,1,1,1,0,0,0,0,12.365271,51.323642
30,16,2,0,10,6,3,0,7,0,0,1,1,0,0,0,0,12.663551,51.467431
28,16,2,0,9,5,3,0,1,0,0,1,0,0,0,0,0,13.894232,50.961495
13,16,2,0,7,2,3,5,3,2,1,1,1,0,0,0,0,12.417489,51.316066
30,16,2,0,10,6,3,5,3,0,0,1,1,0,0,0,0,12.309884,51.54314
12,16,2,0,16,1,3,2,6,0,0,1,1,0,0,0,1,13.823407,51.033947
13,16,1,0,19,3,3,4,2,2,0,1,1,0,0,0,0,12.363895,51.33221
12,16,2,0,16,5,2,0,7,0,0,1,1,0,0,0,0,13.715042,51.036297
13,16,2,0,13,3,3,5,2,0,1,1,1,0,0,0,0,12.444493,51.326443
13,16,1,0,9,3,3,3,2,0,1,1,1,0,0,0,0,12.335876,51.319246
25,16,1,0,12,6,3,3,6,0,2,1,1,0,0,0,0,14.282122,51.430616
22,16,1,0,5,6,3,0,7,2,1,1,1,0,0,0,0,13.338198,50.902389
13,16,2,0,14,2,3,4,6,0,0,1,1,0,0,0,0,12.365587,51.359183
22,16,2,0,18,5,3,5,3,2,1,1,1,0,0,0,0,13.11592,51.121596
13,16,1,0,7,3,3,5,3,1,2,1,1,0,0,0,0,12.404277,51.303681
13,16,2,0,14,2,2,0,5,0,0,1,1,0,0,0,0,12.368357,51.361788
13,16,1,0,18,3,3,5,3,2,0,1,1,0,0,0,0,12.327178,51.329639
26,16,1,0,15,3,2,8,1,0,1,1,0,0,0,0,0,14.683263,51.103755
25,16,2,0,6,2,3,5,3,2,1,1,0,0,0,1,0,14.241938,51.439223
29,16,2,0,10,6,3,1,7,0,1,1,1,0,0,0,0,12.280368,51.153108
29,16,1,0,14,3,1,0,7,0,0,1,0,0,0,0,0,12.875066,51.399577
27,16,2,0,21,3,3,1,6,2,0,1,1,0,0,0,0,13.637892,51.10943
12,16,2,0,7,2,3,5,3,1,1,1,1,0,0,0,0,13.752658,51.060466
13,16,2,0,19,6,3,0,5,2,1,1,1,0,0,0,0,12.389905,51.344583
13,16,2,0,19,4,3,5,3,2,0,1,1,0,0,0,0,12.370044,51.331711
12,16,1,0,8,3,3,5,2,0,1,1,1,0,0,0,0,13.760688,51.049201
13,16,1,0,18,5,2,3,6,2,0,1,1,0,0,0,0,12.321922,51.303812
13,16,1,0,11,6,3,5,3,0,0,1,1,0,0,0,0,12.373371,51.310658
13,16,1,0,5,5,2,5,3,2,0,1,1,0,0,0,0,12.445673,51.3516
13,16,2,0,7,4,2,3,2,0,1,1,0,0,0,1,0,12.396368,51.310243
13,16,2,0,11,6,2,1,5,0,0,1,1,0,0,0,0,12.325358,51.345019
13,16,1,0,19,5,3,5,3,2,0,1,1,0,0,0,0,12.350493,51.332569
12,16,2,0,6,4,3,5,2,2,0,1,0,0,0,0,1,13.814192,51.054309
25,16,1,0,19,3,3,5,3,2,2,1,1,0,0,0,0,14.094266,51.452415
12,16,1,0,6,5,3,3,6,1,0,1,0,0,0,0,1,13.719252,51.095663
22,16,2,0,15,4,3,5,3,0,1,1,1,0,0,0,0,12.806602,50.905181
13,16,1,0,19,1,3,5,3,2,0,1,1,0,0,0,0,12.414584,51.324068
13,16,2,0,14,7,3,5,3,0,0,1,1,0,0,0,0,12.262857,51.347867
12,16,1,0,11,5,3,5,3,0,0,1,1,0,0,0,0,13.822267,50.99778
12,16,1,0,11,5,3,0,2,0,1,1,0,0,0,0,1,13.728392,51.060982
13,16,2,0,10,6,2,1,3,0,0,1,1,0,0,0,0,12.376807,51.321737
12,16,1,0,20,1,3,5,3,2,0,1,1,0,0,0,0,13.696873,51.043422
25,16,2,0,10,6,3,5,5,0,0,1,1,0,0,0,0,14.438519,51.193147
12,16,1,0,15,5,1,5,3,0,0,1,0,0,0,0,1,13.697084,51.049089
30,16,2,0,9,3,3,5,3,0,1,1,1,0,0,0,0,12.9414,51.281899
13,16,2,0,19,4,3,2,2,2,0,1,1,0,0,0,0,12.3342,51.319365
26,16,2,0,11,4,3,6,6,0,0,1,0,1,0,0,0,14.806831,50.891873
13,16,2,0,7,3,3,5,2,0,1,1,1,0,0,0,0,12.400446,51.345823
13,16,2,0,21,7,3,3,6,2,0,1,1,0,0,0,0,12.400976,51.307856
13,16,1,0,16,2,2,3,6,0,1,1,1,0,0,0,0,12.327647,51.341358
13,16,2,0,19,3,3,5,2,2,1,1,1,0,0,0,0,12.376534,51.348389
27,16,2,0,22,6,2,0,1,2,0,1,0,0,0,0,0,13.577604,51.123593
25,16,2,0,16,7,3,0,1,1,0,1,0,0,0,0,0,14.440725,51.189601
13,16,1,0,15,4,3,5,3,0,0,1,1,0,0,0,0,12.376906,51.356647
13,16,2,0,15,3,3,3,6,0,0,1,1,0,0,0,0,12.335711,51.32214
12,16,2,0,18,2,3,5,3,2,0,1,1,0,0,0,0,13.75093,51.031012
12,16,1,0,7,2,1,0,7,1,1,1,1,0,0,0,0,13.742648,51.072965
27,16,1,0,9,1,3,0,1,0,2,1,0,0,0,0,0,13.264431,51.328912
13,16,2,0,14,3,3,5,3,0,1,1,1,0,0,0,0,12.376835,51.346216
12,16,2,0,15,6,2,3,6,0,0,1,1,0,0,0,0,13.675409,51.06235
27,16,3,0,14,5,3,1,5,0,0,1,1,0,0,0,0,13.526591,51.291468
13,16,2,0,8,6,2,5,3,0,0,1,1,0,0,0,0,12.44397,51.304043
13,16,2,0,13,4,3,5,3,0,0,1,1,0,0,0,0,12.357118,51.34289
13,16,2,0,9,5,3,5,3,0,1,1,1,0,0,0,0,12.382003,51.336583
13,16,2,0,8,2,3,5,3,0,0,1,0,0,0,0,0,12.374146,51.339887
13,16,2,0,9,2,3,1,3,0,0,1,1,0,0,0,0,12.364152,51.344407
11,16,3,0,19,4,3,0,1,2,1,1,0,0,0,0,0,12.901524,50.832102
13,16,2,0,20,4,3,5,2,2,0,1,1,0,0,0,0,12.371407,51.331574
13,16,2,0,20,1,2,0,1,2,0,1,0,0,0,0,0,12.378455,51.31971
13,16,2,0,11,5,3,5,3,0,0,1,1,0,0,0,0,12.353352,51.319617
24,16,2,0,13,2,3,8,1,0,2,1,0,0,0,0,0,12.554579,50.828457
13,16,2,0,14,2,3,5,3,0,1,1,0,0,0,0,1,12.389393,51.335835
13,16,2,0,12,6,3,5,3,0,0,1,1,0,0,0,0,12.37661,51.314769
13,16,2,0,12,1,3,5,3,0,0,1,1,0,0,0,0,12.422112,51.319635
13,16,2,0,9,5,3,5,3,0,0,1,1,0,0,0,0,12.368126,51.334887
28,16,2,0,14,2,2,0,7,0,0,1,0,0,0,0,0,13.957867,50.962386
27,16,2,0,9,4,2,5,3,0,0,1,1,0,0,0,0,13.534204,51.269437
28,16,3,0,15,6,2,0,1,0,0,1,0,0,0,0,0,13.557404,50.92255
25,16,2,0,15,5,3,7,7,0,0,1,0,1,0,0,0,14.042173,51.364022
12,16,2,0,14,6,3,5,3,0,0,1,1,0,0,0,0,13.702983,51.088526
12,16,2,0,8,4,3,5,3,0,0,1,1,0,0,0,0,13.68926,51.055843
24,16,2,0,15,7,3,0,1,0,0,1,0,0,0,0,0,12.543668,50.818129
12,16,2,0,8,2,3,5,3,0,0,1,1,0,0,0,0,13.73883,51.07404
22,16,2,0,12,6,2,0,1,0,0,1,0,0,0,0,0,12.794976,51.052896
12,16,2,0,16,4,3,5,3,0,1,1,1,0,0,0,0,13.778489,51.02054
29,16,2,0,9,7,3,5,3,0,0,1,1,0,0,0,0,12.49812,51.124536
27,16,2,0,6,2,3,5,2,0,1,1,1,0,0,0,0,13.484143,51.169211
13,16,2,0,14,7,3,5,3,0,0,1,1,0,0,0,0,12.433056,51.305354
12,16,3,0,7,5,3,5,2,0,0,1,1,0,0,0,0,13.732531,51.052074
12,16,2,0,16,4,3,0,7,0,0,1,1,0,0,0,0,13.749036,51.067651
27,16,2,0,8,2,3,5,3,0,1,1,1,0,0,0,0,13.643923,51.111492
11,16,2,0,18,2,3,5,2,1,0,1,1,0,0,0,0,12.933785,50.85111
24,16,2,0,5,5,3,5,3,2,2,1,1,0,0,0,0,12.491833,50.724001
12,16,2,0,12,4,3,0,7,0,1,1,1,0,0,0,0,13.789956,51.058546
12,16,2,0,19,2,3,2,3,2,2,1,1,0,0,0,0,13.708777,51.047145
25,16,2,0,11,7,3,5,3,0,0,1,1,0,0,0,0,14.428197,51.182328
12,16,2,0,10,2,3,3,2,0,1,1,1,0,0,0,0,13.687376,51.042514
12,16,2,0,11,5,3,5,3,0,0,1,1,0,0,0,0,13.760689,51.049204
12,16,2,0,15,4,3,5,2,0,0,1,1,0,0,0,0,13.746543,51.03833
24,16,3,0,17,6,3,5,1,1,0,1,1,0,0,0,0,12.666568,50.85583
24,16,2,0,19,4,3,4,2,2,1,1,1,0,0,0,0,12.524948,50.734177
13,16,3,0,20,3,3,5,2,2,1,1,1,0,0,0,0,12.370219,51.325997
13,16,2,0,15,5,3,5,3,0,1,1,1,0,0,0,0,12.390747,51.343384
12,16,2,0,9,7,3,5,2,0,0,1,0,0,0,0,1,13.750748,51.047263
13,16,2,0,12,7,3,3,5,0,0,1,1,0,0,0,0,12.36089,51.344628
13,16,3,0,8,4,3,0,5,0,0,1,0,0,0,0,1,12.363962,51.332497
13,16,2,0,7,5,3,5,3,0,0,1,1,0,0,0,0,12.39945,51.376403
13,16,2,0,7,5,3,1,5,0,0,1,0,0,0,0,1,12.427141,51.320804
24,16,2,0,11,6,2,0,3,0,0,1,0,0,0,0,1,12.45902,50.707015
13,16,2,0,15,5,3,5,3,0,0,1,1,0,0,0,0,12.366729,51.346893
12,16,2,0,5,4,3,6,6,2,1,1,0,1,0,0,0,13.767747,51.075522
13,16,2,0,10,1,3,5,2,0,0,1,1,0,0,0,0,12.407664,51.351318
29,16,2,0,14,6,3,5,3,0,0,1,1,0,0,0,0,12.717635,51.228313
12,16,2,0,18,4,3,5,3,2,1,1,1,0,0,0,0,13.719656,51.03081
12,16,2,0,6,2,3,5,3,0,1,1,1,0,0,0,0,13.848476,51.010697
13,16,3,0,20,4,3,5,3,2,0,1,1,0,0,0,0,12.380419,51.288513
30,16,3,0,11,6,3,5,3,0,0,1,0,0,0,0,1,12.632349,51.460773
13,16,2,0,5,7,3,5,3,2,2,1,0,0,0,0,1,12.352956,51.34199
12,16,2,0,17,7,3,0,1,2,1,1,0,0,0,0,0,13.809072,51.028014
13,16,2,0,8,3,3,3,2,0,0,1,1,0,0,0,0,12.383356,51.3349
12,16,2,0,17,2,3,3,6,2,0,1,1,0,0,0,0,13.814573,51.054175
28,16,3,0,11,3,3,3,3,0,1,1,1,0,0,0,0,13.861396,50.976162
26,16,2,0,10,6,3,5,3,0,0,1,1,0,0,0,0,14.806902,50.897541
12,16,2,0,11,1,2,6,6,0,0,1,0,1,0,0,0,13.763167,51.065235
12,16,2,0,12,7,3,5,3,0,0,1,1,0,0,0,0,13.797448,51.023207
25,16,2,0,7,3,3,0,1,0,1,1,0,0,0,0,0,14.439395,51.175407
12,16,2,0,11,2,3,5,3,0,0,1,1,0,0,0,0,13.75163,51.047235
12,16,2,0,8,5,3,5,3,0,0,1,1,0,0,0,0,13.722637,51.033468
28,16,2,0,16,3,3,5,3,0,0,1,1,0,0,0,0,13.626629,50.978646
12,16,2,0,10,5,3,3,5,0,0,1,1,0,0,0,0,13.830524,51.023428
13,16,2,0,16,7,3,3,2,0,0,1,1,0,0,0,0,12.378496,51.336173
12,16,2,0,7,6,3,0,1,1,2,1,0,0,0,0,0,13.718844,51.051345
25,16,3,0,10,4,3,5,3,0,1,1,1,0,0,0,0,14.267754,51.434266
29,16,2,0,15,3,3,1,1,0,0,1,0,0,0,0,1,12.359566,51.272264
12,16,2,0,8,5,3,6,7,0,0,1,0,1,0,0,0,13.774585,51.022555
21,16,2,0,21,7,2,1,1,2,1,1,1,0,0,0,0,12.741061,50.712017
25,16,2,0,11,7,3,5,3,0,0,1,1,0,0,0,0,14.267038,51.434859
13,16,2,0,7,2,3,5,3,0,1,1,1,0,0,0,0,12.416167,51.311938
11,16,2,0,20,2,2,3,6,2,1,1,0,0,0,0,1,12.925722,50.823309
12,16,2,0,5,5,3,5,3,2,0,1,1,0,0,0,0,13.752187,51.054417
12,16,2,0,17,3,2,5,3,0,0,1,1,0,0,0,0,13.80013,51.057415
13,16,3,0,12,6,2,5,3,0,0,1,1,0,0,0,0,12.385652,51.372092
13,16,2,0,8,6,3,5,3,0,0,1,1,0,0,0,0,12.33882,51.337144
12,16,2,0,11,6,3,5,3,0,0,1,1,0,0,0,0,13.808913,51.052754
11,16,2,0,10,2,3,3,2,0,1,1,0,0,0,0,1,12.836241,50.860939
27,16,2,0,16,3,3,5,3,0,0,1,1,0,0,0,0,13.587315,51.130865
12,16,2,0,15,6,2,5,3,0,0,1,1,0,0,0,0,13.772278,51.127051
12,16,2,0,17,5,3,0,1,2,1,1,0,0,0,0,0,13.725158,51.057893
27,16,3,0,13,5,3,5,3,0,0,1,0,0,0,0,1,13.549396,51.141025
25,16,2,0,5,2,3,5,2,2,0,1,1,0,0,0,0,14.244222,51.435227
13,16,2,0,21,6,3,5,3,2,0,1,1,0,0,0,0,12.376964,51.344807
12,16,3,0,16,4,3,5,2,0,0,1,1,0,0,0,0,13.77896,51.031606
24,16,3,0,20,3,2,0,1,2,1,1,0,0,0,0,0,12.503656,50.725626
30,16,3,0,10,5,3,5,3,0,0,1,0,0,0,0,1,13.002522,51.561187
12,16,3,0,7,6,3,5,3,0,0,1,1,0,0,0,0,13.749602,51.033592