CSV=`UKREIS,UJAHR,UMONAT,UTAG,USTUNDE,UWOCHENTAG,UKATEGORIE,UART,UTYP,LICHT,USTRZUSTAND,IstRad,IstPKW,IstFuss,IstKrad,IstGkfz,IstSonstig,@lon,@lat
13,16,3,0,20,3,3,3,6,2,1,1,1,0,0,0,0,12.348583,51.332149
22,16,3,0,17,4,3,5,3,0,0,1,1,0,0,0,0,12.905413,51.078314
13,16,3,0,9,4,3,5,2,0,0,1,1,0,0,0,0,12.37371,51.322062
13,16,3,0,10,3,3,1,5,0,1,1,1,0,0,0,0,12.352394,51.319614
29,16,3,0,15,5,3,5,3,0,0,1,1,0,0,0,0,12.507062,51.121808
26,16,3,0,9,6,2,5,3,0,0,1,1,0,0,0,0,14.630615,51.499309
13,16,3,0,7,6,3,0,2,0,0,1,0,0,0,0,1,12.382086,51.332585
11,16,3,0,10,2,2,5,3,0,0,1,1,0,0,0,0,12.834106,50.836184
27,16,3,0,14,4,3,5,3,0,0,1,1,0,0,0,0,13.291533,51.302961
13,16,3,0,16,2,3,4,2,0,0,1,1,0,0,0,0,12.387282,51.309254
22,16,3,0,16,7,2,0,7,0,0,1,0,0,0,0,0,13.327675,50.912022
13,16,3,0,8,4,3,5,3,0,0,1,0,0,0,0,1,12.430815,51.362792
11,16,3,0,11,6,3,5,3,0,0,1,1,0,0,0,0,12.928876,50.842487
26,16,3,0,16,5,2,5,3,0,0,1,1,0,0,0,0,14.983941,51.170531
12,16,3,0,19,3,3,6,6,2,0,1,0,1,0,0,0,13.744685,51.082439
12,16,3,0,12,6,3,5,3,0,0,1,1,0,0,0,0,13.789,51.058704
12,16,3,0,9,4,3,5,2,0,0,1,1,0,0,0,0,13.793215,51.049042
28,16,3,0,17,5,2,8,1,0,1,1,0,0,0,0,0,13.695239,50.729096
25,16,3,0,11,3,2,5,3,0,0,1,0,0,0,0,0,14.460391,51.173276
12,16,3,0,17,3,3,5,3,0,0,1,1,0,0,0,0,13.787245,51.120002
13,16,3,0,16,4,3,3,2,0,0,1,1,0,0,0,0,12.403965,51.330286
12,16,3,0,15,1,3,0,7,0,0,1,0,0,0,0,0,13.786322,51.072638
12,16,3,0,17,4,3,5,3,0,0,1,1,0,0,0,0,13.719601,51.077372
13,16,3,0,14,6,2,3,1,0,1,1,0,0,0,0,0,12.384096,51.301299
30,16,3,0,14,7,3,3,6,0,0,1,0,0,1,0,0,12.860949,51.633722
11,16,3,0,17,5,3,0,7,0,0,1,0,0,0,0,0,12.940771,50.841298
13,16,3,0,16,4,3,1,5,0,0,1,1,0,0,0,0,12.34471,51.329523
13,16,3,0,12,5,3,3,5,0,0,1,1,0,0,0,0,12.384949,51.338459
12,16,3,0,18,6,3,3,2,1,0,1,0,0,0,0,0,13.69476,51.053289
12,16,3,0,8,2,3,0,3,0,1,1,1,0,0,0,0,13.71959,51.077409
13,16,3,0,10,2,3,0,2,0,1,1,1,0,0,0,0,12.394542,51.315925
23,16,3,0,18,2,3,5,3,2,0,1,1,0,0,0,0,12.138197,50.494862
27,16,3,0,10,5,3,3,6,0,0,1,0,0,0,0,1,13.535777,51.294316
13,16,3,0,14,2,3,3,5,0,0,1,1,0,0,0,0,12.392635,51.337063
12,16,3,0,8,4,3,6,6,0,0,1,0,1,0,0,0,13.760953,51.046591
25,16,3,0,20,7,3,5,3,2,0,1,1,0,0,0,0,14.101633,51.285519
25,16,3,0,13,7,3,1,7,0,0,1,1,0,0,0,0,14.23486,51.438186
26,16,3,0,17,1,2,5,3,0,0,1,1,0,0,0,0,14.790045,51.115773
27,16,3,0,16,4,3,5,3,0,1,1,1,0,0,0,0,13.65809,51.104123
13,16,3,0,13,3,3,5,3,0,1,1,0,0,0,1,0,12.465195,51.345857
12,16,3,0,6,5,3,5,3,0,0,1,1,0,0,0,0,13.680303,51.04723
12,16,3,0,16,5,3,4,2,0,0,1,1,0,0,0,0,13.729271,51.082408
12,16,3,0,20,4,3,5,3,2,0,1,1,0,0,0,0,13.752221,51.077769
13,16,3,0,22,3,3,5,3,2,0,1,1,0,0,0,0,12.373352,51.353061
21,16,3,0,13,7,3,5,2,0,0,1,0,0,0,0,0,12.857254,50.705146
29,16,3,0,7,2,3,5,3,0,0,1,1,0,0,0,0,12.37149,51.279294
12,16,3,0,13,7,3,5,3,0,0,1,1,0,0,0,0,13.718559,51.054293
13,16,3,0,18,4,3,5,3,1,0,1,0,0,0,0,0,12.373384,51.363071
29,16,3,0,8,5,3,0,3,0,0,1,1,0,0,0,0,12.655101,51.142262
29,16,3,0,15,6,2,0,5,0,0,1,1,0,0,0,0,12.370374,51.279123
29,16,3,0,13,6,2,0,1,0,0,1,0,0,0,0,0,12.630321,50.995701
29,16,3,0,13,5,3,5,3,0,0,1,1,0,0,0,0,12.508832,51.128835
13,16,3,0,16,4,3,1,5,0,0,1,1,0,0,0,0,12.374609,51.304218
13,16,3,0,5,5,2,5,3,2,0,1,1,0,0,0,0,12.407971,51.335648
12,16,3,0,13,2,3,1,5,0,0,1,1,0,0,0,0,13.690882,51.091443
26,16,3,0,7,5,3,4,6,0,0,1,0,0,0,0,0,14.639472,51.502666
26,16,3,0,16,4,3,5,3,0,0,1,1,0,0,0,0,14.648449,51.506377
25,16,3,0,12,5,3,5,3,0,0,1,1,0,0,0,0,14.454214,51.175198
13,16,3,0,14,4,3,5,3,0,0,1,1,0,0,0,0,12.408232,51.33041
26,16,3,0,18,3,2,4,2,2,0,1,1,0,0,0,0,14.794757,51.138526
13,16,3,0,15,4,3,5,2,0,0,1,1,0,0,0,0,12.411617,51.342635
25,16,3,0,13,4,3,1,5,0,0,1,1,0,0,0,0,14.268369,51.451019
12,16,3,0,15,6,3,0,1,0,0,1,0,0,0,0,0,13.734738,51.047184
13,16,3,0,2,1,2,0,1,2,1,1,0,0,0,0,0,12.372998,51.309714
13,16,3,0,10,7,3,5,3,0,0,1,1,0,0,0,0,12.420524,51.319254
28,16,3,0,16,5,3,6,7,0,0,1,0,1,0,0,0,13.936006,50.958927
13,16,3,0,7,5,3,4,6,0,0,1,1,0,0,0,0,12.390314,51.334272
13,16,3,0,7,4,3,5,3,0,0,1,1,0,0,0,0,12.369424,51.360094
13,16,3,0,15,1,3,5,3,0,0,1,1,0,0,0,0,12.372979,51.301378
13,16,3,0,6,3,3,5,3,0,1,1,1,0,0,0,0,12.438267,51.356862
13,16,3,0,19,3,3,5,3,2,1,1,1,0,0,0,0,12.389376,51.335822
12,16,3,0,7,4,3,1,5,0,0,1,1,0,0,0,0,13.752288,51.058837
22,16,3,0,16,5,3,4,2,0,0,1,0,0,0,0,1,13.062658,50.861109
13,16,3,0,14,4,3,5,2,0,0,1,1,0,0,0,0,12.398533,51.365602
22,16,3,0,14,6,3,0,1,0,1,1,0,0,0,0,0,13.328356,50.914162
13,16,3,0,7,4,3,3,7,0,0,1,1,0,0,0,0,12.378509,51.321917
12,16,3,0,17,2,3,0,1,0,1,1,0,0,0,0,0,13.682788,51.042415
29,16,3,0,7,6,3,5,3,0,0,1,1,0,0,0,0,12.499268,51.131609
25,16,3,0,14,4,2,5,3,0,0,1,1,0,0,0,0,14.42312,51.176989
30,16,3,0,8,5,3,4,2,0,0,1,1,0,0,0,0,12.33307,51.529864
30,16,3,0,10,2,2,5,3,0,0,1,1,0,0,0,0,12.337993,51.518226
12,16,3,0,10,7,3,6,6,0,0,1,0,1,0,0,0,13.723468,51.056712
25,16,4,0,10,6,3,5,3,0,0,1,1,0,0,0,0,14.265524,51.43736
11,16,4,0,12,5,3,3,5,0,0,1,1,0,0,0,0,12.937083,50.842491
29,16,4,0,16,1,3,5,3,0,0,1,0,0,0,0,1,12.407618,51.15212
12,16,4,0,15,3,3,5,2,0,0,1,1,0,0,0,0,13.757369,51.027258
12,16,4,0,12,3,3,5,3,0,0,1,0,0,0,1,0,13.648564,51.090801
12,16,4,0,14,6,3,5,2,0,0,1,1,0,0,0,0,13.741478,51.073294
24,16,4,0,12,7,3,2,6,0,0,1,1,0,0,0,0,12.498614,50.708982
29,16,4,0,13,7,3,0,1,0,0,1,0,0,0,0,0,12.556809,51.163481
11,16,4,0,10,6,3,5,2,0,0,1,1,0,0,0,0,12.901018,50.816456
13,16,4,0,19,2,3,5,2,0,0,1,1,0,0,0,0,12.370824,51.336353
25,16,4,0,18,7,3,5,3,0,0,1,1,0,0,0,0,14.234987,51.443056
12,16,4,0,17,6,3,5,3,0,0,1,1,0,0,0,0,13.709232,51.033116
13,16,4,0,19,1,3,0,6,1,0,1,0,0,1,0,0,12.373649,51.333003
13,16,4,0,11,2,3,5,2,0,0,1,1,0,0,0,0,12.378505,51.335848
13,16,4,0,15,3,3,1,2,0,0,1,1,0,0,0,0,12.353929,51.350908
11,16,4,0,19,3,3,1,7,0,0,1,1,0,0,0,0,12.89248,50.836155
25,16,4,0,12,6,3,0,6,0,0,1,1,0,0,0,1,14.449376,51.188383
24,16,3,0,13,4,2,3,1,0,0,1,0,0,0,0,0,12.624109,50.765542
13,16,4,0,10,3,3,5,3,0,0,1,0,0,0,0,1,12.371248,51.335185
24,16,4,0,16,4,3,5,3,0,0,1,1,0,0,0,0,12.488071,50.685131
13,16,4,0,8,2,3,3,2,0,0,1,1,0,0,0,0,12.326455,51.308653
12,16,4,0,11,6,3,5,3,0,0,1,1,0,0,0,0,13.830612,51.017627
24,16,4,0,14,7,3,4,1,0,0,1,1,0,0,0,0,12.61287,50.644132
13,16,4,0,7,4,3,5,3,0,0,1,1,0,0,0,0,12.371123,51.336467
12,16,4,0,14,3,2,5,3,0,0,1,1,0,0,0,0,13.746071,51.051747
12,16,4,0,11,6,3,5,3,0,0,1,0,0,0,1,0,13.806616,51.037409
12,16,4,0,17,3,3,5,3,0,0,1,1,0,0,0,0,13.686677,51.056056
12,16,4,0,7,2,3,5,3,0,0,1,1,0,0,0,0,13.775255,51.038392
13,16,4,0,12,2,3,4,2,0,0,1,1,0,0,0,0,12.40583,51.33178
13,16,3,0,18,4,3,2,6,0,1,1,1,0,0,0,0,12.352927,51.363029
22,16,4,0,7,2,3,5,3,0,0,1,1,0,0,0,0,13.173216,50.857873
13,16,4,0,15,4,2,5,3,0,0,1,0,0,0,0,1,12.374583,51.335772
25,16,4,0,10,6,2,5,3,0,0,1,0,0,0,0,0,14.26158,51.440046
12,16,4,0,19,6,3,0,7,0,0,1,1,0,0,0,0,13.769957,51.067657
13,16,4,0,12,1,3,3,2,0,0,1,1,0,0,0,0,12.374088,51.304039
13,16,4,0,17,3,3,5,3,0,0,1,1,0,0,0,0,12.371494,51.320628
28,16,3,0,15,4,3,0,7,0,0,1,0,0,0,0,0,13.937473,50.9602
30,16,4,0,17,3,3,4,3,0,0,1,1,0,0,0,0,12.2317,51.392111
11,16,4,0,13,6,3,5,3,0,0,1,1,0,0,0,0,12.901086,50.840888
13,16,4,0,14,1,3,0,1,0,0,1,0,0,0,0,0,12.323117,51.333074
11,16,4,0,13,4,2,0,1,0,0,1,0,0,0,0,0,12.924504,50.832496
13,16,4,0,19,3,3,1,2,0,0,1,1,0,0,0,0,12.373233,51.310134
13,16,4,0,16,2,3,0,2,0,1,1,0,0,0,0,0,12.309742,51.334721
26,16,4,0,16,7,3,5,3,0,0,1,1,0,0,0,0,14.984224,51.149353
12,16,3,0,18,4,3,5,3,0,0,1,1,0,0,0,0,13.748582,51.058572
30,16,4,0,17,1,2,0,7,0,0,1,0,0,0,0,1,12.322436,51.534085
13,16,4,0,19,2,2,0,1,0,1,1,0,0,0,0,0,12.39426,51.346156
12,16,4,0,16,3,3,5,3,0,1,1,1,0,0,0,0,13.711167,51.045368
12,16,4,0,10,6,3,5,3,0,0,1,1,0,0,0,0,13.74944,51.063426
12,16,3,0,10,4,3,5,3,0,1,1,1,0,0,0,0,13.718662,51.087724
13,16,4,0,19,6,3,5,3,0,0,1,1,0,0,0,0,12.32388,51.320417
13,16,3,0,6,5,3,5,3,1,0,1,1,0,0,0,0,12.374625,51.347729
13,16,4,0,20,4,2,0,3,1,0,1,1,0,0,0,0,12.37623,51.33376
13,16,4,0,18,4,3,2,2,0,0,1,1,0,0,0,0,12.362682,51.33896
13,16,4,0,17,6,3,3,2,0,0,1,1,0,0,0,0,12.430974,51.300525
21,16,3,0,16,4,2,4,1,0,1,1,1,0,0,0,0,12.697814,50.72415
12,16,4,0,20,4,3,6,4,0,0,1,0,1,0,0,0,13.764958,51.112346
29,16,4,0,13,2,3,5,3,0,0,1,1,0,0,0,0,12.602041,51.27244
13,16,4,0,16,3,3,3,2,0,0,1,1,0,0,0,0,12.373601,51.332999
12,16,4,0,8,3,3,5,3,0,0,1,1,0,0,0,0,13.749964,51.063355
26,16,4,0,18,6,2,5,3,0,0,1,0,0,1,0,0,14.89247,51.180711
24,16,3,0,15,3,3,5,3,0,0,1,1,0,0,0,0,12.481054,50.718378
11,16,4,0,7,5,3,5,3,0,0,1,1,0,0,0,0,12.950186,50.831518
13,16,4,0,15,3,3,0,5,0,0,1,0,0,0,0,1,12.410725,51.34175
13,16,4,0,13,3,3,4,2,0,0,1,1,0,0,0,0,12.407833,51.351402
30,16,4,0,17,4,2,0,7,0,0,1,0,0,0,0,0,12.327119,51.521849
12,16,4,0,16,3,3,4,6,0,0,1,0,0,0,0,0,13.842003,51.019158
12,16,4,0,20,6,3,0,1,2,0,1,0,0,0,0,0,13.738517,51.053909
29,16,4,0,7,2,2,5,3,0,0,1,1,0,0,0,0,12.590316,51.278331
13,16,3,0,18,3,3,5,1,0,0,1,1,0,0,0,0,12.341151,51.325728
22,16,4,0,17,6,2,5,3,0,0,1,1,0,0,0,0,13.393417,50.910383
11,16,4,0,5,2,3,5,3,1,0,1,1,0,0,0,0,12.81892,50.813188
13,16,4,0,14,6,3,5,3,0,0,1,1,0,0,0,0,12.471969,51.360213
13,16,3,0,18,3,3,5,2,0,0,1,1,0,0,0,0,12.362724,51.339004
12,16,4,0,14,2,3,5,5,0,0,1,1,0,0,0,0,13.777538,51.046656
12,16,4,0,0,1,3,1,1,2,0,1,1,0,0,0,0,13.780878,51.054235
12,16,4,0,13,6,3,5,3,0,0,1,1,0,0,0,0,13.749613,51.033786
13,16,4,0,21,3,3,5,3,2,0,1,0,0,0,0,1,12.382087,51.338878
13,16,4,0,14,6,3,2,6,0,0,1,1,0,0,0,0,12.366597,51.367647
22,16,4,0,14,5,3,5,2,0,1,1,1,0,0,0,0,13.356412,50.908081
12,16,4,0,12,4,3,5,3,0,1,1,1,0,0,0,0,13.795843,51.040524
13,16,4,0,7,3,3,5,3,0,0,1,1,0,0,0,0,12.373719,51.305608
13,16,4,0,15,6,3,5,3,0,0,1,1,0,0,0,0,12.420461,51.354305
26,16,3,0,20,3,3,4,2,2,0,1,1,0,0,0,0,14.669786,51.102681
29,16,4,0,11,1,3,5,3,0,0,1,1,0,0,0,0,12.654607,51.142095
27,16,4,0,8,4,2,4,2,0,1,1,1,0,0,0,0,13.727713,51.214888
13,16,4,0,5,4,3,5,2,1,0,1,0,0,0,1,0,12.371033,51.335445
27,16,3,0,23,3,2,5,3,2,1,1,0,0,0,0,1,13.527609,51.291351
12,16,4,0,7,3,2,3,2,0,0,1,0,0,0,0,0,13.778155,51.036783
22,16,4,0,18,3,3,0,6,0,0,1,1,0,0,0,0,13.327853,50.942525
12,16,3,0,11,3,3,5,3,0,0,1,1,0,0,0,0,13.71515,51.056394
13,16,4,0,9,6,3,5,3,0,0,1,1,0,0,0,0,12.365621,51.339615
29,16,4,0,15,5,3,5,3,0,0,1,1,0,0,0,0,12.488541,51.121683
12,16,3,0,12,3,2,5,3,0,0,1,1,0,0,0,0,13.745495,51.081421
24,16,4,0,16,6,3,0,7,0,0,1,1,0,0,0,0,12.492704,50.702877
30,16,4,0,15,3,3,0,1,0,1,1,0,0,0,0,0,12.21726,51.40202
12,16,4,0,17,2,3,5,2,0,0,1,1,0,0,0,0,13.809133,51.050179
30,16,4,0,9,6,3,1,5,0,0,1,1,0,0,0,0,12.502852,51.381976
12,16,3,0,9,5,2,3,3,0,1,1,1,0,0,0,0,13.799294,50.998287
12,16,4,0,17,1,3,5,3,0,0,1,1,0,0,0,0,13.769018,51.121378
13,16,4,0,9,6,2,5,3,0,0,1,1,0,0,0,0,12.363461,51.363004
12,16,3,0,10,3,3,0,1,0,1,1,0,0,0,0,0,13.754983,51.045955
13,16,4,0,16,3,3,5,3,0,0,1,1,0,0,0,0,12.38795,51.353219
27,16,4,0,18,4,2,5,3,0,0,1,0,0,0,0,0,13.388087,51.302998
30,16,4,0,22,6,2,0,1,2,0,1,0,0,0,0,0,13.102024,51.295151
13,16,4,0,14,6,3,2,6,0,0,1,1,0,0,0,0,12.320248,51.372392
13,16,4,0,7,2,3,1,5,0,0,1,0,0,0,0,1,12.391194,51.322029
13,16,4,0,14,6,2,5,3,0,0,1,1,0,0,0,0,12.470078,51.345751
12,16,4,0,18,4,3,5,2,0,0,1,1,0,0,0,0,13.743636,51.035589
11,16,4,0,10,7,3,5,3,0,1,1,1,0,0,0,0,12.905464,50.814937
11,16,4,0,19,5,2,0,1,0,0,1,0,0,0,0,0,12.893683,50.846765
13,16,4,0,8,5,3,5,3,0,0,1,1,0,0,0,0,12.3412,51.325761
13,16,4,0,15,3,3,5,2,0,0,1,0,0,0,0,1,12.394392,51.314603
11,16,4,0,15,6,3,4,2,0,0,1,1,0,0,0,0,12.929148,50.818294
13,16,4,0,19,4,3,5,3,0,1,1,1,0,0,0,0,12.341211,51.325768
30,16,4,0,11,6,3,5,3,0,0,1,1,0,0,0,0,12.323917,51.537236
12,16,4,0,16,7,3,0,7,0,0,1,0,0,0,0,0,13.74582,51.046702
13,16,4,0,17,2,3,5,3,0,0,1,1,0,0,0,0,12.376752,51.320518
25,16,4,0,13,4,3,5,3,0,0,1,1,0,0,0,0,13.918589,51.104451
29,16,4,0,10,6,2,9,1,0,1,1,0,0,0,0,0,12.500384,51.125265
13,16,4,0,17,6,3,3,2,0,0,1,1,0,0,0,0,12.380658,51.3413
23,16,4,0,20,5,2,8,7,2,0,1,0,0,0,0,0,12.399831,50.505863
12,16,4,0,1,1,3,0,1,2,0,1,0,0,0,0,0,13.753063,51.064924
13,16,4,0,19,2,3,5,3,0,0,1,1,0,0,0,0,12.336479,51.31906
28,16,4,0,7,6,3,5,2,0,0,1,1,0,0,0,0,13.933151,50.975624
22,16,4,0,12,4,3,2,6,0,0,1,0,0,0,1,0,12.926776,51.157864
26,16,4,0,16,5,3,0,7,0,0,1,0,0,0,0,0,14.993064,51.158995
13,16,4,0,18,6,2,5,3,1,0,1,1,0,0,0,0,12.403205,51.346443
25,16,4,0,21,2,2,0,1,2,0,1,0,0,0,0,0,14.269809,51.442875
13,16,4,0,17,3,3,4,2,0,0,1,1,0,0,0,0,12.38483,51.360236
12,16,4,0,16,4,3,5,3,0,0,1,1,0,0,0,0,13.840947,51.133067
12,16,4,0,17,5,3,5,2,0,0,1,1,0,0,0,0,13.777308,51.058716
12,16,4,0,10,4,3,0,7,0,0,1,0,0,0,0,0,13.776661,51.065818
27,16,4,0,12,6,3,5,3,0,0,1,1,0,0,0,0,13.534593,51.292618
13,16,4,0,13,7,3,4,3,0,0,1,1,0,0,0,0,12.376874,51.356039
13,16,4,0,16,3,3,0,2,0,0,1,1,0,0,0,0,12.357658,51.344748
30,16,4,0,7,4,3,4,2,0,0,1,1,0,0,0,0,12.477653,51.382307
12,16,4,0,7,2,3,1,1,0,0,1,1,0,0,0,0,13.696265,51.04555
13,16,4,0,8,2,3,5,3,0,0,1,1,0,0,0,0,12.394244,51.336188
12,16,4,0,8,2,3,5,3,0,0,1,1,0,0,0,0,13.736562,51.117841
11,16,4,0,8,6,3,0,1,0,0,1,0,0,0,0,0,12.93366,50.820814
13,16,4,0,18,3,3,5,3,0,0,1,0,0,0,0,1,12.378209,51.334787
12,16,4,0,16,7,3,3,7,0,1,1,0,0,0,0,0,13.791527,50.99887
12,16,4,0,6,5,3,0,1,0,0,1,0,0,0,0,0,13.735058,51.046695
13,16,4,0,0,6,3,3,6,2,0,1,1,0,0,0,0,12.374143,51.303581
13,16,4,0,8,4,3,0,7,0,0,1,0,0,0,0,0,12.375278,51.320568
13,16,4,0,17,6,3,3,2,0,0,1,1,0,0,0,0,12.362627,51.331221
13,16,4,0,23,1,3,8,1,2,0,1,0,0,0,0,0,12.403675,51.363821
12,16,4,0,7,3,3,0,1,0,1,1,0,0,0,0,0,13.728431,51.056623
13,16,4,0,6,2,3,5,3,0,0,1,1,0,0,0,0,12.386452,51.299111
28,16,4,0,16,6,3,5,3,0,0,1,0,0,0,0,0,13.669836,50.898707
13,16,4,0,16,3,3,5,3,0,0,1,1,0,0,0,0,12.319728,51.375238
28,16,4,0,16,5,3,4,1,0,1,1,1,0,0,0,0,14.358868,50.924685
27,16,4,0,18,5,3,1,7,0,0,1,1,0,0,0,0,13.69196,51.101906
13,16,4,0,14,6,3,5,3,0,0,1,1,0,0,0,0,12.479034,51.272278
28,16,4,0,17,5,3,4,2,0,1,1,0,0,0,0,0,13.937424,50.958452
13,16,4,0,8,2,1,5,3,0,0,1,0,0,0,0,1,12.281065,51.320037
22,16,4,0,6,5,3,0,7,0,0,1,0,0,0,0,0,13.3172,50.876474
12,16,4,0,7,2,3,5,3,0,0,1,1,0,0,0,0,13.702264,51.045834
12,16,4,0,17,6,2,5,2,0,0,1,1,0,0,0,0,13.804609,51.039919
25,16,4,0,16,3,3,5,3,0,0,1,1,0,0,0,0,14.461974,51.174581
12,16,4,0,12,5,3,2,2,0,1,1,1,0,0,0,0,13.7861,51.016384
13,16,4,0,16,4,2,5,3,0,0,1,1,0,0,0,0,12.376884,51.356669
27,16,4,0,18,2,2,5,3,0,0,1,0,0,0,0,1,13.527811,51.075681
13,16,4,0,8,4,3,4,6,0,0,1,0,0,0,0,0,12.378503,51.332312
13,16,4,0,17,3,3,5,2,0,0,1,1,0,0,0,0,12.37341,51.311629
11,16,4,0,10,7,3,2,2,0,0,1,1,0,0,0,0,12.900982,50.816434
12,16,4,0,17,5,2,5,3,0,1,1,1,0,0,0,0,13.725209,51.050198
23,16,4,0,10,1,3,0,1,0,1,1,0,0,0,0,0,12.135619,50.496325
13,16,4,0,14,2,2,3,2,0,0,1,1,0,0,0,0,12.329492,51.339876
13,16,4,0,16,4,3,3,2,0,0,1,1,0,0,0,0,12.370845,51.336349
27,16,4,0,13,3,3,4,6,0,0,1,1,0,0,0,0,13.575382,51.121601
25,16,4,0,17,6,2,0,7,1,0,1,0,0,0,0,0,14.487249,51.234744
12,16,4,0,15,5,3,6,4,0,0,1,0,1,0,0,0,13.770508,51.045525
12,16,4,0,15,6,3,0,3,0,0,1,1,0,0,0,0,13.750559,51.060934
26,16,4,0,17,2,3,2,6,0,0,1,1,0,0,0,0,14.811682,50.897848
13,16,4,0,12,6,3,2,6,0,0,1,1,0,0,0,0,12.354206,51.362369
12,16,4,0,7,4,3,5,3,0,0,1,1,0,0,0,0,13.700883,51.043836
26,16,4,0,9,5,1,5,3,0,0,1,1,0,0,0,0,14.824017,51.28788
27,16,4,0,10,6,3,5,3,0,0,1,1,0,0,0,0,13.591906,51.138227
13,16,4,0,9,6,3,3,5,0,0,1,1,0,0,0,0,12.373626,51.330614
13,16,4,0,10,7,3,0,1,0,1,1,0,0,0,0,0,12.371716,51.348554
13,16,4,0,14,2,3,6,4,0,0,1,0,1,0,0,0,12.449695,51.345564
13,16,4,0,7,6,2,6,4,0,0,1,0,1,0,0,0,12.373137,51.3109
12,16,4,0,8,3,3,5,3,0,0,1,1,0,0,0,0,13.718123,51.059901
12,16,4,0,14,2,2,0,1,0,0,1,0,0,0,0,0,13.784126,51.001564
11,16,4,0,17,6,3,3,6,0,0,1,1,0,0,0,0,12.94158,50.796968
12,16,4,0,9,6,3,5,3,0,0,1,1,0,0,0,0,13.77112,51.06817
22,16,4,0,11,7,3,0,7,0,1,1,0,0,0,0,0,13.328658,50.910545
24,16,4,0,13,7,3,8,7,0,1,1,0,0,0,0,0,12.77565,50.86704
12,16,4,0,22,3,3,0,3,2,0,1,1,0,0,0,0,13.765837,51.065791
13,16,4,0,22,5,2,5,3,2,0,1,1,0,0,0,0,12.381932,51.338607
26,16,4,0,18,3,2,5,3,0,0,1,1,0,0,0,0,14.805231,50.890388
13,16,4,0,8,3,3,5,3,0,1,1,1,0,0,0,0,12.308362,51.274017
12,16,4,0,7,3,3,2,6,0,0,1,1,0,0,0,0,13.812238,51.046664
12,16,4,0,17,6,3,0,3,0,0,1,1,0,0,0,0,13.757873,51.019195
30,16,4,0,18,4,3,0,7,0,0,1,0,0,0,0,0,12.653379,51.465893
22,16,4,0,10,2,3,1,3,0,0,1,1,0,0,0,0,13.009541,51.155706
13,16,4,0,15,6,3,4,2,0,0,1,1,0,0,0,0,12.317795,51.347212
12,16,4,0,17,6,3,0,1,0,1,1,0,0,0,0,0,13.747189,51.078865
13,16,4,0,5,1,3,8,1,2,1,1,0,0,0,0,0,12.326823,51.312648
25,16,4,0,15,2,3,6,6,0,0,1,0,1,0,0,0,14.085133,51.284744
25,16,4,0,18,4,2,6,6,0,0,1,0,1,0,0,0,14.256341,51.436582
12,16,4,0,8,1,3,5,3,0,1,1,1,0,0,0,0,13.75723,51.049735
25,16,4,0,7,2,3,5,3,0,0,1,1,0,0,0,0,14.268768,51.452435
12,16,4,0,18,6,3,5,3,0,0,1,1,0,0,0,0,13.781184,51.035948
13,16,4,0,13,7,2,0,5,0,0,1,0,0,0,1,0,12.308608,51.345342
30,16,4,0,15,2,3,5,3,0,0,1,0,0,0,0,0,12.481857,51.370608
12,16,4,0,6,4,3,3,2,0,0,1,0,0,0,1,0,13.806025,51.039008
12,16,4,0,9,2,3,5,3,0,0,1,1,0,0,0,0,13.805873,51.052352
12,16,4,0,18,4,3,3,6,0,1,1,1,0,0,0,0,13.795105,51.053482
30,16,4,0,9,4,3,5,3,0,0,1,1,0,0,0,0,12.883041,51.641382
12,16,4,0,19,2,3,3,5,0,0,1,1,0,0,0,0,13.751246,51.071212
13,16,4,0,8,4,3,5,3,0,0,1,1,0,0,0,0,12.371129,51.328911
13,16,4,0,16,3,3,5,3,0,0,1,1,0,0,0,0,12.361117,51.358938
12,16,4,0,10,6,3,5,3,0,0,1,0,0,0,0,1,13.757745,51.053979
12,16,4,0,6,4,3,5,3,1,1,1,1,0,0,0,0,13.765565,51.048376
26,16,4,0,23,2,3,0,1,2,0,1,0,0,0,0,0,14.98239,51.154766
25,16,4,0,12,2,3,0,7,0,0,1,0,0,0,0,0,14.446866,51.187479
12,16,4,0,17,7,3,5,3,0,1,1,1,0,0,0,0,13.763619,51.068267
25,16,4,0,16,6,3,5,3,0,0,1,0,0,1,0,0,14.094449,51.455237
25,16,4,0,10,5,3,4,2,0,0,1,1,0,0,0,0,14.108701,51.275679
30,16,4,0,17,4,3,5,3,0,1,1,1,0,0,0,0,12.486586,51.386014
29,16,4,0,20,6,3,5,3,0,0,1,1,0,0,0,0,12.741602,51.37028
13,16,4,0,19,1,3,0,7,2,0,1,1,0,0,0,0,12.452169,51.350374
27,16,4,0,15,2,2,0,1,0,0,1,0,0,0,0,0,13.538101,51.295507
13,16,4,0,8,6,3,5,3,0,0,1,1,0,0,0,0,12.313002,51.329742
12,16,4,0,16,6,3,5,2,0,0,1,1,0,0,0,0,13.76089,51.074844
29,16,4,0,8,2,2,0,3,0,0,1,1,0,0,0,0,12.707899,51.361793
12,16,4,0,13,4,3,5,3,0,0,1,1,0,0,0,0,13.688956,51.057947
13,16,5,0,16,2,3,4,6,0,0,1,1,0,0,0,0,12.372891,51.34317
13,16,5,0,16,5,2,1,5,0,0,1,1,0,0,0,0,12.347416,51.325713
12,16,5,0,16,3,3,1,5,0,0,1,1,0,0,0,0,13.739601,51.036908
13,16,5,0,14,2,3,5,3,0,0,1,1,0,0,0,0,12.370034,51.395895