CSV=`UKREIS,UJAHR,UMONAT,UTAG,USTUNDE,UWOCHENTAG,UKATEGORIE,UART,UTYP,LICHT,USTRZUSTAND,IstRad,IstPKW,IstFuss,IstKrad,IstGkfz,IstSonstig,@lon,@lat
12,16,5,0,10,7,3,5,3,0,0,1,1,0,0,0,0,13.831651,51.00219
24,16,5,0,23,6,2,2,6,2,0,1,0,0,0,0,0,12.548804,50.8189
13,16,5,0,15,4,2,5,3,0,0,1,1,0,0,0,0,12.373361,51.353062
13,16,5,0,16,5,3,0,7,0,0,1,0,0,0,0,1,12.391106,51.344979
13,16,5,0,19,5,2,5,3,0,0,1,1,0,0,0,0,12.397647,51.336529
21,16,5,0,6,5,3,5,3,0,0,1,1,0,0,0,0,12.862639,50.753244
12,16,5,0,8,3,2,3,6,0,0,1,1,0,0,0,0,13.814191,51.05431
13,16,5,0,12,2,2,4,6,0,0,1,1,0,0,0,0,12.348206,51.328599
25,16,5,0,16,5,3,4,6,0,0,1,1,0,0,0,0,14.242586,51.389628
29,16,5,0,14,1,3,0,3,0,0,1,0,0,1,0,0,12.359381,51.289286
30,16,5,0,7,4,3,4,2,0,0,1,1,0,0,0,0,12.993878,51.554103
26,16,5,0,18,5,3,5,3,0,0,1,0,0,0,0,0,14.532342,51.538963
28,16,5,0,16,4,3,5,3,0,0,1,0,0,0,0,1,14.279951,50.974833
25,16,5,0,8,2,3,5,3,0,0,1,1,0,0,0,0,14.26243,51.441315
28,16,5,0,17,5,3,5,3,0,1,1,1,0,0,0,0,13.64915,50.993178
13,16,5,0,16,2,3,3,6,0,0,1,1,0,0,0,0,12.358604,51.343193
26,16,5,0,16,5,3,3,6,0,0,1,0,0,0,0,0,14.605744,51.546491
28,16,5,0,18,4,3,0,1,0,1,1,0,0,0,0,0,14.079235,50.9192
25,16,5,0,7,2,3,3,2,0,0,1,1,0,0,0,0,14.248864,51.440133
13,16,5,0,15,4,3,5,3,0,0,1,1,0,0,0,0,12.397534,51.3917
12,16,5,0,8,5,3,5,2,0,0,1,1,0,0,0,0,13.771848,51.046905
27,16,5,0,14,2,3,5,3,0,0,1,1,0,0,0,0,13.666712,51.097069
13,16,5,0,14,7,3,1,5,0,0,1,1,0,0,0,0,12.365702,51.322421
28,16,5,0,14,1,2,3,6,0,0,1,0,0,0,0,0,13.93459,50.968042
25,16,5,0,19,5,3,3,6,0,0,1,1,0,0,0,0,14.230254,51.438291
21,16,5,0,18,4,3,5,3,0,0,1,0,0,0,0,0,12.781922,50.558598
12,16,5,0,14,5,3,5,3,0,0,1,1,0,0,0,0,13.785356,51.035975
12,16,5,0,9,3,3,5,3,0,0,1,1,0,0,0,0,13.803034,51.030058
12,16,5,0,16,2,2,4,2,0,0,1,1,0,0,0,0,13.708778,51.047145
29,16,5,0,10,3,3,5,2,0,0,1,1,0,0,0,0,12.491335,51.127998
12,16,5,0,8,2,3,0,7,0,0,1,1,0,0,0,0,13.734086,51.038729
23,16,5,0,21,6,3,8,2,1,0,1,1,0,0,0,0,12.170093,50.502045
29,16,5,0,6,3,3,4,2,0,0,1,1,0,0,0,0,12.365873,51.285548
28,16,5,0,17,6,3,1,1,0,1,1,1,0,0,0,0,13.870732,50.979464
13,16,5,0,6,3,3,5,3,0,0,1,1,0,0,0,0,12.323872,51.320371
24,16,5,0,11,6,3,3,2,0,0,1,1,0,0,0,0,12.772142,50.857022
13,16,5,0,20,6,2,5,3,0,0,1,1,0,0,0,0,12.370853,51.335007
29,16,5,0,19,3,3,5,3,0,0,1,1,0,0,0,0,12.563,51.320473
13,16,5,0,10,5,3,5,3,0,0,1,1,0,0,0,0,12.37837,51.332206
13,16,5,0,7,3,3,5,2,0,0,1,1,0,0,0,0,12.320371,51.30027
11,16,5,0,7,6,3,5,3,0,0,1,1,0,0,0,0,12.940833,50.846263
13,16,5,0,14,5,3,5,3,0,0,1,0,0,0,0,1,12.365617,51.332069
12,16,5,0,19,2,3,1,5,0,0,1,1,0,0,0,0,13.813846,51.05369
28,16,5,0,9,2,3,5,2,0,0,1,1,0,0,0,0,13.860207,50.980117
12,16,5,0,15,5,3,2,6,0,0,1,0,0,0,1,0,13.708128,51.018365
21,16,5,0,11,1,3,2,6,0,0,1,0,0,1,0,0,12.616116,50.588541
28,16,5,0,16,5,3,5,3,0,1,1,1,0,0,0,0,13.933768,50.96196
13,16,5,0,16,4,3,5,3,0,0,1,1,0,0,0,0,12.419454,51.333044
26,16,5,0,11,4,3,8,7,0,1,1,0,0,0,0,1,14.962743,51.185061
12,16,5,0,7,2,3,2,6,0,0,1,1,0,0,0,0,13.761702,51.068052
12,16,5,0,7,3,3,1,5,0,0,1,1,0,0,0,0,13.739443,51.050057
23,16,5,0,19,6,2,4,6,0,0,1,1,0,0,0,0,12.287658,50.543052
13,16,5,0,12,3,2,5,3,0,0,1,1,0,0,0,0,12.408662,51.359997
12,16,5,0,13,7,3,9,5,0,0,1,1,0,0,0,0,13.758122,51.064674
27,16,5,0,16,5,3,1,1,0,0,1,1,0,0,0,0,13.379092,51.320348
28,16,5,0,18,5,3,0,1,0,0,1,1,0,0,0,0,13.945197,50.96325
12,16,5,0,6,4,3,5,3,0,0,1,1,0,0,0,0,13.682838,51.042416
12,16,5,0,16,2,3,0,1,0,0,1,0,0,0,0,0,13.760493,51.068395
11,16,5,0,8,2,3,0,3,0,0,1,1,0,0,0,0,12.876244,50.841576
24,16,5,0,17,6,2,5,3,0,0,1,1,0,0,0,0,12.457857,50.709805
13,16,5,0,8,5,3,5,3,0,0,1,1,0,0,0,0,12.373278,51.346433
24,16,5,0,7,4,2,5,3,0,0,1,1,0,0,0,0,12.552635,50.826583
22,16,5,0,18,3,2,5,3,0,0,1,1,0,0,0,0,13.334272,50.911346
24,16,5,0,10,1,3,1,3,0,0,1,1,0,0,0,0,12.390493,50.808633
29,16,5,0,16,6,3,5,3,0,0,1,1,0,0,0,0,12.360324,51.270989
13,16,5,0,8,6,3,5,3,0,0,1,1,0,0,0,0,12.365276,51.323647
25,16,5,0,17,3,3,5,3,0,0,1,1,0,0,0,0,14.257176,51.438748
29,16,5,0,6,5,2,5,3,0,0,1,1,0,0,0,0,12.703843,51.351861
13,16,5,0,14,4,3,5,3,0,0,1,1,0,0,0,0,12.373738,51.326806
30,16,5,0,9,7,2,5,3,0,0,1,1,0,0,0,0,12.351833,51.524196
12,16,5,0,17,5,2,9,1,0,0,1,0,0,0,0,0,13.698133,51.099217
13,16,5,0,17,1,3,2,6,0,0,1,0,0,0,0,1,12.425424,51.320078
13,16,5,0,17,1,3,5,3,0,0,1,1,0,0,0,0,12.372283,51.349605
12,16,5,0,17,2,3,6,6,0,0,1,0,1,0,0,0,13.759625,51.053588
28,16,5,0,19,5,3,0,3,0,0,1,1,0,0,0,0,13.528981,51.05225
12,16,5,0,16,5,2,5,3,0,0,1,0,0,1,0,0,13.688947,51.057957
12,16,5,0,18,5,3,5,3,0,0,1,1,0,0,0,0,13.673582,51.043132
25,16,5,0,16,4,3,6,4,0,0,1,0,1,0,0,0,14.447429,51.192037
12,16,5,0,13,2,3,0,1,0,0,1,0,0,0,0,0,13.740357,51.049924
12,16,5,0,7,5,3,5,3,0,0,1,1,0,0,0,0,13.775821,51.050917
28,16,5,0,12,1,2,9,1,0,0,1,0,0,0,0,0,13.65374,50.992051
23,16,5,0,15,7,3,5,3,0,0,1,1,0,0,0,0,12.243481,50.61908
12,16,5,0,16,4,3,5,3,0,0,1,1,0,0,0,0,13.729596,51.052806
22,16,5,0,19,2,3,0,7,0,0,1,0,0,0,0,0,12.979959,50.984089
12,16,5,0,15,1,3,4,2,0,0,1,0,0,0,0,0,13.643789,51.092931
30,16,5,0,7,6,2,5,3,0,0,1,1,0,0,0,0,12.983166,51.64747
12,16,5,0,20,3,2,0,1,0,0,1,0,0,0,0,0,13.80654,51.0423
12,16,5,0,10,6,3,1,5,0,0,1,1,0,0,0,0,13.681291,51.047339
12,16,5,0,12,1,3,6,4,0,0,1,0,1,0,0,0,13.86093,51.009146
13,16,5,0,11,6,3,3,7,0,0,1,1,0,0,0,0,12.338885,51.350052
27,16,5,0,18,3,3,2,2,0,0,1,1,0,0,0,0,13.257983,51.302227
13,16,5,0,11,6,3,5,2,0,0,1,1,0,0,0,0,12.369449,51.360118
12,16,5,0,8,3,3,5,2,0,0,1,0,0,0,0,1,13.777588,51.056502
13,16,5,0,16,2,3,5,3,0,0,1,1,0,0,0,0,12.380032,51.328851
21,16,5,0,15,1,3,0,1,0,0,1,0,0,0,0,0,12.962113,50.641959
13,16,5,0,18,6,3,5,2,0,0,1,1,0,0,0,0,12.336202,51.332029
13,16,5,0,7,6,3,4,2,0,0,1,1,0,0,0,0,12.389385,51.335829
27,16,5,0,9,5,3,5,3,0,0,1,1,0,0,0,0,13.266097,51.298935
29,16,5,0,20,4,3,5,3,0,0,1,1,0,0,0,0,12.712891,51.235792
13,16,5,0,22,2,3,0,5,2,0,1,1,0,0,0,0,12.401122,51.3393
13,16,5,0,18,5,3,5,3,0,0,1,1,0,0,0,0,12.387303,51.309252
23,16,4,0,11,7,3,4,7,0,0,1,1,0,0,0,0,12.281151,50.62036
27,16,5,0,17,1,3,5,3,0,1,1,1,0,0,0,0,13.478648,51.170165
25,16,5,0,9,7,2,5,3,0,0,1,1,0,0,0,0,14.261943,51.441043
13,16,5,0,6,1,2,1,5,0,1,1,1,0,0,0,0,12.385569,51.341173
25,16,5,0,14,7,3,8,7,0,0,1,0,0,0,0,0,14.204136,51.121293
24,16,5,0,14,4,3,5,3,0,0,1,1,0,0,0,0,12.376412,50.733994
13,16,4,0,13,7,3,3,5,0,0,1,1,0,0,0,0,12.388624,51.327744
12,16,5,0,12,5,3,0,7,0,0,1,0,0,0,1,0,13.765952,51.056306
29,16,4,0,11,7,3,5,3,0,0,1,1,0,0,0,0,12.354715,51.268675
13,16,5,0,21,6,2,5,2,1,0,1,1,0,0,0,0,12.385515,51.37614
28,16,5,0,12,7,2,0,1,0,0,1,0,0,0,0,0,13.954691,51.006396
12,16,5,0,8,5,3,5,3,0,0,1,1,0,0,0,0,13.688324,51.046927
29,16,5,0,17,2,3,4,6,0,0,1,0,1,0,0,0,12.42803,51.256461
27,16,5,0,11,4,2,5,3,0,0,1,1,0,0,0,0,13.527655,51.291658
12,16,5,0,16,3,3,1,5,0,0,1,1,0,0,0,0,13.702011,51.074511
24,16,5,0,18,2,3,5,3,0,0,1,1,0,0,0,0,12.454288,50.720327
13,16,5,0,17,3,3,5,3,0,0,1,1,0,0,0,0,12.387217,51.336879
13,16,5,0,8,4,3,5,3,0,0,1,1,0,0,0,0,12.349358,51.348518
30,16,5,0,7,4,3,5,3,0,0,1,1,0,0,0,0,12.584697,51.597284
13,16,5,0,19,6,3,5,7,1,0,1,1,0,0,0,0,12.371244,51.326004
24,16,5,0,13,2,3,5,7,0,0,1,1,0,0,0,0,12.416579,50.710902
11,16,5,0,14,6,3,6,4,0,0,1,0,1,0,0,0,12.885131,50.803151
12,16,5,0,15,7,3,1,7,0,0,1,1,0,0,0,0,13.752254,51.052682
11,16,5,0,16,2,3,5,3,0,0,1,1,0,0,0,0,12.903177,50.843354
13,16,5,0,15,5,3,5,3,0,0,1,0,0,1,0,0,12.325696,51.313163
27,16,5,0,9,5,3,5,2,0,0,1,1,0,0,0,0,13.590911,51.132803
13,16,5,0,8,4,2,5,3,0,0,1,1,0,0,0,0,12.362793,51.321081
29,16,5,0,18,4,3,5,3,0,0,1,1,0,0,0,0,12.653573,51.143667
29,16,5,0,18,2,3,5,3,0,0,1,0,0,0,0,0,12.500023,51.123899
12,16,5,0,15,7,3,0,1,0,0,1,0,0,0,0,0,13.753093,51.041732
13,16,5,0,16,4,3,5,3,0,0,1,1,0,0,0,0,12.376641,51.355856
25,16,5,0,20,1,2,0,1,0,0,1,0,0,0,0,0,14.108466,51.272399
13,16,5,0,18,6,2,5,3,0,0,1,1,0,0,0,0,12.292146,51.354856
13,16,5,0,14,6,3,3,6,0,0,1,1,0,0,0,0,12.394738,51.376423
25,16,5,0,8,1,3,0,1,0,0,1,0,0,0,0,0,14.092568,51.444685
13,16,5,0,14,4,2,5,3,0,0,1,0,0,0,0,0,12.37668,51.346139
11,16,5,0,19,4,3,5,3,0,0,1,1,0,0,0,0,12.904976,50.865852
29,16,5,0,19,6,2,1,5,1,0,1,0,0,0,1,0,12.537206,51.347067
11,16,5,0,6,2,3,0,7,0,1,1,0,0,0,0,1,12.900332,50.838021
12,16,5,0,6,6,3,3,5,0,0,1,1,0,0,0,0,13.684215,51.040964
13,16,5,0,10,6,3,1,5,0,0,1,1,0,0,0,0,12.338376,51.326108
12,16,5,0,12,1,3,3,6,0,0,1,0,0,0,0,1,13.707378,51.078832
22,16,5,0,16,4,3,5,3,0,0,1,1,0,0,0,0,13.039418,50.9155
12,16,5,0,16,3,2,5,2,0,1,1,1,0,0,0,0,13.753515,51.03436
13,16,5,0,16,2,3,5,2,0,0,1,0,0,0,0,1,12.376756,51.320694
12,16,5,0,15,4,3,5,3,0,0,1,1,0,0,0,0,13.783077,51.043451
12,16,5,0,17,1,3,5,2,0,0,1,1,0,0,0,0,13.777082,51.06008
12,16,5,0,17,4,3,5,2,0,0,1,1,0,0,0,0,13.746542,51.03833
12,16,5,0,8,6,3,3,5,0,0,1,1,0,0,0,0,13.671374,51.065884
12,16,5,0,15,4,3,0,3,0,0,1,1,0,0,0,0,13.776308,51.055996
25,16,5,0,15,2,3,5,3,0,0,1,1,0,0,0,0,14.436523,51.178911
12,16,5,0,15,4,3,6,6,0,0,1,0,1,0,0,0,13.762337,51.037505
12,16,5,0,14,6,2,5,3,0,0,1,1,0,0,0,0,13.781414,51.127893
12,16,5,0,22,2,3,0,3,2,0,1,0,0,0,0,1,13.833879,51.028456
28,16,5,0,7,4,3,5,3,0,0,1,0,0,0,0,1,13.85937,50.98476
22,16,5,0,15,4,3,4,6,0,0,1,0,0,0,0,0,13.343096,50.920172
22,16,5,0,15,5,3,1,2,0,0,1,1,0,0,0,0,13.337113,50.914112
24,16,5,0,20,7,3,0,1,0,0,1,0,0,0,0,0,12.5895,50.715953
24,16,5,0,10,7,3,0,1,0,0,1,0,0,0,0,0,12.383948,50.802202
25,16,5,0,15,6,2,5,3,0,0,1,1,0,0,0,0,14.447592,51.182854
21,16,5,0,16,4,3,0,1,0,0,1,0,0,0,0,0,12.687465,50.579738
30,16,5,0,15,3,2,5,3,0,0,1,1,0,0,0,0,12.336614,51.541262
12,16,5,0,12,7,2,5,3,0,0,1,1,0,0,0,0,13.738072,51.086713
12,16,5,0,8,2,2,5,3,0,0,1,1,0,0,0,0,13.698609,51.074191
24,16,5,0,19,7,3,4,2,0,0,1,1,0,0,0,0,12.483727,50.71614
12,16,5,0,15,3,3,0,1,0,1,1,0,0,0,0,0,13.826117,51.060093
11,16,5,0,7,3,2,5,2,0,0,1,1,0,0,0,0,12.926617,50.83378
12,16,5,0,19,7,3,3,5,1,0,1,1,0,0,0,0,13.848563,51.004581
12,16,5,0,8,2,3,0,5,0,0,1,1,0,0,0,0,13.778068,51.041868
11,16,5,0,1,2,2,0,1,2,0,1,0,0,0,0,0,12.882876,50.855039
12,16,5,0,14,3,3,0,7,0,1,1,0,0,0,0,0,13.747755,51.028537
11,16,5,0,12,3,3,3,2,0,0,1,1,0,0,0,0,12.912479,50.816951
12,16,5,0,14,1,2,5,2,0,0,1,0,0,0,0,0,13.850469,50.997339
12,16,5,0,19,2,2,0,2,0,0,1,0,0,0,0,0,13.723289,51.062901
13,16,5,0,19,7,2,4,2,0,0,1,0,0,0,0,0,12.345634,51.330052
11,16,5,0,11,4,2,3,6,0,0,1,1,0,0,0,0,12.833733,50.82493
12,16,5,0,17,2,3,5,2,0,0,1,1,0,0,0,0,13.818739,51.013367
13,16,5,0,10,7,3,5,3,0,0,1,1,0,0,0,0,12.36892,51.341895
21,16,5,0,16,6,3,5,3,0,0,1,1,0,0,0,0,12.795935,50.542815
13,16,5,0,20,5,3,0,6,0,0,1,0,0,0,0,1,12.32967,51.332546
27,16,5,0,7,6,3,6,2,0,0,1,0,1,0,0,0,13.586186,51.134556
13,16,5,0,22,3,3,6,4,2,0,1,0,1,0,0,0,12.378033,51.340656
24,16,5,0,16,3,3,5,3,0,0,1,1,0,0,0,0,12.476228,50.845249
12,16,5,0,14,6,3,0,7,0,0,1,1,0,0,0,0,13.731167,51.09108
23,16,5,0,11,3,3,5,3,0,0,1,0,0,0,0,1,12.290876,50.62383
12,16,5,0,7,2,3,5,3,0,0,1,1,0,0,0,0,13.775817,51.121186
11,16,5,0,14,6,3,5,3,0,0,1,1,0,0,0,0,12.883043,50.818004
25,16,5,0,15,3,3,5,3,0,0,1,1,0,0,0,0,14.348899,51.136596
30,16,5,0,16,2,3,1,5,0,0,1,1,0,0,0,0,12.337978,51.523649
12,16,5,0,10,3,3,5,3,0,0,1,1,0,0,0,0,13.804609,51.039919
12,16,5,0,15,6,3,7,7,0,0,1,0,0,0,0,0,13.737304,51.024017
12,16,5,0,7,3,3,5,3,0,0,1,1,0,0,0,0,13.785356,51.035975
27,16,5,0,11,7,3,4,6,0,0,1,1,0,0,0,0,13.450949,51.422333
13,16,5,0,7,3,3,5,3,0,1,1,1,0,0,0,0,12.390327,51.302973
12,16,5,0,14,2,3,0,3,0,0,1,1,0,0,0,0,13.812697,51.019871
30,16,5,0,11,5,3,6,7,0,0,1,0,1,0,0,0,13.108001,51.299822
12,16,5,0,6,3,3,5,2,0,0,1,0,0,0,0,1,13.733338,51.051023
24,16,5,0,18,2,3,1,1,0,0,1,1,0,0,0,0,12.375998,50.732688
21,16,5,0,17,5,2,5,3,0,0,1,1,0,0,0,0,13.347879,50.655986
13,16,5,0,17,3,3,0,5,0,0,1,1,0,0,0,0,12.390988,51.297405
13,16,5,0,8,5,2,0,1,0,0,1,0,0,0,0,0,12.392599,51.330557
13,16,5,0,17,3,2,5,3,0,0,1,1,0,0,0,0,12.355633,51.360711
13,16,5,0,19,5,3,3,6,0,0,1,0,0,0,0,1,12.344402,51.318903
13,16,5,0,0,1,3,0,7,2,0,1,0,0,0,0,0,12.378435,51.307823
25,16,5,0,7,2,3,5,3,0,0,1,1,0,0,0,0,14.272305,51.158978
29,16,5,0,20,7,2,0,7,0,0,1,0,0,0,0,0,12.326164,51.221477
25,16,5,0,8,3,2,1,7,0,0,1,1,0,0,0,0,13.905353,51.264683
21,16,5,0,16,2,3,6,6,0,1,1,0,1,0,0,0,13.007453,50.575818
13,16,5,0,19,5,2,1,5,0,0,1,1,0,0,0,0,12.33711,51.339394
13,16,5,0,20,5,3,5,3,0,0,1,1,0,0,0,0,12.371262,51.332619
12,16,5,0,8,6,3,5,2,0,0,1,0,0,0,0,1,13.775359,51.03299
13,16,5,0,16,7,3,5,2,0,0,1,1,0,0,0,0,12.380953,51.330785
13,16,5,0,15,3,2,3,2,0,0,1,1,0,0,0,0,12.377252,51.366671
11,16,5,0,9,7,3,1,6,0,0,1,1,0,0,0,0,12.876304,50.832892
13,16,5,0,15,5,3,5,3,0,0,1,1,0,0,0,0,12.408653,51.35997
12,16,5,0,16,6,3,5,2,0,1,1,1,0,0,0,0,13.75134,51.060001
27,16,5,0,7,3,3,5,2,0,0,1,0,0,0,0,0,13.255689,51.3025
13,16,5,0,16,3,3,5,3,0,0,1,1,0,0,0,0,12.368748,51.34574
30,16,5,0,22,6,2,3,6,2,0,1,0,0,0,0,0,13.002318,51.556367
13,16,5,0,19,5,3,0,2,0,0,1,1,0,0,0,0,12.368665,51.289246
24,16,5,0,15,6,2,0,1,0,0,1,0,0,0,0,0,12.499623,50.730264
26,16,5,0,7,3,3,5,3,0,0,1,1,0,0,0,0,14.62718,51.501274
24,16,5,0,12,6,3,0,5,0,0,1,1,0,0,0,0,12.709763,50.801758
13,16,5,0,18,5,3,4,3,0,0,1,1,0,0,0,0,12.376874,51.35604
12,16,5,0,11,3,3,0,7,0,0,1,1,0,0,0,0,13.757849,51.067045
12,16,5,0,17,6,3,5,2,0,1,1,1,0,0,0,0,13.773663,51.048746
22,16,5,0,10,3,3,8,1,0,0,1,0,0,0,0,0,12.956201,50.967317
27,16,5,0,17,3,3,3,6,0,0,1,1,0,0,0,0,13.697154,51.120468
29,16,5,0,15,5,3,5,3,0,0,1,1,0,0,0,0,12.719786,51.232446
25,16,5,0,18,2,3,4,6,0,0,1,1,0,0,0,0,14.187844,51.217849
21,16,5,0,0,3,2,0,7,2,0,1,0,0,0,0,0,13.159958,50.650101
11,16,5,0,19,1,3,0,3,0,0,1,1,0,0,0,0,12.891706,50.791977
12,16,5,0,6,6,3,5,3,0,0,1,0,0,0,0,1,13.806741,51.0521
13,16,5,0,16,2,3,6,4,0,0,1,0,1,0,0,0,12.373327,51.311795
30,16,5,0,20,4,3,0,1,1,0,1,0,0,0,0,0,13.112257,51.302628
12,16,5,0,12,1,3,3,5,0,0,1,1,0,0,0,0,13.73523,51.072737
13,16,5,0,10,7,3,5,3,0,0,1,1,0,0,0,0,12.365053,51.360816
13,16,5,0,7,4,3,6,4,0,0,1,0,1,0,0,0,12.443862,51.331467
12,16,5,0,19,5,2,5,7,1,0,1,1,0,0,0,0,13.807686,51.026423
27,16,5,0,10,5,3,0,3,0,0,1,1,0,0,0,0,13.261904,51.302854
12,16,5,0,17,2,3,5,3,0,0,1,1,0,0,0,0,13.80414,51.053429
25,16,5,0,12,7,3,2,6,0,0,1,1,0,0,0,0,14.242154,51.442248
12,16,5,0,11,6,3,0,2,0,0,1,0,0,1,0,0,13.680564,51.052494
12,16,5,0,19,5,2,5,3,0,0,1,1,0,0,0,0,13.648583,51.090791
28,16,5,0,21,5,3,0,1,2,0,1,0,0,0,0,0,13.929799,50.951865
28,16,5,0,15,3,3,8,1,0,0,1,0,0,0,0,0,13.990543,50.946697
13,16,5,0,11,1,3,0,6,0,0,1,1,0,0,0,0,12.371384,51.346031
26,16,5,0,12,3,3,3,6,0,0,1,0,0,0,0,0,14.941376,51.145194
13,16,5,0,15,6,3,3,6,0,0,1,0,0,0,0,1,12.368119,51.320928
13,16,5,0,15,6,3,5,3,0,0,1,1,0,0,0,0,12.407635,51.373737
12,16,5,0,15,3,3,0,7,0,0,1,1,0,0,0,0,13.747012,51.071748
13,16,5,0,19,1,3,5,3,0,0,1,0,0,0,0,0,12.342287,51.338593
12,16,5,0,17,1,3,6,6,0,0,1,0,1,0,0,0,13.798776,51.025596
13,16,5,0,9,4,3,5,2,0,0,1,1,0,0,0,0,12.321909,51.35004
27,16,5,0,13,5,3,8,7,0,0,1,0,1,0,0,0,13.668008,51.106901
12,16,5,0,0,1,2,0,1,2,0,1,0,0,0,0,0,13.741117,51.057503
12,16,5,0,17,5,3,5,3,0,0,1,1,0,0,0,0,13.67478,51.090648
25,16,5,0,12,2,3,3,6,0,0,1,1,0,0,0,0,14.278881,51.444495
29,16,5,0,17,7,3,4,2,0,0,1,0,0,0,0,1,12.886661,51.263268
13,16,5,0,22,1,3,0,3,2,0,1,1,0,0,0,0,12.414858,51.342929
13,16,5,0,15,6,3,5,3,0,0,1,1,0,0,0,0,12.405385,51.334384
29,16,5,0,7,4,3,5,3,0,0,1,1,0,0,0,0,12.492893,51.114043
12,16,5,0,14,5,2,5,2,0,0,1,1,0,0,0,0,13.736989,51.0377
29,16,5,0,16,1,3,1,3,0,0,1,1,0,0,0,0,12.493842,51.120817
12,16,6,0,16,6,3,5,2,0,1,1,1,0,0,0,0,13.793843,51.043008
12,16,6,0,15,4,3,5,3,0,1,1,1,0,0,0,0,13.72153,51.041768
30,16,6,0,10,3,2,4,6,0,0,1,0,0,0,0,0,12.346167,51.522946
11,16,6,0,19,5,3,5,2,0,0,1,1,0,0,0,0,12.899847,50.839122
11,16,6,0,15,6,2,0,1,0,0,1,0,0,0,0,0,12.909769,50.837751
13,16,6,0,17,2,3,0,2,0,0,1,0,0,0,0,0,12.388275,51.326111
30,16,6,0,14,7,3,5,3,0,0,1,0,0,1,0,0,12.582303,51.594733
24,16,6,0,21,5,3,5,3,2,1,1,1,0,0,0,0,12.498141,50.702303
13,16,6,0,21,7,3,5,5,1,0,1,1,0,0,0,0,12.408245,51.342786
12,16,6,0,6,4,3,0,7,0,0,1,0,0,0,0,1,13.774958,51.016794
13,16,6,0,10,6,3,5,3,0,0,1,1,0,0,0,0,12.384854,51.378881
11,16,6,0,7,5,3,5,3,0,0,1,1,0,0,0,0,12.828833,50.812029
12,16,6,0,15,2,3,0,5,0,0,1,1,0,0,0,0,13.801749,51.038593
13,16,6,0,19,3,3,3,6,0,0,1,0,0,0,0,0,12.435196,51.286776
24,16,6,0,21,4,3,5,3,1,0,1,1,0,0,0,0,12.515822,50.677293
13,16,6,0,21,2,3,0,6,1,0,1,0,0,0,0,0,12.373433,51.314985
28,16,6,0,12,1,3,4,6,0,0,1,1,0,0,0,0,13.968191,50.962355
13,16,6,0,16,5,3,5,3,0,0,1,1,0,0,0,0,12.373749,51.369535
27,16,6,0,14,7,3,3,2,0,0,1,1,0,0,0,0,13.677177,51.175945
26,16,6,0,10,7,3,2,6,0,0,1,1,0,0,0,0,14.807971,50.889301
13,16,6,0,17,3,3,5,3,0,0,1,1,0,0,0,0,12.466689,51.336591
24,16,6,0,16,4,2,5,2,0,0,1,1,0,0,0,0,12.489993,50.718292
13,16,6,0,2,5,3,5,3,2,0,1,1,0,0,0,0,12.334848,51.331696
13,16,6,0,13,2,3,5,3,0,0,1,1,0,0,0,0,12.413973,51.342756
29,16,6,0,14,3,3,1,1,0,0,1,0,0,0,0,1,12.396087,51.277526
13,16,6,0,17,5,3,5,3,0,0,1,1,0,0,0,0,12.400379,51.34585
27,16,6,0,12,7,3,5,3,0,0,1,1,0,0,0,0,13.587632,51.127728
27,16,6,0,18,3,3,5,3,0,0,1,1,0,0,0,0,13.390665,51.295377
13,16,6,0,15,5,3,5,3,0,0,1,1,0,0,0,0,12.385953,51.371295
13,16,6,0,17,3,3,6,4,0,1,1,0,1,0,0,0,12.373517,51.32992
13,16,6,0,7,2,3,5,3,0,0,1,1,0,0,0,0,12.432357,51.356544
13,16,6,0,20,3,3,5,2,0,0,1,1,0,0,0,0,12.322734,51.3749
13,16,6,0,10,6,3,5,3,0,0,1,1,0,0,0,0,12.360254,51.340561
12,16,6,0,11,4,3,5,3,0,0,1,1,0,0,0,0,13.773663,51.048746
13,16,6,0,11,2,3,5,2,0,0,1,0,0,0,1,0,12.371123,51.347372
13,16,6,0,7,3,2,1,3,0,0,1,1,0,0,0,0,12.460635,51.345758
29,16,6,0,15,7,3,5,3,0,0,1,1,0,0,0,0,12.325297,51.20738
26,16,6,0,18,7,3,0,1,0,0,1,0,0,0,0,0,14.980774,51.145622
13,16,6,0,14,2,3,5,3,0,0,1,1,0,0,0,0,12.370854,51.335012
21,16,6,0,17,4,2,5,3,0,1,1,1,0,0,0,0,12.943702,50.736552
13,16,6,0,18,4,3,5,3,0,0,1,1,0,0,0,0,12.331445,51.349627
11,16,6,0,20,1,2,0,1,0,1,1,0,0,0,0,0,12.899997,50.815915
29,16,6,0,18,3,3,4,2,0,0,1,0,0,0,0,0,12.428403,51.25551
28,16,6,0,13,6,3,5,3,0,0,1,1,0,0,0,0,13.939061,50.9598
13,16,6,0,18,5,3,5,3,0,0,1,1,0,0,0,0,12.28728,51.302899
13,16,6,0,17,4,3,5,3,0,0,1,1,0,0,0,0,12.366287,51.365699
26,16,6,0,12,5,3,5,3,0,0,1,1,0,0,0,0,14.722117,50.879926
12,16,6,0,11,7,3,5,3,0,0,1,1,0,0,0,0,13.681978,51.086522
12,16,6,0,22,7,3,3,6,2,0,1,1,0,0,0,0,13.796122,51.007447
25,16,6,0,11,5,3,1,5,0,0,1,0,0,0,1,0,14.104573,51.438187
26,16,6,0,9,2,3,5,2,0,0,1,1,0,0,0,0,14.947978,51.148164
29,16,6,0,10,3,2,5,3,0,0,1,1,0,0,0,0,12.654607,51.142095