CSV=`UKREIS,UJAHR,UMONAT,UTAG,USTUNDE,UWOCHENTAG,UKATEGORIE,UART,UTYP,LICHT,USTRZUSTAND,IstRad,IstPKW,IstFuss,IstKrad,IstGkfz,IstSonstig,@lon,@lat
25,16,6,0,8,5,3,0,7,0,0,1,0,0,0,0,0,14.269159,51.448062
12,16,6,0,8,7,2,0,1,0,0,1,0,0,0,0,0,13.765158,51.121469
12,16,6,0,22,7,3,5,3,2,0,1,1,0,0,0,0,13.791363,51.046772
26,16,6,0,19,3,2,0,1,0,0,1,0,0,0,0,0,14.577694,51.016639
13,16,6,0,15,4,3,1,5,0,0,1,1,0,0,0,0,12.376873,51.370969
26,16,6,0,16,5,3,0,4,0,0,1,0,1,0,0,0,14.987149,51.152595
28,16,6,0,14,5,3,0,7,0,0,1,0,0,0,0,0,13.944687,50.953594
27,16,6,0,13,2,3,5,3,0,0,1,1,0,0,0,0,13.654005,51.109766
25,16,6,0,13,3,3,6,7,0,0,1,0,1,0,0,0,14.266696,51.442415
28,16,6,0,6,5,3,5,3,0,1,1,1,0,0,0,0,13.929691,50.967823
12,16,6,0,18,7,3,6,7,0,0,1,0,1,0,0,0,13.742023,51.053509
26,16,6,0,2,1,3,2,6,2,0,1,1,0,0,0,0,14.987808,51.141867
12,16,6,0,18,6,3,5,3,0,0,1,1,0,0,0,0,13.737002,51.037729
13,16,6,0,10,7,3,0,7,0,0,1,0,0,0,0,0,12.416558,51.323749
28,16,6,0,18,5,3,0,1,0,0,1,0,0,0,0,0,13.938267,50.984167
12,16,6,0,14,2,3,5,3,0,0,1,1,0,0,0,0,13.721497,51.054269
26,16,6,0,8,3,3,0,1,0,0,1,0,0,0,0,0,14.983711,51.150872
12,16,6,0,18,7,3,5,2,0,0,1,1,0,0,0,0,13.799577,51.041694
13,16,6,0,19,7,3,5,3,0,0,1,1,0,0,0,0,12.434822,51.379911
12,16,6,0,19,5,3,2,6,0,0,1,0,0,1,0,0,13.799794,51.041578
21,16,6,0,16,7,3,3,6,0,0,1,0,0,0,0,1,12.634923,50.600314
11,16,6,0,18,7,2,0,1,0,1,1,0,0,0,0,0,12.892107,50.807024
13,16,6,0,17,4,3,5,3,0,0,1,1,0,0,0,0,12.479449,51.350605
11,16,6,0,1,7,2,0,1,2,0,1,0,0,0,0,0,12.913295,50.843631
12,16,6,0,17,2,3,2,6,0,0,1,1,0,0,0,0,13.802706,51.030164
12,16,6,0,23,6,3,5,3,2,0,1,1,0,0,0,0,13.796929,51.050001
25,16,6,0,12,4,3,1,5,0,0,1,1,0,0,0,0,13.89886,51.134366
12,16,6,0,15,2,3,5,2,0,0,1,1,0,0,0,0,13.72911,51.05096
29,16,6,0,10,6,2,5,3,0,0,1,1,0,0,0,0,12.329869,51.223185
27,16,6,0,10,5,3,4,1,0,0,1,1,0,0,0,0,13.634058,51.104392
12,16,6,0,16,2,3,5,3,0,0,1,1,0,0,0,0,13.790686,51.029742
12,16,6,0,15,3,3,5,3,0,0,1,1,0,0,0,0,13.713238,51.093105
13,16,6,0,10,3,3,5,2,0,0,1,0,0,0,0,1,12.376971,51.325114
12,16,6,0,9,2,3,6,4,0,0,1,0,1,0,0,0,13.771861,51.046919
24,16,6,0,16,4,3,5,3,0,0,1,1,0,0,0,0,12.463853,50.697589
21,16,6,0,15,2,2,6,1,0,0,1,0,1,0,0,0,12.698001,50.727803
13,16,6,0,21,6,3,4,2,2,0,1,1,0,0,0,0,12.359216,51.334471
28,16,6,0,10,4,2,8,1,0,0,1,0,0,0,0,0,14.255778,51.024781
11,16,6,0,15,2,2,0,7,0,1,1,0,0,0,0,0,12.938627,50.839405
12,16,6,0,6,3,3,5,3,0,0,1,1,0,0,0,0,13.839691,51.000341
12,16,6,0,17,5,3,5,3,0,0,1,1,0,0,0,0,13.770087,51.109074
11,16,6,0,15,2,3,4,2,0,0,1,1,0,0,0,0,12.918426,50.838012
24,16,6,0,14,6,3,0,3,0,0,1,1,0,0,0,0,12.455142,50.867865
12,16,6,0,7,3,2,0,1,0,1,1,0,0,0,0,0,13.743239,51.110762
12,16,6,0,10,3,3,4,6,0,0,1,1,0,0,0,0,13.750755,51.063241
13,16,6,0,18,7,3,2,6,0,0,1,1,0,0,0,0,12.3623,51.33245
27,16,6,0,19,4,3,5,3,0,0,1,1,0,0,0,0,13.46638,51.095117
13,16,6,0,12,4,3,3,5,0,1,1,1,0,0,0,0,12.373249,51.324392
13,16,6,0,18,7,3,5,3,0,0,1,1,0,0,0,0,12.394257,51.336185
22,16,6,0,9,2,2,0,6,0,0,1,0,0,0,0,0,13.327591,50.918279
30,16,5,0,9,3,2,0,7,0,0,1,0,0,0,0,0,12.325249,51.521431
12,16,6,0,8,4,3,4,2,0,0,1,1,0,0,0,0,13.753323,51.050366
13,16,6,0,6,6,2,0,1,0,1,1,0,0,0,0,0,12.292405,51.393071
29,16,6,0,6,6,2,0,1,0,1,1,0,0,0,0,0,12.17774,51.306896
22,16,6,0,20,4,2,1,5,0,0,1,1,0,0,0,0,12.799276,50.891256
12,16,6,0,8,5,3,3,2,0,0,1,0,0,0,1,0,13.798141,51.023838
12,16,6,0,15,3,3,5,2,0,0,1,0,0,0,0,1,13.786293,51.028555
13,16,6,0,20,4,3,5,3,0,0,1,1,0,0,0,0,12.382717,51.315009
24,16,6,0,15,6,2,5,3,0,0,1,1,0,0,0,0,12.488737,50.718973
13,16,6,0,8,6,3,6,4,0,0,1,0,1,0,0,0,12.376808,51.343303
12,16,6,0,15,5,3,6,7,0,0,1,0,1,0,0,0,13.784156,51.034752
12,16,6,0,13,3,3,5,3,0,0,1,0,0,1,0,0,13.754736,51.04595
11,16,6,0,20,4,2,1,5,0,0,1,1,0,0,0,0,12.938103,50.840171
28,16,6,0,15,5,2,5,3,0,0,1,1,0,0,0,0,13.72551,50.946663
30,16,6,0,18,4,3,3,6,0,0,1,1,0,0,0,0,12.489063,51.384762
25,16,6,0,14,6,3,5,3,0,0,1,1,0,0,0,0,14.430363,51.180898
23,16,6,0,19,5,2,0,1,0,0,1,0,0,0,0,0,12.16374,50.508745
13,16,6,0,6,1,2,7,1,0,0,1,0,0,0,0,0,12.36228,51.332023
13,16,6,0,15,6,2,5,3,0,0,1,1,0,0,0,0,12.370965,51.333986
27,16,6,0,16,3,2,4,6,0,0,1,1,0,0,0,0,13.467777,51.161162
22,16,6,0,22,3,2,5,3,2,0,1,1,0,0,0,0,13.352145,50.901898
26,16,6,0,18,4,3,8,6,0,0,1,1,0,0,0,0,14.825563,51.048036
13,16,6,0,7,2,3,5,3,0,0,1,1,0,0,0,0,12.459521,51.355401
12,16,6,0,10,6,3,5,2,0,0,1,1,0,0,0,0,13.808178,51.00611
28,16,6,0,14,1,3,1,7,0,0,1,1,0,0,0,0,14.087464,50.958501
13,16,6,0,22,5,3,5,3,2,0,1,1,0,0,0,0,12.37365,51.32322
25,16,6,0,13,4,3,3,2,0,0,1,1,0,0,0,0,14.14522,51.431195
11,16,6,0,16,3,3,5,3,0,0,1,0,0,0,0,0,12.912002,50.838345
27,16,6,0,8,4,3,3,6,0,0,1,1,0,0,0,0,13.303009,51.296783
12,16,6,0,17,6,3,5,3,0,1,1,1,0,0,0,0,13.755296,51.017549
27,16,6,0,11,2,3,3,2,0,0,1,1,0,0,0,0,13.525328,51.291556
22,16,6,0,22,5,3,5,3,2,0,1,1,0,0,0,0,13.347303,50.917523
12,16,6,0,0,1,2,0,1,2,0,1,0,0,0,0,0,13.716069,51.014672
27,16,6,0,17,3,3,3,6,0,0,1,1,0,0,0,0,13.63123,51.104612
12,16,6,0,12,4,2,0,3,0,0,1,1,0,0,0,0,13.703771,51.084977
11,16,6,0,11,2,3,5,3,0,0,1,1,0,0,0,0,12.903278,50.839838
13,16,6,0,19,6,3,4,2,0,0,1,1,0,0,0,0,12.323029,51.338736
13,16,5,0,7,3,3,5,3,0,0,1,0,0,1,0,0,12.489285,51.345186
21,16,6,0,19,1,2,0,1,0,0,1,0,0,0,0,0,13.161362,50.650101
12,16,6,0,20,5,3,0,7,0,0,1,1,0,0,0,0,13.80908,51.047228
13,16,6,0,11,5,2,5,3,0,0,1,1,0,0,0,0,12.376947,51.344848
13,16,6,0,4,6,3,0,1,1,0,1,1,0,0,0,0,12.405588,51.341976
11,16,6,0,17,1,3,5,3,0,0,1,1,0,0,0,0,12.950232,50.813525
24,16,6,0,6,6,2,3,6,0,0,1,1,0,0,0,0,12.544663,50.82772
12,16,6,0,14,5,3,5,3,0,0,1,1,0,0,0,0,13.746563,51.038447
13,16,6,0,16,5,3,3,2,0,0,1,1,0,0,0,0,12.369337,51.322244
13,16,6,0,18,2,3,2,6,0,0,1,1,0,0,0,0,12.339631,51.329454
13,16,6,0,22,5,3,5,3,2,0,1,1,0,0,0,0,12.405715,51.351547
12,16,6,0,10,4,3,5,3,0,0,1,1,0,0,0,0,13.737542,51.054035
12,16,6,0,7,4,3,3,5,0,0,1,1,0,0,0,0,13.789058,51.044343
13,16,6,0,19,5,3,1,5,0,0,1,1,0,0,0,0,12.418789,51.382144
21,16,6,0,17,2,3,0,1,0,0,1,1,0,0,0,0,12.746273,50.72206
12,16,6,0,8,4,3,5,2,0,0,1,1,0,0,0,0,13.828613,51.010884
12,16,6,0,7,5,3,5,3,0,0,1,1,0,0,0,0,13.775268,51.038405
13,16,6,0,12,2,3,3,2,0,0,1,1,0,0,0,0,12.373668,51.332827
24,16,6,0,14,7,3,5,2,0,0,1,1,0,0,0,0,12.457763,50.714532
13,16,6,0,21,7,3,3,3,0,0,1,1,0,0,0,0,12.396117,51.310246
13,16,6,0,12,5,2,5,3,0,0,1,1,0,0,0,0,12.475408,51.345625
21,16,6,0,8,5,2,5,3,0,0,1,1,0,0,0,0,12.796814,50.717282
13,16,6,0,7,2,3,5,3,0,0,1,1,0,0,0,0,12.317737,51.350116
13,16,6,0,12,7,3,5,3,0,0,1,1,0,0,0,0,12.458558,51.357225
13,16,6,0,10,7,3,0,7,0,0,1,0,0,0,0,0,12.455285,51.285178
13,16,6,0,7,5,3,4,2,0,0,1,0,0,1,0,0,12.327174,51.329638
29,16,6,0,14,5,2,5,3,0,0,1,1,0,0,0,0,12.329873,51.223196
11,16,6,0,15,4,2,0,1,0,0,1,0,0,0,0,0,12.946292,50.833263
25,16,6,0,3,7,3,0,1,2,1,1,0,0,0,0,0,14.247933,51.437302
21,16,6,0,16,6,2,9,1,0,0,1,1,0,0,0,0,13.055138,50.58949
29,16,6,0,13,2,3,5,3,0,0,1,1,0,0,0,0,12.731423,51.378367
13,16,6,0,10,2,3,1,5,0,0,1,1,0,0,0,0,12.388625,51.342276
12,16,6,0,19,7,3,6,6,0,0,1,0,1,0,0,0,13.807538,51.035089
13,16,6,0,7,6,3,5,3,0,0,1,1,0,0,0,0,12.344837,51.330669
11,16,6,0,12,6,3,5,3,0,0,1,1,0,0,0,0,12.946932,50.802348
13,16,6,0,18,6,3,2,6,0,0,1,1,0,0,0,0,12.397077,51.332185
21,16,6,0,20,5,3,6,4,0,0,1,0,1,0,0,0,12.837973,50.531724
13,16,6,0,18,2,3,2,6,0,0,1,1,0,0,0,0,12.402538,51.339045
13,16,6,0,11,2,3,5,3,0,0,1,0,0,0,0,1,12.334316,51.331553
24,16,6,0,11,3,3,0,6,0,0,1,1,0,0,0,0,12.668787,50.667314
30,16,6,0,15,3,3,1,5,0,0,1,1,0,0,0,0,12.339847,51.523995
11,16,6,0,10,5,2,0,1,0,0,1,0,0,0,0,0,12.900786,50.825403
24,16,6,0,14,6,3,1,5,0,0,1,1,0,0,0,0,12.388013,50.810003
21,16,6,0,17,7,3,4,1,0,0,1,1,0,0,0,0,13.017697,50.591644
23,16,6,0,15,5,3,1,5,0,0,1,1,0,0,0,0,12.128256,50.513925
12,16,6,0,9,4,3,3,5,0,1,1,1,0,0,0,0,13.758364,51.027668
24,16,6,0,8,4,3,0,7,0,0,1,0,1,0,0,0,12.49537,50.713997
25,16,6,0,8,5,3,5,3,0,0,1,1,0,0,0,0,14.233511,51.435799
13,16,6,0,16,2,3,5,2,0,0,1,1,0,0,0,0,12.335815,51.327639
25,16,6,0,22,5,3,0,7,2,1,1,0,0,0,0,0,14.269531,51.445225
30,16,6,0,16,3,3,5,3,0,0,1,1,0,0,0,0,12.340173,51.524183
25,16,6,0,17,1,3,5,3,0,0,1,1,0,0,0,0,14.405417,51.185991
29,16,6,0,16,3,3,0,7,0,0,1,0,1,0,0,0,12.496041,51.122676
13,16,6,0,11,2,3,1,5,0,0,1,1,0,0,0,0,12.40118,51.376864
13,16,6,0,16,3,3,5,2,0,0,1,1,0,0,0,0,12.395403,51.339113
24,16,6,0,11,4,3,5,3,0,0,1,1,0,0,0,0,12.717774,50.784504
26,16,6,0,7,5,2,0,1,0,0,1,0,0,0,0,0,14.825995,51.210111
13,16,6,0,10,7,3,5,3,0,0,1,1,0,0,0,0,12.378895,51.345024
13,16,6,0,22,3,3,5,3,2,0,1,0,0,1,0,0,12.32716,51.329623
24,16,6,0,11,6,3,1,5,0,1,1,1,0,0,0,0,12.494047,50.725293
27,16,6,0,9,5,3,0,7,0,0,1,1,0,0,0,0,13.298965,51.304871
12,16,6,0,16,4,3,1,5,0,0,1,1,0,0,0,0,13.785045,51.049571
27,16,6,0,11,2,3,5,3,0,0,1,1,0,0,0,0,13.527654,51.291649
11,16,6,0,17,7,2,5,3,0,0,1,1,0,0,0,0,12.908504,50.796547
12,16,6,0,7,5,3,3,5,0,0,1,1,0,0,0,0,13.708115,51.095879
13,16,6,0,17,2,3,5,2,0,0,1,1,0,0,0,0,12.353429,51.341201
13,16,6,0,8,2,3,4,2,0,0,1,1,0,0,0,0,12.339454,51.334359
28,16,6,0,15,5,3,5,2,0,0,1,1,0,0,0,0,13.957975,50.952754
13,16,6,0,17,3,3,3,2,0,0,1,1,0,0,0,0,12.341734,51.318546
22,16,6,0,13,3,2,4,6,0,0,1,1,0,0,0,0,13.367949,50.97082
12,16,6,0,15,2,3,5,3,0,0,1,1,0,0,0,0,13.743587,51.035605
13,16,6,0,18,6,3,5,3,0,0,1,1,0,0,0,0,12.478934,51.350854
25,16,6,0,18,2,3,0,7,0,0,1,0,0,0,0,0,14.012648,51.14352
30,16,6,0,20,5,3,0,7,0,0,1,0,0,0,0,0,13.004284,51.560966
29,16,6,0,19,4,2,4,2,0,0,1,1,0,0,0,0,12.717673,51.235934
13,16,6,0,13,2,2,0,1,0,0,1,0,0,0,0,0,12.370434,51.361135
13,16,6,0,22,1,3,4,2,2,0,1,1,0,0,0,0,12.405974,51.335964
13,16,6,0,22,3,3,0,1,2,0,1,0,0,0,0,0,12.427552,51.343654
12,16,6,0,19,2,2,0,1,0,0,1,0,0,0,0,0,13.740615,51.056779
13,16,6,0,18,3,3,3,5,0,0,1,1,0,0,0,0,12.403719,51.34565
25,16,6,0,10,6,3,3,2,0,0,1,1,0,0,0,0,14.274607,51.443314
25,16,6,0,16,2,3,1,5,0,0,1,1,0,0,0,0,14.260252,51.441401
30,16,6,0,19,5,3,0,3,0,0,1,1,0,0,0,0,12.657258,51.466269
13,16,6,0,21,4,3,5,3,0,0,1,1,0,0,0,0,12.371852,51.309524
22,16,6,0,15,5,3,0,1,0,0,1,0,0,0,0,0,13.336188,50.912961
22,16,6,0,15,1,3,3,6,0,0,1,1,0,0,0,0,12.809499,50.912361
27,16,6,0,9,5,3,1,7,0,0,1,1,0,0,0,0,13.633518,51.104483
25,16,6,0,15,2,2,5,3,0,0,1,1,0,0,0,0,14.27546,51.093881
11,16,6,0,12,5,3,4,6,0,0,1,0,0,0,0,0,12.912629,50.824978
12,16,6,0,10,6,3,1,7,0,1,1,1,0,0,0,0,13.728072,51.076505
13,16,6,0,14,7,2,0,1,0,0,1,0,0,0,0,0,12.323532,51.328693
25,16,6,0,14,3,3,5,3,0,0,1,1,0,0,0,0,14.113375,51.267253
29,16,6,0,20,4,3,1,1,0,0,1,1,0,0,0,0,12.369096,51.275308
12,16,6,0,21,5,3,3,6,1,0,1,0,0,0,0,0,13.715128,51.077511
27,16,6,0,9,2,3,4,7,0,0,1,1,0,0,0,0,13.463186,51.157934
28,16,6,0,8,2,3,5,3,0,0,1,1,0,0,0,0,13.6476,51.004497
11,16,6,0,21,5,3,5,3,2,0,1,0,0,0,0,0,12.920111,50.832568
12,16,6,0,17,2,3,5,3,0,0,1,1,0,0,0,0,13.720992,51.084557
12,16,6,0,0,7,2,1,1,2,0,1,1,0,0,0,0,13.75194,51.063401
29,16,6,0,13,4,3,0,7,0,0,1,0,0,0,0,0,12.378409,51.251077
24,16,6,0,5,2,2,5,3,0,0,1,0,0,1,0,0,12.519742,50.831277
22,16,6,0,16,5,2,0,1,0,0,1,0,0,0,0,0,13.076271,50.85737
23,16,6,0,16,3,3,6,6,0,0,1,0,1,0,0,0,12.302331,50.622816
12,16,6,0,16,2,3,5,2,0,0,1,0,0,1,0,0,13.733338,51.051023
25,16,6,0,9,6,3,5,3,0,0,1,1,0,0,0,0,14.425564,51.168941
22,16,6,0,17,2,3,5,3,0,0,1,1,0,0,0,0,13.117768,51.121655
13,16,6,0,8,5,3,5,3,0,0,1,1,0,0,0,0,12.398328,51.339207
13,16,6,0,8,4,3,6,4,0,0,1,1,1,0,0,0,12.396446,51.304425
24,16,6,0,13,4,2,0,1,0,0,1,0,0,0,0,0,12.436533,50.73165
11,16,6,0,16,2,3,5,3,0,0,1,1,0,0,0,0,12.903079,50.825369
13,16,6,0,11,5,3,3,2,0,0,1,0,0,0,0,1,12.371368,51.346277
13,16,6,0,13,2,3,3,2,0,0,1,1,0,0,0,0,12.373699,51.322062
22,16,6,0,21,2,2,0,6,1,0,1,1,0,0,0,0,13.320477,50.908241
28,16,6,0,16,3,3,5,3,0,0,1,1,0,0,0,0,13.643087,50.993176
27,16,6,0,11,6,3,5,2,0,0,1,1,0,0,0,0,13.263589,51.303185
13,16,6,0,12,5,3,0,6,0,0,1,0,0,0,0,1,12.334087,51.319357
13,16,6,0,11,4,3,5,3,0,0,1,1,0,0,0,0,12.462148,51.281443
13,16,6,0,15,4,3,5,3,0,0,1,1,0,0,0,0,12.393228,51.336944
13,16,6,0,16,4,3,5,3,0,1,1,1,0,0,0,0,12.339206,51.334622
12,16,6,0,8,3,3,2,6,0,0,1,0,0,0,0,1,13.792111,51.052576
26,16,6,0,22,1,3,1,5,2,0,1,1,0,0,0,0,14.804255,50.89451
12,16,6,0,14,3,3,5,2,0,0,1,0,0,0,0,1,13.733338,51.051023
27,16,6,0,19,6,2,5,3,0,0,1,1,0,0,0,0,13.382927,51.312117
26,16,6,0,13,4,3,9,1,0,0,1,0,0,0,0,0,14.662159,51.096543
29,16,6,0,17,4,3,5,3,0,1,1,1,0,0,0,0,12.365917,51.285556
30,16,6,0,13,3,3,5,3,0,0,1,1,0,0,0,0,12.339795,51.524255
12,16,6,0,9,7,3,4,6,0,0,1,0,0,0,0,0,13.743149,51.072865
23,16,6,0,11,5,2,0,7,0,0,1,1,0,0,0,0,12.364793,50.568332
28,16,6,0,6,4,3,4,2,0,0,1,1,0,0,0,0,13.860917,50.973127
12,16,6,0,20,5,3,0,7,0,0,1,1,0,0,0,0,13.719211,51.036881
12,16,6,0,13,5,2,5,3,0,0,1,1,0,0,0,0,13.71966,51.030814
29,16,6,0,15,5,3,0,4,0,0,1,0,1,0,0,0,12.326164,51.216909
12,16,6,0,5,3,2,0,1,1,1,1,0,0,0,0,0,13.771035,51.046086
12,16,6,0,18,4,3,0,7,0,0,1,1,0,0,0,0,13.715288,51.036507
12,16,6,0,19,5,3,4,2,0,0,1,1,0,0,0,0,13.798142,51.023838
11,16,6,0,19,2,2,0,1,0,0,1,0,0,0,0,0,12.906408,50.844438
13,16,6,0,15,3,2,5,3,0,0,1,1,0,0,0,0,12.326458,51.322538
12,16,6,0,5,2,3,5,3,0,0,1,1,0,0,0,0,13.767731,51.02609
12,16,6,0,10,6,3,5,3,0,0,1,1,0,0,0,0,13.842003,51.019158
13,16,6,0,15,5,3,5,3,0,0,1,0,0,0,0,1,12.402651,51.325889
13,16,6,0,17,5,2,5,3,0,0,1,1,0,0,0,0,12.374396,51.335751
13,16,6,0,12,6,3,4,1,0,0,1,0,0,0,0,1,12.307178,51.323179
12,16,6,0,15,4,3,1,5,0,0,1,0,0,0,0,1,13.712898,51.028573
13,16,6,0,14,2,3,3,6,0,0,1,1,0,0,0,0,12.359147,51.368555
11,16,6,0,8,3,2,0,1,0,0,1,0,0,0,0,0,12.927642,50.825938
12,16,6,0,13,4,3,0,7,0,0,1,0,0,0,0,1,13.798775,51.056823
13,16,6,0,13,5,3,4,2,0,0,1,1,0,0,0,0,12.381787,51.338645
13,16,6,0,10,5,3,4,2,0,0,1,1,0,0,0,0,12.375667,51.308912
25,16,6,0,14,4,3,5,3,0,1,1,1,0,0,0,0,14.131972,51.459116
13,16,6,0,18,5,3,4,2,0,1,1,1,0,0,0,0,12.404505,51.345607
12,16,6,0,13,4,3,0,7,0,0,1,0,0,0,0,0,13.808865,51.0055
26,16,6,0,11,2,3,5,3,0,0,1,1,0,0,0,0,14.80568,50.900934
12,16,6,0,7,1,2,0,1,0,1,1,0,0,0,0,0,13.805988,51.052187
12,16,6,0,13,5,3,3,6,0,0,1,1,0,0,0,0,13.746753,51.062459
13,16,6,0,17,5,3,5,3,0,1,1,1,0,0,0,0,12.309674,51.328242
13,16,6,0,8,3,3,2,6,0,1,1,0,0,0,1,0,12.4201,51.325832
24,16,6,0,13,2,2,5,3,0,0,1,1,0,0,0,0,12.486915,50.73966
13,16,6,0,16,3,3,4,2,0,1,1,1,0,0,0,0,12.413037,51.324535
12,16,6,0,8,4,3,5,2,0,0,1,1,0,0,0,0,13.753327,51.050375
12,16,6,0,19,5,3,5,3,0,0,1,0,0,0,0,0,13.737172,51.050551
22,16,6,0,15,1,3,4,6,0,0,1,1,0,0,0,0,12.775016,51.004424
28,16,6,0,17,4,3,5,3,0,0,1,1,0,0,0,0,13.908628,50.956945
12,16,6,0,18,2,3,5,2,0,0,1,1,0,0,0,0,13.707161,51.041738
13,16,6,0,10,2,3,3,6,0,0,1,1,0,0,0,0,12.440711,51.304643
13,16,6,0,14,5,3,5,3,0,0,1,1,0,0,0,0,12.392577,51.333902
13,16,7,0,8,2,3,4,2,0,0,1,1,0,0,0,0,12.407533,51.34678
12,16,6,0,20,5,3,9,1,0,0,1,0,0,0,0,0,13.76645,51.041459
27,16,6,0,15,3,2,0,1,0,0,1,0,0,0,0,0,13.558431,51.149624
28,16,7,0,12,6,3,3,6,0,0,1,0,0,0,0,0,14.056376,50.926383
12,16,7,0,7,6,3,5,3,0,1,1,1,0,0,0,0,13.696167,51.037877
21,16,6,0,0,5,3,0,1,2,0,1,0,0,0,0,0,13.072496,50.74919
11,16,6,0,8,5,2,5,3,0,0,1,1,0,0,0,0,12.847795,50.82497
12,16,7,0,8,4,3,0,1,0,0,1,0,0,0,0,0,13.750465,51.073654
26,16,7,0,18,2,3,0,7,0,0,1,0,0,0,0,0,14.952403,51.15066
11,16,6,0,18,5,2,0,7,0,0,1,1,0,0,0,0,12.824095,50.809042
12,16,7,0,14,4,3,5,3,0,0,1,1,0,0,0,0,13.793711,51.043021
21,16,7,0,13,6,3,9,1,0,0,1,0,0,0,0,0,12.695283,50.432135
26,16,7,0,15,2,3,2,6,0,0,1,1,0,0,0,0,14.572951,51.402281
12,16,7,0,16,6,3,5,3,0,0,1,1,0,0,0,0,13.783845,51.123894
12,16,7,0,8,2,3,3,6,0,0,1,0,0,0,0,0,13.786722,51.046282
12,16,7,0,19,6,3,5,3,0,0,1,1,0,0,0,0,13.730941,51.081378
11,16,7,0,10,7,3,5,3,0,0,1,1,0,0,0,0,12.947331,50.803022
30,16,6,0,5,4,3,5,3,1,1,1,1,0,0,0,0,12.995692,51.557653
12,16,7,0,19,4,3,5,2,0,0,1,1,0,0,0,0,13.70743,51.042445
12,16,7,0,9,6,3,5,3,0,0,1,1,0,0,0,0,13.773584,51.04873
12,16,7,0,19,2,2,0,1,0,1,1,0,0,0,0,0,13.699393,51.031907
12,16,7,0,21,2,2,5,3,1,0,1,1,0,0,0,0,13.74847,51.053534
30,16,6,0,15,4,3,4,6,0,0,1,1,0,0,0,0,13.110918,51.300191
13,16,6,0,15,4,3,5,3,0,0,1,0,0,1,0,0,12.37083,51.334545
13,16,7,0,8,3,3,3,2,0,0,1,1,0,0,0,0,12.393152,51.345694
13,16,6,0,15,5,3,4,2,0,1,1,1,0,0,0,0,12.327171,51.329607
13,16,6,0,16,4,3,2,6,0,0,1,1,0,0,0,0,12.275011,51.344631
13,16,7,0,13,6,3,5,3,0,0,1,0,0,1,0,0,12.368392,51.315985
21,16,7,0,16,2,2,1,6,0,0,1,1,0,0,0,0,13.004845,50.58041
11,16,7,0,16,5,3,0,2,0,0,1,1,0,0,0,0,12.919183,50.87517
30,16,7,0,17,1,3,5,2,0,0,1,1,0,0,0,0,12.991402,51.563922
12,16,7,0,6,2,3,2,2,0,0,1,0,0,0,0,1,13.835669,51.027037
11,16,7,0,11,4,3,3,2,0,0,1,1,0,0,0,0,12.937606,50.84415
24,16,7,0,10,3,3,0,4,0,0,1,0,1,0,0,0,12.375968,50.733038
13,16,7,0,19,5,3,5,2,0,0,1,1,0,0,0,0,12.373817,51.331139
12,16,7,0,8,2,3,3,7,0,0,1,1,0,0,0,0,13.749095,51.052126
25,16,7,0,13,6,3,1,5,0,0,1,1,0,0,0,0,14.426021,51.076502
22,16,7,0,17,6,3,0,3,0,0,1,1,0,0,0,0,12.700467,50.932099
24,16,7,0,15,4,3,0,6,0,0,1,1,0,0,0,0,12.622324,50.760927
12,16,6,0,15,3,3,1,5,0,0,1,1,0,0,0,0,13.715366,51.096771
13,16,6,0,18,4,3,4,1,0,0,1,0,0,0,0,0,12.427815,51.4001
13,16,7,0,12,3,3,1,5,0,0,1,1,0,0,0,0,12.422001,51.320427
12,16,7,0,8,6,3,5,3,0,0,1,1,0,0,0,0,13.797686,51.042324
13,16,7,0,20,1,3,1,5,0,0,1,0,0,0,0,1,12.375665,51.366294
13,16,6,0,6,4,2,5,3,0,1,1,1,0,0,0,0,12.378361,51.3322
13,16,7,0,20,3,3,3,2,0,0,1,0,0,0,1,0,12.384938,51.33835
13,16,7,0,8,3,3,3,6,0,0,1,1,0,0,0,0,12.371524,51.345327
27,16,7,0,18,6,3,1,5,0,0,1,1,0,0,0,0,13.451223,51.41289
29,16,6,0,8,4,2,4,2,0,0,1,1,0,0,0,0,12.223785,51.316128
12,16,6,0,8,3,3,5,3,0,0,1,1,0,0,0,0,13.719193,51.0349
13,16,7,0,17,5,3,5,2,0,0,1,1,0,0,0,0,12.373595,51.332999
13,16,7,0,9,5,3,4,2,0,0,1,1,0,0,0,0,12.336952,51.32945
13,16,7,0,12,4,3,6,4,0,0,1,0,1,0,0,0,12.365017,51.337205
13,16,7,0,18,1,3,5,3,0,0,1,1,0,0,0,0,12.457541,51.353489
29,16,7,0,11,3,2,5,2,0,0,1,1,0,0,0,0,12.330248,51.205406
13,16,6,0,11,5,3,5,3,0,0,1,1,0,0,0,0,12.418681,51.313511
28,16,7,0,11,1,3,3,6,0,0,1,1,0,0,0,0,13.573948,50.980883
13,16,7,0,8,3,3,6,4,0,0,1,0,1,0,0,0,12.361249,51.343997
13,16,6,0,16,5,3,3,2,0,0,1,1,0,0,0,0,12.428844,51.295161
13,16,7,0,16,5,3,3,2,0,0,1,1,0,0,0,0,12.379536,51.334256
13,16,7,0,6,5,3,3,2,0,0,1,0,0,0,0,1,12.407611,51.339312
13,16,6,0,4,5,3,5,3,0,0,1,1,0,0,0,0,12.421735,51.33257
26,16,6,0,9,4,2,1,5,0,1,1,1,0,0,0,0,14.810611,50.884673
13,16,7,0,17,3,3,5,3,0,0,1,1,0,0,0,0,12.409168,51.371437
13,16,7,0,11,1,3,1,1,0,0,1,1,0,0,0,0,12.446626,51.303843