CSV=`UKREIS,UJAHR,UMONAT,UTAG,USTUNDE,UWOCHENTAG,UKATEGORIE,UART,UTYP,LICHT,USTRZUSTAND,IstRad,IstPKW,IstFuss,IstKrad,IstGkfz,IstSonstig,@lon,@lat
13,16,7,0,13,3,3,3,2,0,0,1,1,0,0,0,0,12.376874,51.343489
25,16,7,0,11,5,3,2,6,0,1,1,1,0,0,0,0,13.905807,51.108931
23,16,7,0,17,7,3,1,5,0,1,1,1,0,0,0,0,12.141994,50.500026
27,16,7,0,14,1,3,8,1,0,0,1,1,0,0,0,0,13.659409,51.0962
25,16,6,0,17,4,2,0,7,0,0,1,0,0,0,0,0,14.264002,51.445748
30,16,7,0,7,3,2,0,7,0,0,1,0,0,0,1,0,12.986639,51.555051
25,16,7,0,18,3,3,5,3,0,0,1,1,0,0,0,0,14.277363,51.44707
13,16,7,0,2,3,3,0,1,2,0,1,1,0,0,0,0,12.336533,51.32878
13,16,7,0,14,6,3,5,3,0,1,1,1,0,0,0,0,12.263171,51.344624
13,16,7,0,14,7,3,0,1,0,1,1,0,0,0,0,0,12.357758,51.344567
25,16,7,0,10,5,2,5,3,0,0,1,1,0,0,0,0,14.186707,51.12359
12,16,6,0,19,4,3,0,1,0,0,1,0,0,0,0,0,13.703969,51.028023
12,16,6,0,16,3,3,3,2,0,0,1,1,0,0,0,0,13.819937,51.006547
13,16,7,0,18,7,3,5,3,0,0,1,1,0,0,0,0,12.412624,51.359565
13,16,7,0,0,7,3,5,3,2,0,1,1,0,0,0,0,12.409026,51.344532
12,16,6,0,13,4,3,5,3,0,0,1,0,0,1,0,0,13.806794,51.052108
12,16,6,0,18,3,3,6,4,0,0,1,0,1,0,0,0,13.780236,51.030905
26,16,7,0,16,5,3,5,3,0,1,1,1,0,0,0,0,14.981704,51.158685
12,16,7,0,20,5,3,3,6,0,0,1,1,0,0,0,0,13.757694,51.056609
13,16,7,0,16,7,2,4,2,0,1,1,0,0,0,0,1,12.309662,51.330516
12,16,6,0,17,3,3,5,3,0,0,1,1,0,0,0,0,13.78033,51.030869
27,16,7,0,14,5,3,0,7,0,1,1,1,0,0,0,0,13.303697,51.304864
13,16,7,0,13,6,3,3,2,0,0,1,1,0,0,0,0,12.459839,51.352969
13,16,7,0,16,7,3,5,3,0,1,1,0,0,0,0,0,12.300758,51.315597
12,16,7,0,23,5,3,0,1,2,0,1,0,0,0,0,0,13.757625,51.046875
23,16,7,0,12,7,2,0,1,0,0,1,0,0,0,0,0,12.294264,50.626767
12,16,7,0,0,7,2,0,1,2,0,1,0,0,0,0,0,13.691557,51.05138
25,16,7,0,17,4,3,3,2,0,0,1,1,0,0,0,0,14.012209,51.181535
30,16,7,0,23,7,3,1,1,2,0,1,1,0,0,0,0,12.324669,51.535192
12,16,6,0,18,5,2,0,1,0,0,1,0,0,0,0,0,13.640845,51.039406
25,16,7,0,18,3,3,5,3,0,0,1,1,0,0,0,0,14.194501,51.122077
27,16,7,0,20,4,3,0,7,1,0,1,0,0,0,0,0,13.650802,51.117983
26,16,7,0,3,7,3,8,1,2,1,1,0,0,0,0,0,14.98703,51.152422
24,16,6,0,14,3,3,0,1,0,0,1,0,0,0,0,0,12.484701,50.727107
27,16,7,0,7,3,3,5,2,0,0,1,1,0,0,0,0,13.587307,51.130859
12,16,7,0,14,5,3,0,1,0,1,1,0,0,0,0,0,13.804017,51.011871
27,16,7,0,17,7,3,5,3,0,0,1,0,0,0,0,0,13.371614,51.303678
12,16,7,0,17,6,3,5,3,0,0,1,1,0,0,0,0,13.766793,51.041818
24,16,6,0,14,3,2,5,3,0,0,1,1,0,0,0,0,12.557343,50.699449
12,16,6,0,10,3,2,5,3,0,0,1,1,0,0,0,0,13.726453,51.055485
11,16,7,0,11,5,3,3,2,0,0,1,1,0,0,0,0,12.926406,50.83397
27,16,7,0,17,7,3,0,7,0,0,1,0,0,0,0,0,13.295794,51.342165
12,16,7,0,12,3,3,5,2,0,0,1,1,0,0,0,0,13.777401,51.058731
11,16,7,0,12,5,2,5,3,0,0,1,1,0,0,0,0,12.997471,50.815973
22,16,7,0,21,6,3,0,1,0,0,1,0,0,0,0,0,13.035298,50.911742
13,16,7,0,9,6,2,5,3,0,0,1,1,0,0,0,0,12.307205,51.346506
24,16,6,0,17,3,3,4,6,0,0,1,1,0,0,0,0,12.603851,50.836431
12,16,7,0,21,3,3,0,1,1,1,1,0,0,0,0,0,13.75046,51.050944
13,16,7,0,9,4,3,0,5,0,1,1,0,0,0,1,0,12.384723,51.365105
11,16,7,0,17,7,2,5,3,0,0,1,1,0,0,0,0,12.881278,50.806583
13,16,7,0,7,2,3,5,2,0,0,1,1,0,0,0,0,12.389704,51.321539
12,16,6,0,19,5,3,6,7,0,0,1,0,1,0,0,0,13.729033,51.012711
13,16,6,0,17,3,3,3,6,0,0,1,1,0,0,0,0,12.370824,51.334576
13,16,7,0,12,4,3,5,2,0,0,1,1,0,0,0,0,12.373454,51.360685
12,16,6,0,11,5,3,3,7,0,0,1,1,0,0,0,0,13.745311,51.06795
13,16,6,0,16,3,3,3,2,0,0,1,1,0,0,0,0,12.469595,51.277501
13,16,7,0,11,6,3,0,5,0,0,1,1,0,0,0,0,12.327696,51.321623
13,16,7,0,14,4,3,4,2,0,0,1,1,0,0,0,0,12.381958,51.304417
12,16,7,0,15,4,3,0,1,0,1,1,0,0,0,0,0,13.682822,51.045953
13,16,6,0,18,3,3,0,1,0,0,1,0,0,0,0,0,12.445906,51.34619
13,16,7,0,11,6,3,5,3,0,0,1,1,0,0,0,0,12.353153,51.332765
13,16,7,0,17,4,1,5,3,0,0,1,1,0,0,0,1,12.406046,51.346289
13,16,7,0,12,6,3,4,2,0,0,1,1,1,0,0,0,12.337432,51.338812
12,16,6,0,18,5,2,5,3,0,0,1,0,0,0,0,0,13.736939,51.047265
11,16,7,0,13,3,3,0,1,0,0,1,0,0,0,0,0,12.90218,50.831199
13,16,7,0,15,2,3,3,2,0,0,1,1,0,0,0,0,12.286306,51.324968
29,16,7,0,8,6,3,0,1,0,0,1,0,0,0,0,0,12.35927,51.288903
13,16,7,0,0,6,3,0,1,2,1,1,0,0,0,0,0,12.419454,51.333044
28,16,6,0,7,3,3,0,3,0,1,1,1,0,0,0,0,14.270523,50.973083
11,16,7,0,22,3,3,6,4,2,0,1,0,1,0,0,0,12.92453,50.848142
11,16,6,0,9,3,2,5,3,0,1,1,1,0,0,0,0,12.928886,50.850603
13,16,7,0,14,6,3,1,7,0,0,1,1,0,0,0,0,12.340381,51.331089
29,16,7,0,15,2,3,5,3,0,0,1,1,0,0,0,0,12.369167,51.288883
27,16,6,0,11,3,3,5,7,0,1,1,0,0,0,0,1,13.678454,51.099905
11,16,6,0,11,3,3,5,2,0,1,1,0,0,0,0,1,12.922176,50.83144
12,16,7,0,9,4,3,5,3,0,0,1,1,0,0,0,0,13.742105,51.064798
21,16,8,0,19,2,3,5,3,0,0,1,1,0,0,0,0,12.944952,50.665652
12,16,7,0,11,6,3,5,3,0,0,1,1,0,0,0,0,13.687439,51.083627
30,16,7,0,17,2,3,5,3,0,0,1,1,0,0,0,0,13.058746,51.544543
11,16,8,0,18,5,3,5,3,0,0,1,1,0,0,0,0,12.934779,50.838514
28,16,8,0,13,5,3,3,6,0,0,1,1,0,0,0,0,14.113564,50.930818
25,16,7,0,10,6,2,5,3,0,0,1,1,0,0,0,0,14.437415,51.171065
24,16,8,0,15,2,3,5,3,0,0,1,1,0,0,0,0,12.48474,50.719024
29,16,7,0,19,3,2,4,2,0,0,1,1,0,0,0,0,12.717673,51.235934
13,16,7,0,22,2,3,4,2,2,0,1,1,0,0,0,0,12.379493,51.343325
11,16,7,0,19,2,2,5,7,0,0,1,1,0,0,0,0,12.903402,50.840693
29,16,7,0,17,2,3,3,6,0,0,1,0,0,0,0,0,12.390289,51.276283
11,16,8,0,17,2,2,0,7,0,0,1,0,0,0,0,0,12.939652,50.818373
12,16,7,0,9,6,3,3,2,0,0,1,1,0,0,0,0,13.743604,51.035655
12,16,7,0,19,4,2,5,3,0,1,1,1,0,0,0,0,13.785356,51.035975
13,16,7,0,16,2,3,3,2,0,0,1,1,0,0,0,0,12.372999,51.309707
22,16,8,0,23,4,3,0,7,2,1,1,0,0,0,0,0,12.929275,50.957933
27,16,7,0,19,4,3,5,3,0,0,1,1,0,0,0,0,13.26104,51.320179
12,16,7,0,16,6,3,5,3,0,0,1,0,0,0,0,0,13.755987,51.055857
11,16,8,0,15,2,3,5,3,0,0,1,1,0,0,0,0,12.908758,50.826828
12,16,7,0,12,6,3,6,4,0,0,1,0,1,0,0,0,13.730282,51.046185
11,16,7,0,9,4,3,3,6,0,0,1,0,0,0,0,1,12.886882,50.821578
27,16,7,0,15,3,2,5,2,0,0,1,1,0,0,0,0,13.53493,51.294407
13,16,7,0,18,1,3,3,6,0,0,1,1,0,0,0,0,12.335484,51.321622
11,16,7,0,7,4,2,3,2,0,0,1,1,1,0,0,0,12.920597,50.836823
11,16,8,0,14,2,3,5,3,0,0,1,0,0,0,0,0,12.910984,50.83283
11,16,8,0,7,4,3,0,1,0,1,1,0,0,0,0,0,12.918925,50.84509
12,16,7,0,14,4,2,5,2,0,0,1,1,0,0,0,0,13.798139,51.023839
12,16,7,0,5,6,2,5,3,1,0,1,1,0,0,0,0,13.784751,51.049738
24,16,7,0,16,3,3,5,3,0,0,1,1,0,0,0,0,12.55024,50.822693
13,16,7,0,15,2,2,5,3,0,0,1,1,0,0,0,0,12.397465,51.334068
13,16,7,0,9,3,3,5,3,0,0,1,1,0,0,0,0,12.410915,51.335848
23,16,8,0,20,2,3,0,7,0,0,1,0,0,0,0,0,12.136251,50.497863
22,16,8,0,16,2,2,0,7,0,0,1,0,0,0,0,0,13.076719,50.859594
30,16,7,0,5,2,2,5,3,0,0,1,1,0,0,0,0,12.632987,51.458817
13,16,7,0,9,3,3,1,6,0,1,1,1,0,0,0,0,12.369779,51.325237
30,16,8,0,5,2,3,5,3,0,0,1,1,0,0,0,0,12.993951,51.554174
12,16,8,0,19,5,3,6,4,0,0,1,0,1,0,0,0,13.720139,51.088318
11,16,7,0,7,6,3,5,3,0,0,1,0,0,0,0,1,12.933685,50.802098
13,16,7,0,8,3,3,5,3,0,1,1,1,0,0,0,0,12.305012,51.344342
30,16,7,0,13,1,3,0,7,0,0,1,0,0,0,0,0,12.336344,51.528081
13,16,7,0,12,3,3,5,3,0,0,1,1,0,0,0,0,12.38408,51.336203
27,16,7,0,10,1,3,3,6,0,0,1,1,0,0,0,0,13.262458,51.339791
12,16,7,0,19,1,3,1,2,0,0,1,1,0,0,0,0,13.673977,51.081811
12,16,8,0,8,5,3,5,3,0,0,1,1,0,0,0,0,13.680506,51.042364
13,16,7,0,23,5,3,0,7,2,0,1,0,0,0,0,0,12.369904,51.335083
13,16,7,0,16,3,3,5,2,0,0,1,1,0,0,0,0,12.413945,51.313353
13,16,8,0,15,2,2,5,2,0,0,1,1,0,0,0,0,12.406212,51.348178
13,16,7,0,7,2,3,5,3,0,0,1,1,0,0,0,0,12.349128,51.368125
13,16,7,0,17,1,3,5,3,0,0,1,1,0,0,0,0,12.26313,51.344629
13,16,7,0,4,5,2,0,1,2,0,1,0,0,0,0,0,12.373859,51.333858
12,16,7,0,18,1,3,0,1,0,0,1,0,0,0,0,0,13.734708,51.072501
12,16,7,0,9,1,2,0,7,0,1,1,1,0,0,0,0,13.726586,51.082713
24,16,8,0,20,3,3,0,3,0,0,1,1,0,0,0,0,12.519145,50.678411
13,16,7,0,16,5,2,3,2,0,0,1,1,0,0,0,0,12.466816,51.365633
24,16,7,0,15,5,3,0,5,0,0,1,1,0,0,0,0,12.763867,50.854864
13,16,7,0,10,3,3,0,7,0,1,1,0,0,0,0,0,12.368623,51.318077
21,16,7,0,19,2,3,4,6,0,0,1,1,0,0,0,0,12.746245,50.729191
13,16,7,0,9,3,3,2,2,0,0,1,1,0,0,0,0,12.41319,51.341079
24,16,7,0,13,7,3,4,1,0,0,1,1,0,0,0,0,12.616565,50.817077
12,16,7,0,18,1,2,0,1,0,1,1,0,0,0,0,0,13.832562,51.029495
12,16,7,0,10,4,3,5,3,0,0,1,1,0,0,0,0,13.828058,51.026542
13,16,7,0,15,5,3,3,6,0,0,1,1,0,0,0,0,12.371129,51.396007
13,16,7,0,10,3,3,5,3,0,0,1,0,0,0,0,1,12.371004,51.33399
13,16,7,0,18,5,3,3,6,0,0,1,1,0,0,0,0,12.36418,51.327503
26,16,7,0,10,3,3,1,5,0,0,1,1,0,0,0,0,14.827909,51.046547
21,16,7,0,9,2,2,5,2,0,0,1,0,0,0,0,1,12.967847,50.646198
13,16,7,0,19,5,3,5,3,0,0,1,0,0,1,0,0,12.405803,51.345537
13,16,7,0,10,3,3,0,1,0,0,1,0,0,0,0,0,12.385787,51.296385
11,16,7,0,6,2,3,5,3,0,0,1,1,0,0,0,0,12.923775,50.835209
25,16,7,0,12,5,3,5,2,0,0,1,1,0,0,0,0,14.432843,51.178839
13,16,7,0,21,7,3,4,2,1,0,1,1,0,0,0,0,12.388681,51.335285
27,16,7,0,9,5,3,5,3,0,0,1,0,0,0,0,0,13.450801,51.411429
12,16,8,0,7,5,3,0,1,0,0,1,0,0,0,0,0,13.766556,51.04157
13,16,7,0,18,7,3,6,6,0,0,1,0,1,0,0,0,12.378722,51.344696
12,16,7,0,16,5,2,5,2,0,1,1,1,0,0,0,0,13.702267,51.045859
26,16,7,0,12,3,3,0,1,0,0,1,0,0,0,0,0,14.853419,51.195257
25,16,8,0,18,2,2,5,3,0,0,1,1,0,0,0,0,14.435319,51.177992
12,16,7,0,9,7,3,5,2,0,0,1,1,0,0,0,0,13.808396,51.045279
26,16,7,0,1,7,3,0,7,2,0,1,0,0,0,0,0,14.987076,51.154136
12,16,7,0,19,7,2,0,1,0,0,1,0,0,0,0,0,13.824592,51.013743
13,16,8,0,9,3,3,3,2,0,1,1,1,0,0,0,0,12.376591,51.351165
13,16,7,0,15,5,3,5,3,0,0,1,1,0,0,0,0,12.407336,51.382725
28,16,7,0,9,3,2,0,7,0,1,1,0,0,0,0,0,14.222326,50.894993
12,16,7,0,16,3,3,5,2,0,0,1,1,0,0,0,0,13.767805,51.026093
25,16,7,0,7,1,2,8,1,1,1,1,1,0,0,0,0,14.435169,51.18782
29,16,8,0,14,4,3,5,3,0,1,1,1,0,0,0,0,12.570441,51.354099
12,16,7,0,10,7,2,5,3,0,0,1,1,0,0,0,0,13.711986,51.025569
12,16,7,0,16,4,2,3,6,0,0,1,1,0,0,0,1,13.770092,51.057191
12,16,7,0,14,3,3,0,1,0,0,1,0,0,0,0,0,13.755584,51.056229
25,16,7,0,0,1,2,9,1,2,0,1,0,0,0,0,0,14.418988,51.187975
12,16,7,0,14,3,2,6,4,0,0,1,0,1,0,0,0,13.795528,51.04284
22,16,7,0,14,7,3,9,1,0,0,1,0,0,0,0,0,13.035376,50.913547
26,16,8,0,19,3,3,5,3,0,0,1,1,0,0,0,0,14.801011,50.884578
12,16,8,0,9,5,3,0,7,0,0,1,1,0,0,0,0,13.729885,51.055
12,16,8,0,8,2,3,1,5,0,0,1,1,0,0,0,0,13.759703,51.065909
25,16,7,0,10,3,3,0,1,0,0,1,0,0,0,0,0,13.916341,51.106781
26,16,7,0,18,5,3,8,7,0,0,1,0,0,0,0,0,14.826986,51.28769
12,16,8,0,8,2,3,5,3,0,0,1,1,0,0,0,0,13.765341,51.04698
25,16,8,0,13,5,3,4,2,0,0,1,1,0,0,0,0,14.257805,51.438892
12,16,8,0,11,5,3,5,3,0,0,1,1,0,0,0,0,13.711971,51.080939
22,16,7,0,11,7,3,8,1,0,0,1,0,0,0,0,0,13.492449,50.725908
30,16,7,0,18,4,2,4,6,0,0,1,0,0,0,0,0,12.343348,51.521678
24,16,7,0,14,2,3,5,3,0,0,1,1,0,0,0,0,12.486723,50.719349
23,16,7,0,14,6,3,0,7,0,0,1,0,0,0,0,0,12.115051,50.43683
24,16,7,0,15,6,3,3,2,0,0,1,1,0,0,0,0,12.771353,50.864334
13,16,7,0,13,7,3,0,1,0,0,1,0,0,0,0,0,12.376808,51.343302
24,16,7,0,15,6,3,0,1,0,0,1,0,0,0,0,0,12.547849,50.822624
29,16,7,0,17,6,3,5,3,0,0,1,1,0,0,0,0,12.384156,51.202106
26,16,8,0,11,3,3,6,4,0,0,1,0,1,0,0,0,14.976402,51.144397
29,16,7,0,19,4,3,0,3,0,0,1,0,0,1,0,0,12.494734,51.124714
27,16,7,0,15,5,3,0,1,0,0,1,0,0,0,0,0,13.45753,51.15807
24,16,7,0,19,7,3,0,7,0,0,1,0,0,0,0,0,12.520624,50.732232
13,16,7,0,20,6,3,5,3,1,0,1,1,0,0,0,0,12.335995,51.341265
26,16,8,0,18,3,2,0,1,0,0,1,1,0,0,0,0,14.992292,51.160135
13,16,7,0,8,4,3,5,3,0,0,1,1,0,0,0,0,12.369466,51.323315
12,16,7,0,19,5,3,3,7,1,0,1,1,0,0,0,0,13.838081,51.004779
30,16,7,0,7,2,3,5,3,0,0,1,0,0,0,0,0,12.487555,51.380692
13,16,7,0,7,6,3,0,1,0,0,1,0,0,0,0,0,12.293084,51.359304
13,16,7,0,8,4,3,2,6,0,0,1,1,0,0,0,0,12.366726,51.367273
13,16,7,0,23,2,3,4,6,2,0,1,0,0,0,0,0,12.405954,51.349605
23,16,7,0,12,7,3,1,5,0,0,1,1,0,0,0,0,12.126837,50.495827
12,16,8,0,21,4,3,5,3,2,0,1,0,0,0,0,0,13.710486,51.077552
13,16,7,0,15,6,3,0,7,0,0,1,0,0,0,0,0,12.373606,51.327487
12,16,8,0,7,2,2,5,3,0,0,1,1,0,0,0,0,13.704244,51.096672
13,16,7,0,11,6,3,4,6,0,0,1,0,0,0,0,0,12.313786,51.320449
11,16,8,0,7,5,3,5,3,0,1,1,1,0,0,0,0,12.907239,50.8225
12,16,8,0,17,4,3,5,2,0,1,1,1,0,0,0,0,13.702132,51.034917
13,16,7,0,18,4,3,5,3,0,0,1,1,0,0,0,0,12.376946,51.34485
29,16,7,0,17,6,2,4,6,0,0,1,1,0,0,0,0,12.38499,51.235636
13,16,7,0,9,3,3,0,7,0,0,1,0,0,0,0,0,12.385498,51.373806
13,16,7,0,14,4,3,4,2,0,0,1,1,0,0,0,0,12.371424,51.331586
13,16,7,0,12,7,3,6,4,0,0,1,0,1,0,0,0,12.42976,51.341863
11,16,8,0,23,5,2,5,3,2,0,1,0,0,0,0,0,12.935392,50.831345
13,16,7,0,11,6,3,5,3,0,0,1,1,0,0,0,0,12.407483,51.351309
13,16,7,0,17,4,3,4,2,0,0,1,1,0,0,0,0,12.411381,51.331018
12,16,7,0,6,2,3,0,1,1,0,1,0,0,0,0,0,13.756036,51.045956
27,16,7,0,18,7,2,5,3,0,0,1,1,0,0,0,0,13.65364,51.12765
26,16,7,0,16,4,3,5,3,0,1,1,1,0,0,0,0,14.805781,50.896938
12,16,7,0,9,2,2,0,6,0,0,1,0,0,0,0,1,13.745355,51.03895
12,16,7,0,15,7,3,5,3,0,0,1,1,0,0,0,0,13.78078,51.116129
13,16,7,0,19,4,3,4,2,0,0,1,1,0,0,0,0,12.411135,51.34207
25,16,7,0,19,6,3,5,2,0,0,1,1,0,0,0,0,14.262996,51.439869
25,16,7,0,19,6,3,4,2,0,0,1,1,0,0,0,0,14.269811,51.442872
12,16,8,0,16,3,2,5,2,0,0,1,1,0,0,0,0,13.811505,51.012815
23,16,7,0,7,2,3,5,3,0,0,1,1,0,0,0,0,12.13299,50.494869
25,16,7,0,15,6,3,5,3,0,0,1,1,0,0,0,0,14.428315,51.182384
27,16,7,0,6,6,3,0,7,0,0,1,0,0,0,0,0,13.568976,51.147677
25,16,7,0,16,6,2,5,3,0,0,1,1,0,0,0,0,14.09465,51.454138
12,16,7,0,19,4,3,5,2,0,0,1,0,0,0,0,1,13.746468,51.115439
13,16,7,0,8,4,3,5,3,0,0,1,1,0,0,0,0,12.366016,51.324271
11,16,8,0,15,3,2,1,5,0,0,1,1,0,0,0,0,12.894591,50.836662
12,16,8,0,19,1,3,0,1,0,0,1,0,0,0,0,0,13.840766,51.0209
30,16,8,0,18,1,3,1,1,0,0,1,1,0,0,0,0,12.45358,51.555706
28,16,8,0,15,3,3,6,4,0,0,1,0,1,0,0,0,13.643696,50.990678
13,16,8,0,14,2,3,5,3,0,0,1,1,0,0,0,0,12.48404,51.342913
13,16,8,0,21,7,3,1,3,2,0,1,1,0,0,0,0,12.381936,51.338613
25,16,8,0,14,2,2,6,7,0,0,1,0,1,0,0,0,14.093369,51.448289
13,16,8,0,15,5,3,5,2,0,0,1,1,0,0,0,0,12.376355,51.348985
12,16,8,0,10,3,2,0,7,0,0,1,1,0,0,0,0,13.661765,51.068294
13,16,8,0,8,5,3,5,3,0,0,1,1,0,0,0,0,12.333006,51.298738
13,16,8,0,18,1,3,0,3,0,0,1,1,0,0,0,0,12.343785,51.341129
25,16,8,0,19,3,3,1,5,1,0,1,1,0,0,0,0,13.822223,51.180947
26,16,8,0,14,5,2,5,3,0,0,1,1,0,0,0,0,14.61987,51.508699
12,16,8,0,11,2,3,5,2,0,0,1,1,0,0,0,0,13.748477,51.053525
26,16,8,0,7,4,2,5,3,0,0,1,0,0,0,0,0,14.892931,51.228919
13,16,8,0,18,3,3,1,7,0,0,1,1,0,0,0,0,12.40397,51.366288
13,16,8,0,14,4,3,5,2,0,0,1,1,0,0,0,0,12.29891,51.41265
24,16,8,0,6,3,3,3,6,0,0,1,0,0,0,0,1,12.624421,50.787945
30,16,8,0,19,1,3,2,7,0,0,1,1,0,0,0,0,13.111394,51.294526
24,16,8,0,13,4,3,0,6,0,0,1,1,0,0,0,0,12.745405,50.865115
11,16,8,0,12,1,3,8,1,0,0,1,0,0,0,0,0,12.933317,50.811595
26,16,8,0,14,2,2,3,2,0,0,1,0,0,0,0,1,14.993319,51.151425
27,16,8,0,8,6,3,5,3,0,0,1,1,0,0,0,0,13.569737,51.164894
13,16,8,0,19,7,3,0,1,2,0,1,0,0,0,0,0,12.301014,51.35481
13,16,8,0,9,4,2,0,4,0,0,1,0,1,0,0,0,12.408553,51.375495
13,16,8,0,15,3,3,5,3,0,0,1,1,0,0,0,0,12.370935,51.336419
13,16,8,0,16,7,3,1,5,0,0,1,1,0,0,0,0,12.332882,51.340523
22,16,8,0,15,6,3,0,1,0,0,1,0,0,0,0,0,13.402779,50.81233
13,16,8,0,20,5,3,2,6,1,1,1,1,0,0,0,0,12.401898,51.339137
21,16,8,0,9,7,3,2,6,0,0,1,1,0,0,0,0,12.769496,50.535317
12,16,8,0,12,4,3,5,3,0,0,1,1,0,0,0,0,13.714896,51.09549
12,16,8,0,20,3,3,3,6,1,0,1,1,0,0,0,0,13.765943,51.015717
13,16,8,0,16,2,3,5,3,0,0,1,1,0,0,0,0,12.32048,51.305555
22,16,8,0,20,1,2,0,1,0,0,1,0,0,0,0,0,13.298118,50.966416
13,16,8,0,19,4,2,3,2,0,0,1,1,0,0,0,0,12.378597,51.307766
13,16,8,0,9,2,3,3,5,0,0,1,1,0,0,0,0,12.385068,51.339067
25,16,8,0,20,5,3,5,3,0,0,1,1,0,0,0,0,14.428315,51.182384
12,16,8,0,11,2,3,4,6,0,0,1,0,0,0,0,0,13.802637,51.029893
12,16,8,0,13,2,3,0,6,0,0,1,0,0,0,0,1,13.807739,51.005641
12,16,8,0,16,5,3,0,7,0,0,1,1,0,0,0,0,13.723183,51.047693
13,16,8,0,14,4,2,0,2,0,0,1,0,0,0,0,1,12.406774,51.338112
30,16,8,0,6,3,3,0,3,0,0,1,1,0,0,0,0,12.341495,51.529253
27,16,8,0,13,4,3,5,2,0,0,1,1,0,0,0,0,13.576239,51.122449
29,16,8,0,15,1,3,0,3,0,0,1,1,0,0,0,0,12.362585,51.27934
13,16,8,0,15,4,3,5,2,0,1,1,1,0,0,0,0,12.400696,51.339285
28,16,8,0,19,7,3,5,3,0,0,1,1,0,0,0,0,13.866962,50.978844
12,16,8,0,13,4,3,0,1,0,0,1,0,0,0,0,0,13.728519,51.07643
22,16,8,0,12,4,3,5,3,0,1,1,1,0,0,0,0,13.341304,50.914115
27,16,8,0,13,2,3,5,3,0,0,1,1,0,0,0,0,13.589374,51.128574
12,16,8,0,14,6,3,5,3,0,0,1,1,0,0,0,0,13.688957,51.057946
12,16,8,0,1,7,3,5,3,2,0,1,0,0,0,0,1,13.7771,51.060081
28,16,8,0,16,3,3,6,7,0,0,1,0,1,0,0,0,13.938863,50.960823
29,16,8,0,18,7,3,0,7,0,0,1,0,0,0,0,0,12.79254,51.160411
13,16,8,0,21,5,3,0,1,2,1,1,0,0,0,0,0,12.315146,51.354626
22,16,8,0,22,7,3,0,1,2,0,1,0,0,0,0,0,13.237915,51.06753
13,16,8,0,15,6,3,5,2,0,0,1,1,0,0,0,0,12.43417,51.324737
12,16,8,0,11,5,3,0,7,0,0,1,1,0,0,0,0,13.763664,51.110518
13,16,8,0,10,4,3,5,3,0,0,1,1,0,0,0,0,12.392691,51.330619
12,16,8,0,23,3,3,5,2,2,1,1,0,0,1,0,0,13.749429,51.074528
22,16,8,0,11,4,3,5,3,0,0,1,1,0,0,0,0,13.343342,50.909985
12,16,8,0,15,2,3,0,3,0,0,1,1,0,0,0,0,13.78943,51.01816
24,16,8,0,21,6,3,3,6,1,0,1,1,0,0,0,0,12.464119,50.701223
26,16,8,0,17,4,3,4,2,0,0,1,1,0,0,0,0,14.80198,50.897669
13,16,8,0,7,3,3,6,7,0,0,1,0,0,0,0,1,12.373079,51.342902
13,16,8,0,10,1,2,5,3,0,0,1,1,0,0,0,0,12.401,51.376236
12,16,8,0,8,2,3,0,7,0,0,1,1,0,0,0,0,13.729503,51.076356
13,16,8,0,16,4,2,5,3,0,0,1,1,0,0,0,0,12.392678,51.33061
21,16,8,0,16,2,3,5,3,0,0,1,1,0,0,0,0,12.859714,50.77978
12,16,8,0,15,5,3,5,2,0,0,1,1,0,0,0,0,13.744562,51.037069
13,16,8,0,7,6,3,5,3,0,1,1,1,0,0,0,0,12.309352,51.330774
22,16,8,0,18,1,3,0,1,0,0,1,0,0,0,0,0,13.15766,50.965178
12,16,8,0,21,2,3,5,3,2,0,1,1,0,0,0,0,13.722576,51.087749
12,16,8,0,19,6,3,5,3,0,1,1,1,0,0,0,0,13.795815,50.990173
13,16,8,0,15,2,3,0,5,0,0,1,1,0,0,0,0,12.407558,51.373562
12,16,8,0,22,3,3,5,3,2,0,1,1,0,0,0,0,13.748959,51.033791
13,16,8,0,17,2,3,4,2,0,0,1,1,0,0,0,0,12.362825,51.367746
13,16,8,0,18,2,3,2,6,0,0,1,0,0,0,0,0,12.386004,51.295852
13,16,8,0,8,7,3,5,3,0,0,1,1,0,0,0,0,12.32683,51.312668
22,16,8,0,16,6,3,0,1,0,1,1,0,0,0,0,0,12.969258,50.990779
13,16,8,0,6,5,3,0,5,0,0,1,1,0,0,0,0,12.323888,51.343612
12,16,8,0,1,7,3,1,7,2,0,1,1,0,0,0,0,13.743427,51.048825
12,16,8,0,7,4,3,5,6,0,0,1,1,0,0,0,0,13.810201,51.032407
13,16,8,0,16,4,3,0,7,0,0,1,0,0,0,0,0,12.412366,51.393212
28,16,8,0,11,3,3,6,6,0,1,1,0,1,0,0,0,13.939331,50.961183
13,16,8,0,11,2,3,5,3,0,0,1,1,0,0,0,0,12.37603,51.35559
11,16,8,0,11,4,2,8,1,0,0,1,0,0,0,0,0,12.934502,50.820367
25,16,8,0,17,5,3,1,5,0,0,1,1,0,0,0,0,14.109089,51.283034
13,16,8,0,10,6,3,5,3,0,0,1,1,0,0,0,0,12.376821,51.320558
12,16,8,0,17,5,3,5,2,0,0,1,1,0,0,0,0,13.749394,51.035983
29,16,8,0,16,1,3,5,3,0,0,1,1,0,0,0,0,12.559347,51.056312