CSV=`UKREIS,UJAHR,UMONAT,UTAG,USTUNDE,UWOCHENTAG,UKATEGORIE,UART,UTYP,LICHT,USTRZUSTAND,IstRad,IstPKW,IstFuss,IstKrad,IstGkfz,IstSonstig,@lon,@lat
12,16,8,0,15,5,3,8,1,0,0,1,0,0,0,0,0,13.777706,50.993427
13,16,8,0,7,6,3,5,3,0,0,1,1,0,0,0,0,12.344835,51.339196
12,16,8,0,12,6,3,5,3,0,0,1,0,0,0,0,1,13.798177,51.0454
24,16,8,0,15,7,3,5,3,0,0,1,1,0,0,0,0,12.487705,50.686178
12,16,8,0,19,2,3,5,3,0,0,1,1,0,0,0,0,13.748748,51.048253
12,16,8,0,8,4,2,0,5,0,0,1,1,0,0,0,0,13.70319,51.046192
12,16,8,0,7,4,3,3,6,0,0,1,1,0,0,0,0,13.717658,51.087572
27,16,8,0,18,6,3,5,3,0,1,1,1,0,0,0,0,13.563763,51.163024
13,16,8,0,14,2,3,5,2,0,0,1,1,0,0,0,0,12.407331,51.345476
12,16,8,0,11,6,2,5,3,0,1,1,1,0,0,0,0,13.746122,51.060339
25,16,8,0,9,3,3,5,2,0,0,1,1,0,0,0,0,14.261596,51.440032
13,16,8,0,13,4,3,5,3,0,0,1,1,0,0,0,0,12.383801,51.395138
13,16,8,0,11,2,3,5,3,0,0,1,1,0,0,0,0,12.390263,51.303029
11,16,8,0,8,2,3,5,2,0,0,1,1,0,0,0,0,12.892842,50.795412
12,16,8,0,7,6,3,5,3,2,1,1,1,0,0,0,0,13.777098,51.060081
30,16,8,0,13,5,3,5,3,0,0,1,1,0,0,0,0,12.341084,51.524338
12,16,8,0,11,7,3,5,3,0,0,1,1,0,0,0,0,13.744189,51.063675
21,16,8,0,7,2,3,0,7,0,0,1,0,0,0,0,0,12.667151,50.599039
12,16,8,0,15,5,2,5,3,0,0,1,1,0,0,0,0,13.726579,51.031546
12,16,8,0,16,5,3,5,7,0,0,1,1,0,0,0,0,13.77575,51.050822
13,16,8,0,16,4,3,3,6,0,0,1,1,0,0,0,0,12.373711,51.331416
12,16,8,0,14,3,3,5,3,0,1,1,1,0,0,0,0,13.736456,51.043468
29,16,8,0,7,3,3,5,3,0,0,1,1,0,0,0,0,12.73684,51.375055
27,16,8,0,15,4,3,0,6,0,0,1,1,0,0,0,0,13.483181,51.160531
11,16,8,0,12,2,3,0,7,0,0,1,0,0,0,0,0,12.923364,50.844671
26,16,8,0,0,6,3,7,1,2,0,1,0,0,0,0,0,14.659239,51.065903
13,16,8,0,15,2,2,5,3,0,0,1,1,0,0,0,0,12.330766,51.337428
13,16,8,0,13,5,3,4,3,0,0,1,1,0,0,0,0,12.365641,51.332052
25,16,8,0,19,3,3,0,1,1,0,1,0,0,0,0,0,14.436702,51.18477
12,16,8,0,15,5,3,3,5,0,0,1,1,0,0,0,0,13.723526,51.118183
29,16,8,0,17,7,3,5,3,0,1,1,1,0,0,0,0,12.36773,51.274461
28,16,8,0,18,6,3,4,6,0,0,1,1,0,0,0,0,13.719024,50.979883
28,16,8,0,19,5,3,0,2,0,0,1,1,0,0,0,0,13.8692,50.970019
28,16,8,0,16,3,3,0,1,0,0,1,0,0,0,0,0,13.954331,50.87223
13,16,8,0,17,2,3,5,3,0,0,1,1,0,0,0,0,12.385618,51.324197
12,16,8,0,16,6,3,5,2,0,0,1,1,0,0,0,0,13.708904,51.047263
27,16,8,0,19,7,3,0,1,1,0,1,0,0,0,0,0,13.424406,51.19866
24,16,8,0,14,1,2,5,3,0,0,1,1,0,0,0,0,12.544343,50.823559
11,16,8,0,7,6,3,0,1,1,0,1,0,0,0,0,0,12.952046,50.862118
12,16,8,0,8,6,2,5,2,0,0,1,0,0,0,0,1,13.741103,51.019247
12,16,8,0,7,5,3,5,3,0,0,1,1,0,0,0,0,13.720005,51.029246
13,16,8,0,17,6,3,5,3,0,0,1,1,0,0,0,0,12.305516,51.351832
26,16,8,0,10,1,3,8,1,0,0,1,0,0,0,0,0,14.665326,51.093791
30,16,8,0,7,5,3,4,6,0,0,1,0,0,0,0,0,12.346489,51.522918
13,16,8,0,13,5,2,5,3,0,0,1,1,0,0,0,0,12.313808,51.304554
13,16,8,0,16,4,3,5,3,0,0,1,1,0,0,0,0,12.373361,51.353061
13,16,8,0,14,3,3,1,5,0,0,1,1,0,0,0,0,12.370913,51.307674
25,16,8,0,14,3,3,5,3,0,0,1,1,0,0,0,0,14.033108,51.144445
23,16,8,0,15,2,3,6,4,0,0,1,0,1,0,0,0,12.115229,50.51361
24,16,8,0,13,5,3,2,6,0,0,1,1,0,0,0,0,12.383672,50.802312
24,16,8,0,1,4,2,2,6,2,0,1,1,0,0,0,0,12.75614,50.806579
11,16,8,0,17,4,3,5,2,0,0,1,1,0,0,0,0,12.83364,50.813737
13,16,8,0,14,3,2,4,2,0,0,1,1,0,0,0,0,12.421684,51.332558
12,16,8,0,9,3,3,3,6,0,0,1,1,0,0,0,0,13.743574,51.053448
25,16,8,0,14,6,3,4,3,0,0,1,1,0,0,0,0,14.50258,51.099275
27,16,8,0,6,2,3,0,1,0,0,1,0,0,0,0,0,13.56844,51.160989
12,16,8,0,17,2,2,5,3,0,0,1,0,0,0,0,0,13.711322,51.117303
25,16,8,0,10,5,3,3,2,0,0,1,1,0,0,0,0,13.917973,51.11159
13,16,8,0,18,4,3,4,2,0,0,1,1,0,0,0,0,12.327154,51.329632
27,16,8,0,11,3,3,5,3,0,0,1,1,0,0,0,0,13.264492,51.310199
26,16,8,0,12,7,3,8,6,0,0,1,0,0,0,0,1,14.736816,50.949913
28,16,8,0,11,7,3,0,7,0,0,1,0,0,0,0,0,13.865269,50.969493
28,16,8,0,11,6,3,5,2,0,0,1,1,0,0,0,0,13.859619,50.986554
30,16,8,0,13,7,2,0,7,0,0,1,0,0,0,0,0,13.063096,51.234817
30,16,8,0,12,5,3,5,3,0,0,1,1,0,0,0,0,13.004136,51.560843
12,16,8,0,19,7,3,6,6,0,0,1,0,1,0,0,0,13.767629,51.056659
30,16,8,0,7,6,3,5,3,0,0,1,1,0,0,0,0,12.487477,51.374706
30,16,8,0,15,5,3,5,2,0,0,1,1,0,0,0,0,13.095533,51.299756
12,16,8,0,16,2,3,5,2,0,0,1,1,0,0,0,0,13.777308,51.058716
22,16,8,0,22,6,2,8,1,2,0,1,0,0,0,0,0,13.100012,51.021073
30,16,8,0,7,5,3,4,6,0,0,1,0,0,0,0,0,12.346642,51.522956
13,16,8,0,18,6,2,6,4,0,0,1,0,1,0,0,0,12.37367,51.3328
12,16,8,0,18,4,3,5,2,0,0,1,1,0,0,0,0,13.753326,51.050373
26,16,8,0,15,6,3,8,1,0,0,1,0,0,0,0,0,14.617731,50.984034
27,16,8,0,8,2,3,2,2,0,0,1,1,0,0,0,0,13.447668,51.41205
29,16,8,0,18,5,3,5,3,0,0,1,0,0,0,0,0,12.530276,51.086413
22,16,8,0,10,6,2,5,3,0,0,1,1,0,0,0,0,13.354956,50.909967
13,16,8,0,18,5,3,2,2,0,0,1,1,0,0,0,0,12.376433,51.310396
13,16,8,0,0,6,3,8,1,2,0,1,0,0,0,0,0,12.371513,51.337698
29,16,8,0,17,4,3,1,6,0,0,1,1,0,0,0,0,12.70939,51.238254
24,16,8,0,19,3,2,0,6,0,0,1,1,0,0,0,0,12.554759,50.816968
11,16,8,0,7,5,3,5,3,0,0,1,1,0,0,0,0,12.869566,50.819053
12,16,8,0,9,2,3,5,2,0,0,1,1,0,0,0,0,13.774733,51.04977
25,16,8,0,18,5,3,4,6,0,0,1,1,0,0,0,0,14.425375,51.183388
29,16,8,0,7,5,3,3,2,0,0,1,1,0,0,0,0,12.376905,51.28035
13,16,8,0,15,6,3,5,3,0,0,1,0,0,0,0,1,12.327638,51.303632
25,16,8,0,14,3,3,5,3,0,0,1,1,0,0,0,0,14.433697,51.183512
29,16,8,0,8,2,3,5,1,0,0,1,1,0,0,0,0,12.263692,51.164236
12,16,8,0,14,7,3,4,6,0,0,1,1,0,0,0,0,13.775323,51.032942
12,16,8,0,23,6,3,0,1,2,0,1,0,0,0,0,0,13.78926,51.04544
28,16,8,0,19,3,3,8,5,1,0,1,0,0,0,0,1,13.945674,50.959746
13,16,8,0,7,4,2,5,3,0,0,1,1,0,0,0,0,12.375832,51.334318
13,16,8,0,12,6,3,5,3,0,0,1,1,0,0,0,0,12.356004,51.343695
11,16,8,0,7,6,3,1,6,0,0,1,1,0,0,0,0,12.906816,50.83596
29,16,8,0,14,5,3,4,2,0,0,1,1,0,0,0,0,12.365891,51.285542
13,16,8,0,15,5,3,5,3,0,0,1,1,0,0,0,0,12.383596,51.374053
11,16,8,0,16,5,3,5,3,0,0,1,1,0,0,0,0,12.833585,50.813706
12,16,8,0,10,5,3,1,5,0,0,1,0,0,0,0,1,13.835983,51.002498
13,16,8,0,11,5,3,6,4,0,0,1,0,1,0,0,0,12.37359,51.320544
13,16,8,0,13,6,3,5,3,0,0,1,1,0,0,0,0,12.432403,51.308149
13,16,8,0,7,4,3,5,3,0,0,1,1,0,0,0,0,12.403112,51.345707
25,16,8,0,7,3,3,0,6,0,0,1,1,0,0,0,0,13.924697,51.118692
13,16,8,0,10,3,3,4,6,0,0,1,0,0,0,0,0,12.380996,51.330759
12,16,8,0,16,3,3,5,3,0,0,1,0,0,0,0,0,13.806382,51.037759
28,16,8,0,16,2,2,4,6,0,0,1,0,0,0,0,0,13.937641,50.96415
12,16,8,0,18,2,3,1,7,0,0,1,1,0,0,0,0,13.702044,51.033284
12,16,8,0,21,1,2,0,1,2,0,1,0,0,0,0,0,13.812956,51.045922
13,16,8,0,11,5,3,1,5,0,0,1,1,0,0,0,0,12.342282,51.328196
13,16,8,0,8,5,3,5,3,0,0,1,1,0,0,0,0,12.375034,51.393124
28,16,8,0,22,3,2,8,1,2,0,1,0,0,0,0,0,13.951796,51.006271
13,16,8,0,20,2,3,5,3,1,0,1,1,0,0,0,0,12.268248,51.307908
13,16,8,0,7,5,2,5,3,0,0,1,1,0,0,0,0,12.317736,51.350116
28,16,8,0,14,6,2,4,1,0,0,1,0,0,0,1,0,13.6744,51.006022
28,16,8,0,18,3,2,8,1,0,0,1,0,0,0,0,0,13.63384,50.756118
11,16,8,0,13,1,3,5,3,0,1,1,1,0,0,0,0,12.907685,50.793793
26,16,8,0,10,5,3,2,6,0,0,1,1,0,0,0,0,14.615791,51.000645
13,16,8,0,14,4,3,5,3,0,0,1,1,0,0,0,0,12.367452,51.367234
12,16,8,0,17,6,3,2,6,0,0,1,1,0,0,0,0,13.866624,50.998658
23,16,8,0,17,4,3,6,3,0,0,1,0,1,0,0,0,12.393513,50.506527
22,16,8,0,19,5,3,0,6,0,0,1,0,0,0,0,1,13.348505,50.911786
13,16,8,0,15,6,2,5,3,0,0,1,1,0,0,0,0,12.443859,51.331471
30,16,8,0,13,5,3,5,3,0,0,1,1,0,0,0,0,12.332665,51.523895
13,16,8,0,18,5,3,4,2,0,0,1,1,0,0,0,0,12.451636,51.313904
12,16,8,0,18,3,3,2,6,0,0,1,1,0,0,0,0,13.787014,51.032376
25,16,8,0,6,5,3,5,3,0,0,1,1,0,0,0,0,14.240531,51.432426
30,16,8,0,8,2,3,5,3,0,0,1,1,0,0,0,0,12.245909,51.388989
13,16,8,0,18,4,3,5,2,0,0,1,1,0,0,0,0,12.373404,51.320595
26,16,8,0,12,3,3,0,1,0,0,1,0,0,0,0,0,14.983894,51.158511
30,16,8,0,18,2,3,3,2,0,0,1,1,0,0,0,0,12.336323,51.528151
13,16,8,0,22,4,3,0,7,2,0,1,0,0,0,0,0,12.373344,51.336672
12,16,8,0,16,5,3,5,3,0,0,1,1,0,0,0,0,13.791452,51.013322
12,16,8,0,22,5,2,5,3,2,0,1,1,0,0,0,0,13.740684,51.04727
12,16,8,0,13,6,3,5,2,0,0,1,1,0,0,0,0,13.748895,51.037493
13,16,8,0,7,4,3,0,1,0,0,1,0,0,0,0,0,12.407705,51.339352
12,16,8,0,16,5,3,5,2,0,0,1,0,0,0,0,1,13.760692,51.049212
12,16,8,0,11,5,3,3,2,0,0,1,1,0,0,0,0,13.72237,51.049727
29,16,8,0,17,6,2,5,3,0,0,1,1,0,0,0,0,12.330813,51.22628
22,16,8,0,19,6,2,0,1,1,0,1,0,0,0,0,0,13.177676,51.063725
12,16,8,0,17,5,3,5,3,0,0,1,0,0,0,0,1,13.77682,51.047978
12,16,8,0,17,4,3,4,2,0,0,1,1,0,0,0,0,13.793346,51.043057
13,16,8,0,19,3,3,4,2,0,0,1,1,0,0,0,0,12.396099,51.310163
12,16,8,0,7,3,3,5,2,0,0,1,1,0,0,0,0,13.777096,51.060081
27,16,8,0,15,2,3,5,3,0,0,1,1,0,0,0,0,13.568721,51.1239
12,16,8,0,12,5,3,4,6,0,0,1,0,0,0,0,0,13.746533,51.038458
12,16,8,0,12,7,2,5,3,0,0,1,1,0,0,0,0,13.691326,51.052146
13,16,8,0,17,6,3,3,2,0,0,1,1,0,0,0,0,12.386097,51.29567
29,16,8,0,13,1,3,3,6,0,0,1,1,0,0,0,0,12.498877,51.124923
12,16,8,0,16,5,3,0,1,0,0,1,0,0,0,0,0,13.80187,51.043983
13,16,8,0,15,5,2,5,2,0,0,1,0,0,0,0,1,12.389108,51.35367
25,16,8,0,9,6,3,5,3,0,0,1,1,0,0,0,0,14.239661,51.430235
29,16,8,0,13,4,3,5,3,0,0,1,1,0,0,0,0,12.492201,51.124482
13,16,8,0,16,4,3,5,3,0,0,1,1,0,0,0,0,12.376753,51.320531
12,16,8,0,7,2,3,5,3,0,0,1,1,0,0,0,0,13.806909,51.036596
24,16,8,0,16,7,3,2,2,0,0,1,1,0,0,0,0,12.376972,50.740528
11,16,9,0,19,4,3,3,6,1,0,1,1,0,0,0,0,12.872226,50.814581
12,16,8,0,16,3,3,3,6,0,0,1,0,0,0,0,0,13.750754,51.063241
13,16,9,0,11,6,3,5,3,0,0,1,0,0,0,0,1,12.388155,51.35488
12,16,9,0,8,5,3,5,2,0,0,1,1,0,0,0,0,13.777899,51.053946
30,16,9,0,15,6,2,5,2,0,0,1,0,0,0,0,1,12.968136,51.260432
12,16,9,0,6,5,3,5,3,0,0,1,0,0,0,1,0,13.743634,51.03559
25,16,9,0,17,2,3,5,3,0,1,1,1,0,0,0,0,14.243685,51.385285
12,16,8,0,13,4,3,1,6,0,0,1,1,0,0,0,0,13.714671,51.096611
12,16,9,0,16,6,3,5,3,0,0,1,0,0,0,0,0,13.740633,51.049813
25,16,9,0,10,5,3,1,5,0,0,1,1,0,0,0,0,14.430428,51.185642
12,16,8,0,7,4,3,5,7,0,0,1,1,0,0,0,0,13.831754,51.00221
13,16,9,0,17,3,3,0,7,0,0,1,1,0,0,0,0,12.406104,51.346833
13,16,8,0,7,4,3,5,3,0,0,1,1,0,0,0,0,12.398745,51.345947
13,16,9,0,7,6,3,1,1,0,0,1,1,0,0,0,0,12.361902,51.364893
24,16,9,0,14,4,2,0,7,0,0,1,0,0,0,0,0,12.466901,50.849722
12,16,9,0,15,4,3,4,2,0,0,1,1,0,0,0,0,13.71465,51.092745
13,16,9,0,10,5,3,5,3,0,0,1,1,0,0,0,0,12.469523,51.345735
12,16,9,0,20,5,2,4,1,2,0,1,1,0,0,0,0,13.747156,51.071973
28,16,9,0,7,7,3,7,7,0,0,1,0,0,0,0,0,14.003482,51.028639
12,16,9,0,16,4,2,0,1,0,0,1,0,0,0,0,0,13.752877,51.064739
13,16,9,0,11,5,3,4,6,0,0,1,0,0,0,0,0,12.383416,51.338356
13,16,9,0,8,3,3,4,2,0,0,1,1,0,0,0,0,12.281237,51.383392
13,16,9,0,7,5,3,5,3,0,0,1,1,0,0,0,0,12.376962,51.343903
12,16,9,0,16,2,3,1,5,0,0,1,1,0,0,0,0,13.662087,51.051009
21,16,8,0,14,4,3,2,6,0,0,1,0,0,0,0,1,12.781381,50.709742
13,16,9,0,13,4,3,6,4,0,0,1,0,1,0,0,0,12.407007,51.345473
11,16,9,0,17,4,2,4,6,0,0,1,0,0,0,0,0,12.919035,50.834074
27,16,9,0,6,5,3,5,3,0,0,1,1,0,0,0,0,13.585281,51.169652
13,16,9,0,18,2,3,6,6,0,0,1,0,1,0,0,0,12.405956,51.335886
12,16,9,0,21,2,3,5,3,2,1,1,1,0,0,0,0,13.74847,51.053534
22,16,8,0,17,4,3,5,3,0,0,1,1,0,0,0,0,13.027783,50.865001
29,16,9,0,6,6,2,3,2,0,0,1,1,0,0,0,0,12.743201,51.372386
29,16,9,0,17,4,3,5,3,0,0,1,1,0,0,0,0,12.378287,51.269698
12,16,9,0,10,5,2,4,6,0,0,1,0,0,0,0,0,13.741047,51.0536
28,16,9,0,16,2,3,0,1,0,0,1,0,0,0,0,0,13.860187,50.980016
22,16,9,0,18,1,3,7,1,1,0,1,0,0,0,0,0,13.3496,50.908686
26,16,9,0,8,6,3,5,2,0,0,1,1,0,0,0,0,14.630365,51.501488
24,16,9,0,11,3,2,1,5,0,0,1,1,0,0,0,0,12.464061,50.849447
22,16,9,0,15,6,3,5,3,0,0,1,1,0,0,0,0,13.124495,50.970244
11,16,8,0,7,4,3,5,2,0,0,1,1,0,0,0,0,12.901036,50.816467
12,16,9,0,9,6,3,5,3,0,0,1,1,0,0,0,0,13.833836,51.022596
13,16,9,0,7,6,3,1,2,0,0,1,1,0,0,0,0,12.479295,51.345823
13,16,9,0,16,5,3,5,3,0,0,1,1,0,0,0,0,12.384969,51.298891
28,16,9,0,15,7,2,4,6,0,0,1,0,0,0,0,1,14.038838,50.955221
13,16,9,0,5,3,2,0,1,2,0,1,0,0,0,0,0,12.262782,51.311184
13,16,8,0,14,4,3,5,7,0,0,1,1,0,0,0,0,12.299878,51.413174
25,16,9,0,16,6,3,1,5,0,0,1,1,0,0,0,0,13.941158,51.06513
28,16,9,0,10,5,3,6,4,0,0,1,0,1,0,0,0,13.958588,50.954516
11,16,9,0,18,5,2,5,3,0,0,1,1,0,0,0,0,12.900201,50.838607
12,16,9,0,9,7,3,0,7,0,0,1,1,0,0,0,0,13.731442,51.057227
12,16,9,0,8,4,3,5,3,0,0,1,1,0,0,0,0,13.777286,51.060086
13,16,9,0,18,3,2,3,5,0,0,1,0,0,0,0,1,12.405475,51.367804
12,16,9,0,17,3,2,5,3,0,0,1,0,0,1,0,0,13.678502,51.06109
12,16,9,0,21,2,3,5,3,2,1,1,1,0,0,0,0,13.749001,51.033768
27,16,9,0,19,6,3,0,1,1,0,1,0,0,0,0,0,13.581846,51.125838
13,16,9,0,14,7,3,6,6,0,0,1,0,1,0,0,0,12.378078,51.341297
29,16,8,0,10,3,3,0,7,0,0,1,1,0,0,0,0,12.496623,51.123286
13,16,9,0,20,4,3,2,6,2,0,1,0,0,1,0,0,12.384785,51.337642
13,16,8,0,10,3,3,0,7,0,0,1,0,0,0,0,0,12.40598,51.34208
29,16,9,0,9,4,3,5,3,0,0,1,1,0,0,0,0,12.48908,51.11027
27,16,9,0,18,5,3,8,3,0,0,1,1,0,0,0,0,13.30369,51.304867
13,16,9,0,6,7,3,4,2,1,0,1,1,0,0,0,0,12.41124,51.342046
13,16,8,0,9,3,3,6,4,0,0,1,0,1,0,0,0,12.368593,51.326033
12,16,9,0,8,5,3,2,3,0,0,1,0,0,0,0,0,13.821353,51.003025
13,16,9,0,20,2,3,3,2,2,0,1,1,0,0,0,0,12.415402,51.319929
13,16,9,0,22,6,2,5,3,2,0,1,1,0,0,0,0,12.396054,51.34495
12,16,9,0,14,6,3,5,3,0,0,1,1,0,0,0,0,13.787714,51.035934
13,16,8,0,9,4,3,3,2,0,0,1,1,0,0,0,0,12.367055,51.335925
26,16,9,0,14,5,2,0,3,0,0,1,1,0,0,0,0,14.979628,51.169413
13,16,8,0,13,3,3,5,3,0,0,1,1,0,0,0,0,12.268226,51.3079
12,16,9,0,12,5,3,5,3,0,0,1,1,0,0,0,0,13.72743,51.052475
29,16,8,0,19,3,3,4,2,0,0,1,1,0,0,0,0,12.348656,51.268623
13,16,9,0,16,4,3,0,1,0,0,1,0,0,0,0,0,12.492936,51.351034
11,16,9,0,20,6,3,0,1,2,0,1,0,0,0,0,0,12.924324,50.835701
27,16,9,0,15,5,2,5,3,0,0,1,0,0,0,0,1,13.608916,51.116116
13,16,8,0,14,3,3,4,2,0,0,1,1,0,0,0,0,12.353929,51.350908
23,16,9,0,18,4,2,4,2,0,0,1,1,0,0,0,0,12.132965,50.494869
11,16,8,0,15,3,2,3,2,0,0,1,1,0,0,0,0,12.897404,50.813213
29,16,9,0,22,3,3,4,2,2,0,1,1,0,0,0,0,12.364602,51.284121
27,16,9,0,17,3,3,0,1,0,0,1,0,0,0,0,1,13.628699,51.112523
13,16,9,0,19,5,2,1,5,1,0,1,1,0,0,0,0,12.334955,51.326263
11,16,9,0,7,2,3,3,6,0,0,1,0,0,0,0,0,12.915304,50.828361
13,16,8,0,16,3,3,5,3,0,0,1,1,0,0,0,0,12.331149,51.371996
13,16,9,0,5,7,2,0,7,1,0,1,0,0,0,0,0,12.401291,51.363183
13,16,8,0,16,3,3,1,5,0,0,1,0,0,0,0,1,12.401737,51.346508
13,16,9,0,8,4,3,2,2,0,0,1,1,0,0,0,0,12.327277,51.317338
12,16,9,0,23,5,2,1,5,2,0,1,1,0,0,0,0,13.763289,51.03251
25,16,9,0,9,2,3,1,5,0,1,1,1,0,0,0,0,14.067239,51.361152
27,16,9,0,13,1,3,5,3,0,1,1,1,0,0,0,0,13.298068,51.305652
24,16,9,0,15,3,3,5,3,0,0,1,1,0,0,0,0,12.737287,50.862326
22,16,9,0,13,6,2,3,1,0,0,1,0,0,0,0,0,12.807805,50.912971
12,16,9,0,15,6,3,5,3,0,0,1,1,0,0,0,0,13.709915,51.028586
13,16,9,0,9,5,2,4,6,0,0,1,0,0,0,0,0,12.3644,51.33766
13,16,8,0,5,3,3,5,3,1,0,1,1,0,0,0,0,12.381696,51.331774
25,16,9,0,17,4,3,5,3,0,0,1,1,0,0,0,0,14.158512,51.265359
30,16,9,0,7,5,3,5,3,0,0,1,0,0,0,0,0,12.63338,51.457763
13,16,8,0,14,4,3,1,3,0,0,1,1,0,0,0,0,12.482994,51.342783
28,16,8,0,7,3,3,5,3,0,0,1,1,0,0,0,0,13.866075,50.971138
21,16,9,0,7,5,2,8,7,0,0,1,0,0,0,0,0,12.876891,50.777093
12,16,9,0,7,4,2,4,3,0,0,1,1,0,0,0,0,13.760688,51.049201
13,16,9,0,16,3,3,3,2,0,0,1,1,0,0,0,0,12.346588,51.350819
13,16,9,0,17,4,3,2,2,0,0,1,1,0,0,0,0,12.406918,51.342368
28,16,9,0,16,5,3,4,6,0,0,1,1,0,0,0,0,13.749927,50.987381
29,16,8,0,14,2,3,4,7,0,0,1,0,0,0,0,1,12.514052,51.151271
13,16,9,0,18,6,3,5,3,0,0,1,1,0,0,0,0,12.335982,51.341262
25,16,9,0,15,5,2,7,7,0,0,1,0,0,0,0,0,14.276188,51.445096
13,16,8,0,20,2,3,1,3,2,0,1,1,0,0,0,0,12.376961,51.343902
13,16,9,0,14,7,2,5,3,0,0,1,0,0,0,0,0,12.422939,51.35085
12,16,8,0,7,3,2,5,3,0,0,1,0,0,0,0,1,13.839687,51.00371
29,16,9,0,16,6,3,1,5,0,0,1,1,0,0,0,0,12.636804,51.278828
13,16,9,0,20,4,3,3,6,2,0,1,1,0,0,0,0,12.390546,51.290563
12,16,9,0,18,5,2,0,7,0,0,1,0,0,0,0,0,13.728927,51.052054
22,16,9,0,10,1,3,1,3,0,0,1,0,0,0,0,1,13.222124,50.918389
12,16,8,0,0,3,3,1,1,2,0,1,1,0,0,0,0,13.792628,51.047939
13,16,9,0,8,6,2,4,2,0,0,1,1,0,0,0,0,12.392204,51.338889
12,16,9,0,16,6,2,0,1,0,0,1,0,0,0,0,0,13.741423,51.053545
29,16,8,0,9,4,3,4,2,0,0,1,1,0,0,0,0,12.734679,51.367048
11,16,9,0,17,6,3,0,1,0,0,1,0,0,0,0,0,12.916501,50.838997
12,16,8,0,7,3,3,5,3,0,0,1,0,0,0,0,0,13.753508,51.05294
12,16,9,0,18,4,3,1,5,0,0,1,1,0,0,0,0,13.710008,51.083472
23,16,9,0,14,5,3,1,6,0,0,1,0,0,0,0,1,12.170714,50.415693
26,16,9,0,11,3,3,3,6,0,0,1,1,0,0,0,0,14.990889,51.150966
13,16,9,0,11,5,3,4,2,0,0,1,0,0,0,0,1,12.353962,51.35091
13,16,8,0,12,4,3,5,3,0,0,1,0,0,0,0,0,12.373544,51.330088
11,16,9,0,13,6,3,4,2,0,0,1,1,0,0,0,0,12.941389,50.825887
26,16,9,0,11,6,2,9,1,0,0,1,0,0,0,0,0,14.747791,51.290162
11,16,9,0,11,6,3,5,2,0,0,1,1,0,0,0,0,12.798003,50.812453
12,16,8,0,10,3,3,5,3,0,0,1,1,0,0,0,0,13.776071,51.039209
24,16,9,0,7,4,3,5,2,1,0,1,1,0,0,0,0,12.388517,50.807176
13,16,9,0,13,5,3,5,3,0,0,1,1,0,0,0,0,12.395783,51.363295
13,16,9,0,5,3,3,5,3,1,1,1,1,0,0,0,0,12.438997,51.392872
13,16,8,0,7,2,3,5,2,0,0,1,1,0,0,0,0,12.445299,51.346155
12,16,9,0,17,2,3,5,7,0,1,1,1,0,0,0,0,13.838265,51.025191
30,16,9,0,13,4,1,5,3,0,0,1,1,0,0,0,0,12.484408,51.384057
28,16,9,0,18,5,2,8,1,0,0,1,0,0,0,0,0,13.617321,51.025434
12,16,9,0,7,6,3,5,3,0,0,1,0,0,0,0,1,13.803183,51.033063
13,16,9,0,13,3,3,3,6,0,0,1,0,0,0,0,0,12.413926,51.347132
12,16,9,0,13,5,3,5,2,0,0,1,1,0,0,0,0,13.783695,51.009574
28,16,9,0,5,5,2,0,1,0,0,1,0,0,0,0,0,13.874665,50.972509
27,16,9,0,8,6,2,5,3,0,0,1,1,0,0,0,0,13.270975,51.309273
13,16,9,0,16,3,3,5,2,0,0,1,0,0,0,0,0,12.352268,51.319383
29,16,9,0,13,6,3,5,3,0,0,1,0,0,0,0,1,12.55625,51.0612
30,16,9,0,9,2,3,5,3,0,0,1,1,0,0,0,0,12.640727,51.460894
13,16,9,0,6,5,3,4,2,1,0,1,1,0,0,0,0,12.460298,51.36848
12,16,9,0,9,4,3,0,1,0,0,1,0,0,0,0,0,13.775686,51.045346
13,16,9,0,23,2,2,4,7,2,0,1,0,1,0,0,0,12.378047,51.33711
13,16,9,0,14,3,2,8,1,0,0,1,0,0,0,0,0,12.476542,51.345193
22,16,9,0,11,5,3,0,1,0,0,1,0,0,0,0,0,13.332921,50.917855
13,16,9,0,8,4,3,3,3,0,0,1,1,0,0,0,0,12.394403,51.395861
22,16,9,0,15,3,3,5,3,0,0,1,0,0,0,0,0,13.338432,50.909901
12,16,9,0,9,5,2,6,4,0,0,1,0,1,0,0,0,13.770869,51.039752
12,16,9,0,12,3,3,0,5,0,0,1,0,0,0,0,1,13.767885,51.042419
12,16,9,0,8,5,3,3,6,0,0,1,1,0,0,0,0,13.777727,51.052864
29,16,9,0,19,2,3,5,3,0,0,1,1,0,0,0,0,12.505834,51.123517
13,16,9,0,11,6,3,3,2,0,0,1,1,0,0,0,0,12.367439,51.341165
12,16,9,0,14,6,3,5,3,0,0,1,1,0,0,0,0,13.678166,51.042194
12,16,9,0,12,5,3,5,2,0,0,1,1,0,0,0,0,13.77271,51.047765
13,16,9,0,17,4,3,0,3,0,0,1,1,0,0,0,0,12.367551,51.320954
12,16,9,0,7,5,3,5,3,0,0,1,1,0,0,0,0,13.810026,51.015443
13,16,9,0,8,7,3,5,3,0,0,1,1,0,0,0,0,12.368191,51.3378
21,16,9,0,6,2,3,0,1,1,1,1,0,0,0,0,0,13.336035,50.660251
13,16,9,0,6,2,2,3,2,0,0,1,1,0,0,0,0,12.36144,51.375088
13,16,9,0,20,3,3,5,3,2,0,1,1,0,0,0,0,12.452168,51.350364
24,16,9,0,6,3,2,5,3,2,0,1,1,0,0,0,0,12.728634,50.801231