CSV=`UKREIS,UJAHR,UMONAT,UTAG,USTUNDE,UWOCHENTAG,UKATEGORIE,UART,UTYP,LICHT,USTRZUSTAND,IstRad,IstPKW,IstFuss,IstKrad,IstGkfz,IstSonstig,@lon,@lat
12,16,9,0,7,5,3,5,3,0,0,1,1,0,0,0,0,13.787455,51.059056
13,16,9,0,13,7,3,5,3,0,0,1,1,0,0,0,0,12.285849,51.330963
23,16,9,0,16,5,3,3,2,0,0,1,1,0,0,0,0,12.397352,50.510561
12,16,9,0,7,2,3,5,2,0,1,1,1,0,0,0,0,13.77731,51.058716
29,16,9,0,11,3,2,3,6,0,0,1,1,0,0,0,0,12.5156,51.102758
30,16,9,0,11,2,2,4,1,0,0,1,0,0,0,0,0,12.346167,51.522946
13,16,9,0,16,3,3,4,2,0,0,1,1,0,0,0,0,12.33876,51.328245
12,16,9,0,16,5,2,5,3,0,0,1,0,0,0,0,1,13.775687,51.045346
12,16,9,0,16,5,3,5,3,0,0,1,1,0,0,0,0,13.692478,51.042285
12,16,9,0,13,4,3,5,3,0,0,1,1,0,0,0,0,13.747546,51.031008
13,16,9,0,13,2,2,4,2,0,0,1,1,0,0,0,0,12.428295,51.379736
25,16,9,0,17,3,3,5,3,0,0,1,1,0,0,0,0,14.265432,51.438866
12,16,9,0,14,5,3,5,3,0,0,1,1,0,0,0,0,13.756589,51.055093
21,16,9,0,15,7,3,1,5,0,0,1,1,0,0,0,0,12.863183,50.70779
30,16,9,0,15,6,2,5,3,0,0,1,1,0,0,0,0,13.003926,51.369077
11,16,9,0,15,5,3,0,7,0,0,1,1,0,0,0,0,12.924834,50.829341
12,16,9,0,19,5,2,5,3,1,0,1,0,0,0,0,0,13.743218,51.068352
13,16,9,0,22,2,3,1,1,2,0,1,1,0,0,0,0,12.28988,51.322123
13,16,9,0,16,4,3,5,3,0,0,1,1,0,0,0,0,12.381752,51.332005
25,16,9,0,11,2,3,5,3,0,0,1,1,0,0,0,0,14.28426,51.431093
13,16,9,0,18,7,3,1,6,0,0,1,0,0,0,0,1,12.373724,51.305582
13,16,9,0,18,6,3,0,7,1,0,1,0,0,0,0,0,12.356489,51.380542
24,16,9,0,5,5,3,0,7,1,0,1,0,0,0,0,0,12.308893,50.800327
30,16,9,0,11,6,3,5,3,0,0,1,0,0,0,1,0,13.096253,51.318012
25,16,9,0,17,2,3,3,6,0,0,1,0,0,0,0,1,14.257092,51.442163
13,16,9,0,7,3,2,5,3,0,0,1,1,0,0,0,0,12.410965,51.329897
30,16,9,0,16,3,3,3,1,0,0,1,1,0,0,0,0,12.341839,51.528846
13,16,9,0,15,4,3,1,7,0,0,1,1,0,0,0,0,12.382632,51.340376
11,16,9,0,18,5,3,2,2,0,0,1,1,0,0,0,0,12.904165,50.866415
13,16,9,0,8,7,3,5,3,0,0,1,1,0,0,0,0,12.384328,51.300518
24,16,9,0,18,5,2,0,2,0,0,1,1,0,0,0,0,12.498264,50.686791
11,16,9,0,6,2,2,1,5,1,1,1,1,0,0,0,0,12.878276,50.820217
27,16,9,0,11,2,3,5,3,0,0,1,1,0,0,0,0,13.306386,51.303989
29,16,9,0,6,5,3,5,3,0,0,1,1,0,0,0,0,12.245537,51.168053
22,16,9,0,7,5,3,0,7,0,0,1,0,0,0,0,0,13.330701,50.859897
12,16,9,0,12,6,3,5,3,0,0,1,1,0,0,0,0,13.738476,51.039547
13,16,9,0,13,5,3,5,3,0,0,1,1,0,0,0,0,12.464391,51.295369
27,16,9,0,9,2,3,5,3,0,0,1,1,0,0,0,0,13.628377,51.105088
26,16,9,0,17,3,3,0,1,0,0,1,0,0,0,0,0,14.888544,50.95111
13,16,9,0,10,6,1,5,3,0,0,1,1,0,0,0,0,12.398084,51.317472
12,16,9,0,14,3,3,5,2,0,0,1,1,0,0,0,0,13.733028,51.03402
13,16,9,0,7,3,1,3,2,0,0,1,0,0,0,1,0,12.407613,51.339311
26,16,9,0,7,3,3,4,2,0,0,1,1,0,0,0,0,14.792443,50.894574
12,16,9,0,6,7,3,5,3,1,0,1,1,0,0,0,0,13.814156,51.054321
25,16,9,0,11,6,3,3,6,0,0,1,1,0,0,0,0,14.018405,51.142558
12,16,9,0,16,2,3,0,1,0,0,1,0,0,0,0,0,13.756203,51.07287
13,16,9,0,20,4,3,3,6,2,0,1,1,0,0,0,0,12.393532,51.331197
12,16,9,0,7,3,2,3,2,0,0,1,1,0,0,0,0,13.690532,51.054349
12,16,9,0,18,2,3,5,3,0,0,1,1,0,0,0,0,13.68752,51.057028
13,16,9,0,7,5,3,3,2,0,0,1,1,0,0,0,0,12.370877,51.33507
25,16,9,0,16,6,3,5,3,0,0,1,1,0,0,0,0,14.425397,51.169375
13,16,9,0,6,5,3,5,3,0,0,1,1,0,0,0,0,12.331443,51.349642
12,16,9,0,5,2,3,7,7,1,0,1,0,0,0,0,0,13.79364,51.059226
29,16,9,0,16,3,3,0,3,0,0,1,0,0,0,0,1,12.365045,51.277105
12,16,9,0,6,6,3,3,6,1,0,1,1,0,0,0,0,13.71284,51.086075
13,16,9,0,16,5,3,5,3,0,0,1,1,0,0,0,0,12.292271,51.35616
30,16,9,0,12,1,3,4,6,0,0,1,0,0,0,0,0,12.346395,51.522915
12,16,9,0,18,2,3,1,1,0,0,1,1,0,0,0,0,13.788371,51.049529
12,16,9,0,9,2,3,2,6,0,0,1,1,0,0,0,0,13.805805,51.040907
26,16,9,0,18,3,2,7,7,0,0,1,0,0,0,0,0,14.763075,51.140179
13,16,9,0,16,4,3,5,3,0,0,1,1,0,0,0,0,12.384979,51.298893
26,16,9,0,23,7,3,0,1,2,0,1,0,0,0,0,0,14.974074,51.151926
24,16,9,0,10,5,3,5,3,0,0,1,1,0,0,0,0,12.475622,50.724369
13,16,9,0,7,5,3,3,2,0,0,1,1,0,0,0,0,12.413046,51.324573
24,16,9,0,7,2,3,0,7,0,1,1,0,0,0,0,0,12.752791,50.857136
28,16,9,0,9,6,3,5,2,0,0,1,1,0,0,0,0,13.869703,50.966295
12,16,9,0,16,5,3,4,6,0,0,1,0,0,0,0,0,13.754309,51.057384
13,16,9,0,7,5,3,5,3,0,0,1,1,0,0,0,0,12.402656,51.376064
12,16,9,0,22,4,2,3,6,2,0,1,0,0,0,0,0,13.721827,51.054177
25,16,9,0,14,3,3,5,3,0,0,1,0,0,0,0,1,14.255002,51.438798
12,16,9,0,16,7,3,6,2,0,0,1,0,1,0,0,0,13.800239,51.034091
13,16,9,0,7,4,2,3,2,0,0,1,1,0,0,0,0,12.373667,51.33284
13,16,9,0,10,1,2,9,1,0,0,1,0,0,0,0,0,12.373647,51.333017
12,16,9,0,7,7,3,5,3,0,0,1,0,0,0,0,0,13.672174,51.083964
12,16,9,0,19,3,3,5,3,2,0,1,1,0,0,0,0,13.768246,51.047972
13,16,9,0,7,4,3,3,2,0,0,1,1,0,0,0,0,12.406182,51.347502
25,16,9,0,19,2,3,7,7,0,0,1,0,0,0,0,0,14.090785,51.317075
29,16,9,0,11,6,3,6,6,0,0,1,0,1,0,0,0,12.225644,51.304268
29,16,9,0,12,5,3,5,3,0,0,1,1,0,0,0,0,12.220862,51.302114
12,16,9,0,17,6,3,5,3,0,0,1,1,0,0,0,0,13.716488,51.02993
12,16,9,0,6,4,3,5,3,1,0,1,1,0,0,0,0,13.725147,51.050263
26,16,9,0,17,4,3,0,1,2,0,1,0,0,0,0,0,14.802652,50.897535
12,16,9,0,19,7,3,1,5,2,0,1,1,0,0,0,0,13.766464,51.014904
13,16,9,0,11,4,3,1,7,0,0,1,1,0,0,0,0,12.412385,51.333618
12,16,9,0,9,2,3,3,2,0,1,1,1,0,0,0,0,13.777529,51.057115
26,16,9,0,12,5,2,9,6,0,0,1,0,1,0,0,0,14.804664,50.889885
27,16,9,0,20,1,3,5,3,2,0,1,1,0,0,0,0,13.269483,51.320858
12,16,9,0,19,7,3,1,1,1,0,1,1,0,0,0,0,13.731362,51.03065
30,16,9,0,12,5,3,4,2,0,0,1,1,0,0,0,0,12.65202,51.465148
25,16,9,0,22,1,3,8,1,2,0,1,0,0,0,0,0,14.261164,51.434033
26,16,9,0,13,4,2,2,6,0,0,1,0,0,0,0,0,14.698522,51.278539
12,16,9,0,8,6,2,4,6,0,0,1,0,0,0,0,0,13.751857,51.077985
12,16,9,0,15,5,2,5,3,0,0,1,1,0,0,0,0,13.727576,51.08424
27,16,9,0,14,1,3,4,6,0,0,1,1,0,0,0,0,13.657056,51.113528
12,16,9,0,8,7,3,5,3,0,1,1,1,0,0,0,0,13.743535,51.040226
25,16,9,0,11,4,3,3,2,0,0,1,1,0,0,0,0,14.438218,51.185386
24,16,9,0,15,6,3,0,2,0,0,1,1,0,0,0,0,12.483682,50.720303
25,16,9,0,18,4,2,5,3,0,0,1,1,0,0,0,0,14.428159,51.182396
30,16,9,0,16,2,2,5,3,0,0,1,1,0,0,0,0,13.107014,51.309616
12,16,9,0,4,7,3,4,3,1,0,1,1,0,0,0,0,13.747141,51.062993
12,16,9,0,9,6,2,5,3,0,0,1,1,0,0,0,0,13.743507,51.040255
12,16,9,0,17,5,3,3,6,0,0,1,1,0,0,0,0,13.778743,51.058854
12,16,9,0,10,1,3,0,1,0,0,1,0,0,0,0,0,13.884194,51.058286
13,16,9,0,13,4,3,5,3,0,0,1,1,0,0,0,0,12.263456,51.324553
29,16,9,0,17,6,3,0,6,0,0,1,1,0,0,0,0,12.661948,51.056453
12,16,9,0,14,4,3,5,3,0,0,1,1,0,0,0,0,13.692565,51.041744
12,16,9,0,16,2,3,0,1,0,0,1,0,0,0,0,0,13.715523,51.08835
13,16,9,0,15,3,2,4,2,0,0,1,1,0,0,0,0,12.363537,51.372645
13,16,10,0,22,3,3,5,3,2,1,1,1,0,0,0,0,12.384573,51.337226
13,16,9,0,17,4,3,5,3,0,0,1,1,0,0,0,0,12.36259,51.344072
13,16,10,0,18,2,3,6,4,0,1,1,1,1,0,0,0,12.373547,51.330106
13,16,9,0,7,6,3,5,3,0,0,1,1,0,0,0,0,12.372665,51.353632
12,16,10,0,16,3,3,5,3,0,1,1,1,0,0,0,0,13.717651,51.078025
22,16,9,0,15,5,3,3,2,0,0,1,1,0,0,0,0,13.323294,50.905202
22,16,10,0,18,3,3,5,3,2,0,1,0,0,0,0,0,13.126033,51.123455
30,16,10,0,12,1,3,5,3,0,1,1,1,0,0,0,0,12.313424,51.513545
26,16,9,0,17,6,3,5,3,0,0,1,0,0,0,0,0,14.78779,51.403115
30,16,9,0,15,1,2,1,5,0,0,1,1,0,0,0,0,12.661704,51.468937
29,16,9,0,10,4,3,6,4,0,0,1,0,1,0,0,0,12.220038,51.300772
11,16,10,0,16,5,3,1,7,0,0,1,1,0,0,0,0,12.903923,50.831634
29,16,9,0,12,3,1,2,5,0,0,1,0,0,0,0,1,12.615338,51.331886
30,16,9,0,13,3,2,5,3,0,0,1,1,0,0,0,0,12.496115,51.377311
13,16,9,0,6,4,3,2,2,1,0,1,1,0,0,0,0,12.327294,51.305016
12,16,9,0,14,6,3,0,6,0,1,1,0,0,0,0,1,13.795147,51.015849
29,16,9,0,19,3,3,5,3,1,0,1,1,0,0,0,0,12.737536,51.367199
12,16,9,0,18,6,3,0,1,0,0,1,0,0,0,0,0,13.718688,51.056529
11,16,10,0,17,4,3,5,3,0,1,1,0,0,0,0,1,12.885068,50.81453
13,16,9,0,16,3,3,0,1,0,0,1,0,0,0,0,0,12.453069,51.41195
24,16,10,0,13,6,3,5,3,0,0,1,1,0,0,0,0,12.497183,50.713511
30,16,10,0,16,4,2,0,1,0,1,1,1,0,0,0,0,12.631794,51.463659
13,16,9,0,16,4,3,5,3,0,0,1,1,0,0,0,0,12.330762,51.372134
25,16,9,0,16,3,3,5,3,0,0,1,1,0,0,0,0,13.922162,51.106351
26,16,10,0,20,2,3,9,1,2,1,1,0,0,0,0,0,14.991844,51.155767
13,16,9,0,8,4,3,3,6,0,0,1,0,0,0,0,0,12.37367,51.332802
22,16,10,0,19,3,3,5,3,2,0,1,1,0,0,0,0,13.012479,50.912689
27,16,10,0,12,3,3,1,5,0,0,1,1,0,0,0,0,13.532341,51.295066
26,16,9,0,19,4,2,5,3,2,0,1,1,0,0,0,0,14.976836,51.164814
12,16,10,0,13,2,3,3,6,0,0,1,1,0,0,0,0,13.833067,51.064728
24,16,9,0,16,5,3,6,4,0,0,1,0,1,0,0,0,12.507113,50.732222
13,16,10,0,7,4,2,5,3,1,1,1,1,0,0,0,0,12.396452,51.301189
12,16,9,0,18,3,3,4,2,0,0,1,1,0,0,0,0,13.833893,51.028495
13,16,10,0,18,4,3,3,2,1,1,1,1,0,0,0,0,12.373602,51.332999
28,16,9,0,7,4,3,0,6,0,0,1,0,0,0,0,1,13.949021,50.965925
13,16,10,0,9,3,3,4,2,0,1,1,1,0,0,0,0,12.365614,51.339609
13,16,10,0,12,7,3,3,2,0,0,1,1,0,0,0,0,12.348769,51.332145
12,16,9,0,12,3,3,2,6,0,0,1,0,0,0,0,1,13.827126,50.997952
12,16,9,0,16,3,3,3,6,0,0,1,1,0,0,0,0,13.751328,51.042435
11,16,10,0,11,2,3,2,6,0,1,1,1,0,0,0,0,12.93928,50.830632
12,16,9,0,18,1,3,5,3,0,0,1,1,0,0,0,0,13.767802,51.059767
12,16,9,0,15,3,3,5,2,0,0,1,1,0,0,0,0,13.805888,51.03941
29,16,9,0,12,5,3,1,5,0,0,1,0,0,0,0,1,12.45865,51.152712
13,16,10,0,19,3,3,0,5,2,1,1,1,0,0,0,0,12.373341,51.318219
23,16,10,0,14,5,3,0,7,0,1,1,1,0,0,0,0,12.070048,50.443438
13,16,9,0,16,5,3,6,4,0,0,1,0,1,0,0,0,12.376999,51.332748
13,16,10,0,7,4,3,2,6,1,0,1,1,0,0,0,0,12.377314,51.306475
29,16,10,0,15,2,2,3,6,0,0,1,1,0,0,0,0,12.489783,51.134643
12,16,10,0,11,5,3,0,1,0,1,1,0,0,0,0,0,13.781232,51.053238
12,16,9,0,17,3,3,5,3,0,0,1,1,0,0,0,0,13.732814,51.049329
13,16,9,0,8,5,3,4,2,0,0,1,1,0,0,0,0,12.27405,51.324839
12,16,9,0,16,4,3,0,7,0,0,1,0,0,0,0,0,13.71077,51.032541
13,16,9,0,14,5,3,5,3,0,0,1,1,0,0,0,0,12.347369,51.350495
23,16,9,0,17,4,3,5,3,0,0,1,1,0,0,0,0,12.36426,50.478592
13,16,9,0,16,5,3,3,2,0,0,1,1,0,0,0,0,12.400325,51.345829
13,16,10,0,8,4,3,5,2,0,1,1,1,0,0,0,0,12.371504,51.331559
11,16,10,0,14,1,3,3,2,0,0,1,0,0,0,0,1,12.929537,50.817211
13,16,9,0,15,5,3,1,6,0,0,1,1,0,0,0,0,12.461802,51.313063
12,16,9,0,12,4,2,1,7,0,0,1,0,0,0,0,1,13.820198,51.027693
21,16,9,0,18,3,2,4,6,1,0,1,1,0,0,0,0,12.682115,50.547429
30,16,10,0,14,6,3,5,3,0,0,1,0,0,0,0,1,12.593615,51.596579
13,16,10,0,20,4,2,0,5,2,1,1,1,0,0,0,0,12.37164,51.338579
29,16,9,0,18,7,2,5,2,0,0,1,1,0,0,0,0,12.716209,51.226589
22,16,10,0,16,3,2,4,7,0,0,1,1,0,0,0,0,13.163433,51.200457
13,16,10,0,15,3,3,9,1,0,0,1,0,0,0,0,0,12.369944,51.355878
12,16,9,0,11,4,2,0,1,0,0,1,0,0,0,0,0,13.754172,51.045359
25,16,10,0,14,3,3,5,3,0,0,1,1,0,0,0,0,14.020838,51.145056
25,16,9,0,17,5,3,1,7,0,0,1,1,0,0,0,0,14.275887,51.432299
13,16,10,0,15,3,3,0,1,0,1,1,0,0,0,0,0,12.412205,51.359597
29,16,10,0,20,7,3,6,7,2,1,1,0,1,0,0,0,12.784898,51.272817
29,16,9,0,14,7,2,3,6,0,0,1,0,0,0,0,0,12.446667,51.215905
21,16,9,0,16,4,3,5,3,0,0,1,1,0,0,0,0,12.876137,50.77031
13,16,10,0,14,2,3,6,6,0,0,1,0,1,0,0,0,12.30725,51.317001
12,16,10,0,18,5,3,5,2,1,1,1,1,0,0,0,0,13.76194,51.053097
27,16,9,0,16,5,3,1,5,0,0,1,1,0,0,0,0,13.450616,51.420837
13,16,9,0,16,2,3,5,3,0,0,1,1,0,0,0,0,12.384616,51.337252
28,16,9,0,7,5,3,0,1,0,0,1,0,0,0,0,0,13.859092,50.980215
13,16,9,0,13,2,3,5,3,0,0,1,1,0,0,0,0,12.395246,51.312907
27,16,10,0,19,3,3,5,3,2,0,1,1,0,0,0,0,13.306837,51.298419
11,16,9,0,16,5,3,4,2,0,0,1,1,0,0,0,0,12.943059,50.830908
13,16,10,0,11,7,3,4,2,0,1,1,1,0,0,0,0,12.381787,51.338645
29,16,10,0,10,1,3,3,6,0,0,1,1,0,0,0,0,12.285207,51.151674
25,16,9,0,13,7,3,1,3,0,0,1,1,0,0,0,0,14.4163,51.167406
11,16,9,0,6,4,3,5,3,2,0,1,1,0,0,0,0,12.900686,50.836582
27,16,10,0,9,3,3,5,3,0,0,1,0,0,0,0,1,13.2614,51.302739
13,16,9,0,7,2,3,0,5,0,0,1,1,0,0,0,0,12.374637,51.367073
27,16,9,0,12,5,3,1,5,0,0,1,1,0,0,0,0,13.469769,51.158845
13,16,9,0,15,2,3,2,6,0,0,1,1,0,0,0,0,12.371298,51.361792
12,16,10,0,19,4,3,0,1,2,1,1,0,0,0,0,0,13.687239,51.042511
12,16,9,0,17,2,3,0,7,0,0,1,1,0,0,0,0,13.752756,51.06665
28,16,9,0,17,7,3,0,1,0,0,1,1,0,0,0,0,13.929907,50.962015
24,16,9,0,7,3,2,2,6,0,0,1,1,0,0,0,0,12.53534,50.823851
28,16,10,0,16,3,3,8,1,0,0,1,0,0,0,0,0,13.643565,50.995467
22,16,9,0,13,5,3,5,3,0,0,1,1,0,0,0,0,12.806857,50.921944
12,16,9,0,14,7,3,1,1,0,0,1,1,0,0,0,0,13.700685,51.051851
13,16,9,0,7,3,3,4,2,0,0,1,1,0,0,0,0,12.395878,51.346065
21,16,9,0,16,2,3,0,3,0,0,1,1,0,0,0,0,12.777551,50.714095
30,16,10,0,14,2,2,5,3,0,0,1,1,0,0,0,0,12.19159,51.398879
12,16,9,0,9,5,3,2,3,0,0,1,1,0,0,0,0,13.720354,51.054674
23,16,9,0,15,4,3,3,2,0,0,1,1,0,0,0,0,12.136726,50.508584
21,16,10,0,9,7,2,0,7,0,0,1,0,0,0,0,0,12.912161,50.688682
11,16,10,0,16,1,3,1,5,0,0,1,1,0,0,0,0,12.863859,50.835325
12,16,9,0,15,5,3,5,3,0,0,1,1,0,0,0,0,13.801172,51.048257
13,16,10,0,9,4,2,5,3,0,1,1,0,0,0,0,1,12.386396,51.34338
12,16,10,0,16,4,3,0,3,0,1,1,1,0,0,0,0,13.70218,51.034929
13,16,9,0,16,3,3,5,3,0,0,1,1,0,0,0,0,12.403253,51.34703
12,16,10,0,19,3,3,5,3,2,0,1,1,0,0,0,0,13.676563,51.062178
12,16,9,0,7,5,3,5,3,0,0,1,1,0,0,0,0,13.774655,51.033273
13,16,9,0,15,3,3,5,3,0,0,1,1,0,0,0,0,12.376569,51.315708
12,16,9,0,19,5,3,2,6,2,0,1,0,0,0,0,1,13.747296,51.071947
29,16,10,0,7,6,3,5,3,0,1,1,1,0,0,0,0,12.373784,51.266195
12,16,10,0,16,2,3,5,3,1,1,1,1,0,0,0,0,13.671714,51.048583
13,16,10,0,18,5,3,1,5,2,0,1,1,0,0,0,0,12.409945,51.325385
12,16,10,0,17,6,3,5,3,1,1,1,1,0,0,0,0,13.748978,51.033781
13,16,10,0,7,4,3,4,2,1,0,1,1,0,0,0,0,12.367452,51.367234
12,16,10,0,17,2,3,0,1,1,1,1,0,0,0,0,0,13.748697,51.071714
13,16,10,0,17,2,3,3,2,0,0,1,0,0,0,0,0,12.373418,51.323169
13,16,10,0,16,3,3,5,3,0,1,1,1,0,0,0,0,12.416539,51.321878
13,16,10,0,21,6,3,5,3,2,0,1,0,0,0,0,1,12.387993,51.353282
12,16,10,0,7,2,2,5,3,1,1,1,1,0,0,0,0,13.760361,51.053372
13,16,10,0,15,4,3,4,2,0,0,1,0,0,0,0,1,12.373698,51.332217
12,16,10,0,15,6,3,5,3,0,1,1,1,0,0,0,0,13.707735,51.046458
13,16,10,0,14,4,2,5,3,0,0,1,1,0,0,0,0,12.462295,51.366177
26,16,10,0,16,6,3,5,3,0,1,1,1,0,0,0,0,14.63725,51.492491
13,16,10,0,9,4,3,1,5,0,0,1,1,0,0,0,0,12.395415,51.346089
13,16,10,0,7,3,3,3,2,2,1,1,1,0,0,0,0,12.366747,51.345072
26,16,10,0,18,6,3,5,3,1,1,1,1,0,0,0,0,14.982787,51.144992
13,16,10,0,20,4,2,5,3,2,0,1,0,0,0,0,1,12.281989,51.357893
26,16,10,0,10,6,3,0,1,0,0,1,0,0,0,0,0,14.950354,51.153158
12,16,10,0,14,6,3,5,2,0,0,1,1,0,0,0,0,13.753005,51.077424
26,16,10,0,17,5,3,4,6,0,0,1,1,0,0,0,0,14.606262,50.934214
28,16,10,0,14,2,2,6,6,0,0,1,0,1,0,0,0,14.111791,50.931979
12,16,10,0,19,6,3,0,3,1,0,1,0,0,0,0,1,13.745878,51.062122
12,16,10,0,11,3,3,0,7,0,0,1,0,0,0,0,1,13.761828,51.045654
13,16,10,0,8,6,2,0,1,0,0,1,1,0,0,0,0,12.396363,51.310241
12,16,10,0,8,3,3,5,3,0,1,1,1,0,0,0,0,13.756588,51.055094
25,16,11,0,12,3,3,3,6,0,0,1,0,0,0,0,0,14.255375,51.438765
29,16,10,0,11,4,3,4,2,0,0,1,1,0,0,0,0,12.363715,51.283256
12,16,10,0,11,1,2,5,3,0,0,1,1,0,0,0,0,13.784084,51.047203
24,16,10,0,0,2,2,8,1,2,0,1,0,0,0,0,0,12.541862,50.824707
22,16,10,0,14,1,2,0,6,0,1,1,0,0,1,0,0,13.098476,50.816162
11,16,10,0,6,6,3,0,1,2,1,1,0,0,0,0,0,12.904151,50.836867
12,16,10,0,12,3,2,0,3,0,1,1,0,0,1,0,0,13.792904,51.021078
27,16,10,0,7,4,3,5,2,0,1,1,1,0,0,0,0,13.308517,51.299962
12,16,10,0,16,1,3,5,3,0,0,1,1,0,0,0,0,13.777111,51.060081
30,16,10,0,1,2,3,2,6,2,0,1,0,0,0,0,0,12.998485,51.560092
13,16,10,0,15,5,3,5,3,0,0,1,1,0,0,0,0,12.347464,51.38851
30,16,10,0,11,5,3,0,7,0,1,1,1,0,0,0,0,13.001742,51.560599
12,16,10,0,11,5,3,2,2,0,0,1,1,0,0,0,0,13.767788,51.026102
12,16,10,0,18,4,3,4,6,2,0,1,1,0,0,0,0,13.750842,51.071325
12,16,10,0,15,6,3,5,3,0,1,1,1,0,0,0,0,13.773395,51.127522
29,16,10,0,18,7,3,5,3,2,0,1,1,0,0,0,0,12.329876,51.223207
13,16,10,0,19,7,3,5,3,2,1,1,1,0,0,0,0,12.345502,51.327191
30,16,10,0,11,5,3,5,3,0,0,1,1,0,0,0,0,12.335297,51.530924
11,16,10,0,16,3,3,6,7,0,1,1,0,1,0,0,0,12.912492,50.820487
13,16,10,0,7,5,3,3,2,1,0,1,1,0,0,0,0,12.364498,51.326742
12,16,10,0,15,5,2,0,1,0,0,1,0,0,0,0,0,13.757223,51.060721
12,16,10,0,8,4,3,3,6,0,0,1,1,0,0,0,0,13.729061,51.051233
13,16,10,0,15,6,3,5,3,0,1,1,1,0,0,0,0,12.405972,51.335958
13,16,10,0,19,5,3,3,2,2,1,1,1,0,0,0,0,12.42209,51.319631
23,16,10,0,12,2,3,0,7,0,1,1,1,0,0,0,0,12.143211,50.496677
13,16,10,0,18,5,3,4,2,1,1,1,1,0,0,0,0,12.365484,51.362418
12,16,10,0,15,5,3,5,3,0,0,1,1,0,0,0,0,13.794601,51.041993
28,16,10,0,11,6,3,3,6,0,0,1,1,0,0,0,0,13.975572,50.957334
13,16,10,0,13,5,3,1,5,0,0,1,1,0,0,0,0,12.355585,51.36474
12,16,10,0,20,4,3,3,2,2,0,1,1,0,0,0,0,13.74944,51.035696
25,16,10,0,14,1,3,4,6,0,0,1,0,1,0,0,0,14.424778,51.183301
13,16,10,0,15,7,3,3,2,0,1,1,1,0,0,0,0,12.384891,51.338121
30,16,10,0,16,5,3,1,1,0,1,1,1,0,0,0,0,12.335573,51.5256
13,16,10,0,19,2,3,5,3,2,1,1,1,0,0,0,0,12.371502,51.33812
12,16,11,0,15,3,3,5,2,0,0,1,1,0,0,0,0,13.710023,51.083542
13,16,10,0,17,7,3,5,3,1,1,1,1,0,0,0,0,12.333554,51.319515
11,16,10,0,14,1,3,5,3,0,0,1,0,0,0,0,0,12.892457,50.876429
11,16,10,0,17,4,3,5,3,1,0,1,1,0,0,0,0,12.926931,50.844882
13,16,10,0,19,7,3,1,5,2,0,1,1,0,0,0,0,12.368558,51.317496
13,16,10,0,12,5,3,5,3,0,0,1,1,0,0,0,0,12.39323,51.336944
12,16,10,0,12,4,3,4,6,0,0,1,0,0,0,0,0,13.737424,51.051498
13,16,10,0,9,7,3,5,3,0,1,1,1,0,0,0,0,12.378601,51.324173
23,16,10,0,17,7,3,8,7,0,0,1,0,0,0,0,0,12.230959,50.566982
13,16,10,0,16,5,3,3,2,0,1,1,0,0,0,0,0,12.394377,51.351847
13,16,10,0,10,2,3,5,3,0,0,1,1,0,0,0,0,12.415796,51.333751
12,16,10,0,15,7,3,0,5,0,0,1,0,0,0,0,1,13.765697,51.015717
25,16,10,0,9,7,2,5,3,0,0,1,1,0,0,0,0,14.415353,51.180447
21,16,10,0,14,5,3,0,6,0,0,1,1,0,0,0,0,12.748433,50.7427
26,16,10,0,10,6,3,3,2,0,0,1,1,0,0,0,0,14.643382,51.500868
13,16,10,0,10,3,3,9,1,0,1,1,0,0,0,0,0,12.374113,51.303329
12,16,10,0,9,7,3,5,3,0,0,1,1,0,0,0,0,13.822513,51.011097
28,16,10,0,8,5,3,5,3,0,1,1,1,0,0,0,0,13.872008,50.977594
24,16,10,0,15,4,3,5,3,0,0,1,1,0,0,0,0,12.374315,50.722749
13,16,11,0,12,3,3,5,3,0,0,1,1,0,0,0,0,12.392246,51.382164
12,16,10,0,15,7,3,3,6,0,1,1,1,0,0,0,0,13.753412,51.065583
13,16,10,0,17,3,3,5,3,0,0,1,1,0,0,0,0,12.368697,51.357266
13,16,10,0,19,5,3,1,5,2,0,1,1,0,0,0,0,12.376838,51.343388
12,16,10,0,6,5,3,3,6,2,0,1,1,0,0,0,0,13.773305,51.046263
29,16,10,0,17,2,3,1,5,1,1,1,1,0,0,0,0,12.361151,51.280828
22,16,10,0,16,7,3,5,3,0,1,1,1,0,0,0,0,12.795355,51.05373
26,16,10,0,9,7,3,4,2,0,0,1,1,0,0,0,0,14.646061,51.498446
26,16,10,0,13,3,3,6,4,0,0,1,0,1,0,0,0,14.826383,51.049938
13,16,10,0,18,5,3,4,2,2,0,1,1,0,0,0,0,12.321812,51.328838
13,16,10,0,19,2,3,5,3,2,1,1,1,0,0,0,0,12.416539,51.321878
13,16,10,0,15,2,3,3,2,0,1,1,1,0,0,0,0,12.401727,51.307778
13,16,10,0,7,5,3,5,3,1,0,1,1,0,0,0,0,12.369513,51.324619
13,16,10,0,17,2,2,3,2,0,1,1,1,0,0,0,0,12.402145,51.336106
12,16,10,0,13,6,2,5,2,0,0,1,1,0,0,0,0,13.728764,51.049263
12,16,10,0,13,3,3,5,3,0,0,1,1,0,0,0,0,13.787456,51.059056
26,16,10,0,9,3,2,0,1,0,0,1,0,0,0,0,0,14.992114,51.180517